atm_name,transaction_date,total_amount_withdrawn,weekday,working_day,day_of_week,day_of_month,month,week_of_month,is_month_start,is_month_end,atm_level,atm_dow_level
Airport ATM,2011-01-16,154100,sunday,H,6,16,1,3,0,0,427893.3333333333,395200.0
Airport ATM,2011-01-17,100000,monday,H,0,17,1,3,0,0,410781.25,253266.66666666666
Airport ATM,2011-01-18,343100,tuesday,W,1,18,1,3,0,0,392500.0,376033.3333333333
Airport ATM,2011-01-19,428900,wednesday,W,2,19,1,3,0,0,389755.55555555556,425133.3333333333
Airport ATM,2011-01-20,298000,thursday,W,3,20,1,3,0,0,391815.7894736842,485366.6666666667
Airport ATM,2011-01-21,350000,friday,W,4,21,1,3,0,0,387125.0,381400.0
Airport ATM,2011-01-22,363600,saturday,H,5,22,1,4,0,0,385357.14285714284,381100.0
Airport ATM,2011-01-23,288500,sunday,H,6,23,1,4,0,0,384368.1818181818,387300.0
Airport ATM,2011-01-24,247800,monday,W,0,24,1,4,0,0,380200.0,262075.0
Airport ATM,2011-01-25,363100,tuesday,W,1,25,1,4,0,0,374683.3333333333,343975.0
Airport ATM,2011-01-26,248200,wednesday,H,2,26,1,4,0,0,374220.0,409625.0
Airport ATM,2011-01-27,402100,thursday,W,3,27,1,4,0,0,369373.07692307694,426075.0
Airport ATM,2011-01-28,191800,friday,W,4,28,1,4,0,0,370585.18518518517,386575.0
Airport ATM,2011-01-29,384600,saturday,H,5,29,1,5,0,1,364200.0,333775.0
Airport ATM,2011-01-30,194400,sunday,H,6,30,1,5,0,1,359957.14285714284,386760.0
Airport ATM,2011-01-31,526000,monday,W,0,31,1,5,0,1,357307.14285714284,248540.0
Airport ATM,2011-02-01,578100,tuesday,W,1,1,2,1,1,0,354525.0,380380.0
Airport ATM,2011-02-02,472000,wednesday,W,2,2,2,1,1,0,355828.5714285714,443320.0
Airport ATM,2011-02-03,467800,thursday,W,3,3,2,1,1,0,353757.14285714284,435260.0
Airport ATM,2011-02-04,534800,friday,W,4,4,2,1,0,0,354946.4285714286,402820.0
Airport ATM,2011-02-05,520200,saturday,H,5,5,2,1,0,0,362089.28571428574,373980.0
Airport ATM,2011-02-06,478900,sunday,H,6,6,2,1,0,0,362135.71428571426,409000.0
Airport ATM,2011-02-07,440400,monday,W,0,7,2,1,0,0,367200.0,286933.3333333333
Airport ATM,2011-02-08,609200,tuesday,W,1,8,2,2,0,0,367778.5714285714,390383.3333333333
Airport ATM,2011-02-09,507800,wednesday,W,2,9,2,2,0,0,375582.14285714284,470966.6666666667
Airport ATM,2011-02-10,456800,thursday,W,3,10,2,2,0,0,375960.71428571426,447350.0
Airport ATM,2011-02-11,406100,friday,W,4,11,2,2,0,0,377571.4285714286,411816.6666666667
Airport ATM,2011-02-12,429200,saturday,H,5,12,2,2,0,0,375700.0,379333.3333333333
Airport ATM,2011-02-13,288100,sunday,H,6,13,2,2,0,0,385196.4285714286,411885.71428571426
Airport ATM,2011-02-14,365800,monday,W,0,14,2,2,0,0,389982.14285714284,287100.0
Airport ATM,2011-02-15,362000,tuesday,W,1,15,2,3,0,0,399475.0,386871.4285714286
Airport ATM,2011-02-16,277900,wednesday,H,2,16,2,3,0,0,400150.0,455400.0
Airport ATM,2011-02-17,292300,thursday,W,3,17,2,3,0,0,394757.14285714284,423142.85714285716
Airport ATM,2011-02-18,242200,friday,W,4,18,2,3,0,0,394553.5714285714,394742.85714285716
Airport ATM,2011-02-19,454200,saturday,H,5,19,2,3,0,0,390703.5714285714,359742.85714285716
Airport ATM,2011-02-20,347800,sunday,H,6,20,2,3,0,0,393939.28571428574,417175.0
Airport ATM,2011-02-21,285600,monday,W,0,21,2,3,0,0,396057.14285714284,294687.5
Airport ATM,2011-02-22,350400,tuesday,W,1,22,2,4,0,0,397407.14285714284,374212.5
Airport ATM,2011-02-23,434100,wednesday,W,2,23,2,4,0,0,396953.5714285714,442275.0
Airport ATM,2011-02-24,205700,thursday,W,3,24,2,4,0,0,403592.85714285716,424512.5
Airport ATM,2011-02-25,291300,friday,W,4,25,2,4,0,0,396578.5714285714,371112.5
Airport ATM,2011-02-26,608300,saturday,H,5,26,2,4,0,1,400132.14285714284,351187.5
Airport ATM,2011-02-27,300000,sunday,H,6,27,2,4,0,1,408121.4285714286,430287.5
Airport ATM,2011-02-28,354200,monday,W,0,28,2,4,0,1,411892.85714285716,298612.5
Airport ATM,2011-03-01,519100,tuesday,W,1,1,3,1,1,0,405757.14285714284,343000.0
Airport ATM,2011-03-02,616800,wednesday,W,2,2,3,1,1,0,403650.0,439462.5
Airport ATM,2011-03-03,342800,thursday,W,3,3,3,1,1,0,408821.4285714286,435362.5
Airport ATM,2011-03-04,433000,friday,W,4,4,3,1,0,0,404357.14285714284,359650.0
Airport ATM,2011-03-05,585800,saturday,H,5,5,3,1,0,0,400721.4285714286,363462.5
Airport ATM,2011-03-06,428600,sunday,H,6,6,3,1,0,0,403064.28571428574,438650.0
Airport ATM,2011-03-07,409800,monday,W,0,7,3,1,0,0,401267.85714285716,310050.0
Airport ATM,2011-03-08,670700,tuesday,W,1,8,3,2,0,0,400175.0,341200.0
Airport ATM,2011-03-09,641900,wednesday,W,2,9,3,2,0,0,402371.4285714286,474462.5
Airport ATM,2011-03-10,372600,thursday,W,3,10,3,2,0,0,407160.71428571426,453450.0
Airport ATM,2011-03-11,299400,friday,W,4,11,3,2,0,0,404153.5714285714,354762.5
Airport ATM,2011-03-12,634000,saturday,H,5,12,3,2,0,0,400342.85714285716,343575.0
Airport ATM,2011-03-13,355700,sunday,H,6,13,3,2,0,0,407657.14285714284,497487.5
Airport ATM,2011-03-14,474700,monday,W,0,14,3,2,0,0,410071.4285714286,335250.0
Airport ATM,2011-03-15,514500,tuesday,W,1,15,3,3,0,0,413960.71428571426,388037.5
Airport ATM,2011-03-16,437300,wednesday,W,2,16,3,3,0,0,419407.14285714284,495887.5
Airport ATM,2011-03-17,380600,thursday,W,3,17,3,3,0,0,425100.0,454500.0
Airport ATM,2011-03-18,362900,friday,W,4,18,3,3,0,0,428253.5714285714,365087.5
Airport ATM,2011-03-19,355400,saturday,H,5,19,3,3,0,0,432564.28571428574,345187.5
Airport ATM,2011-03-20,300300,sunday,H,6,20,3,3,0,0,429035.71428571426,496462.5
Airport ATM,2011-03-21,517800,monday,W,0,21,3,3,0,0,427339.28571428574,336725.0
Airport ATM,2011-03-22,259400,tuesday,W,1,22,3,4,0,0,435632.14285714284,421787.5
Airport ATM,2011-03-23,480300,wednesday,W,2,23,3,4,0,0,432382.14285714284,482925.0
Airport ATM,2011-03-24,370400,thursday,W,3,24,3,4,0,0,434032.14285714284,483512.5
Airport ATM,2011-03-25,231700,friday,W,4,25,3,4,0,0,439914.28571428574,361125.0
Airport ATM,2011-03-26,448900,saturday,H,5,26,3,4,0,0,437785.71428571426,350175.0
Airport ATM,2011-03-27,360300,sunday,H,6,27,3,4,0,0,432092.85714285716,504500.0
Airport ATM,2011-03-28,493400,monday,W,0,28,3,4,0,0,434246.4285714286,357462.5
Airport ATM,2011-03-29,523300,tuesday,W,1,29,3,5,0,1,439217.85714285716,417712.5
Airport ATM,2011-03-30,627600,wednesday,W,2,30,3,5,0,1,439367.85714285716,476075.0
Airport ATM,2011-03-31,629200,thursday,W,3,31,3,5,0,1,439753.5714285714,502962.5
Airport ATM,2011-04-01,480700,friday,W,4,1,4,1,1,0,449982.14285714284,381300.0
Airport ATM,2011-04-02,555800,saturday,H,5,2,4,1,1,0,451685.71428571426,343412.5
Airport ATM,2011-04-03,580000,sunday,H,6,3,4,1,1,0,450614.28571428574,508950.0
Airport ATM,2011-04-04,412900,monday,W,0,4,4,1,0,0,456021.4285714286,370100.0
Airport ATM,2011-04-05,406000,tuesday,W,1,5,4,1,0,0,456132.14285714284,414275.0
Airport ATM,2011-04-06,696000,wednesday,W,2,6,4,1,0,0,446678.5714285714,450675.0
Airport ATM,2011-04-07,637400,thursday,W,3,7,4,1,0,0,448610.71428571426,526487.5
Airport ATM,2011-04-08,209400,friday,W,4,8,4,2,0,0,458067.85714285716,403875.0
Airport ATM,2011-04-09,550300,saturday,H,5,9,4,2,0,0,454853.5714285714,318825.0
Airport ATM,2011-04-10,350200,sunday,H,6,10,4,2,0,0,451864.28571428574,524087.5
Airport ATM,2011-04-11,442100,monday,W,0,11,4,2,0,0,451667.85714285716,377862.5
Airport ATM,2011-04-12,479600,tuesday,H,1,12,4,2,0,0,450503.5714285714,423812.5
Airport ATM,2011-04-13,178400,wednesday,W,2,13,4,2,0,0,449257.14285714284,465375.0
Airport ATM,2011-04-14,311800,thursday,H,3,14,4,2,0,0,440010.71428571426,514050.0
Airport ATM,2011-04-15,531500,friday,W,4,15,4,3,0,0,437553.5714285714,406312.5
Airport ATM,2011-04-16,456400,saturday,H,5,16,4,3,0,0,443575.0,354987.5
Airport ATM,2011-04-17,268000,sunday,H,6,17,4,3,0,0,447182.14285714284,524362.5
Airport ATM,2011-04-18,482600,monday,W,0,18,4,3,0,0,446028.5714285714,367887.5
Airport ATM,2011-04-19,217700,tuesday,W,1,19,4,3,0,0,444771.4285714286,448437.5
Airport ATM,2011-04-20,343500,wednesday,W,2,20,4,3,0,0,443282.14285714284,448787.5
Airport ATM,2011-04-21,246700,thursday,W,3,21,4,3,0,0,438396.4285714286,502725.0
Airport ATM,2011-04-22,262900,friday,H,4,22,4,4,0,0,433978.5714285714,411437.5
Airport ATM,2011-04-23,212600,saturday,H,5,23,4,4,0,0,435092.85714285716,351437.5
Airport ATM,2011-04-24,325700,sunday,H,6,24,4,4,0,0,426653.5714285714,474900.0
Airport ATM,2011-04-25,55600,monday,W,0,25,4,4,0,0,425417.85714285716,371100.0
Airport ATM,2011-04-26,290300,tuesday,W,1,26,4,4,0,0,409782.14285714284,411112.5
Airport ATM,2011-04-27,359800,wednesday,W,2,27,4,4,0,0,401460.71428571426,420187.5
Airport ATM,2011-04-28,392100,thursday,W,3,28,4,4,0,1,391896.4285714286,470600.0
Airport ATM,2011-04-29,348700,friday,W,4,29,4,5,0,1,383428.5714285714,417600.0
Airport ATM,2011-04-30,614900,saturday,H,5,30,4,5,0,1,378714.28571428574,340900.0
Airport ATM,2011-05-01,468900,sunday,H,6,1,5,1,1,0,380825.0,478537.5
Airport ATM,2011-05-02,617800,monday,W,0,2,5,1,1,0,376857.14285714284,376137.5
Airport ATM,2011-05-03,552900,tuesday,W,1,3,5,1,1,0,384175.0,437112.5
Airport ATM,2011-05-04,634000,wednesday,W,2,4,5,1,0,0,389421.4285714286,405462.5
Airport ATM,2011-05-05,563300,thursday,W,3,5,5,1,0,0,387207.14285714284,469612.5
Airport ATM,2011-05-06,663000,friday,W,4,6,5,1,0,0,384560.71428571426,441437.5
Airport ATM,2011-05-07,641300,saturday,H,5,7,5,1,0,0,400760.71428571426,386350.0
Airport ATM,2011-05-08,332600,sunday,H,6,8,5,2,0,0,404010.71428571426,479450.0
Airport ATM,2011-05-09,403800,monday,W,0,9,5,2,0,0,403382.14285714284,373250.0
Airport ATM,2011-05-10,364400,tuesday,W,1,10,5,2,0,0,402014.28571428574,428250.0
Airport ATM,2011-05-11,489700,wednesday,W,2,11,5,2,0,0,397900.0,386700.0
Airport ATM,2011-05-12,598500,thursday,W,3,12,5,2,0,0,409017.85714285716,476162.5
Airport ATM,2011-05-13,382100,friday,W,4,13,5,2,0,0,419257.14285714284,468675.0
Airport ATM,2011-05-14,362200,saturday,H,5,14,5,2,0,0,413921.4285714286,388750.0
Airport ATM,2011-05-15,306700,sunday,H,6,15,5,3,0,0,410557.14285714284,480300.0
Airport ATM,2011-05-16,357500,monday,W,0,16,5,3,0,0,411939.28571428574,374050.0
Airport ATM,2011-05-17,331200,tuesday,H,1,17,5,3,0,0,407471.4285714286,408212.5
Airport ATM,2011-05-18,534300,wednesday,W,2,18,5,3,0,0,411525.0,395675.0
Airport ATM,2011-05-19,462900,thursday,W,3,19,5,3,0,0,418339.28571428574,482912.5
Airport ATM,2011-05-20,492000,friday,W,4,20,5,3,0,0,426060.71428571426,480237.5
Airport ATM,2011-05-21,467700,saturday,H,5,21,5,3,0,0,434242.85714285716,421287.5
Airport ATM,2011-05-22,303300,sunday,H,6,22,5,4,0,0,443353.5714285714,482650.0
Airport ATM,2011-05-23,402400,monday,W,0,23,5,4,0,0,442553.5714285714,366925.0
Airport ATM,2011-05-24,381900,tuesday,W,1,24,5,4,0,0,454939.28571428574,396837.5
Airport ATM,2011-05-25,272300,wednesday,W,2,25,5,4,0,0,458210.71428571426,378000.0
Airport ATM,2011-05-26,520300,thursday,W,3,26,5,4,0,0,455085.71428571426,438500.0
Airport ATM,2011-05-27,282700,friday,W,4,27,5,4,0,0,459664.28571428574,466625.0
Airport ATM,2011-05-28,406400,saturday,H,5,28,5,4,0,0,457307.14285714284,396537.5
Airport ATM,2011-05-29,361800,sunday,H,6,29,5,5,0,1,449860.71428571426,463975.0
Airport ATM,2011-05-30,483400,monday,W,0,30,5,5,0,1,446035.71428571426,339650.0
Airport ATM,2011-05-31,500800,tuesday,W,1,31,5,5,0,1,441235.71428571426,405650.0
Airport ATM,2011-06-01,729400,wednesday,W,2,1,6,1,1,0,439375.0,389850.0
Airport ATM,2011-06-02,580200,thursday,W,3,2,6,1,1,0,442782.14285714284,442675.0
Airport ATM,2011-06-03,372100,friday,W,4,3,6,1,1,0,443385.71428571426,459475.0
Airport ATM,2011-06-04,682500,saturday,H,5,4,6,1,0,0,432996.4285714286,416875.0
Airport ATM,2011-06-05,436900,sunday,H,6,5,6,1,0,0,434467.85714285716,480500.0
Airport ATM,2011-06-06,516500,monday,W,0,6,6,1,0,0,438192.85714285716,350487.5
Airport ATM,2011-06-07,496900,tuesday,W,1,7,6,1,0,0,442217.85714285716,414950.0
Airport ATM,2011-06-08,519100,wednesday,W,2,8,6,2,0,0,446950.0,392012.5
Airport ATM,2011-06-09,430100,thursday,W,3,9,6,2,0,0,448000.0,485262.5
Airport ATM,2011-06-10,460200,friday,W,4,10,6,2,0,0,441985.71428571426,474262.5
Airport ATM,2011-06-11,479000,saturday,H,5,11,6,2,0,0,444775.0,407962.5
Airport ATM,2011-06-12,321000,sunday,H,6,12,6,2,0,0,448946.4285714286,483325.0
Airport ATM,2011-06-13,368500,monday,W,0,13,6,2,0,0,449457.14285714284,357112.5
Airport ATM,2011-06-14,288700,tuesday,W,1,14,6,2,0,0,449850.0,400687.5
Airport ATM,2011-06-15,457100,wednesday,W,2,15,6,3,0,0,448332.14285714284,400887.5
Airport ATM,2011-06-16,440300,thursday,W,3,16,6,3,0,0,445575.0,499462.5
Airport ATM,2011-06-17,304100,friday,W,4,17,6,3,0,0,444767.85714285716,498462.5
Airport ATM,2011-06-18,413800,saturday,H,5,18,6,3,0,0,438057.14285714284,413112.5
Airport ATM,2011-06-19,273900,sunday,H,6,19,6,3,0,0,436132.14285714284,508475.0
Airport ATM,2011-06-20,566400,monday,W,0,20,6,3,0,0,435082.14285714284,350637.5
Airport ATM,2011-06-21,316900,tuesday,W,1,21,6,3,0,0,440939.28571428574,464537.5
Airport ATM,2011-06-22,446400,wednesday,W,2,22,6,4,0,0,438617.85714285716,404212.5
Airport ATM,2011-06-23,331700,thursday,W,3,23,6,4,0,0,444835.71428571426,510287.5
Airport ATM,2011-06-24,487500,friday,W,4,24,6,4,0,0,438100.0,490912.5
Airport ATM,2011-06-25,466300,saturday,H,5,25,6,4,0,0,445414.28571428574,430462.5
Airport ATM,2011-06-26,387500,sunday,H,6,26,6,4,0,0,447553.5714285714,489900.0
Airport ATM,2011-06-27,376700,monday,W,0,27,6,4,0,0,448471.4285714286,340462.5
Airport ATM,2011-06-28,286900,tuesday,W,1,28,6,4,0,1,444660.71428571426,434400.0
Airport ATM,2011-06-29,573900,wednesday,W,2,29,6,5,0,1,437021.4285714286,370962.5
Airport ATM,2011-06-30,570300,thursday,W,3,30,6,5,0,1,431467.85714285716,502775.0
Airport ATM,2011-07-01,500200,friday,W,4,1,7,1,1,0,431114.28571428574,491787.5
Airport ATM,2011-07-02,714200,saturday,H,5,2,7,1,1,0,435689.28571428574,410112.5
Airport ATM,2011-07-03,472800,sunday,H,6,3,7,1,1,0,436821.4285714286,499012.5
Airport ATM,2011-07-04,615600,monday,W,0,4,7,1,0,0,438103.5714285714,357987.5
Airport ATM,2011-07-05,460300,tuesday,W,1,5,7,1,0,0,441642.85714285716,460875.0
Airport ATM,2011-07-06,569400,wednesday,W,2,6,7,1,0,0,440335.71428571426,382950.0
Airport ATM,2011-07-07,595300,thursday,W,3,7,7,1,0,0,442132.14285714284,512737.5
Airport ATM,2011-07-08,408600,friday,W,4,8,7,2,0,0,448032.14285714284,491387.5
Airport ATM,2011-07-09,700300,saturday,H,5,9,7,2,0,0,446189.28571428574,413425.0
Airport ATM,2011-07-10,462100,sunday,H,6,10,7,2,0,0,454092.85714285716,541275.0
Airport ATM,2011-07-11,706300,monday,W,0,11,7,2,0,0,459132.14285714284,377412.5
Airport ATM,2011-07-12,526300,tuesday,W,1,12,7,2,0,0,471196.4285714286,504475.0
Airport ATM,2011-07-13,612900,wednesday,W,2,13,7,2,0,0,479682.14285714284,407337.5
Airport ATM,2011-07-14,564500,thursday,W,3,14,7,2,0,0,485246.4285714286,522562.5
Airport ATM,2011-07-15,397200,friday,W,4,15,7,3,0,0,489682.14285714284,504087.5
Airport ATM,2011-07-16,434600,saturday,H,5,16,7,3,0,0,493007.14285714284,401575.0
Airport ATM,2011-07-17,424200,sunday,H,6,17,7,3,0,0,493750.0,537137.5
Airport ATM,2011-07-18,417500,monday,W,0,18,7,3,0,0,499117.85714285716,392525.0
Airport ATM,2011-07-19,358500,tuesday,W,1,19,7,3,0,0,493800.0,506362.5
Airport ATM,2011-07-20,516200,wednesday,W,2,20,7,3,0,0,495285.71428571426,404412.5
Airport ATM,2011-07-21,461900,thursday,W,3,21,7,3,0,0,497778.5714285714,553050.0
Airport ATM,2011-07-22,491800,friday,W,4,22,7,4,0,0,502428.5714285714,496787.5
Airport ATM,2011-07-23,365100,saturday,H,5,23,7,4,0,0,502582.14285714284,427712.5
Airport ATM,2011-07-24,423200,sunday,H,6,24,7,4,0,0,498967.85714285716,531975.0
Airport ATM,2011-07-25,437600,monday,W,0,25,7,4,0,0,500242.85714285716,400200.0
Airport ATM,2011-07-26,269000,tuesday,W,1,26,7,4,0,0,502417.85714285716,500637.5
Airport ATM,2011-07-27,401300,wednesday,W,2,27,7,4,0,0,501778.5714285714,375437.5
Airport ATM,2011-07-28,369100,thursday,W,3,28,7,4,0,0,495614.28571428574,512037.5
Airport ATM,2011-07-29,272400,friday,W,4,29,7,5,0,1,488428.5714285714,470400.0
Airport ATM,2011-07-30,663800,saturday,H,5,30,7,5,0,1,480292.85714285716,415250.0
Airport ATM,2011-07-31,347300,sunday,H,6,31,7,5,0,1,478492.85714285716,529637.5
Airport ATM,2011-08-01,657800,monday,W,0,1,8,1,1,0,474010.71428571426,389000.0
Airport ATM,2011-08-02,671500,tuesday,W,1,2,8,1,1,0,475517.85714285716,518300.0
Airport ATM,2011-08-03,554300,wednesday,W,2,3,8,1,1,0,483060.71428571426,397262.5
Airport ATM,2011-08-04,575500,thursday,W,3,4,8,1,0,0,482521.4285714286,516437.5
Airport ATM,2011-08-05,451000,friday,W,4,5,8,1,0,0,481814.28571428574,488575.0
Airport ATM,2011-08-06,716600,saturday,H,5,6,8,1,0,0,483328.5714285714,414100.0
Airport ATM,2011-08-07,525800,sunday,H,6,7,8,1,0,0,483910.71428571426,559337.5
Airport ATM,2011-08-08,605500,monday,W,0,8,8,2,0,0,486185.71428571426,414600.0
Airport ATM,2011-08-09,604700,tuesday,W,1,9,8,2,0,0,482585.71428571426,547925.0
Airport ATM,2011-08-10,578500,wednesday,W,2,10,8,2,0,0,485385.71428571426,436762.5
Airport ATM,2011-08-11,509500,thursday,W,3,11,8,2,0,0,484157.14285714284,531612.5
Airport ATM,2011-08-12,326400,friday,W,4,12,8,2,0,0,482192.85714285716,497225.0
Airport ATM,2011-08-13,515200,saturday,H,5,13,8,2,0,0,479664.28571428574,416887.5
Airport ATM,2011-08-14,324400,sunday,H,6,14,8,2,0,0,482542.85714285716,572012.5
Airport ATM,2011-08-15,124100,monday,H,0,15,8,3,0,0,478978.5714285714,420912.5
Airport ATM,2011-08-16,409000,tuesday,W,1,16,8,3,0,0,468500.0,492637.5
Airport ATM,2011-08-17,520400,wednesday,W,2,17,8,3,0,0,470303.5714285714,448275.0
Airport ATM,2011-08-18,413000,thursday,W,3,18,8,3,0,0,470453.5714285714,540862.5
Airport ATM,2011-08-19,340600,friday,W,4,19,8,3,0,0,468707.14285714284,507387.5
Airport ATM,2011-08-20,238500,saturday,H,5,20,8,3,0,0,463307.14285714284,398525.0
Airport ATM,2011-08-21,379300,sunday,H,6,21,8,3,0,0,458785.71428571426,543537.5
Airport ATM,2011-08-22,316700,monday,W,0,22,8,4,0,0,457217.85714285716,419887.5
Airport ATM,2011-08-23,376500,tuesday,W,1,23,8,4,0,0,452900.0,485137.5
Airport ATM,2011-08-24,332900,wednesday,W,2,24,8,4,0,0,456739.28571428574,459475.0
Airport ATM,2011-08-25,374900,thursday,W,3,25,8,4,0,0,454296.4285714286,510737.5
Airport ATM,2011-08-26,464600,friday,W,4,26,8,4,0,0,454503.5714285714,482962.5
Airport ATM,2011-08-27,628900,saturday,H,5,27,8,4,0,0,461367.85714285716,394075.0
Airport ATM,2011-08-28,292800,sunday,H,6,28,8,4,0,0,460121.4285714286,532875.0
Airport ATM,2011-08-29,317900,monday,W,0,29,8,5,0,1,458175.0,397387.5
Airport ATM,2011-08-30,550100,tuesday,W,1,30,8,5,0,1,446035.71428571426,447925.0
Airport ATM,2011-08-31,384800,wednesday,H,2,31,8,5,0,1,441700.0,470700.0
Airport ATM,2011-09-01,383300,thursday,H,3,1,9,1,1,0,435646.4285714286,487662.5
Airport ATM,2011-09-02,600600,friday,W,4,2,9,1,1,0,428782.14285714284,456462.5
Airport ATM,2011-09-03,747200,saturday,H,5,3,9,1,1,0,434125.0,418075.0
Airport ATM,2011-09-04,576100,sunday,H,6,4,9,1,0,0,435217.85714285716,538737.5
Airport ATM,2011-09-05,644200,monday,W,0,5,9,1,0,0,437014.28571428574,411637.5
Airport ATM,2011-09-06,631000,tuesday,W,1,6,9,1,0,0,438396.4285714286,440162.5
Airport ATM,2011-09-07,730000,wednesday,W,2,7,9,1,0,0,439335.71428571426,483787.5
Airport ATM,2011-09-08,683800,thursday,W,3,8,9,2,0,0,444746.4285714286,502300.0
Airport ATM,2011-09-09,484900,friday,W,4,9,9,2,0,0,450971.4285714286,471375.0
Airport ATM,2011-09-10,663300,saturday,H,5,10,9,2,0,0,456632.14285714284,429037.5
Airport ATM,2011-09-11,312200,sunday,H,6,11,9,2,0,0,461921.4285714286,567325.0
Airport ATM,2011-09-12,412900,monday,W,0,12,9,2,0,0,461485.71428571426,397637.5
Airport ATM,2011-09-13,449000,tuesday,W,1,13,9,2,0,0,471800.0,439587.5
Airport ATM,2011-09-14,437400,wednesday,W,2,14,9,2,0,0,473228.5714285714,495100.0
Airport ATM,2011-09-15,374800,thursday,W,3,15,9,3,0,0,470264.28571428574,492450.0
Airport ATM,2011-09-16,354800,friday,W,4,16,9,3,0,0,468900.0,460487.5
Airport ATM,2011-09-17,624100,saturday,H,5,17,9,3,0,0,469407.14285714284,411912.5
Airport ATM,2011-09-18,278400,sunday,H,6,18,9,3,0,0,483178.5714285714,599700.0
Airport ATM,2011-09-19,493600,monday,W,0,19,9,3,0,0,479575.0,379537.5
Airport ATM,2011-09-20,378400,tuesday,W,1,20,9,3,0,0,485892.85714285716,446587.5
Airport ATM,2011-09-21,344200,wednesday,W,2,21,9,3,0,0,485960.71428571426,508775.0
Airport ATM,2011-09-22,286400,thursday,W,3,22,9,4,0,0,486364.28571428574,485312.5
Airport ATM,2011-09-23,304300,friday,W,4,23,9,4,0,0,483203.5714285714,450150.0
Airport ATM,2011-09-24,491800,saturday,H,5,24,9,4,0,0,477478.5714285714,415900.0
Airport ATM,2011-09-25,475100,sunday,H,6,25,9,4,0,0,472582.14285714284,578200.0
Airport ATM,2011-09-26,433600,monday,W,0,26,9,4,0,0,479092.85714285716,395512.5
Airport ATM,2011-09-27,333100,tuesday,W,1,27,9,4,0,0,483225.0,418562.5
Airport ATM,2011-09-28,417900,wednesday,W,2,28,9,4,0,1,475475.0,466475.0
Airport ATM,2011-09-29,401100,thursday,W,3,29,9,5,0,1,476657.14285714284,468262.5
Airport ATM,2011-09-30,338600,friday,W,4,30,9,5,0,1,477292.85714285716,428350.0
Airport ATM,2011-10-01,721900,saturday,H,5,1,10,1,1,0,467935.71428571426,401850.0
Airport ATM,2011-10-02,397700,sunday,H,6,2,10,1,1,0,467032.14285714284,578862.5
Airport ATM,2011-10-03,338600,monday,W,0,3,10,1,1,0,460660.71428571426,379500.0
Airport ATM,2011-10-04,704300,tuesday,W,1,4,10,1,0,0,449746.4285714286,385200.0
Airport ATM,2011-10-05,380000,wednesday,H,2,5,10,1,0,0,452364.28571428574,478925.0
Airport ATM,2011-10-06,411600,thursday,H,3,6,10,1,0,0,439864.28571428574,443450.0
Airport ATM,2011-10-07,485400,friday,W,4,7,10,1,0,0,430142.85714285716,416112.5
Airport ATM,2011-10-08,615700,saturday,H,5,8,10,2,0,0,430160.71428571426,421725.0
Airport ATM,2011-10-09,496400,sunday,H,6,9,10,2,0,0,428460.71428571426,591425.0
Airport ATM,2011-10-10,751900,monday,W,0,10,10,2,0,0,435039.28571428574,401000.0
Airport ATM,2011-10-11,516900,tuesday,W,1,11,10,2,0,0,447146.4285714286,463675.0
Airport ATM,2011-10-12,498600,wednesday,W,2,12,10,2,0,0,449571.4285714286,492412.5
Airport ATM,2011-10-13,602900,thursday,W,3,13,10,2,0,0,451757.14285714284,440725.0
Airport ATM,2011-10-14,395500,friday,W,4,14,10,2,0,0,459903.5714285714,439850.0
Airport ATM,2011-10-15,632400,saturday,H,5,15,10,3,0,0,461357.14285714284,428587.5
Airport ATM,2011-10-16,399500,sunday,H,6,16,10,3,0,0,461653.5714285714,640662.5
Airport ATM,2011-10-17,252100,monday,W,0,17,10,3,0,0,465978.5714285714,403525.0
Airport ATM,2011-10-18,496300,tuesday,W,1,18,10,3,0,0,457353.5714285714,455600.0
Airport ATM,2011-10-19,366100,wednesday,W,2,19,10,3,0,0,461564.28571428574,507387.5
Airport ATM,2011-10-20,381500,thursday,W,3,20,10,3,0,0,462346.4285714286,444875.0
Airport ATM,2011-10-21,401000,friday,W,4,21,10,3,0,0,465742.85714285716,440675.0
Airport ATM,2011-10-22,489100,saturday,H,5,22,10,4,0,0,469196.4285714286,420637.5
Airport ATM,2011-10-23,327700,sunday,H,6,23,10,4,0,0,469100.0,623187.5
Airport ATM,2011-10-24,412700,monday,W,0,24,10,4,0,0,463835.71428571426,407887.5
Airport ATM,2011-10-25,292900,tuesday,W,1,25,10,4,0,0,463089.28571428574,467450.0
Airport ATM,2011-10-26,151000,wednesday,H,2,26,10,4,0,0,461653.5714285714,475237.5
Airport ATM,2011-10-27,514300,thursday,W,3,27,10,4,0,0,452121.4285714286,415650.0
Airport ATM,2011-10-28,403100,friday,W,4,28,10,4,0,0,456164.28571428574,457050.0
Airport ATM,2011-10-29,280900,saturday,H,5,29,10,5,0,1,458467.85714285716,395950.0
Airport ATM,2011-10-30,339100,sunday,H,6,30,10,5,0,1,442717.85714285716,564900.0
Airport ATM,2011-10-31,506700,monday,W,0,31,10,5,0,1,440625.0,378262.5
Airport ATM,2011-11-01,429900,tuesday,W,1,1,11,1,1,0,446628.5714285714,450262.5
Airport ATM,2011-11-02,475900,wednesday,W,2,2,11,1,1,0,436828.5714285714,450100.0
Airport ATM,2011-11-03,416800,thursday,W,3,3,11,1,1,0,440253.5714285714,383887.5
Airport ATM,2011-11-04,362500,friday,W,4,4,11,1,0,0,440439.28571428574,423675.0
Airport ATM,2011-11-05,507300,saturday,H,5,5,11,1,0,0,436050.0,380650.0
Airport ATM,2011-11-06,360800,sunday,H,6,6,11,1,0,0,432178.5714285714,545400.0
Airport ATM,2011-11-07,416000,monday,H,0,7,11,1,0,0,427335.71428571426,384337.5
Airport ATM,2011-11-08,468800,tuesday,W,1,8,11,2,0,0,415339.28571428574,450650.0
Airport ATM,2011-11-09,545000,wednesday,W,2,9,11,2,0,0,413621.4285714286,452575.0
Airport ATM,2011-11-10,413500,thursday,W,3,10,11,2,0,0,415278.5714285714,397337.5
Airport ATM,2011-11-11,579600,friday,W,4,11,11,2,0,0,408514.28571428574,428512.5
Airport ATM,2011-11-12,449100,saturday,H,5,12,11,2,0,0,415089.28571428574,408750.0
Airport ATM,2011-11-13,338600,sunday,H,6,13,11,2,0,0,408542.85714285716,523525.0
Airport ATM,2011-11-14,369000,monday,W,0,14,11,2,0,0,406367.85714285716,391862.5
Airport ATM,2011-11-15,483800,tuesday,W,1,15,11,3,0,0,410542.85714285716,435075.0
Airport ATM,2011-11-16,161000,wednesday,W,2,16,11,3,0,0,410096.4285714286,465750.0
Airport ATM,2011-11-17,359900,thursday,W,3,17,11,3,0,0,402771.4285714286,374437.5
Airport ATM,2011-11-18,321400,friday,W,4,18,11,3,0,0,402000.0,437700.0
Airport ATM,2011-11-19,433600,saturday,H,5,19,11,3,0,0,399157.14285714284,410887.5
Airport ATM,2011-11-20,343800,sunday,H,6,20,11,3,0,0,397175.0,516250.0
Airport ATM,2011-11-21,391800,monday,W,0,21,11,3,0,0,397750.0,375450.0
Airport ATM,2011-11-22,379400,tuesday,W,1,22,11,4,0,0,397003.5714285714,429850.0
Airport ATM,2011-11-23,350900,wednesday,W,2,23,11,4,0,0,400092.85714285716,471537.5
Airport ATM,2011-11-24,363300,thursday,W,3,24,11,4,0,0,407232.14285714284,366062.5
Airport ATM,2011-11-25,294100,friday,W,4,25,11,4,0,0,401839.28571428574,432975.0
Airport ATM,2011-11-26,340600,saturday,H,5,26,11,4,0,0,397946.4285714286,405325.0
Airport ATM,2011-11-27,138500,sunday,H,6,27,11,4,0,0,400078.5714285714,468587.5
Airport ATM,2011-11-28,272600,monday,W,0,28,11,4,0,1,392914.28571428574,343050.0
Airport ATM,2011-11-29,358400,tuesday,W,1,29,11,5,0,1,384553.5714285714,421600.0
Airport ATM,2011-11-30,645300,wednesday,W,2,30,11,5,0,1,382000.0,428300.0
Airport ATM,2011-12-01,517900,thursday,W,3,1,12,1,1,0,388050.0,399225.0
Airport ATM,2011-12-02,620200,friday,W,4,2,12,1,1,0,391660.71428571426,446262.5
Airport ATM,2011-12-03,701300,saturday,H,5,3,12,1,1,0,400864.28571428574,422175.0
Airport ATM,2011-12-04,557100,sunday,H,6,4,12,1,0,0,407792.85714285716,479287.5
Airport ATM,2011-12-05,420500,monday,W,0,5,12,1,0,0,414803.5714285714,350637.5
Airport ATM,2011-12-06,392500,tuesday,H,1,6,12,1,0,0,414964.28571428574,380175.0
Airport ATM,2011-12-07,464200,wednesday,W,2,7,12,1,0,0,412239.28571428574,412750.0
Airport ATM,2011-12-08,583200,thursday,W,3,8,12,2,0,0,409353.5714285714,394925.0
Airport ATM,2011-12-09,469600,friday,W,4,9,12,2,0,0,415414.28571428574,443800.0
Airport ATM,2011-12-10,648300,saturday,H,5,10,12,2,0,0,411485.71428571426,431437.5
Airport ATM,2011-12-11,382100,sunday,H,6,11,12,2,0,0,418600.0,481275.0
Airport ATM,2011-12-12,520000,monday,W,0,12,12,2,0,0,420153.5714285714,348462.5
Airport ATM,2011-12-13,322300,tuesday,W,1,13,12,2,0,0,425546.4285714286,413662.5
Airport ATM,2011-12-14,392100,wednesday,W,2,14,12,2,0,0,419778.5714285714,391000.0
Airport ATM,2011-12-15,305700,thursday,W,3,15,12,3,0,0,428032.14285714284,398175.0
Airport ATM,2011-12-16,364300,friday,W,4,16,12,3,0,0,426096.4285714286,434325.0
Airport ATM,2011-12-17,382300,saturday,H,5,17,12,3,0,0,427628.5714285714,426850.0
Airport ATM,2011-12-18,409600,sunday,H,6,18,12,3,0,0,425796.4285714286,467925.0
Airport ATM,2011-12-19,442400,monday,W,0,19,12,3,0,0,428146.4285714286,358700.0
Airport ATM,2011-12-20,417600,tuesday,W,1,20,12,3,0,0,429953.5714285714,417375.0
Airport ATM,2011-12-21,353700,wednesday,W,2,21,12,3,0,0,431317.85714285716,406587.5
Airport ATM,2011-12-22,342600,thursday,W,3,22,12,4,0,0,431417.85714285716,423512.5
Airport ATM,2011-12-23,396600,friday,W,4,23,12,4,0,0,430678.5714285714,412862.5
Airport ATM,2011-12-24,509000,saturday,H,5,24,12,4,0,0,434339.28571428574,426037.5
Airport ATM,2011-12-25,256400,sunday,H,6,25,12,4,0,0,440353.5714285714,496437.5
Airport ATM,2011-12-26,141700,monday,W,0,26,12,4,0,0,444564.28571428574,348362.5
Airport ATM,2011-12-27,263200,tuesday,W,1,27,12,4,0,0,439889.28571428574,371750.0
Airport ATM,2011-12-28,437000,wednesday,W,2,28,12,4,0,0,436489.28571428574,385750.0
Airport ATM,2011-12-29,350000,thursday,W,3,29,12,5,0,1,429050.0,418650.0
Airport ATM,2011-12-30,253600,friday,W,4,30,12,5,0,1,423053.5714285714,404512.5
Airport ATM,2011-12-31,749100,saturday,H,5,31,12,5,0,1,409960.71428571426,412425.0
Airport ATM,2012-01-01,378800,sunday,H,6,1,1,1,1,0,411667.85714285716,526662.5
Airport ATM,2012-01-02,574000,sunday,H,0,2,1,1,1,0,405300.0,350612.5
Airport ATM,2012-01-03,520400,sunday,H,1,3,1,1,1,0,410782.14285714284,391500.0
Airport ATM,2012-01-04,529000,sunday,H,2,4,1,1,0,0,415350.0,392200.0
Airport ATM,2012-01-05,516400,sunday,H,3,5,1,1,0,0,417664.28571428574,416650.0
Airport ATM,2012-01-06,431800,sunday,H,4,6,1,1,0,0,415278.5714285714,417375.0
Airport ATM,2012-01-07,766600,saturday,H,5,7,1,1,0,0,413928.5714285714,393950.0
Airport ATM,2012-01-08,598400,sunday,H,6,8,1,2,0,0,418153.5714285714,566350.0
Airport ATM,2012-01-09,471100,sunday,H,0,9,1,2,0,0,425878.5714285714,383087.5
Airport ATM,2012-01-10,631100,sunday,H,1,10,1,2,0,0,424132.14285714284,404262.5
Airport ATM,2012-01-11,530900,sunday,H,2,11,1,2,0,0,435160.71428571426,410612.5
Airport ATM,2012-01-12,538800,sunday,H,3,12,1,2,0,0,440117.85714285716,462887.5
Airport ATM,2012-01-13,704600,sunday,H,4,13,1,2,0,0,448442.85714285716,439737.5
Airport ATM,2012-01-14,688900,saturday,H,5,14,1,2,0,0,460596.4285714286,441850.0
Airport ATM,2012-01-15,122300,sunday,H,6,15,1,3,0,0,471546.4285714286,598262.5
Airport ATM,2012-01-16,137400,monday,H,0,16,1,3,0,0,461285.71428571426,355400.0
Airport ATM,2012-01-17,178200,tuesday,H,1,17,1,3,0,0,450392.85714285716,372462.5
Airport ATM,2012-01-18,335000,tuesday,H,2,18,1,3,0,0,441842.85714285716,385462.5
Airport ATM,2012-01-19,216200,tuesday,H,3,19,1,3,0,0,441175.0,460900.0
Airport ATM,2012-01-20,423000,tuesday,H,4,20,1,3,0,0,436660.71428571426,421350.0
Airport ATM,2012-01-21,464300,saturday,H,5,21,1,3,0,0,437603.5714285714,457962.5
Airport ATM,2012-01-22,440600,sunday,H,6,22,1,4,0,0,436007.14285714284,613725.0
Airport ATM,2012-01-23,479600,sunday,H,0,23,1,4,0,0,442585.71428571426,393162.5
Airport ATM,2012-01-24,282500,sunday,H,1,24,1,4,0,0,454653.5714285714,398337.5
Airport ATM,2012-01-25,655300,sunday,H,2,25,1,4,0,0,455342.85714285716,375975.0
Airport ATM,2012-01-26,352300,thursday,H,3,26,1,4,0,0,463139.28571428574,462150.0
Airport ATM,2012-01-27,526100,thursday,H,4,27,1,4,0,0,463221.4285714286,400650.0
Airport ATM,2012-01-28,514100,saturday,H,5,28,1,4,0,0,472953.5714285714,446200.0
Airport ATM,2012-01-29,274500,sunday,H,6,29,1,5,0,1,464560.71428571426,590325.0
Airport ATM,2012-01-30,366100,sunday,H,0,30,1,5,0,1,460835.71428571426,357837.5
Airport ATM,2012-01-31,189300,sunday,H,1,31,1,5,0,1,453410.71428571426,391537.5
Airport ATM,2012-02-01,629500,sunday,H,2,1,2,1,1,0,441585.71428571426,350575.0
Airport ATM,2012-02-02,474500,sunday,H,3,2,2,1,1,0,445175.0,482812.5
Airport ATM,2012-02-03,523000,sunday,H,4,3,2,1,1,0,443678.5714285714,387062.5
Airport ATM,2012-02-04,778500,saturday,H,5,4,2,1,0,0,446935.71428571426,452875.0
Airport ATM,2012-02-05,341600,sunday,H,6,5,2,1,0,0,447360.71428571426,606600.0
Airport ATM,2012-02-06,449700,sunday,H,0,6,2,1,0,0,438189.28571428574,352775.0
Airport ATM,2012-02-07,510200,sunday,H,1,7,2,1,0,0,437425.0,382750.0
Airport ATM,2012-02-08,568700,sunday,H,2,8,2,2,0,0,433107.14285714284,374062.5
Airport ATM,2012-02-09,586100,sunday,H,3,9,2,2,0,0,434457.14285714284,504887.5
Airport ATM,2012-02-10,494800,sunday,H,4,10,2,2,0,0,436146.4285714286,422112.5
Airport ATM,2012-02-11,616600,saturday,H,5,11,2,2,0,0,428653.5714285714,469187.5
Airport ATM,2012-02-12,407300,sunday,H,6,12,2,2,0,0,426071.4285714286,635887.5
Airport ATM,2012-02-13,365200,sunday,H,0,13,2,2,0,0,436250.0,352487.5
Airport ATM,2012-02-14,374800,sunday,H,1,14,2,2,0,0,444385.71428571426,373100.0
Airport ATM,2012-02-15,550600,sunday,H,2,15,2,3,0,0,451407.14285714284,368712.5
Airport ATM,2012-02-16,503000,sunday,H,3,16,2,3,0,0,459107.14285714284,529500.0
Airport ATM,2012-02-17,248500,sunday,H,4,17,2,3,0,0,469350.0,442162.5
Airport ATM,2012-02-18,405600,saturday,H,5,18,2,3,0,0,463117.85714285716,450675.0
Airport ATM,2012-02-19,256600,sunday,H,6,19,2,3,0,0,461021.4285714286,622962.5
Airport ATM,2012-02-20,544700,sunday,H,0,20,2,3,0,0,454450.0,352512.5
Airport ATM,2012-02-21,348700,sunday,H,1,21,2,3,0,0,456775.0,423475.0
Airport ATM,2012-02-22,375700,sunday,H,2,22,2,4,0,0,459139.28571428574,379400.0
Airport ATM,2012-02-23,338500,sunday,H,3,23,2,4,0,0,449153.5714285714,521837.5
Airport ATM,2012-02-24,398800,sunday,H,4,24,2,4,0,0,448660.71428571426,440725.0
Airport ATM,2012-02-25,503800,saturday,H,5,25,2,4,0,0,444114.28571428574,468825.0
Airport ATM,2012-02-26,267800,sunday,H,6,26,2,4,0,0,443746.4285714286,592300.0
Airport ATM,2012-02-27,258000,sunday,H,0,27,2,4,0,1,443507.14285714284,338637.5
Airport ATM,2012-02-28,110500,sunday,H,1,28,2,4,0,1,439646.4285714286,383975.0
Airport ATM,2012-02-29,606000,sunday,H,2,29,2,5,0,1,436832.14285714284,328162.5
Airport ATM,2012-03-01,707900,sunday,H,3,1,3,1,1,0,435992.85714285716,531462.5
Airport ATM,2012-03-02,594900,sunday,H,4,2,3,1,1,0,444328.5714285714,464662.5
Airport ATM,2012-03-03,636100,saturday,H,5,3,3,1,1,0,446896.4285714286,489212.5
Airport ATM,2012-03-04,686000,sunday,H,6,4,3,1,0,0,441810.71428571426,575987.5
Airport ATM,2012-03-05,552300,sunday,H,0,5,3,1,0,0,454110.71428571426,349587.5
Airport ATM,2012-03-06,520800,sunday,H,1,6,3,1,0,0,457775.0,394125.0
Airport ATM,2012-03-07,635600,sunday,H,2,7,3,1,0,0,458153.5714285714,314375.0
Airport ATM,2012-03-08,574000,sunday,H,3,8,3,2,0,0,460542.85714285716,544550.0
Airport ATM,2012-03-09,440200,sunday,H,4,9,3,2,0,0,460110.71428571426,469062.5
Airport ATM,2012-03-10,777200,saturday,H,5,10,3,2,0,0,458160.71428571426,456162.5
Airport ATM,2012-03-11,265200,sunday,H,6,11,3,2,0,0,463896.4285714286,587025.0
Airport ATM,2012-03-12,382400,sunday,H,0,12,3,2,0,0,458821.4285714286,367450.0
Airport ATM,2012-03-13,478000,sunday,H,1,13,3,2,0,0,459435.71428571426,424750.0
Airport ATM,2012-03-14,442400,sunday,H,2,14,3,2,0,0,463121.4285714286,351850.0
Airport ATM,2012-03-15,466600,sunday,H,3,15,3,3,0,0,459257.14285714284,557975.0
Airport ATM,2012-03-16,394500,sunday,H,4,16,3,3,0,0,457957.14285714284,500362.5
Airport ATM,2012-03-17,455700,saturday,H,5,17,3,3,0,0,463171.4285714286,452600.0
Airport ATM,2012-03-18,438100,sunday,H,6,18,3,3,0,0,464960.71428571426,585950.0
Airport ATM,2012-03-19,547500,sunday,H,0,19,3,3,0,0,471442.85714285716,367137.5
Airport ATM,2012-03-20,446500,sunday,H,1,20,3,3,0,0,471542.85714285716,433237.5
Airport ATM,2012-03-21,537200,sunday,H,2,21,3,3,0,0,475035.71428571426,372350.0
Airport ATM,2012-03-22,610900,sunday,H,3,22,3,4,0,0,480803.5714285714,543212.5
Airport ATM,2012-03-23,297900,friday,H,4,23,3,4,0,0,490532.14285714284,532687.5
Airport ATM,2012-03-24,584000,saturday,H,5,24,3,4,0,0,486928.5714285714,424075.0
Airport ATM,2012-03-25,289000,sunday,H,6,25,3,4,0,0,489792.85714285716,594687.5
Airport ATM,2012-03-26,609600,sunday,H,0,26,3,4,0,0,490550.0,368950.0
Airport ATM,2012-03-27,333700,sunday,H,1,27,3,4,0,0,503107.14285714284,463675.0
Airport ATM,2012-03-28,522200,sunday,H,2,28,3,4,0,0,511078.5714285714,390400.0
Airport ATM,2012-03-29,521600,sunday,H,3,29,3,5,0,1,508085.71428571426,529800.0
Airport ATM,2012-03-30,510600,sunday,H,4,30,3,5,0,1,501432.14285714284,538575.0
Airport ATM,2012-03-31,661500,saturday,H,5,31,3,5,0,1,498421.4285714286,422525.0
Airport ATM,2012-04-01,503800,sunday,H,6,1,4,1,1,0,499328.5714285714,580062.5
Airport ATM,2012-04-02,541600,sunday,H,0,2,4,1,1,0,492821.4285714286,389225.0
Airport ATM,2012-04-03,751200,sunday,H,1,3,4,1,1,0,492439.28571428574,475162.5
Airport ATM,2012-04-04,639600,sunday,H,2,4,4,1,0,0,500667.85714285716,420525.0
Airport ATM,2012-04-05,527100,thursday,H,3,5,4,1,0,0,500810.71428571426,538662.5
Airport ATM,2012-04-06,372300,friday,H,4,6,4,1,0,0,499135.71428571426,531200.0
Airport ATM,2012-04-07,711900,saturday,H,5,7,4,1,0,0,496710.71428571426,407212.5
Airport ATM,2012-04-08,393900,sunday,H,6,8,4,2,0,0,494378.5714285714,591975.0
Airport ATM,2012-04-09,653100,sunday,H,0,9,4,2,0,0,498975.0,387550.0
Airport ATM,2012-04-10,364400,sunday,H,1,10,4,2,0,0,508642.85714285716,511150.0
Airport ATM,2012-04-11,616200,sunday,H,2,11,4,2,0,0,504585.71428571426,419225.0
Airport ATM,2012-04-12,689200,sunday,H,3,12,4,2,0,0,510792.85714285716,546862.5
Airport ATM,2012-04-13,293100,friday,H,4,13,4,2,0,0,518742.85714285716,554475.0
Airport ATM,2012-04-14,405200,saturday,H,5,14,4,2,0,0,515121.4285714286,412787.5
Airport ATM,2012-04-15,253700,sunday,H,6,15,4,3,0,0,513317.85714285716,591925.0
Airport ATM,2012-04-16,426800,sunday,H,0,16,4,3,0,0,506732.14285714284,387187.5
Airport ATM,2012-04-17,180400,sunday,H,1,17,4,3,0,0,502421.4285714286,496412.5
Airport ATM,2012-04-18,630200,sunday,H,2,18,4,3,0,0,492917.85714285716,398187.5
Airport ATM,2012-04-19,367300,sunday,H,3,19,4,3,0,0,496239.28571428574,578675.0
Airport ATM,2012-04-20,466000,sunday,H,4,20,4,3,0,0,487539.28571428574,558075.0
Airport ATM,2012-04-21,600000,saturday,H,5,21,4,3,0,0,493542.85714285716,421187.5
Airport ATM,2012-04-22,372200,sunday,H,6,22,4,4,0,0,494114.28571428574,603950.0
Airport ATM,2012-04-23,594300,sunday,H,0,23,4,4,0,0,497085.71428571426,400237.5
Airport ATM,2012-04-24,310100,sunday,H,1,24,4,4,0,0,496539.28571428574,538450.0
Airport ATM,2012-04-25,452000,sunday,H,2,25,4,4,0,0,495696.4285714286,423137.5
Airport ATM,2012-04-26,558000,sunday,H,3,26,4,4,0,0,493189.28571428574,559425.0
Airport ATM,2012-04-27,421900,sunday,H,4,27,4,4,0,0,494489.28571428574,539337.5
Airport ATM,2012-04-28,406400,saturday,H,5,28,4,4,0,1,491321.4285714286,399562.5
Airport ATM,2012-04-29,316300,sunday,H,6,29,4,5,0,1,482210.71428571426,575237.5
Airport ATM,2012-04-30,312400,sunday,H,0,30,4,5,0,1,475514.28571428574,354025.0
Airport ATM,2012-05-01,266200,tuesday,H,1,1,5,1,1,0,467328.5714285714,508462.5
Airport ATM,2012-05-02,662200,tuesday,H,2,2,5,1,1,0,450007.14285714284,391312.5
Airport ATM,2012-05-03,481200,tuesday,H,3,3,5,1,1,0,450814.28571428574,562750.0
Airport ATM,2012-05-04,277900,tuesday,H,4,4,5,1,0,0,449175.0,527737.5
Airport ATM,2012-05-05,53400,saturday,H,5,5,5,1,0,0,445803.5714285714,379275.0
Airport ATM,2012-05-06,28300,sunday,H,6,6,5,1,0,0,422285.71428571426,484762.5
Airport ATM,2012-05-07,33100,sunday,H,0,7,5,1,0,0,409228.5714285714,324412.5
Airport ATM,2012-05-08,380300,sunday,H,1,8,5,2,0,0,387085.71428571426,464800.0
Airport ATM,2012-05-09,671200,sunday,H,2,9,5,2,0,0,387653.5714285714,379100.0
Airport ATM,2012-05-10,682400,sunday,H,3,10,5,2,0,0,389617.85714285716,591350.0
Airport ATM,2012-05-11,467300,sunday,H,4,11,5,2,0,0,389375.0,554712.5
Airport ATM,2012-05-12,968700,saturday,H,5,12,5,2,0,0,395596.4285714286,388375.0
Airport ATM,2012-05-13,350200,sunday,H,6,13,5,2,0,0,415721.4285714286,548887.5
Airport ATM,2012-05-14,449100,sunday,H,0,14,5,2,0,0,419167.85714285716,313425.0
Airport ATM,2012-05-15,570600,sunday,H,1,15,5,3,0,0,419964.28571428574,452500.0
Airport ATM,2012-05-16,660400,sunday,H,2,16,5,3,0,0,433900.0,394612.5
Airport ATM,2012-05-17,289100,sunday,H,3,17,5,3,0,0,434978.5714285714,606750.0
Airport ATM,2012-05-18,556800,sunday,H,4,18,5,3,0,0,432185.71428571426,514487.5
Airport ATM,2012-05-19,404800,sunday,H,5,19,5,3,0,0,435428.5714285714,420737.5
Airport ATM,2012-05-20,123800,sunday,H,6,20,5,3,0,0,428457.14285714284,526487.5
Airport ATM,2012-05-21,527800,monday,H,0,21,5,3,0,0,419585.71428571426,292775.0
Airport ATM,2012-05-22,601100,monday,H,1,22,5,4,0,0,417210.71428571426,442275.0
Airport ATM,2012-05-23,504400,monday,H,2,23,5,4,0,0,427603.5714285714,428037.5
Airport ATM,2012-05-24,359300,monday,H,3,24,5,4,0,0,429475.0,604525.0
Airport ATM,2012-05-25,487500,monday,H,4,25,5,4,0,0,422378.5714285714,494200.0
Airport ATM,2012-05-26,608100,saturday,H,5,26,5,4,0,0,424721.4285714286,417850.0
Airport ATM,2012-05-27,364200,sunday,H,6,27,5,4,0,0,431925.0,519812.5
Airport ATM,2012-05-28,718600,sunday,H,0,28,5,4,0,0,433635.71428571426,275325.0
Airport ATM,2012-05-29,423300,sunday,H,1,29,5,5,0,1,448142.85714285716,464400.0
Airport ATM,2012-05-30,404600,sunday,H,2,30,5,5,0,1,453753.5714285714,387050.0
Airport ATM,2012-05-31,580000,sunday,H,3,31,5,5,0,1,444553.5714285714,575150.0
Airport ATM,2012-06-01,626100,sunday,H,4,1,6,1,1,0,448082.14285714284,500812.5
Airport ATM,2012-06-02,904600,saturday,H,5,2,6,1,1,0,460517.85714285716,449575.0
Airport ATM,2012-06-03,518300,sunday,H,6,3,6,1,1,0,490917.85714285716,543900.0
Airport ATM,2012-06-04,523600,sunday,H,0,4,6,1,0,0,508417.85714285716,290875.0
Airport ATM,2012-06-05,561500,sunday,H,1,5,6,1,0,0,525935.7142857143,448212.5
Airport ATM,2012-06-06,599600,sunday,H,2,6,6,1,0,0,532407.1428571428,411687.5
Airport ATM,2012-06-07,464600,sunday,H,3,7,6,1,0,0,529850.0,573075.0
Airport ATM,2012-06-08,763100,sunday,H,4,8,6,2,0,0,522071.4285714286,472737.5
Airport ATM,2012-06-09,823100,saturday,H,5,9,6,2,0,0,532635.7142857143,508325.0
Airport ATM,2012-06-10,512500,sunday,H,6,10,6,2,0,0,527435.7142857143,596137.5
Airport ATM,2012-06-11,522200,sunday,H,0,11,6,2,0,0,533232.1428571428,323225.0
Airport ATM,2012-06-12,691600,sunday,H,1,12,6,2,0,0,535842.8571428572,460137.5
Airport ATM,2012-06-13,610000,sunday,H,2,13,6,2,0,0,540164.2857142857,475587.5
Airport ATM,2012-06-14,832900,sunday,H,3,14,6,2,0,0,538364.2857142857,570550.0
Airport ATM,2012-06-15,644900,sunday,H,4,15,6,3,0,0,557785.7142857143,530937.5
Airport ATM,2012-06-16,755900,saturday,H,5,16,6,3,0,0,560932.1428571428,530687.5
Airport ATM,2012-06-17,429300,sunday,H,6,17,6,3,0,0,573471.4285714285,615625.0
Airport ATM,2012-06-18,507100,sunday,H,0,18,6,3,0,0,584382.1428571428,330362.5
Airport ATM,2012-06-19,403500,sunday,H,1,19,6,3,0,0,583642.8571428572,449237.5
Airport ATM,2012-06-20,512500,sunday,H,2,20,6,3,0,0,576585.7142857143,487262.5
Airport ATM,2012-06-21,258200,sunday,H,3,21,6,3,0,0,576875.0,578112.5
Airport ATM,2012-06-22,534100,sunday,H,4,22,6,4,0,0,573264.2857142857,493462.5
Airport ATM,2012-06-23,498400,saturday,H,5,23,6,4,0,0,574928.5714285715,544712.5
Airport ATM,2012-06-24,315300,sunday,H,6,24,6,4,0,0,571010.7142857143,627125.0
Airport ATM,2012-06-25,491100,sunday,H,0,25,6,4,0,0,569264.2857142857,330237.5
Airport ATM,2012-06-26,607300,sunday,H,1,26,6,4,0,0,561139.2857142857,471575.0
Airport ATM,2012-06-27,430100,sunday,H,2,27,6,4,0,0,567710.7142857143,529900.0
Airport ATM,2012-06-28,467100,sunday,H,3,28,6,4,0,1,568621.4285714285,549100.0
Airport ATM,2012-06-29,506200,sunday,H,4,29,6,5,0,1,564589.2857142857,491700.0
Airport ATM,2012-06-30,420800,saturday,H,5,30,6,5,0,1,560307.1428571428,573250.0
Airport ATM,2012-07-01,558200,sunday,H,6,1,7,1,1,0,543028.5714285715,673050.0
Airport ATM,2012-07-02,802500,sunday,H,0,2,7,1,1,0,544453.5714285715,396475.0
Airport ATM,2012-07-03,493900,sunday,H,1,3,7,1,1,0,554414.2857142857,567750.0
Airport ATM,2012-07-04,621100,sunday,H,2,4,7,1,0,0,552000.0,544100.0
Airport ATM,2012-07-05,692500,sunday,H,3,5,7,1,0,0,552767.8571428572,542837.5
Airport ATM,2012-07-06,491800,sunday,H,4,6,7,1,0,0,560907.1428571428,492962.5
Airport ATM,2012-07-07,404200,saturday,H,5,7,7,1,0,0,551217.8571428572,576312.5
Airport ATM,2012-07-08,573700,sunday,H,6,8,7,2,0,0,536257.1428571428,602487.5
Airport ATM,2012-07-09,535600,sunday,H,0,9,7,2,0,0,538442.8571428572,424412.5
Airport ATM,2012-07-10,449600,sunday,H,1,10,7,2,0,0,538921.4285714285,578562.5
Airport ATM,2012-07-11,701800,sunday,H,2,11,7,2,0,0,530278.5714285715,528975.0
Airport ATM,2012-07-12,339000,sunday,H,3,12,7,2,0,0,533557.1428571428,548012.5
Airport ATM,2012-07-13,384700,sunday,H,4,13,7,2,0,0,515917.85714285716,499200.0
Airport ATM,2012-07-14,622300,saturday,H,5,14,7,2,0,0,506625.0,554800.0
Airport ATM,2012-07-15,389600,sunday,H,6,15,7,3,0,0,501853.5714285714,629675.0
Airport ATM,2012-07-16,568400,sunday,H,0,16,7,3,0,0,500435.71428571426,457637.5
Airport ATM,2012-07-17,555800,sunday,H,1,17,7,3,0,0,502625.0,583637.5
Airport ATM,2012-07-18,587400,sunday,H,2,18,7,3,0,0,508064.28571428574,523312.5
Airport ATM,2012-07-19,611500,sunday,H,3,19,7,3,0,0,510739.28571428574,558387.5
Airport ATM,2012-07-20,456800,sunday,H,4,20,7,3,0,0,523357.14285714284,530725.0
Airport ATM,2012-07-21,823500,saturday,H,5,21,7,3,0,0,520596.4285714286,550962.5
Airport ATM,2012-07-22,502300,sunday,H,6,22,7,4,0,0,532207.1428571428,656600.0
Airport ATM,2012-07-23,359900,sunday,H,0,23,7,4,0,0,538885.7142857143,474900.0
Airport ATM,2012-07-24,499200,sunday,H,1,24,7,4,0,0,534200.0,538800.0
Airport ATM,2012-07-25,339900,sunday,H,2,25,7,4,0,0,530339.2857142857,532800.0
Airport ATM,2012-07-26,639900,sunday,H,3,26,7,4,0,0,527117.8571428572,550300.0
Airport ATM,2012-07-27,552100,sunday,H,4,27,7,4,0,0,533289.2857142857,538212.5
Airport ATM,2012-07-28,438900,saturday,H,5,28,7,4,0,0,534928.5714285715,541712.5
Airport ATM,2012-07-29,376100,sunday,H,6,29,7,5,0,1,535575.0,598387.5
Airport ATM,2012-07-30,587700,sunday,H,0,30,7,5,0,1,529071.4285714285,457125.0
Airport ATM,2012-07-31,587800,sunday,H,1,31,7,5,0,1,521400.0,546812.5
Airport ATM,2012-08-01,850900,sunday,H,2,1,8,1,1,0,524753.5714285715,536087.5
Airport ATM,2012-08-02,636300,sunday,H,3,2,8,1,1,0,532960.7142857143,581712.5
Airport ATM,2012-08-03,554300,sunday,H,4,3,8,1,1,0,530953.5714285715,559675.0
Airport ATM,2012-08-04,708400,saturday,H,5,4,8,1,0,0,533185.7142857143,515612.5
Airport ATM,2012-08-05,700700,sunday,H,6,5,8,1,0,0,544050.0,584050.0
Airport ATM,2012-08-06,658200,sunday,H,0,6,8,1,0,0,548585.7142857143,480650.0
Airport ATM,2012-08-07,647600,sunday,H,1,7,8,1,0,0,552964.2857142857,563812.5
Airport ATM,2012-08-08,610800,sunday,H,2,8,8,2,0,0,560035.7142857143,530587.5
Airport ATM,2012-08-09,583000,sunday,H,3,9,8,2,0,0,556785.7142857143,581812.5
Airport ATM,2012-08-10,550100,sunday,H,4,10,8,2,0,0,565500.0,528437.5
Airport ATM,2012-08-11,632000,saturday,H,5,11,8,2,0,0,571407.1428571428,503762.5
Airport ATM,2012-08-12,386500,sunday,H,6,12,8,2,0,0,571753.5714285715,568562.5
Airport ATM,2012-08-13,617800,sunday,H,0,13,8,2,0,0,571642.8571428572,475300.0
Airport ATM,2012-08-14,660700,sunday,H,1,14,8,2,0,0,573407.1428571428,577650.0
Airport ATM,2012-08-15,542600,wednesday,H,2,15,8,3,0,0,577153.5714285715,562737.5
Airport ATM,2012-08-16,702600,wednesday,H,3,16,8,3,0,0,575553.5714285715,585575.0
Airport ATM,2012-08-17,502800,wednesday,H,4,17,8,3,0,0,578807.1428571428,583987.5
Airport ATM,2012-08-18,531900,saturday,H,5,18,8,3,0,0,580450.0,499850.0
Airport ATM,2012-08-19,176600,sunday,H,6,19,8,3,0,0,570035.7142857143,572750.0
Airport ATM,2012-08-20,396900,monday,H,0,20,8,3,0,0,558403.5714285715,457962.5
Airport ATM,2012-08-21,600600,monday,H,1,21,8,3,0,0,559725.0,565875.0
Airport ATM,2012-08-22,447600,monday,H,2,22,8,4,0,0,563346.4285714285,561900.0
Airport ATM,2012-08-23,268300,monday,H,3,23,8,4,0,0,567192.8571428572,587762.5
Airport ATM,2012-08-24,586000,monday,H,4,24,8,4,0,0,553921.4285714285,559137.5
Airport ATM,2012-08-25,778700,saturday,H,5,25,8,4,0,0,555132.1428571428,509825.0
Airport ATM,2012-08-26,444000,sunday,H,6,26,8,4,0,0,567267.8571428572,617487.5
Airport ATM,2012-08-27,360500,sunday,H,0,27,8,4,0,0,569692.8571428572,443687.5
Airport ATM,2012-08-28,425600,sunday,H,1,28,8,4,0,0,561578.5714285715,510625.0
Airport ATM,2012-08-29,354700,sunday,H,2,29,8,5,0,1,555785.7142857143,553362.5
Airport ATM,2012-08-30,390400,sunday,H,3,30,8,5,0,1,538064.2857142857,554462.5
Airport ATM,2012-08-31,606200,sunday,H,4,31,8,5,0,1,529282.1428571428,521375.0
Airport ATM,2012-09-01,878300,saturday,H,5,1,9,1,1,0,531135.7142857143,524125.0
Airport ATM,2012-09-02,346000,sunday,H,6,2,9,1,1,0,537203.5714285715,676750.0
Airport ATM,2012-09-03,574600,sunday,H,0,3,9,1,1,0,524535.7142857143,415225.0
Airport ATM,2012-09-04,791800,sunday,H,1,4,9,1,0,0,521550.0,515500.0
Airport ATM,2012-09-05,540500,sunday,H,2,5,9,1,0,0,526700.0,596137.5
Airport ATM,2012-09-06,557200,sunday,H,3,6,9,1,0,0,524189.28571428574,534300.0
Airport ATM,2012-09-07,538300,sunday,H,4,7,9,1,0,0,523267.85714285716,548650.0
Airport ATM,2012-09-08,409700,saturday,H,5,8,9,2,0,0,522846.4285714286,543325.0
Airport ATM,2012-09-09,254300,sunday,H,6,9,9,2,0,0,514907.14285714284,650175.0
Airport ATM,2012-09-10,695800,sunday,H,0,10,9,2,0,0,510185.71428571426,398312.5
Airport ATM,2012-09-11,671500,sunday,H,1,11,9,2,0,0,512971.4285714286,531425.0
Airport ATM,2012-09-12,451700,sunday,H,2,12,9,2,0,0,513357.14285714284,610600.0
Airport ATM,2012-09-13,455500,sunday,H,3,13,9,2,0,0,510110.71428571426,517337.5
Airport ATM,2012-09-14,624200,sunday,H,4,14,9,2,0,0,501285.71428571426,529150.0
Airport ATM,2012-09-15,589800,saturday,H,5,15,9,3,0,0,505621.4285714286,564250.0
Airport ATM,2012-09-16,345100,sunday,H,6,16,9,3,0,0,507689.28571428574,620962.5
Airport ATM,2012-09-17,544900,sunday,H,0,17,9,3,0,0,513707.14285714284,378662.5
Airport ATM,2012-09-18,502800,sunday,H,1,18,9,3,0,0,518992.85714285716,554550.0
Airport ATM,2012-09-19,217100,wednesday,H,2,19,9,3,0,0,515500.0,611050.0
Airport ATM,2012-09-20,469200,wednesday,H,3,20,9,3,0,0,507267.85714285716,501987.5
Airport ATM,2012-09-21,545800,wednesday,H,4,21,9,3,0,0,514442.85714285716,507812.5
Airport ATM,2012-09-22,546000,saturday,H,5,22,9,4,0,0,513007.14285714284,563462.5
Airport ATM,2012-09-23,232500,sunday,H,6,23,9,4,0,0,504696.4285714286,634350.0
Airport ATM,2012-09-24,503400,sunday,H,0,24,9,4,0,0,497142.85714285716,360712.5
Airport ATM,2012-09-25,391900,sunday,H,1,25,9,4,0,0,502246.4285714286,544012.5
Airport ATM,2012-09-26,484200,sunday,H,2,26,9,4,0,0,501042.85714285716,586562.5
Airport ATM,2012-09-27,454000,sunday,H,3,27,9,4,0,0,505667.85714285716,456150.0
Airport ATM,2012-09-28,536900,sunday,H,4,28,9,4,0,1,507939.28571428574,485025.0
Airport ATM,2012-09-29,213200,saturday,H,5,29,9,5,0,1,505464.28571428574,561287.5
Airport ATM,2012-09-30,487300,sunday,H,6,30,9,5,0,1,481710.71428571426,572450.0
Airport ATM,2012-10-01,884200,sunday,H,0,1,10,1,1,0,486757.14285714284,334037.5
Airport ATM,2012-10-02,426900,tuesday,H,1,2,10,1,1,0,497814.28571428574,572262.5
Airport ATM,2012-10-03,498700,tuesday,H,2,3,10,1,1,0,484782.14285714284,558975.0
Airport ATM,2012-10-04,524900,tuesday,H,3,4,10,1,0,0,483289.28571428574,442137.5
Airport ATM,2012-10-05,566000,tuesday,H,4,5,10,1,0,0,482135.71428571426,477762.5
Airport ATM,2012-10-06,502700,saturday,H,5,6,10,1,0,0,483125.0,563275.0
Airport ATM,2012-10-07,454400,sunday,H,6,7,10,1,0,0,486446.4285714286,556287.5
Airport ATM,2012-10-08,793500,sunday,H,0,8,10,2,0,0,493592.85714285716,342525.0
Airport ATM,2012-10-09,621500,sunday,H,1,9,10,2,0,0,497082.14285714284,594225.0
Airport ATM,2012-10-10,678200,sunday,H,2,10,10,2,0,0,495296.4285714286,554075.0
Airport ATM,2012-10-11,600000,sunday,H,3,11,10,2,0,0,503385.71428571426,459087.5
Airport ATM,2012-10-12,182700,sunday,H,4,12,10,2,0,0,508546.4285714286,464937.5
Airport ATM,2012-10-13,267300,saturday,H,5,13,10,2,0,0,492778.5714285714,523262.5
Airport ATM,2012-10-14,481500,sunday,H,6,14,10,2,0,0,481260.71428571426,523212.5
Airport ATM,2012-10-15,946600,sunday,H,0,15,10,3,0,0,486132.14285714284,380637.5
Airport ATM,2012-10-16,554300,sunday,H,1,16,10,3,0,0,500478.5714285714,662937.5
Airport ATM,2012-10-17,526700,sunday,H,2,17,10,3,0,0,502317.85714285716,548287.5
Airport ATM,2012-10-18,236400,sunday,H,3,18,10,3,0,0,513375.0,468975.0
Airport ATM,2012-10-19,276600,sunday,H,4,19,10,3,0,0,505060.71428571426,460950.0
Airport ATM,2012-10-20,564200,saturday,H,5,20,10,3,0,0,495446.4285714286,484587.5
Airport ATM,2012-10-21,292200,sunday,H,6,21,10,3,0,0,496096.4285714286,496400.0
Airport ATM,2012-10-22,651100,sunday,H,0,22,10,4,0,0,498228.5714285714,361662.5
Airport ATM,2012-10-23,313400,tuesday,H,1,23,10,4,0,0,503503.5714285714,699262.5
Airport ATM,2012-10-24,451800,wednesday,H,2,24,10,4,0,0,500700.0,534262.5
Airport ATM,2012-10-25,428400,wednesday,H,3,25,10,4,0,0,499542.85714285716,481112.5
Airport ATM,2012-10-26,518200,wednesday,H,4,26,10,4,0,0,498628.5714285714,465700.0
Airport ATM,2012-10-27,494700,saturday,H,5,27,10,4,0,0,497960.71428571426,473587.5
Airport ATM,2012-10-28,307000,sunday,H,6,28,10,4,0,0,508014.28571428574,448450.0
Airport ATM,2012-10-29,556300,sunday,H,0,29,10,5,0,1,501575.0,356787.5
Airport ATM,2012-10-30,112000,sunday,H,1,30,10,5,0,1,489864.28571428574,696975.0
Airport ATM,2012-10-31,327500,sunday,H,2,31,10,5,0,1,478617.85714285716,449287.5
Airport ATM,2012-11-01,655600,sunday,H,3,1,11,1,1,0,472503.5714285714,454487.5
Airport ATM,2012-11-02,555500,sunday,H,4,2,11,1,1,0,477171.4285714286,478000.0
Airport ATM,2012-11-03,498900,saturday,H,5,3,11,1,1,0,476796.4285714286,475737.5
Airport ATM,2012-11-04,607000,sunday,H,6,4,11,1,0,0,476660.71428571426,459600.0
Airport ATM,2012-11-05,757600,sunday,H,0,5,11,1,0,0,482110.71428571426,400875.0
Airport ATM,2012-11-06,508900,sunday,H,1,6,11,1,0,0,480828.5714285714,704700.0
Airport ATM,2012-11-07,956700,sunday,H,2,7,11,1,0,0,476807.14285714284,428962.5
Airport ATM,2012-11-08,749100,sunday,H,3,8,11,2,0,0,486753.5714285714,517612.5
Airport ATM,2012-11-09,678100,sunday,H,4,9,11,2,0,0,492078.5714285714,514700.0
Airport ATM,2012-11-10,965400,saturday,H,5,10,11,2,0,0,509771.4285714286,482475.0
Airport ATM,2012-11-11,558600,sunday,H,6,11,11,2,0,0,534703.5714285715,506550.0
Airport ATM,2012-11-12,501600,sunday,H,0,12,11,2,0,0,537457.1428571428,427562.5
Airport ATM,2012-11-13,140700,tuesday,H,1,13,11,2,0,0,521564.28571428574,699287.5
Airport ATM,2012-11-14,514100,tuesday,H,2,14,11,2,0,0,506792.85714285716,383700.0
Airport ATM,2012-11-15,502700,tuesday,H,3,15,11,3,0,0,506342.85714285716,554737.5
Airport ATM,2012-11-16,391400,tuesday,H,4,16,11,3,0,0,515853.5714285714,518887.5
Airport ATM,2012-11-17,420800,saturday,H,5,17,11,3,0,0,519953.5714285714,463175.0
Airport ATM,2012-11-18,436300,sunday,H,6,18,11,3,0,0,514832.14285714284,490900.0
Airport ATM,2012-11-19,520000,sunday,H,0,19,11,3,0,0,519978.5714285714,453037.5
Airport ATM,2012-11-20,334600,sunday,H,1,20,11,3,0,0,515296.4285714286,701362.5
Airport ATM,2012-11-21,352800,sunday,H,2,21,11,3,0,0,516053.5714285714,376537.5
Airport ATM,2012-11-22,553600,sunday,H,3,22,11,4,0,0,512517.85714285716,538312.5
Airport ATM,2012-11-23,381300,sunday,H,4,23,11,4,0,0,516989.28571428574,531337.5
Airport ATM,2012-11-24,432800,saturday,H,5,24,11,4,0,0,512100.0,443725.0
Airport ATM,2012-11-25,359600,sunday,H,6,25,11,4,0,0,509889.28571428574,518350.0
Airport ATM,2012-11-26,315500,sunday,H,0,26,11,4,0,0,511767.85714285716,437075.0
Airport ATM,2012-11-27,259000,sunday,H,1,27,11,4,0,0,503167.85714285716,630275.0
Airport ATM,2012-11-28,420300,sunday,H,2,28,11,4,0,1,508417.85714285716,355550.0
Airport ATM,2012-11-29,258500,sunday,H,3,29,11,5,0,1,511732.14285714284,528512.5
Airport ATM,2012-11-30,475400,sunday,H,4,30,11,5,0,1,497550.0,498037.5
Airport ATM,2012-12-01,530900,saturday,H,5,1,12,1,1,0,494689.28571428574,432400.0
Airport ATM,2012-12-02,492900,sunday,H,6,2,12,1,1,0,495832.14285714284,521875.0
Airport ATM,2012-12-03,598000,sunday,H,0,3,12,1,1,0,491757.14285714284,441887.5
Airport ATM,2012-12-04,421900,sunday,H,1,4,12,1,0,0,486057.14285714284,605837.5
Airport ATM,2012-12-05,548300,sunday,H,2,5,12,1,0,0,482950.0,330600.0
Airport ATM,2012-12-06,627700,sunday,H,3,6,12,1,0,0,468364.28571428574,512275.0
Airport ATM,2012-12-07,733400,sunday,H,4,7,12,1,0,0,464028.5714285714,501500.0
Airport ATM,2012-12-08,778900,saturday,H,5,8,12,2,0,0,466003.5714285714,501237.5
Airport ATM,2012-12-09,453100,sunday,H,6,9,12,2,0,0,459342.85714285716,585825.0
Airport ATM,2012-12-10,499800,sunday,H,0,10,12,2,0,0,455575.0,438337.5
Airport ATM,2012-12-11,507000,sunday,H,1,11,12,2,0,0,455510.71428571426,549987.5
Airport ATM,2012-12-12,650900,sunday,H,2,12,12,2,0,0,468592.85714285716,324687.5
Airport ATM,2012-12-13,254000,sunday,H,3,13,12,2,0,0,473478.5714285714,527800.0
Airport ATM,2012-12-14,451600,sunday,H,4,14,12,2,0,0,464596.4285714286,503700.0
Airport ATM,2012-12-15,568200,saturday,H,5,15,12,3,0,0,466746.4285714286,523112.5
Airport ATM,2012-12-16,430300,sunday,H,6,16,12,3,0,0,472010.71428571426,586325.0
Airport ATM,2012-12-17,526100,sunday,H,0,17,12,3,0,0,471796.4285714286,455600.0
Airport ATM,2012-12-18,503400,sunday,H,1,18,12,3,0,0,472014.28571428574,534362.5
Airport ATM,2012-12-19,548000,sunday,H,2,19,12,3,0,0,478042.85714285716,348437.5
Airport ATM,2012-12-20,411700,sunday,H,3,20,12,3,0,0,485014.28571428574,539825.0
Airport ATM,2012-12-21,444800,sunday,H,4,21,12,3,0,0,479946.4285714286,501612.5
Airport ATM,2012-12-22,479700,saturday,H,5,22,12,4,0,0,482214.28571428574,513937.5
Airport ATM,2012-12-23,276500,sunday,H,6,23,12,4,0,0,483889.28571428574,584450.0
Airport ATM,2012-12-24,472300,sunday,H,0,24,12,4,0,0,480921.4285714286,451787.5
Airport ATM,2012-12-25,246000,tuesday,H,1,25,12,4,0,0,486521.4285714286,523862.5
Airport ATM,2012-12-26,344100,tuesday,H,2,26,12,4,0,0,486057.14285714284,365187.5
Airport ATM,2012-12-27,362900,tuesday,H,3,27,12,4,0,0,483335.71428571426,541900.0
Airport ATM,2012-12-28,177600,tuesday,H,4,28,12,4,0,0,487064.28571428574,465025.0
Airport ATM,2012-12-29,146400,saturday,H,5,29,12,5,0,1,476428.5714285714,466700.0
Airport ATM,2012-12-30,442800,sunday,H,6,30,12,5,0,1,462696.4285714286,540387.5
Airport ATM,2012-12-31,821300,sunday,H,0,31,12,5,0,1,460907.14285714284,431262.5
Airport ATM,2013-01-01,315400,tuesday,H,1,1,1,1,1,0,468882.14285714284,531825.0
Airport ATM,2013-01-02,670700,wednesday,W,2,2,1,1,1,0,465078.5714285714,341000.0
Airport ATM,2013-01-03,480700,thursday,W,3,3,1,1,1,0,469450.0,506150.0
Airport ATM,2013-01-04,505600,friday,W,4,4,1,1,0,0,464200.0,431475.0
Airport ATM,2013-01-05,1034000,saturday,H,5,5,1,1,0,0,456064.28571428574,445137.5
Airport ATM,2013-01-06,375500,sunday,H,6,6,1,1,0,0,465175.0,548962.5
Airport ATM,2013-01-07,863100,monday,W,0,7,1,1,0,0,462403.5714285714,408375.0
Airport ATM,2013-01-08,609300,tuesday,W,1,8,1,2,0,0,475378.5714285714,577012.5
Airport ATM,2013-01-09,543800,wednesday,W,2,9,1,2,0,0,479032.14285714284,399575.0
Airport ATM,2013-01-10,709300,thursday,W,3,10,1,2,0,0,475207.14285714284,509862.5
Airport ATM,2013-01-11,734400,friday,W,4,11,1,2,0,0,491467.85714285716,457300.0
Airport ATM,2013-01-12,696600,saturday,H,5,12,1,2,0,0,501567.85714285716,488012.5
Airport ATM,2013-01-13,394600,sunday,H,6,13,1,2,0,0,506153.5714285714,583437.5
Airport ATM,2013-01-14,174000,monday,H,0,14,1,2,0,0,504878.5714285714,403162.5
Airport ATM,2013-01-15,197000,tuesday,H,1,15,1,3,0,0,492303.5714285714,533762.5
Airport ATM,2013-01-16,298200,wednesday,H,2,16,1,3,0,0,481360.71428571426,382375.0
Airport ATM,2013-01-17,486700,thursday,W,3,17,1,3,0,0,472439.28571428574,503037.5
Airport ATM,2013-01-18,348600,friday,W,4,18,1,3,0,0,475117.85714285716,448937.5
Airport ATM,2013-01-19,520000,saturday,H,5,19,1,3,0,0,471682.14285714284,483925.0
Airport ATM,2013-01-20,395800,sunday,H,6,20,1,3,0,0,473121.4285714286,594337.5
Airport ATM,2013-01-21,583500,monday,W,0,21,1,3,0,0,477382.14285714284,407687.5
Airport ATM,2013-01-22,512000,tuesday,W,1,22,1,4,0,0,481353.5714285714,567262.5
Airport ATM,2013-01-23,332800,wednesday,W,2,23,1,4,0,0,490853.5714285714,414000.0
Airport ATM,2013-01-24,648700,thursday,W,3,24,1,4,0,0,490450.0,492100.0
Airport ATM,2013-01-25,365300,friday,H,4,25,1,4,0,0,500657.14285714284,497712.5
Airport ATM,2013-01-26,396000,saturday,H,5,26,1,4,0,0,507360.71428571426,470162.5
Airport ATM,2013-01-27,246900,sunday,H,6,27,1,4,0,0,516275.0,577475.0
Airport ATM,2013-01-28,672700,monday,W,0,28,1,4,0,0,509278.5714285714,376937.5
Airport ATM,2013-01-29,504800,tuesday,W,1,29,1,5,0,1,503971.4285714286,576600.0
Airport ATM,2013-01-30,371500,wednesday,W,2,30,1,5,0,1,510735.71428571426,424362.5
Airport ATM,2013-01-31,573900,thursday,W,3,31,1,5,0,1,500050.0,470000.0
Airport ATM,2013-02-01,606700,friday,W,4,1,2,1,1,0,503378.5714285714,490987.5
Airport ATM,2013-02-02,688700,saturday,H,5,2,2,1,1,0,506989.28571428574,454325.0
Airport ATM,2013-02-03,519400,sunday,H,6,3,2,1,1,0,494657.14285714284,566200.0
Airport ATM,2013-02-04,763600,monday,W,0,4,2,1,0,0,499796.4285714286,385225.0
Airport ATM,2013-02-05,558000,tuesday,W,1,5,2,1,0,0,496242.85714285716,609575.0
Airport ATM,2013-02-06,860200,wednesday,W,2,6,2,1,0,0,494410.71428571426,430737.5
Airport ATM,2013-02-07,915100,thursday,W,3,7,2,1,0,0,505710.71428571426,496162.5
Airport ATM,2013-02-08,557200,friday,W,4,8,2,2,0,0,513060.71428571426,573625.0
Airport ATM,2013-02-09,820700,saturday,H,5,9,2,2,0,0,506732.14285714284,467525.0
Airport ATM,2013-02-10,246700,sunday,H,6,10,2,2,0,0,511164.28571428574,597762.5
Airport ATM,2013-02-11,702800,monday,W,0,11,2,2,0,0,505882.14285714284,362275.0
Airport ATM,2013-02-12,526200,tuesday,W,1,12,2,2,0,0,524767.8571428572,631662.5
Airport ATM,2013-02-13,638600,wednesday,W,2,13,2,2,0,0,536525.0,433587.5
Airport ATM,2013-02-14,644600,thursday,W,3,14,2,2,0,0,548682.1428571428,507487.5
Airport ATM,2013-02-15,651000,friday,W,4,15,2,3,0,0,554321.4285714285,602737.5
Airport ATM,2013-02-16,551100,saturday,H,5,16,2,3,0,0,565121.4285714285,493300.0
Airport ATM,2013-02-17,484200,sunday,H,6,17,2,3,0,0,566232.1428571428,606687.5
Airport ATM,2013-02-18,484500,monday,W,0,18,2,3,0,0,569389.2857142857,388237.5
Airport ATM,2013-02-19,551000,tuesday,W,1,19,2,3,0,0,565853.5714285715,633187.5
Airport ATM,2013-02-20,458200,wednesday,W,2,20,2,3,0,0,567246.4285714285,471712.5
Airport ATM,2013-02-21,521800,thursday,W,3,21,2,3,0,0,571725.0,521750.0
Airport ATM,2013-02-22,402100,friday,W,4,22,2,4,0,0,567192.8571428572,622600.0
Airport ATM,2013-02-23,599100,saturday,H,5,23,2,4,0,0,568507.1428571428,521362.5
Airport ATM,2013-02-24,358200,sunday,H,6,24,2,4,0,0,575760.7142857143,663275.0
Airport ATM,2013-02-25,572500,monday,W,0,25,2,4,0,0,579735.7142857143,377662.5
Airport ATM,2013-02-26,295000,tuesday,W,1,26,2,4,0,1,576157.1428571428,602087.5
Airport ATM,2013-02-27,480100,wednesday,W,2,27,2,4,0,1,568664.2857142857,469162.5
Airport ATM,2013-02-28,833600,thursday,W,3,28,2,4,0,1,572542.8571428572,497925.0
Airport ATM,2013-03-01,471000,friday,W,4,1,3,1,1,0,581817.8571428572,666712.5
Airport ATM,2013-03-02,803600,saturday,H,5,2,3,1,1,0,576971.4285714285,517037.5
Airport ATM,2013-03-03,525000,sunday,H,6,3,3,1,1,0,581075.0,634475.0
Airport ATM,2013-03-04,608400,monday,W,0,4,3,1,0,0,581275.0,396350.0
Airport ATM,2013-03-05,470100,tuesday,W,1,5,3,1,0,0,575732.1428571428,570250.0
Airport ATM,2013-03-06,705600,wednesday,W,2,6,3,1,0,0,572592.8571428572,451762.5
Airport ATM,2013-03-07,568700,thursday,W,3,7,3,1,0,0,567071.4285714285,518150.0
Airport ATM,2013-03-08,629500,friday,W,4,8,3,2,0,0,554700.0,649137.5
Airport ATM,2013-03-09,943900,saturday,H,5,9,3,2,0,0,557282.1428571428,503925.0
Airport ATM,2013-03-10,524800,sunday,H,6,10,3,2,0,0,561682.1428571428,665387.5
Airport ATM,2013-03-11,434200,monday,W,0,11,3,2,0,0,571614.2857142857,412625.0
Airport ATM,2013-03-12,671100,tuesday,W,1,12,3,2,0,0,562021.4285714285,602775.0
Airport ATM,2013-03-13,767800,wednesday,W,2,13,3,2,0,0,567196.4285714285,511025.0
Airport ATM,2013-03-14,593200,thursday,W,3,14,3,2,0,0,571810.7142857143,576850.0
Airport ATM,2013-03-15,447600,friday,W,4,15,3,3,0,0,569975.0,662450.0
Airport ATM,2013-03-16,555700,saturday,H,5,16,3,3,0,0,562710.7142857143,516300.0
Airport ATM,2013-03-17,499200,sunday,H,6,17,3,3,0,0,562875.0,669850.0
Airport ATM,2013-03-18,589700,monday,W,0,18,3,3,0,0,563410.7142857143,425550.0
Airport ATM,2013-03-19,516700,tuesday,W,1,19,3,3,0,0,567167.8571428572,603550.0
Airport ATM,2013-03-20,639700,wednesday,W,2,20,3,3,0,0,565942.8571428572,511612.5
Airport ATM,2013-03-21,392800,thursday,W,3,21,3,3,0,0,572425.0,615212.5
Airport ATM,2013-03-22,347200,friday,W,4,22,3,4,0,0,567817.8571428572,630462.5
Airport ATM,2013-03-23,501800,saturday,H,5,23,3,4,0,0,565857.1428571428,514037.5
Airport ATM,2013-03-24,197800,sunday,H,6,24,3,4,0,0,562382.1428571428,683075.0
Airport ATM,2013-03-25,475300,monday,W,0,25,3,4,0,0,556653.5714285715,419412.5
Airport ATM,2013-03-26,249900,tuesday,W,1,26,3,4,0,0,553182.1428571428,578875.0
Airport ATM,2013-03-27,319400,wednesday,W,2,27,3,4,0,0,551571.4285714285,479750.0
Airport ATM,2013-03-28,672400,thursday,W,3,28,3,4,0,0,545832.1428571428,608700.0
Airport ATM,2013-03-29,519400,friday,H,4,29,3,5,0,1,540075.0,642775.0
Airport ATM,2013-03-30,444000,saturday,H,5,30,3,5,0,1,541803.5714285715,503125.0
Airport ATM,2013-03-31,456000,sunday,H,6,31,3,5,0,1,528960.7142857143,652487.5
Airport ATM,2013-04-01,269200,monday,W,0,1,4,1,1,0,526496.4285714285,411487.5
Airport ATM,2013-04-02,755300,tuesday,W,1,2,4,1,1,0,514382.14285714284,517075.0
Airport ATM,2013-04-03,577300,wednesday,W,2,3,4,1,1,0,524567.8571428572,504412.5
Airport ATM,2013-04-04,655000,thursday,W,3,4,4,1,0,0,519985.71428571426,573337.5
Airport ATM,2013-04-05,542800,friday,W,4,5,4,1,0,0,523067.85714285716,610262.5
Airport ATM,2013-04-06,757600,saturday,H,5,6,4,1,0,0,519971.4285714286,501325.0
Airport ATM,2013-04-07,631600,sunday,H,6,7,4,1,0,0,513317.85714285716,644600.0
Airport ATM,2013-04-08,537300,monday,W,0,8,4,2,0,0,517132.14285714284,459600.0
Airport ATM,2013-04-09,652300,tuesday,W,1,9,4,2,0,0,520814.28571428574,496387.5
Airport ATM,2013-04-10,957500,wednesday,W,2,10,4,2,0,0,520142.85714285716,520175.0
Airport ATM,2013-04-11,599500,thursday,H,3,11,4,2,0,0,526917.8571428572,613200.0
Airport ATM,2013-04-12,370000,friday,W,4,12,4,2,0,0,527142.8571428572,604625.0
Airport ATM,2013-04-13,505000,saturday,H,5,13,4,2,0,0,524371.4285714285,466200.0
Airport ATM,2013-04-14,333200,sunday,H,6,14,4,2,0,0,522560.71428571426,638837.5
Airport ATM,2013-04-15,347000,monday,W,0,15,4,3,0,0,516632.14285714284,440725.0
Airport ATM,2013-04-16,461100,tuesday,W,1,16,4,3,0,0,507964.28571428574,479200.0
Airport ATM,2013-04-17,536600,wednesday,W,2,17,4,3,0,0,505978.5714285714,508937.5
Airport ATM,2013-04-18,341800,thursday,W,3,18,4,3,0,0,502296.4285714286,623000.0
Airport ATM,2013-04-19,603300,friday,W,4,19,4,3,0,0,500475.0,582125.0
Airport ATM,2013-04-20,590800,saturday,H,5,20,4,3,0,0,509621.4285714286,491350.0
Airport ATM,2013-04-21,548200,sunday,H,6,21,4,3,0,0,512800.0,637800.0
Airport ATM,2013-04-22,548000,monday,W,0,22,4,4,0,0,525314.2857142857,464475.0
Airport ATM,2013-04-23,560200,tuesday,W,1,23,4,4,0,0,527910.7142857143,476137.5
Airport ATM,2013-04-24,688900,wednesday,H,2,24,4,4,0,0,538992.8571428572,542087.5
Airport ATM,2013-04-25,454500,thursday,W,3,25,4,4,0,0,552189.2857142857,649100.0
Airport ATM,2013-04-26,344300,friday,W,4,26,4,4,0,0,544407.1428571428,534737.5
Airport ATM,2013-04-27,657800,saturday,H,5,27,4,4,0,0,538153.5714285715,475512.5
Airport ATM,2013-04-28,119100,sunday,H,6,28,4,4,0,1,545789.2857142857,619575.0
Airport ATM,2013-04-29,213200,monday,W,0,29,4,5,0,1,533757.1428571428,413737.5
Airport ATM,2013-04-30,644500,tuesday,W,1,30,4,5,0,1,531757.1428571428,426737.5
Airport ATM,2013-05-01,458000,wednesday,H,2,1,5,1,1,0,527800.0,563887.5
Airport ATM,2013-05-02,555400,thursday,W,3,2,5,1,1,0,523539.28571428574,618150.0
Airport ATM,2013-05-03,491900,friday,W,4,3,5,1,1,0,519982.14285714284,533075.0
Airport ATM,2013-05-04,771000,saturday,H,5,4,5,1,0,0,518164.28571428574,458312.5
Airport ATM,2013-05-05,406500,sunday,H,6,5,5,1,0,0,518642.85714285716,597962.5
Airport ATM,2013-05-06,429100,monday,W,0,6,5,1,0,0,510603.5714285714,398950.0
Airport ATM,2013-05-07,365300,tuesday,W,1,7,5,1,0,0,506739.28571428574,426100.0
Airport ATM,2013-05-08,460600,wednesday,W,2,8,5,2,0,0,496489.28571428574,525662.5
Airport ATM,2013-05-09,453500,thursday,W,3,9,5,2,0,0,478742.85714285716,579750.0
Airport ATM,2013-05-10,590000,friday,W,4,10,5,2,0,0,473528.5714285714,515612.5
Airport ATM,2013-05-11,351000,saturday,H,5,11,5,2,0,0,481385.71428571426,476112.5
Airport ATM,2013-05-12,447100,sunday,H,6,12,5,2,0,0,475885.71428571426,572375.0
Airport ATM,2013-05-13,645700,monday,W,0,13,5,2,0,0,479953.5714285714,392437.5
Airport ATM,2013-05-14,349200,tuesday,W,1,14,5,2,0,0,490621.4285714286,433100.0
Airport ATM,2013-05-15,553300,wednesday,W,2,15,5,3,0,0,486625.0,504725.0
Airport ATM,2013-05-16,494100,thursday,W,3,16,5,3,0,0,487221.4285714286,568950.0
Airport ATM,2013-05-17,307100,friday,W,4,17,5,3,0,0,492660.71428571426,528275.0
Airport ATM,2013-05-18,509400,saturday,H,5,18,5,3,0,0,482082.14285714284,471100.0
Airport ATM,2013-05-19,278600,sunday,H,6,19,5,3,0,0,479175.0,573325.0
Airport ATM,2013-05-20,410200,monday,W,0,20,5,3,0,0,469546.4285714286,402537.5
Airport ATM,2013-05-21,660200,tuesday,W,1,21,5,3,0,0,464625.0,424962.5
Airport ATM,2013-05-22,709300,wednesday,W,2,22,5,4,0,0,468196.4285714286,556012.5
Airport ATM,2013-05-23,421300,thursday,W,3,23,5,4,0,0,468925.0,617687.5
Airport ATM,2013-05-24,445100,friday,W,4,24,5,4,0,0,467739.28571428574,496887.5
Airport ATM,2013-05-25,659400,saturday,H,5,25,5,4,0,0,471339.28571428574,461812.5
Airport ATM,2013-05-26,272300,sunday,H,6,26,5,4,0,0,471396.4285714286,600250.0
Airport ATM,2013-05-27,482700,monday,W,0,27,5,4,0,0,476867.85714285716,379575.0
Airport ATM,2013-05-28,497600,tuesday,W,1,28,5,4,0,0,486492.85714285716,451650.0
Airport ATM,2013-05-29,638100,wednesday,W,2,29,5,5,0,1,481246.4285714286,523800.0
Airport ATM,2013-05-30,399500,thursday,W,3,30,5,5,0,1,487678.5714285714,625287.5
Airport ATM,2013-05-31,406700,friday,W,4,31,5,5,0,1,482110.71428571426,464950.0
Airport ATM,2013-06-01,905800,saturday,H,5,1,6,1,1,0,479067.85714285716,444800.0
Airport ATM,2013-06-02,738900,sunday,H,6,2,6,1,1,0,483882.14285714284,618775.0
Airport ATM,2013-06-03,664900,monday,W,0,3,6,1,1,0,495753.5714285714,392987.5
Airport ATM,2013-06-04,560300,tuesday,W,1,4,6,1,0,0,504175.0,467600.0
Airport ATM,2013-06-05,765500,wednesday,W,2,5,6,1,0,0,511139.28571428574,512300.0
Airport ATM,2013-06-06,727100,thursday,W,3,6,6,1,0,0,522028.5714285714,601287.5
Airport ATM,2013-06-07,453200,friday,W,4,7,6,1,0,0,531800.0,480900.0
Airport ATM,2013-06-08,893000,saturday,H,5,8,6,2,0,0,526914.2857142857,455200.0
Airport ATM,2013-06-09,532900,sunday,H,6,9,6,2,0,0,546271.4285714285,667275.0
Airport ATM,2013-06-10,572000,monday,W,0,10,6,2,0,0,549335.7142857143,417950.0
Airport ATM,2013-06-11,596400,tuesday,W,1,11,6,2,0,0,546703.5714285715,495725.0
Airport ATM,2013-06-12,557900,wednesday,W,2,12,6,2,0,0,555532.1428571428,529212.5
Airport ATM,2013-06-13,566500,thursday,W,3,13,6,2,0,0,555696.4285714285,603950.0
Airport ATM,2013-06-14,551000,friday,W,4,14,6,2,0,0,558282.1428571428,508987.5
Airport ATM,2013-06-15,799400,saturday,H,5,15,6,3,0,0,566992.8571428572,448662.5
Airport ATM,2013-06-16,155800,sunday,H,6,16,6,3,0,0,577350.0,693350.0
Airport ATM,2013-06-17,413300,monday,W,0,17,6,3,0,0,572964.2857142857,368900.0
Airport ATM,2013-06-18,444700,tuesday,W,1,18,6,3,0,0,573075.0,478887.5
Airport ATM,2013-06-19,610600,wednesday,W,2,19,6,3,0,0,565378.5714285715,514775.0
Airport ATM,2013-06-20,520500,thursday,W,3,20,6,3,0,0,561853.5714285715,594162.5
Airport ATM,2013-06-21,450900,friday,W,4,21,6,3,0,0,565396.4285714285,517237.5
Airport ATM,2013-06-22,721800,saturday,H,5,22,6,4,0,0,565603.5714285715,461987.5
Airport ATM,2013-06-23,388600,sunday,H,6,23,6,4,0,0,567832.1428571428,701350.0
Airport ATM,2013-06-24,462000,monday,W,0,24,6,4,0,0,571985.7142857143,402587.5
Airport ATM,2013-06-25,145100,tuesday,W,1,25,6,4,0,0,571246.4285714285,509987.5
Airport ATM,2013-06-26,574000,wednesday,W,2,26,6,4,0,0,558657.1428571428,452350.0
Airport ATM,2013-06-27,410600,thursday,W,3,27,6,4,0,0,556367.8571428572,608662.5
Airport ATM,2013-06-28,647300,friday,W,4,28,6,4,0,1,556764.2857142857,499137.5
Airport ATM,2013-06-29,763400,saturday,H,5,29,6,5,0,1,565357.1428571428,481412.5
Airport ATM,2013-06-30,827200,sunday,H,6,30,6,5,0,1,560271.4285714285,700400.0
Airport ATM,2013-07-01,682600,monday,W,0,1,7,1,1,0,563425.0,455175.0
Airport ATM,2013-07-02,404000,tuesday,W,1,2,7,1,1,0,564057.1428571428,541675.0
Airport ATM,2013-07-03,800000,wednesday,W,2,3,7,1,1,0,558475.0,457187.5
Airport ATM,2013-07-04,666200,thursday,W,3,4,7,1,0,0,559707.1428571428,651087.5
Airport ATM,2013-07-05,704400,friday,W,4,5,7,1,0,0,557532.1428571428,525725.0
Airport ATM,2013-07-06,517800,saturday,H,5,6,7,1,0,0,566503.5714285715,495712.5
Airport ATM,2013-07-07,593500,sunday,H,6,7,7,1,0,0,553103.5714285715,721250.0
Airport ATM,2013-07-08,624700,monday,W,0,8,7,2,0,0,555267.8571428572,473475.0
Airport ATM,2013-07-09,501600,tuesday,W,1,9,7,2,0,0,557150.0,539050.0
Airport ATM,2013-07-10,785000,wednesday,W,2,10,7,2,0,0,553764.2857142857,476237.5
Airport ATM,2013-07-11,648100,thursday,W,3,11,7,2,0,0,561875.0,680050.0
Airport ATM,2013-07-12,413700,friday,W,4,12,7,2,0,0,564789.2857142857,544975.0
Airport ATM,2013-07-13,1027600,saturday,H,5,13,7,2,0,0,559885.7142857143,509037.5
Airport ATM,2013-07-14,228700,sunday,H,6,14,7,2,0,0,568035.7142857143,786025.0
Airport ATM,2013-07-15,511300,monday,W,0,15,7,3,0,0,570639.2857142857,467237.5
Airport ATM,2013-07-16,656700,tuesday,W,1,16,7,3,0,0,574139.2857142857,551687.5
Airport ATM,2013-07-17,815300,wednesday,W,2,17,7,3,0,0,581710.7142857143,475800.0
Airport ATM,2013-07-18,254700,thursday,W,3,18,7,3,0,0,589021.4285714285,693300.0
Airport ATM,2013-07-19,359000,friday,W,4,19,7,3,0,0,579528.5714285715,524150.0
Airport ATM,2013-07-20,775800,saturday,H,5,20,7,3,0,0,576246.4285714285,498275.0
Airport ATM,2013-07-21,365300,sunday,H,6,21,7,3,0,0,578175.0,800575.0
Airport ATM,2013-07-22,663500,monday,W,0,22,7,4,0,0,577342.8571428572,478862.5
Airport ATM,2013-07-23,516700,tuesday,W,1,23,7,4,0,0,584539.2857142857,574287.5
Airport ATM,2013-07-24,292900,wednesday,W,2,24,7,4,0,0,597810.7142857143,478187.5
Airport ATM,2013-07-25,528400,thursday,W,3,25,7,4,0,0,587771.4285714285,650150.0
Airport ATM,2013-07-26,512500,friday,W,4,26,7,4,0,0,591978.5714285715,540262.5
Airport ATM,2013-07-27,577000,saturday,H,5,27,7,4,0,0,587164.2857142857,511500.0
Airport ATM,2013-07-28,446000,sunday,H,6,28,7,4,0,0,580507.1428571428,759475.0
Airport ATM,2013-07-29,383000,monday,W,0,29,7,5,0,1,566892.8571428572,442250.0
Airport ATM,2013-07-30,459400,tuesday,W,1,30,7,5,0,1,556192.8571428572,539050.0
Airport ATM,2013-07-31,622600,wednesday,W,2,31,7,5,0,1,558171.4285714285,465575.0
Airport ATM,2013-08-01,824000,thursday,W,3,1,8,1,1,0,551835.7142857143,632287.5
Airport ATM,2013-08-02,1037400,friday,W,4,2,8,1,1,0,557471.4285714285,552375.0
Airport ATM,2013-08-03,1125300,saturday,H,5,3,8,1,1,0,569364.2857142857,584525.0
Airport ATM,2013-08-04,565000,sunday,H,6,4,8,1,0,0,591060.7142857143,788512.5
Airport ATM,2013-08-05,816800,monday,W,0,5,8,1,0,0,590042.8571428572,446262.5
Airport ATM,2013-08-06,617900,tuesday,W,1,6,8,1,0,0,596903.5714285715,569650.0
Airport ATM,2013-08-07,820800,wednesday,W,2,7,8,1,0,0,601057.1428571428,468262.5
Airport ATM,2013-08-08,755200,thursday,W,3,8,8,2,0,0,602335.7142857143,665150.0
Airport ATM,2013-08-09,520900,friday,W,4,9,8,2,0,0,606160.7142857143,575962.5
Airport ATM,2013-08-10,536100,saturday,H,5,10,8,2,0,0,609989.2857142857,580762.5
Airport ATM,2013-08-11,192300,sunday,H,6,11,8,2,0,0,592435.7142857143,755600.0
Airport ATM,2013-08-12,766100,monday,W,0,12,8,2,0,0,591135.7142857143,450825.0
Airport ATM,2013-08-13,726800,tuesday,W,1,13,8,2,0,0,600235.7142857143,613750.0
Airport ATM,2013-08-14,461300,wednesday,W,2,14,8,2,0,0,602739.2857142857,503525.0
Airport ATM,2013-08-15,444200,thursday,H,3,15,8,3,0,0,590096.4285714285,646487.5
Airport ATM,2013-08-16,522000,friday,W,4,16,8,3,0,0,596864.2857142857,566425.0
Airport ATM,2013-08-17,577400,saturday,H,5,17,8,3,0,0,602685.7142857143,589650.0
Airport ATM,2013-08-18,459100,sunday,H,6,18,8,3,0,0,595600.0,737550.0
Airport ATM,2013-08-19,552100,monday,W,0,19,8,3,0,0,598950.0,459637.5
Airport ATM,2013-08-20,645600,tuesday,W,1,20,8,3,0,0,594971.4285714285,625012.5
Airport ATM,2013-08-21,593400,wednesday,W,2,21,8,3,0,0,599575.0,566087.5
Airport ATM,2013-08-22,512300,thursday,W,3,22,8,4,0,0,610307.1428571428,648912.5
Airport ATM,2013-08-23,440800,friday,W,4,23,8,4,0,0,609732.1428571428,579137.5
Airport ATM,2013-08-24,391900,saturday,H,5,24,8,4,0,0,607171.4285714285,563837.5
Airport ATM,2013-08-25,710200,sunday,H,6,25,8,4,0,0,600560.7142857143,691112.5
Airport ATM,2013-08-26,752700,monday,W,0,26,8,4,0,0,609996.4285714285,445012.5
Airport ATM,2013-08-27,560300,tuesday,W,1,27,8,4,0,0,623200.0,633775.0
Airport ATM,2013-08-28,454900,wednesday,W,2,28,8,4,0,0,626803.5714285715,585625.0
Airport ATM,2013-08-29,588400,thursday,W,3,29,8,5,0,1,620814.2857142857,605775.0
Airport ATM,2013-08-30,395400,friday,W,4,30,8,5,0,1,612400.0,569412.5
Airport ATM,2013-08-31,1024000,saturday,H,5,31,8,5,0,1,589471.4285714285,525212.5
Airport ATM,2013-09-01,829800,sunday,H,6,1,9,1,1,0,585853.5714285715,754387.5
Airport ATM,2013-09-02,735500,monday,W,0,2,9,1,1,0,595310.7142857143,474550.0
Airport ATM,2013-09-03,747200,tuesday,W,1,3,9,1,1,0,592407.1428571428,647625.0
Airport ATM,2013-09-04,374000,wednesday,W,2,4,9,1,0,0,597025.0,616325.0
Airport ATM,2013-09-05,656600,thursday,W,3,5,9,1,0,0,581067.8571428572,554400.0
Airport ATM,2013-09-06,633100,friday,W,4,6,9,1,0,0,577546.4285714285,570475.0
Airport ATM,2013-09-07,619800,saturday,H,5,7,9,1,0,0,581553.5714285715,552637.5
Airport ATM,2013-09-08,326400,sunday,H,6,8,9,2,0,0,584542.8571428572,703412.5
Airport ATM,2013-09-09,1000,monday,H,0,9,9,2,0,0,589332.1428571428,486762.5
Airport ATM,2013-09-10,368100,tuesday,W,1,10,9,2,0,0,562007.1428571428,583837.5
Airport ATM,2013-09-11,529100,wednesday,W,2,11,9,2,0,0,549196.4285714285,580250.0
Airport ATM,2013-09-12,747100,thursday,W,3,12,9,2,0,0,551617.8571428572,518625.0
Airport ATM,2013-09-13,508100,friday,W,4,13,9,2,0,0,562435.7142857143,632025.0
Airport ATM,2013-09-14,658800,saturday,H,5,14,9,2,0,0,561939.2857142857,571275.0
Airport ATM,2013-09-15,439700,sunday,H,6,15,9,3,0,0,564846.4285714285,688787.5
Airport ATM,2013-09-16,459300,monday,W,0,16,9,3,0,0,564153.5714285715,496062.5
Airport ATM,2013-09-17,468300,tuesday,W,1,17,9,3,0,0,560839.2857142857,558312.5
Airport ATM,2013-09-18,623700,wednesday,W,2,18,9,3,0,0,554507.1428571428,574200.0
Airport ATM,2013-09-19,558300,thursday,W,3,19,9,3,0,0,555589.2857142857,559975.0
Airport ATM,2013-09-20,343900,friday,W,4,20,9,3,0,0,557232.1428571428,635762.5
Airport ATM,2013-09-21,538800,saturday,H,5,21,9,3,0,0,553771.4285714285,550200.0
Airport ATM,2013-09-22,147000,sunday,H,6,22,9,4,0,0,559017.8571428572,684012.5
Airport ATM,2013-09-23,426800,monday,W,0,23,9,4,0,0,538903.5714285715,458687.5
Airport ATM,2013-09-24,504200,tuesday,W,1,24,9,4,0,0,527264.2857142857,563787.5
Airport ATM,2013-09-25,384000,wednesday,W,2,25,9,4,0,0,525260.7142857143,579800.0
Airport ATM,2013-09-26,515000,thursday,W,3,26,9,4,0,0,522728.5714285714,530150.0
Airport ATM,2013-09-27,345700,friday,W,4,27,9,4,0,0,520107.14285714284,597137.5
Airport ATM,2013-09-28,796200,saturday,H,5,28,9,4,0,1,518332.14285714284,463737.5
Airport ATM,2013-09-29,489000,sunday,H,6,29,9,5,0,1,510196.4285714286,642875.0
Airport ATM,2013-09-30,742600,monday,W,0,30,9,5,0,1,498025.0,449187.5
Airport ATM,2013-10-01,666700,tuesday,W,1,1,10,1,1,0,498278.5714285714,554512.5
Airport ATM,2013-10-02,606100,wednesday,H,2,2,10,1,1,0,495403.5714285714,585900.0
Airport ATM,2013-10-03,813200,thursday,W,3,3,10,1,1,0,503692.85714285716,503312.5
Airport ATM,2013-10-04,723100,friday,W,4,4,10,1,0,0,509285.71428571426,604387.5
Airport ATM,2013-10-05,954500,saturday,H,5,5,10,1,0,0,512500.0,489012.5
Airport ATM,2013-10-06,351300,sunday,H,6,6,10,1,0,0,524453.5714285715,695175.0
Airport ATM,2013-10-07,707700,monday,W,0,7,10,1,0,0,525342.8571428572,469062.5
Airport ATM,2013-10-08,815800,tuesday,W,1,8,10,2,0,0,550582.1428571428,547212.5
Airport ATM,2013-10-09,582100,wednesday,W,2,9,10,2,0,0,566571.4285714285,597025.0
Airport ATM,2013-10-10,801900,thursday,W,3,10,10,2,0,0,568464.2857142857,518412.5
Airport ATM,2013-10-11,618900,friday,W,4,11,10,2,0,0,570421.4285714285,649100.0
Airport ATM,2013-10-12,725400,saturday,H,5,12,10,2,0,0,574378.5714285715,501125.0
Airport ATM,2013-10-13,354100,sunday,H,6,13,10,2,0,0,576757.1428571428,713675.0
Airport ATM,2013-10-14,602100,monday,H,0,14,10,2,0,0,573700.0,455937.5
Airport ATM,2013-10-15,716100,tuesday,W,1,15,10,3,0,0,578800.0,553462.5
Airport ATM,2013-10-16,468800,wednesday,W,2,16,10,3,0,0,587650.0,605837.5
Airport ATM,2013-10-17,693900,thursday,W,3,17,10,3,0,0,582117.8571428572,502837.5
Airport ATM,2013-10-18,324700,friday,W,4,18,10,3,0,0,586960.7142857143,671800.0
Airport ATM,2013-10-19,340100,saturday,H,5,19,10,3,0,0,586275.0,486612.5
Airport ATM,2013-10-20,412400,sunday,H,6,20,10,3,0,0,579178.5714285715,707200.0
Airport ATM,2013-10-21,415400,monday,W,0,21,10,3,0,0,588657.1428571428,418712.5
Airport ATM,2013-10-22,593900,tuesday,W,1,22,10,4,0,0,588250.0,511300.0
Airport ATM,2013-10-23,526200,wednesday,W,2,23,10,4,0,0,591453.5714285715,610037.5
Airport ATM,2013-10-24,592200,thursday,W,3,24,10,4,0,0,596532.1428571428,511750.0
Airport ATM,2013-10-25,587200,friday,W,4,25,10,4,0,0,599289.2857142857,672275.0
Airport ATM,2013-10-26,634500,saturday,H,5,26,10,4,0,0,607914.2857142857,510587.5
Airport ATM,2013-10-27,313200,sunday,H,6,27,10,4,0,0,602139.2857142857,658512.5
Airport ATM,2013-10-28,646500,monday,W,0,28,10,4,0,0,595860.7142857143,354137.5
Airport ATM,2013-10-29,737100,tuesday,W,1,29,10,5,0,1,592428.5714285715,500175.0
Airport ATM,2013-10-30,863000,wednesday,W,2,30,10,5,0,1,594942.8571428572,608775.0
Airport ATM,2013-10-31,761000,thursday,W,3,31,10,5,0,1,604117.8571428572,572875.0
Airport ATM,2013-11-01,528900,friday,W,4,1,11,1,1,0,602253.5714285715,685325.0
Airport ATM,2013-11-02,297400,saturday,H,5,2,11,1,1,0,595317.8571428572,497562.5
Airport ATM,2013-11-03,562800,sunday,H,6,3,11,1,1,0,571850.0,618212.5
Airport ATM,2013-11-04,870400,monday,W,0,4,11,1,0,0,579403.5714285715,383687.5
Airport ATM,2013-11-05,894500,tuesday,H,1,5,11,1,0,0,585214.2857142857,608850.0
Airport ATM,2013-11-06,953900,wednesday,W,2,6,11,1,0,0,588025.0,674575.0
Airport ATM,2013-11-07,693400,thursday,W,3,7,11,1,0,0,601303.5714285715,625975.0
Airport ATM,2013-11-08,562800,friday,W,4,8,11,2,0,0,597428.5714285715,678612.5
Airport ATM,2013-11-09,907800,saturday,H,5,9,11,2,0,0,595425.0,504400.0
Airport ATM,2013-11-10,509100,sunday,H,6,10,11,2,0,0,601939.2857142857,649337.5
Airport ATM,2013-11-11,612800,monday,W,0,11,11,2,0,0,607475.0,392362.5
Airport ATM,2013-11-12,558700,tuesday,W,1,12,11,2,0,0,607857.1428571428,628037.5
Airport ATM,2013-11-13,512600,wednesday,W,2,13,11,2,0,0,602235.7142857143,685875.0
Airport ATM,2013-11-14,553100,thursday,W,3,14,11,2,0,0,603800.0,612087.5
Airport ATM,2013-11-15,209200,friday,W,4,15,11,3,0,0,598771.4285714285,677962.5
Airport ATM,2013-11-16,214000,saturday,H,5,16,11,3,0,0,594646.4285714285,487562.5
Airport ATM,2013-11-17,263200,sunday,H,6,17,11,3,0,0,590142.8571428572,608737.5
Airport ATM,2013-11-18,592300,monday,W,0,18,11,3,0,0,584814.2857142857,406887.5
Airport ATM,2013-11-19,526200,tuesday,W,1,19,11,3,0,0,591132.1428571428,648725.0
Airport ATM,2013-11-20,564400,wednesday,W,2,20,11,3,0,0,588714.2857142857,688625.0
Airport ATM,2013-11-21,719000,thursday,W,3,21,11,3,0,0,590078.5714285715,634637.5
Airport ATM,2013-11-22,489300,friday,W,4,22,11,4,0,0,594607.1428571428,703462.5
Airport ATM,2013-11-23,584000,saturday,H,5,23,11,4,0,0,591110.7142857143,505512.5
Airport ATM,2013-11-24,252300,sunday,H,6,24,11,4,0,0,589307.1428571428,582212.5
Airport ATM,2013-11-25,499900,monday,W,0,25,11,4,0,0,587132.1428571428,377300.0
Airport ATM,2013-11-26,391500,tuesday,W,1,26,11,4,0,0,581896.4285714285,618387.5
Airport ATM,2013-11-27,334300,wednesday,W,2,27,11,4,0,0,569553.5714285715,654225.0
Airport ATM,2013-11-28,518600,thursday,W,3,28,11,4,0,1,550671.4285714285,600662.5
Airport ATM,2013-11-29,565800,friday,W,4,29,11,5,0,1,542014.2857142857,666637.5
Airport ATM,2013-11-30,326300,saturday,H,5,30,11,5,0,1,543332.1428571428,485850.0
Airport ATM,2013-12-01,648300,sunday,H,6,1,12,1,1,0,544364.2857142857,503687.5
Airport ATM,2013-12-02,658000,monday,W,0,2,12,1,1,0,547417.8571428572,414425.0
Airport ATM,2013-12-03,826700,tuesday,W,1,3,12,1,1,0,539832.1428571428,612175.0
Airport ATM,2013-12-04,614500,wednesday,W,2,4,12,1,0,0,537410.7142857143,655587.5
Airport ATM,2013-12-05,794600,thursday,W,3,5,12,1,0,0,525289.2857142857,604712.5
Airport ATM,2013-12-06,234500,friday,W,4,6,12,1,0,0,528903.5714285715,665725.0
Airport ATM,2013-12-07,570800,saturday,H,5,7,12,1,0,0,517178.5714285714,437800.0
Airport ATM,2013-12-08,401800,sunday,H,6,8,12,2,0,0,505142.85714285716,484362.5
Airport ATM,2013-12-09,762500,monday,W,0,9,12,2,0,0,501310.71428571426,420387.5
Airport ATM,2013-12-10,440800,tuesday,W,1,10,12,2,0,0,506657.14285714284,632225.0
Airport ATM,2013-12-11,593000,wednesday,W,2,11,12,2,0,0,502446.4285714286,621175.0
Airport ATM,2013-12-12,352200,thursday,W,3,12,12,2,0,0,505317.85714285716,620237.5
Airport ATM,2013-12-23,325000,monday,W,0,23,12,4,0,0,498142.85714285716,412862.5
Airport ATM,2013-12-24,106100,tuesday,W,1,24,12,4,0,0,502278.5714285714,620925.0
Airport ATM,2013-12-25,21200,wednesday,H,2,25,12,4,0,0,498425.0,560200.0
Airport ATM,2013-12-28,156300,saturday,H,5,28,12,4,0,0,489782.14285714284,399862.5
Airport ATM,2013-12-29,445400,sunday,H,6,29,12,5,0,1,474210.71428571426,461387.5
Airport ATM,2013-12-30,465200,monday,W,0,30,12,5,0,1,471325.0,429387.5
Airport ATM,2013-12-31,721900,tuesday,W,1,31,12,5,0,1,467782.14285714284,598262.5
Airport ATM,2014-01-01,349500,wednesday,H,2,1,1,1,1,0,467885.71428571426,558300.0
Airport ATM,2014-01-02,221600,thursday,W,3,2,1,1,1,0,462892.85714285716,598150.0
Airport ATM,2014-01-03,552600,friday,W,4,3,1,1,1,0,449950.0,606687.5
Airport ATM,2014-01-04,291700,saturday,H,5,4,1,1,0,0,460675.0,395537.5
Airport ATM,2014-01-05,510200,sunday,H,6,5,1,1,0,0,453239.28571428574,418537.5
Airport ATM,2014-01-06,233400,monday,W,0,6,1,1,0,0,457478.5714285714,422812.5
Airport ATM,2014-01-07,605400,tuesday,W,1,7,1,1,0,0,453875.0,518637.5
Airport ATM,2014-01-08,556800,wednesday,W,2,8,1,2,0,0,456975.0,522162.5
Airport ATM,2014-01-09,588300,thursday,W,3,9,1,2,0,0,456653.5714285714,559875.0
Airport ATM,2014-01-10,717300,friday,W,4,10,1,2,0,0,466010.71428571426,606200.0
Airport ATM,2014-01-11,784300,saturday,H,5,11,1,2,0,0,468475.0,419087.5
Airport ATM,2014-01-12,553100,sunday,H,6,12,1,2,0,0,472985.71428571426,479400.0
Airport ATM,2014-01-13,498300,monday,W,0,13,1,2,0,0,463214.28571428574,428312.5
Airport ATM,2014-01-14,231000,tuesday,H,1,14,1,2,0,0,459064.28571428574,504325.0
Airport ATM,2014-01-15,313100,wednesday,H,2,15,1,3,0,0,438935.71428571426,481200.0
Airport ATM,2014-01-16,217900,thursday,H,3,16,1,3,0,0,441742.85714285716,479775.0
Airport ATM,2014-01-17,514700,friday,W,4,17,1,3,0,0,429139.28571428574,538312.5
Airport ATM,2014-01-18,570700,saturday,H,5,18,1,3,0,0,433171.4285714286,413075.0
Airport ATM,2014-01-19,530300,sunday,H,6,19,1,3,0,0,426321.4285714286,437262.5
Airport ATM,2014-01-20,793400,monday,W,0,20,1,3,0,0,429517.85714285716,461700.0
Airport ATM,2014-01-21,244500,tuesday,W,1,21,1,3,0,0,436675.0,529462.5
Airport ATM,2014-01-22,615800,wednesday,W,2,22,1,4,0,0,432828.5714285714,445987.5
Airport ATM,2014-01-23,547200,thursday,W,3,23,1,4,0,0,443214.28571428574,492675.0
Airport ATM,2014-01-24,380500,friday,W,4,24,1,4,0,0,458967.85714285716,520037.5
Airport ATM,2014-01-25,386900,saturday,H,5,25,1,4,0,0,471800.0,434487.5
Airport ATM,2014-01-26,435900,sunday,H,6,26,1,4,0,0,480035.71428571426,458875.0
Airport ATM,2014-01-27,524800,monday,W,0,27,1,4,0,0,479696.4285714286,484650.0
Airport ATM,2014-01-28,494900,tuesday,W,1,28,1,4,0,0,481825.0,532575.0
Airport ATM,2014-01-29,372900,wednesday,W,2,29,1,5,0,1,473717.85714285716,458912.5
Airport ATM,2014-01-30,715300,thursday,W,3,30,1,5,0,1,474553.5714285714,468737.5
Airport ATM,2014-01-31,643500,friday,W,4,31,1,5,0,1,492185.71428571426,540312.5
Airport ATM,2014-02-01,654500,saturday,H,5,1,2,1,1,0,495432.14285714284,453762.5
Airport ATM,2014-02-02,419200,sunday,H,6,2,2,1,1,0,508389.28571428574,467687.5
Airport ATM,2014-02-03,666500,monday,W,0,3,2,1,1,0,505139.28571428574,456012.5
Airport ATM,2014-02-04,742200,tuesday,W,1,4,2,1,0,0,520607.14285714284,533637.5
Airport ATM,2014-02-05,437800,wednesday,W,2,5,2,1,0,0,525492.8571428572,448350.0
Airport ATM,2014-02-06,621500,thursday,W,3,6,2,1,0,0,521242.85714285716,481675.0
Airport ATM,2014-02-07,483300,friday,W,4,7,2,1,0,0,522428.5714285714,528125.0
Airport ATM,2014-02-08,607300,saturday,H,5,8,2,2,0,0,514071.4285714286,443450.0
Airport ATM,2014-02-09,430300,sunday,H,6,9,2,2,0,0,507750.0,502812.5
Airport ATM,2014-02-10,576200,monday,W,0,10,2,2,0,0,503364.28571428574,459575.0
Airport ATM,2014-02-11,423900,tuesday,W,1,11,2,2,0,0,506146.4285714286,510350.0
Airport ATM,2014-02-12,313300,wednesday,W,2,12,2,2,0,0,513035.71428571426,446237.5
Airport ATM,2014-02-13,14700,thursday,W,3,13,2,2,0,0,513042.85714285716,444025.0
Airport ATM,2014-02-14,420800,friday,W,4,14,2,2,0,0,505785.71428571426,465137.5
Airport ATM,2014-02-15,793000,saturday,H,5,15,2,3,0,0,502432.14285714284,466737.5
Airport ATM,2014-02-16,506900,sunday,H,6,16,2,3,0,0,510371.4285714286,530587.5
Airport ATM,2014-02-17,451400,monday,W,0,17,2,3,0,0,509535.71428571426,478912.5
Airport ATM,2014-02-18,570700,tuesday,W,1,18,2,3,0,0,497321.4285714286,526150.0
Airport ATM,2014-02-19,359400,wednesday,W,2,19,2,3,0,0,508971.4285714286,504312.5
Airport ATM,2014-02-20,449200,thursday,W,3,20,2,3,0,0,499814.28571428574,414825.0
Airport ATM,2014-02-21,335400,friday,W,4,21,2,3,0,0,496314.28571428574,421962.5
Airport ATM,2014-02-22,320300,saturday,H,5,22,2,4,0,0,494703.5714285714,506012.5
Airport ATM,2014-02-23,353200,sunday,H,6,23,2,4,0,0,492325.0,551087.5
Airport ATM,2014-02-24,508200,monday,W,0,24,2,4,0,0,489371.4285714286,467387.5
Airport ATM,2014-02-25,449300,tuesday,W,1,25,2,4,0,0,488778.5714285714,531525.0
Airport ATM,2014-02-26,367100,wednesday,W,2,26,2,4,0,1,487150.0,470237.5
Airport ATM,2014-02-27,342500,thursday,W,3,27,2,4,0,1,486942.85714285716,417025.0
Airport ATM,2014-02-28,504700,friday,W,4,28,2,4,0,1,473628.5714285714,437075.0
Airport ATM,2014-03-01,341600,saturday,H,5,1,3,1,1,0,468671.4285714286,500025.0
Airport ATM,2014-03-02,845300,sunday,H,6,2,3,1,1,0,457496.4285714286,557325.0
Airport ATM,2014-03-03,355400,monday,W,0,3,3,1,1,0,472714.28571428574,509275.0
Airport ATM,2014-03-04,604200,tuesday,W,1,4,3,1,0,0,461603.5714285714,546775.0
Airport ATM,2014-03-05,619500,wednesday,W,2,5,3,1,0,0,456675.0,470087.5
Airport ATM,2014-03-06,660400,thursday,W,3,6,3,1,0,0,463164.28571428574,424862.5
Airport ATM,2014-03-07,379600,friday,W,4,7,3,1,0,0,464553.5714285714,446087.5
Airport ATM,2014-03-08,758300,saturday,H,5,8,3,2,0,0,460850.0,457812.5
Airport ATM,2014-03-09,314900,sunday,H,6,9,3,2,0,0,466242.85714285716,554075.0
Airport ATM,2014-03-10,469300,monday,W,0,10,3,2,0,0,462121.4285714286,479500.0
Airport ATM,2014-03-11,551100,tuesday,W,1,11,3,2,0,0,458303.5714285714,543150.0
Airport ATM,2014-03-12,742100,wednesday,W,2,12,3,2,0,0,462846.4285714286,510100.0
Airport ATM,2014-03-13,504500,thursday,W,3,13,3,2,0,0,478160.71428571426,478487.5
Airport ATM,2014-03-14,645700,friday,W,4,14,3,2,0,0,495653.5714285714,481912.5
Airport ATM,2014-03-15,473200,saturday,H,5,15,3,3,0,0,503685.71428571426,474187.5
Airport ATM,2014-03-16,287000,sunday,H,6,16,3,3,0,0,492264.28571428574,541887.5
Airport ATM,2014-03-17,525500,monday,W,0,17,3,3,0,0,484410.71428571426,449087.5
Airport ATM,2014-03-18,494800,tuesday,W,1,18,3,3,0,0,487057.14285714284,509662.5
Airport ATM,2014-03-19,576500,wednesday,W,2,19,3,3,0,0,484346.4285714286,541387.5
Airport ATM,2014-03-20,412900,thursday,W,3,20,3,3,0,0,492100.0,473575.0
Airport ATM,2014-03-21,577700,friday,W,4,21,3,3,0,0,490803.5714285714,465125.0
Airport ATM,2014-03-22,521600,saturday,H,5,22,3,4,0,0,499457.14285714284,498837.5
Airport ATM,2014-03-23,448400,sunday,H,6,23,3,4,0,0,506646.4285714286,558725.0
Airport ATM,2014-03-24,448800,monday,W,0,24,3,4,0,0,510046.4285714286,450650.0
Airport ATM,2014-03-25,448900,tuesday,W,1,25,3,4,0,0,507925.0,500162.5
Airport ATM,2014-03-26,511400,wednesday,W,2,26,3,4,0,0,507910.71428571426,535637.5
Airport ATM,2014-03-27,759700,thursday,W,3,27,3,4,0,0,513064.28571428574,490887.5
Airport ATM,2014-03-28,627400,friday,W,4,28,3,4,0,0,527964.2857142857,470675.0
Airport ATM,2014-03-29,936400,saturday,H,5,29,3,5,0,1,532346.4285714285,496825.0
Airport ATM,2014-03-30,519600,sunday,H,6,30,3,5,0,1,553589.2857142857,593962.5
Airport ATM,2014-03-31,746400,monday,H,0,31,3,5,0,1,541957.1428571428,463200.0
Airport ATM,2014-04-02,206200,wednesday,W,2,2,4,1,1,0,555921.4285714285,536162.5
Airport ATM,2014-04-03,141100,thursday,W,3,3,4,1,1,0,541707.1428571428,461937.5
Airport ATM,2014-04-04,500,friday,W,4,4,4,1,0,0,524621.4285714285,410625.0
Airport ATM,2014-04-07,11800,monday,W,0,7,4,1,0,0,501053.5714285714,409475.0
Airport ATM,2014-04-12,268400,saturday,H,5,12,4,2,0,0,487917.85714285716,437887.5
Airport ATM,2014-04-13,458000,sunday,H,6,13,4,2,0,0,470421.4285714286,551600.0
Airport ATM,2014-04-14,176400,monday,H,0,14,4,2,0,0,475532.14285714284,403362.5
Airport ATM,2014-04-15,77000,tuesday,W,1,15,4,3,0,0,465071.4285714286,438900.0
Airport ATM,2014-04-16,20400,wednesday,W,2,16,4,3,0,0,448139.28571428574,492800.0
Airport ATM,2014-04-17,28100,thursday,W,3,17,4,3,0,0,422364.28571428574,425325.0
Airport ATM,2014-04-18,239900,friday,H,4,18,4,3,0,0,405350.0,412300.0
Airport ATM,2014-04-19,398200,saturday,H,5,19,4,3,0,0,390857.14285714284,415275.0
Airport ATM,2014-04-20,587100,sunday,H,6,20,4,3,0,0,388178.5714285714,502250.0
Airport ATM,2014-04-21,512100,monday,W,0,21,4,3,0,0,398896.4285714286,432600.0
Airport ATM,2014-04-22,606600,tuesday,W,1,22,4,4,0,0,398417.85714285716,430887.5
Airport ATM,2014-04-23,748700,wednesday,W,2,23,4,4,0,0,402410.71428571426,497287.5
Airport ATM,2014-04-24,453800,thursday,W,3,24,4,4,0,0,408560.71428571426,473987.5
Airport ATM,2014-04-25,494100,friday,W,4,25,4,4,0,0,410021.4285714286,412875.0
Airport ATM,2014-04-26,846700,saturday,H,5,26,4,4,0,0,407035.71428571426,435112.5
Airport ATM,2014-04-27,394000,sunday,H,6,27,4,4,0,0,418646.4285714286,568050.0
Airport ATM,2014-04-28,313200,monday,W,0,28,4,4,0,1,416703.5714285714,376187.5
Airport ATM,2014-04-29,618200,tuesday,W,1,29,4,5,0,1,411860.71428571426,413612.5
Airport ATM,2014-04-30,772800,wednesday,W,2,30,4,5,0,1,417907.14285714284,518400.0
Airport ATM,2014-05-01,443600,thursday,H,3,1,5,1,1,0,427242.85714285716,524700.0
Airport ATM,2014-05-02,455200,friday,W,4,2,5,1,1,0,415953.5714285714,425512.5
Airport ATM,2014-05-03,978600,saturday,H,5,3,5,1,1,0,409803.5714285714,428925.0
Airport ATM,2014-05-04,494900,sunday,H,6,4,5,1,0,0,411310.71428571426,647675.0
Airport ATM,2014-05-05,502400,monday,W,0,5,5,1,0,0,410428.5714285714,398687.5
Airport ATM,2014-05-06,595400,tuesday,W,1,6,5,1,0,0,401714.28571428574,412887.5
Airport ATM,2014-05-07,724200,wednesday,W,2,7,5,1,0,0,415614.28571428574,517300.0
Airport ATM,2014-05-08,561900,thursday,W,3,8,5,2,0,0,436439.28571428574,537787.5
Airport ATM,2014-05-09,563300,friday,W,4,9,5,2,0,0,456489.28571428574,413200.0
Airport ATM,2014-05-10,599700,saturday,H,5,10,5,2,0,0,476185.71428571426,451887.5
Airport ATM,2014-05-11,407400,sunday,H,6,11,5,2,0,0,488017.85714285716,627850.0
Airport ATM,2014-05-12,494400,monday,W,0,12,5,2,0,0,486210.71428571426,413737.5
Airport ATM,2014-05-13,550500,tuesday,W,1,13,5,2,0,0,497567.85714285716,430262.5
Airport ATM,2014-05-14,578900,wednesday,W,2,14,5,2,0,0,514478.5714285714,517225.0
Airport ATM,2014-05-15,422400,thursday,W,3,15,5,3,0,0,534425.0,517387.5
Airport ATM,2014-05-16,521800,friday,W,4,16,5,3,0,0,548507.1428571428,402937.5
Airport ATM,2014-05-17,536700,saturday,H,5,17,5,3,0,0,558575.0,436400.0
Airport ATM,2014-05-18,354200,sunday,H,6,18,5,3,0,0,563521.4285714285,635787.5
Airport ATM,2014-05-19,506100,monday,W,0,19,5,3,0,0,555203.5714285715,401962.5
Airport ATM,2014-05-20,677200,tuesday,W,1,20,5,3,0,0,554989.2857142857,434862.5
Airport ATM,2014-05-21,606700,wednesday,W,2,21,5,3,0,0,557510.7142857143,540025.0
Airport ATM,2014-05-22,694500,thursday,W,3,22,5,4,0,0,552439.2857142857,521162.5
Airport ATM,2014-05-23,401700,friday,W,4,23,5,4,0,0,561035.7142857143,438137.5
Airport ATM,2014-05-24,645800,saturday,H,5,24,5,4,0,0,557735.7142857143,414400.0
Airport ATM,2014-05-25,383200,sunday,H,6,25,5,4,0,0,550560.7142857143,651312.5
Airport ATM,2014-05-26,543500,monday,W,0,26,5,4,0,0,550175.0,384912.5
Airport ATM,2014-05-27,580700,tuesday,W,1,27,5,4,0,0,558400.0,437112.5
Airport ATM,2014-05-28,317800,wednesday,W,2,28,5,4,0,0,557060.7142857143,556500.0
Airport ATM,2014-05-29,753900,thursday,W,3,29,5,5,0,1,540810.7142857143,496962.5
Airport ATM,2014-05-30,545300,friday,W,4,30,5,5,0,1,551892.8571428572,437412.5
Airport ATM,2014-05-31,784400,saturday,H,5,31,5,5,0,1,555110.7142857143,404137.5
Airport ATM,2014-06-01,404100,sunday,H,6,1,6,1,1,0,548175.0,632312.5
Airport ATM,2014-06-02,610400,monday,W,0,2,6,1,1,0,544932.1428571428,435362.5
Airport ATM,2014-06-03,661200,tuesday,W,1,3,6,1,1,0,548789.2857142857,457312.5
Airport ATM,2014-06-04,663900,wednesday,W,2,4,6,1,0,0,551139.2857142857,545850.0
Airport ATM,2014-06-05,773200,thursday,W,3,5,6,1,0,0,548985.7142857143,554175.0
Airport ATM,2014-06-06,632300,friday,W,4,6,6,1,0,0,556532.1428571428,516425.0
Airport ATM,2014-06-07,778400,saturday,H,5,7,6,1,0,0,558996.4285714285,481700.0
Airport ATM,2014-06-08,632900,sunday,H,6,8,6,2,0,0,565378.5714285715,696062.5
Airport ATM,2014-06-09,393800,monday,W,0,9,6,2,0,0,573432.1428571428,457225.0
Airport ATM,2014-06-10,584900,tuesday,W,1,10,6,2,0,0,569839.2857142857,484487.5
Airport ATM,2014-06-11,710900,wednesday,W,2,11,6,2,0,0,571067.8571428572,609337.5
Airport ATM,2014-06-12,716800,thursday,W,3,12,6,2,0,0,575782.1428571428,640487.5
Airport ATM,2014-06-13,329200,friday,W,4,13,6,2,0,0,586296.4285714285,602512.5
Airport ATM,2014-06-14,244500,saturday,H,5,14,6,2,0,0,579417.8571428572,492862.5
Airport ATM,2014-06-15,406400,sunday,H,6,15,6,3,0,0,568982.1428571428,676850.0
Airport ATM,2014-06-16,154700,monday,W,0,16,6,3,0,0,570846.4285714285,434637.5
Airport ATM,2014-06-17,617900,tuesday,W,1,17,6,3,0,0,558296.4285714285,439812.5
Airport ATM,2014-06-18,485000,wednesday,W,2,18,6,3,0,0,556178.5714285715,610750.0
Airport ATM,2014-06-19,504000,thursday,W,3,19,6,3,0,0,551832.1428571428,607525.0
Airport ATM,2014-06-20,517300,friday,W,4,20,6,3,0,0,545028.5714285715,608787.5
Airport ATM,2014-06-21,421700,saturday,H,5,21,6,3,0,0,549157.1428571428,495762.5
Airport ATM,2014-06-22,516200,sunday,H,6,22,6,4,0,0,541153.5714285715,623725.0
Airport ATM,2014-06-23,499000,monday,W,0,23,6,4,0,0,545903.5714285715,449912.5
Airport ATM,2014-06-24,386800,tuesday,W,1,24,6,4,0,0,544314.2857142857,463037.5
Airport ATM,2014-06-25,626100,wednesday,W,2,25,6,4,0,0,537389.2857142857,581825.0
Airport ATM,2014-06-26,737900,thursday,W,3,26,6,4,0,0,548400.0,589187.5
Airport ATM,2014-06-27,738000,friday,W,4,27,6,4,0,0,547828.5714285715,645575.0
Airport ATM,2014-06-28,470500,saturday,H,5,28,6,4,0,1,554710.7142857143,531112.5
Airport ATM,2014-06-29,224100,sunday,H,6,29,6,5,0,1,543500.0,560212.5
Airport ATM,2014-06-30,219500,monday,W,0,30,6,5,0,1,537071.4285714285,416062.5
Airport ATM,2014-07-01,357600,tuesday,W,1,1,7,1,1,0,523110.71428571426,427675.0
Airport ATM,2014-07-02,946800,wednesday,W,2,2,7,1,1,0,512267.85714285716,552100.0
Airport ATM,2014-07-03,940600,thursday,W,3,3,7,1,1,0,522371.4285714286,617012.5
Airport ATM,2014-07-04,780000,friday,W,4,4,7,1,0,0,528350.0,692912.5
Airport ATM,2014-07-05,894000,saturday,H,5,5,7,1,0,0,533625.0,558200.0
Airport ATM,2014-07-06,686600,sunday,H,6,6,7,1,0,0,537753.5714285715,597000.0
Airport ATM,2014-07-07,455200,monday,W,0,7,7,1,0,0,539671.4285714285,450962.5
Airport ATM,2014-07-08,607300,tuesday,W,1,8,7,2,0,0,541864.2857142857,422775.0
Airport ATM,2014-07-09,791000,wednesday,W,2,9,7,2,0,0,542664.2857142857,559200.0
Airport ATM,2014-07-10,706600,thursday,W,3,10,7,2,0,0,545525.0,643525.0
Airport ATM,2014-07-11,885600,friday,W,4,11,7,2,0,0,545160.7142857143,728437.5
Airport ATM,2014-07-12,750500,saturday,H,5,12,7,2,0,0,565032.1428571428,603675.0
Airport ATM,2014-07-13,312300,sunday,H,6,13,7,2,0,0,583103.5714285715,623725.0
Airport ATM,2014-07-14,948200,monday,W,0,14,7,2,0,0,579742.8571428572,445725.0
Airport ATM,2014-07-15,537400,tuesday,W,1,15,7,3,0,0,608082.1428571428,478037.5
Airport ATM,2014-07-16,469800,wednesday,W,2,16,7,3,0,0,605207.1428571428,541725.0
Airport ATM,2014-07-17,625000,thursday,W,3,17,7,3,0,0,604664.2857142857,626412.5
Airport ATM,2014-07-18,460200,friday,W,4,18,7,3,0,0,608985.7142857143,719750.0
Airport ATM,2014-07-19,568300,saturday,H,5,19,7,3,0,0,606946.4285714285,610987.5
Airport ATM,2014-07-20,502300,sunday,H,6,20,7,3,0,0,612182.1428571428,614037.5
Airport ATM,2014-07-21,133500,monday,W,0,21,7,3,0,0,611685.7142857143,460612.5
Airport ATM,2014-07-22,602600,tuesday,W,1,22,7,4,0,0,598632.1428571428,426787.5
Airport ATM,2014-07-23,690500,wednesday,W,2,23,7,4,0,0,606339.2857142857,544462.5
Airport ATM,2014-07-24,249900,thursday,W,3,24,7,4,0,0,608639.2857142857,673000.0
Airport ATM,2014-07-25,680000,friday,W,4,25,7,4,0,0,591210.7142857143,656750.0
Airport ATM,2014-07-26,544600,saturday,H,5,26,7,4,0,0,589139.2857142857,627825.0
Airport ATM,2014-07-27,501700,sunday,H,6,27,7,4,0,0,591785.7142857143,584062.5
Airport ATM,2014-07-28,457600,monday,W,0,28,7,4,0,0,601700.0,472812.5
Airport ATM,2014-07-29,393400,tuesday,H,1,29,7,5,0,1,610203.5714285715,407687.5
Airport ATM,2014-07-30,620100,wednesday,W,2,30,7,5,0,1,611482.1428571428,510987.5
Airport ATM,2014-07-31,213000,thursday,W,3,31,7,5,0,1,599814.2857142857,667525.0
Airport ATM,2014-08-01,742300,friday,W,4,1,8,1,1,0,573828.5714285715,586725.0
Airport ATM,2014-08-02,608900,saturday,H,5,2,8,1,1,0,572482.1428571428,641575.0
Airport ATM,2014-08-03,418600,sunday,H,6,3,8,1,1,0,562300.0,562875.0
Airport ATM,2014-08-04,79100,monday,W,0,4,8,1,0,0,552728.5714285715,446025.0
Airport ATM,2014-08-05,647900,tuesday,W,1,5,8,1,0,0,539296.4285714285,368350.0
Airport ATM,2014-08-06,361000,wednesday,W,2,6,8,1,0,0,540746.4285714285,518862.5
Airport ATM,2014-08-07,579400,thursday,W,3,7,8,1,0,0,525389.2857142857,623787.5
Airport ATM,2014-08-08,653300,friday,W,4,8,8,2,0,0,520846.4285714286,569550.0
Airport ATM,2014-08-09,432900,saturday,H,5,9,8,2,0,0,512550.0,682087.5
Airport ATM,2014-08-10,439100,sunday,H,6,10,8,2,0,0,501207.14285714284,586425.0
Airport ATM,2014-08-11,745400,monday,W,0,11,8,2,0,0,505735.71428571426,450112.5
Airport ATM,2014-08-12,550900,tuesday,W,1,12,8,2,0,0,498492.85714285716,442187.5
Airport ATM,2014-08-13,485100,wednesday,W,2,13,8,2,0,0,498975.0,510487.5
Airport ATM,2014-08-14,660500,thursday,W,3,14,8,2,0,0,499521.4285714286,623800.0
Airport ATM,2014-08-15,367400,friday,H,4,15,8,3,0,0,500789.28571428574,589112.5
Airport ATM,2014-08-16,471900,saturday,H,5,16,8,3,0,0,497475.0,663350.0
Airport ATM,2014-08-17,241000,sunday,H,6,17,8,3,0,0,494032.14285714284,592700.0
Airport ATM,2014-08-18,218600,monday,W,0,18,8,3,0,0,484700.0,415712.5
Airport ATM,2014-08-19,658800,tuesday,W,1,19,8,3,0,0,487739.28571428574,407137.5
Airport ATM,2014-08-20,338000,wednesday,W,2,20,8,3,0,0,489746.4285714286,544487.5
Airport ATM,2014-08-21,367000,thursday,W,3,21,8,3,0,0,477157.14285714284,587787.5
Airport ATM,2014-08-22,467100,friday,W,4,22,8,4,0,0,481339.28571428574,542750.0
Airport ATM,2014-08-23,515200,saturday,H,5,23,8,4,0,0,473735.71428571426,629487.5
Airport ATM,2014-08-24,318400,sunday,H,6,24,8,4,0,0,472685.71428571426,598287.5
Airport ATM,2014-08-25,508300,monday,W,0,25,8,4,0,0,466139.28571428574,427500.0
Airport ATM,2014-08-26,534800,tuesday,W,1,26,8,4,0,0,467950.0,443237.5
Airport ATM,2014-08-27,374600,wednesday,W,2,27,8,4,0,0,473000.0,566637.5
Airport ATM,2014-08-28,562400,thursday,W,3,28,8,4,0,0,464232.14285714284,516262.5
Airport ATM,2014-08-29,300100,friday,H,4,29,8,5,0,1,476710.71428571426,495475.0
Airport ATM,2014-08-30,841100,saturday,H,5,30,8,5,0,1,460917.85714285716,569500.0
Airport ATM,2014-08-31,473300,sunday,H,6,31,8,5,0,1,469210.71428571426,591675.0
Airport ATM,2014-09-01,529500,monday,W,0,1,9,1,1,0,471164.28571428574,400837.5
Airport ATM,2014-09-02,723500,tuesday,W,1,2,9,1,1,0,487250.0,452525.0
Airport ATM,2014-09-03,443000,wednesday,W,2,3,9,1,1,0,489950.0,581162.5
Airport ATM,2014-09-04,653400,thursday,W,3,4,9,1,0,0,492878.5714285714,472762.5
Airport ATM,2014-09-05,606300,friday,W,4,5,9,1,0,0,495521.4285714286,488825.0
Airport ATM,2014-09-06,624700,saturday,H,5,6,9,1,0,0,493842.85714285716,534587.5
Airport ATM,2014-09-07,432800,sunday,H,6,7,9,1,0,0,500692.85714285716,575950.0
Airport ATM,2014-09-08,763100,monday,W,0,8,9,2,0,0,500467.85714285716,415900.0
Airport ATM,2014-09-09,535500,tuesday,W,1,9,9,2,0,0,501100.0,429387.5
Airport ATM,2014-09-10,677400,wednesday,W,2,10,9,2,0,0,500550.0,580925.0
Airport ATM,2014-09-11,417500,thursday,W,3,11,9,2,0,0,507417.85714285716,498712.5
Airport ATM,2014-09-12,582400,friday,W,4,12,9,2,0,0,498739.28571428574,462887.5
Airport ATM,2014-09-13,477500,saturday,H,5,13,9,2,0,0,506417.85714285716,549862.5
Airport ATM,2014-09-14,259800,sunday,H,6,14,9,2,0,0,506617.85714285716,564600.0
Airport ATM,2014-09-15,535900,monday,W,0,15,9,3,0,0,507289.28571428574,385587.5
Airport ATM,2014-09-16,543900,tuesday,W,1,16,9,3,0,0,518621.4285714286,479687.5
Airport ATM,2014-09-17,74500,wednesday,W,2,17,9,3,0,0,514517.85714285716,573587.5
Airport ATM,2014-09-18,112100,thursday,W,3,18,9,3,0,0,505107.14285714284,421712.5
Airport ATM,2014-09-19,216200,friday,W,4,19,9,3,0,0,496003.5714285714,445662.5
Airport ATM,2014-09-20,500100,saturday,H,5,20,9,3,0,0,487042.85714285716,491887.5
Airport ATM,2014-09-21,321000,sunday,H,6,21,9,3,0,0,486503.5714285714,559037.5
Airport ATM,2014-09-22,519200,monday,W,0,22,9,4,0,0,486596.4285714286,363000.0
Airport ATM,2014-09-23,37700,tuesday,W,1,23,9,4,0,0,486985.71428571426,487387.5
Airport ATM,2014-09-24,424200,wednesday,W,2,24,9,4,0,0,469232.14285714284,529125.0
Airport ATM,2014-09-25,465200,thursday,W,3,25,9,4,0,0,471003.5714285714,397225.0
Airport ATM,2014-09-26,439400,friday,W,4,26,9,4,0,0,467532.14285714284,477187.5
Airport ATM,2014-09-27,273500,saturday,H,5,27,9,4,0,0,472507.14285714284,454025.0
Airport ATM,2014-09-28,188900,sunday,H,6,28,9,4,0,1,452235.71428571426,517112.5
Airport ATM,2014-09-29,153700,monday,W,0,29,9,5,0,1,442078.5714285714,334287.5
Airport ATM,2014-09-30,501500,tuesday,W,1,30,9,5,0,1,428657.14285714284,496712.5
Airport ATM,2014-10-01,211700,wednesday,W,2,1,10,1,1,0,420728.5714285714,510825.0
Airport ATM,2014-10-04,304300,saturday,H,5,4,10,1,0,0,412467.85714285716,398825.0
Airport ATM,2014-10-05,602700,sunday,H,6,5,10,1,0,0,400000.0,501037.5
Airport ATM,2014-10-06,322900,monday,W,0,6,10,1,0,0,399871.4285714286,354737.5
Airport ATM,2014-10-07,375000,tuesday,W,1,7,10,1,0,0,389092.85714285716,443900.0
Airport ATM,2014-10-08,813700,wednesday,W,2,8,10,2,0,0,387028.5714285714,488837.5
Airport ATM,2014-10-09,603100,thursday,W,3,9,10,2,0,0,388835.71428571426,453812.5
Airport ATM,2014-10-10,668100,friday,W,4,10,10,2,0,0,391250.0,480150.0
Airport ATM,2014-10-11,657700,saturday,H,5,11,10,2,0,0,390917.85714285716,436412.5
Airport ATM,2014-10-12,500,sunday,H,6,12,10,2,0,0,399496.4285714286,524262.5
Airport ATM,2014-10-13,264700,monday,W,0,13,10,2,0,0,378714.28571428574,324675.0
Airport ATM,2014-10-14,574300,tuesday,W,1,14,10,2,0,0,371114.28571428574,449662.5
Airport ATM,2014-10-15,457900,wednesday,W,2,15,10,3,0,0,382346.4285714286,478275.0
Airport ATM,2014-10-16,688100,thursday,W,3,16,10,3,0,0,379560.71428571426,450412.5
Airport ATM,2014-10-17,299300,friday,W,4,17,10,3,0,0,384710.71428571426,483600.0
Airport ATM,2014-10-18,519500,saturday,H,5,18,10,3,0,0,392739.28571428574,415437.5
Airport ATM,2014-10-19,358700,sunday,H,6,19,10,3,0,0,407289.28571428574,524800.0
Airport ATM,2014-10-20,630100,monday,W,0,20,10,3,0,0,412378.5714285714,329712.5
Airport ATM,2014-10-21,629000,tuesday,W,1,21,10,3,0,0,417021.4285714286,464887.5
Airport ATM,2014-10-22,97400,wednesday,H,2,22,10,4,0,0,428021.4285714286,490050.0
Airport ATM,2014-10-23,330300,thursday,W,3,23,10,4,0,0,412957.14285714284,420337.5
Airport ATM,2014-10-24,308900,friday,W,4,24,10,4,0,0,423407.14285714284,479012.5
Airport ATM,2014-10-25,444800,saturday,H,5,25,10,4,0,0,419289.28571428574,416537.5
Airport ATM,2014-10-26,334900,sunday,H,6,26,10,4,0,0,418560.71428571426,475262.5
Airport ATM,2014-10-27,427900,monday,W,0,27,10,4,0,0,414828.5714285714,312412.5
Airport ATM,2014-10-28,614900,tuesday,W,1,28,10,4,0,0,420342.85714285716,452187.5
Airport ATM,2014-10-29,436000,wednesday,W,2,29,10,5,0,1,435557.14285714284,476475.0
Airport ATM,2014-10-30,443400,thursday,W,3,30,10,5,0,1,445639.28571428574,428012.5
Airport ATM,2014-10-31,433700,friday,W,4,31,10,5,0,1,443564.28571428574,464137.5
Airport ATM,2014-11-01,781400,saturday,H,5,1,11,1,1,0,451492.85714285716,394962.5
Airport ATM,2014-11-02,469100,sunday,H,6,2,11,1,1,0,468532.14285714284,494850.0
Airport ATM,2014-11-03,629700,monday,W,0,3,11,1,1,0,463760.71428571426,316950.0
Airport ATM,2014-11-04,534000,tuesday,H,1,4,11,1,0,0,474717.85714285716,435512.5
Airport ATM,2014-11-05,576800,wednesday,W,2,5,11,1,0,0,480396.4285714286,476287.5
Airport ATM,2014-11-06,487100,thursday,W,3,6,11,1,0,0,471935.71428571426,444737.5
Airport ATM,2014-11-07,521100,friday,W,4,7,11,1,0,0,467792.85714285716,443350.0
Airport ATM,2014-11-08,691300,saturday,H,5,8,11,2,0,0,462542.85714285716,387300.0
Airport ATM,2014-11-10,794800,monday,W,0,10,11,2,0,0,463742.85714285716,370887.5
Airport ATM,2014-11-11,724800,tuesday,W,1,11,11,2,0,0,492110.71428571426,467875.0
Airport ATM,2014-11-12,257500,wednesday,W,2,12,11,2,0,0,508542.85714285716,498900.0
Airport ATM,2014-11-13,402800,thursday,W,3,13,11,2,0,0,497228.5714285714,392250.0
Airport ATM,2014-11-14,435800,friday,W,4,14,11,2,0,0,495260.71428571426,441512.5
Airport ATM,2014-11-15,477800,saturday,H,5,15,11,3,0,0,486250.0,414750.0
Airport ATM,2014-11-16,375000,sunday,H,6,16,11,3,0,0,492625.0,494887.5
Airport ATM,2014-11-17,491200,monday,W,0,17,11,3,0,0,487464.28571428574,377637.5
Airport ATM,2014-11-18,317700,tuesday,W,1,18,11,3,0,0,492196.4285714286,464375.0
Airport ATM,2014-11-19,316900,wednesday,W,2,19,11,3,0,0,481039.28571428574,533900.0
Airport ATM,2014-11-20,570100,thursday,W,3,20,11,3,0,0,469892.85714285716,422550.0
Airport ATM,2014-11-21,432700,friday,W,4,21,11,3,0,0,486775.0,498762.5
Airport ATM,2014-11-22,694100,saturday,H,5,22,11,4,0,0,490432.14285714284,413912.5
Airport ATM,2014-11-23,332200,sunday,H,6,23,11,4,0,0,504189.28571428574,519137.5
Airport ATM,2014-11-24,516700,monday,W,0,24,11,4,0,0,500167.85714285716,395550.0
Airport ATM,2014-11-25,499400,tuesday,W,1,25,11,4,0,0,506660.71428571426,509750.0
Airport ATM,2014-11-26,706900,wednesday,W,2,26,11,4,0,0,509214.28571428574,533637.5
Airport ATM,2014-11-27,577600,thursday,W,3,27,11,4,0,0,512500.0,457887.5
Airport ATM,2014-11-28,452400,friday,W,4,28,11,4,0,1,517557.14285714284,512812.5
Airport ATM,2014-11-29,608200,saturday,H,5,29,11,5,0,1,517878.5714285714,444000.0
Airport ATM,2014-11-30,479100,sunday,H,6,30,11,5,0,1,524110.71428571426,560975.0
Airport ATM,2014-12-01,194900,monday,W,0,1,12,1,1,0,513314.28571428574,380100.0
Airport ATM,2014-12-02,520500,tuesday,W,1,2,12,1,1,0,503521.4285714286,493750.0
Airport ATM,2014-12-04,158900,thursday,W,3,4,12,1,0,0,499621.4285714286,421237.5
Airport ATM,2014-12-05,451300,friday,W,4,5,12,1,0,0,486225.0,457287.5
Airport ATM,2014-12-06,682700,saturday,H,5,6,12,1,0,0,481742.85714285716,416900.0
Airport ATM,2014-12-07,396800,sunday,H,6,7,12,1,0,0,488728.5714285714,608275.0
Airport ATM,2014-12-08,278000,monday,W,0,8,12,2,0,0,484289.28571428574,429637.5
Airport ATM,2014-12-09,270300,tuesday,W,1,9,12,2,0,0,469528.5714285714,495412.5
Airport ATM,2014-12-10,368900,wednesday,W,2,10,12,2,0,0,450796.4285714286,520550.0
Airport ATM,2014-12-11,729700,thursday,W,3,11,12,2,0,0,438085.71428571426,410112.5
Airport ATM,2014-12-12,515600,friday,W,4,12,12,2,0,0,454950.0,462487.5
Airport ATM,2014-12-13,513000,saturday,H,5,13,12,2,0,0,458978.5714285714,443937.5
Airport ATM,2014-12-14,565500,sunday,H,6,14,12,2,0,0,461735.71428571426,590187.5
Airport ATM,2014-12-15,475100,monday,W,0,15,12,3,0,0,464867.85714285716,455487.5
Airport ATM,2014-12-16,557200,tuesday,W,1,16,12,3,0,0,468442.85714285716,476037.5
Airport ATM,2014-12-17,570300,wednesday,W,2,17,12,3,0,0,470800.0,518412.5
Airport ATM,2014-12-18,436200,thursday,W,3,18,12,3,0,0,479821.4285714286,469225.0
Airport ATM,2014-12-19,653500,friday,W,4,19,12,3,0,0,484082.14285714284,475725.0
Airport ATM,2014-12-20,797800,saturday,H,5,20,12,3,0,0,487060.71428571426,487012.5
Airport ATM,2014-12-21,396400,sunday,H,6,21,12,3,0,0,500100.0,624975.0
Airport ATM,2014-12-22,467200,monday,W,0,22,12,4,0,0,489467.85714285716,463175.0
Airport ATM,2014-12-23,399000,tuesday,W,1,23,12,4,0,0,494289.28571428574,480950.0
Airport ATM,2014-12-24,663400,wednesday,W,2,24,12,4,0,0,490085.71428571426,489662.5
Airport ATM,2014-12-25,438700,thursday,H,3,25,12,4,0,0,495942.85714285716,497650.0
Airport ATM,2014-12-26,430800,friday,W,4,26,12,4,0,0,486364.28571428574,475137.5
Airport ATM,2014-12-27,574100,saturday,H,5,27,12,4,0,0,481121.4285714286,486650.0
Airport ATM,2014-12-28,271700,sunday,H,6,28,12,4,0,0,485467.85714285716,641137.5
Airport ATM,2014-12-29,442300,monday,W,0,29,12,5,0,1,473450.0,438500.0
Airport ATM,2014-12-30,512700,tuesday,W,1,30,12,5,0,1,472135.71428571426,457525.0
Airport ATM,2014-12-31,756900,wednesday,W,2,31,12,5,0,1,483485.71428571426,476887.5
Airport ATM,2015-01-01,398100,thursday,H,3,1,1,1,1,0,491928.5714285714,520162.5
Airport ATM,2015-01-02,633400,friday,W,4,2,1,1,1,0,500471.4285714286,464012.5
Airport ATM,2015-01-03,1089600,saturday,H,5,3,1,1,1,0,506975.0,500687.5
Airport ATM,2015-01-04,529400,sunday,H,6,4,1,1,0,0,521507.14285714284,679662.5
Airport ATM,2015-01-05,310700,monday,W,0,5,1,1,0,0,526242.8571428572,418262.5
Airport ATM,2015-01-06,466700,tuesday,W,1,6,1,1,0,0,527410.7142857143,397012.5
Airport ATM,2015-01-07,599200,wednesday,W,2,7,1,1,0,0,534425.0,468475.0
Airport ATM,2015-01-08,568200,thursday,W,3,8,1,2,0,0,542650.0,562875.0
Airport ATM,2015-01-09,606000,friday,W,4,9,1,2,0,0,536882.1428571428,484687.5
Airport ATM,2015-01-10,956400,saturday,H,5,10,1,2,0,0,540110.7142857143,521962.5
Airport ATM,2015-01-11,673300,sunday,H,6,11,1,2,0,0,555946.4285714285,739487.5
Airport ATM,2015-01-12,329700,monday,W,0,12,1,2,0,0,559796.4285714285,455550.0
Airport ATM,2015-01-13,746600,tuesday,W,1,13,1,2,0,0,554603.5714285715,376825.0
Airport ATM,2015-01-14,589600,wednesday,W,2,14,1,2,0,0,561367.8571428572,471200.0
Airport ATM,2015-01-15,178400,thursday,H,3,15,1,3,0,0,562057.1428571428,596962.5
Airport ATM,2015-01-16,208400,friday,H,4,16,1,3,0,0,552850.0,435725.0
Airport ATM,2015-01-17,285200,saturday,H,5,17,1,3,0,0,536953.5714285715,493925.0
Airport ATM,2015-01-18,274400,sunday,H,6,18,1,3,0,0,518646.4285714286,688375.0
Airport ATM,2015-01-19,706600,monday,W,0,19,1,3,0,0,514289.28571428574,448325.0
Airport ATM,2015-01-20,381400,tuesday,W,1,20,1,3,0,0,522839.28571428574,400562.5
Airport ATM,2015-01-21,526000,wednesday,W,2,21,1,3,0,0,522210.71428571426,479162.5
Airport ATM,2015-01-22,514000,thursday,W,3,22,1,4,0,0,517303.5714285714,574350.0
Airport ATM,2015-01-23,438800,friday,W,4,23,1,4,0,0,519992.85714285716,427775.0
Airport ATM,2015-01-24,592000,saturday,H,5,24,1,4,0,0,520278.5714285714,492225.0
Airport ATM,2015-01-25,317100,sunday,H,6,25,1,4,0,0,520917.85714285716,686350.0
Airport ATM,2015-01-26,290900,monday,H,0,26,1,4,0,0,522539.28571428574,428075.0
Airport ATM,2015-01-27,441000,tuesday,W,1,27,1,4,0,0,517132.14285714284,412562.5
Airport ATM,2015-01-28,571000,wednesday,W,2,28,1,4,0,0,514571.4285714286,471862.5
Airport ATM,2015-01-29,480100,thursday,W,3,29,1,5,0,1,507932.14285714284,580662.5
Airport ATM,2015-01-30,490800,friday,W,4,30,1,5,0,1,510860.71428571426,467925.0
Airport ATM,2015-01-31,729500,saturday,H,5,31,1,5,0,1,505767.85714285716,497162.5
Airport ATM,2015-02-01,638900,sunday,H,6,1,2,1,1,0,492907.14285714284,692200.0
Airport ATM,2015-02-02,402200,monday,W,0,2,2,1,1,0,496817.85714285716,458337.5
Airport ATM,2015-02-03,671000,tuesday,W,1,3,2,1,1,0,500085.71428571426,428087.5
Airport ATM,2015-02-04,569700,wednesday,W,2,4,2,1,0,0,507382.14285714284,521950.0
Airport ATM,2015-02-05,495300,thursday,W,3,5,2,1,0,0,506328.5714285714,605762.5
Airport ATM,2015-02-06,488200,friday,W,4,6,2,1,0,0,503725.0,438625.0
Airport ATM,2015-02-07,1228000,saturday,H,5,7,2,1,0,0,499517.85714285716,493737.5
Airport ATM,2015-02-08,514800,sunday,H,6,8,2,2,0,0,509217.85714285716,781575.0
Airport ATM,2015-02-09,384300,monday,W,0,9,2,2,0,0,503557.14285714284,452000.0
Airport ATM,2015-02-10,480700,tuesday,W,1,10,2,2,0,0,505507.14285714284,416737.5
Airport ATM,2015-02-11,480500,wednesday,W,2,11,2,2,0,0,496010.71428571426,512387.5
Airport ATM,2015-02-12,656900,thursday,W,3,12,2,2,0,0,492114.28571428574,594537.5
Airport ATM,2015-02-13,202400,friday,W,4,13,2,2,0,0,509203.5714285714,466212.5
Airport ATM,2015-02-14,645000,saturday,H,5,14,2,2,0,0,508989.28571428574,437350.0
Airport ATM,2015-02-15,391200,sunday,H,6,15,2,3,0,0,521839.28571428574,762475.0
Airport ATM,2015-02-16,436400,monday,W,0,16,2,3,0,0,526010.7142857143,451350.0
Airport ATM,2015-02-17,357700,tuesday,W,1,17,2,3,0,0,516360.71428571426,412887.5
Airport ATM,2015-02-18,511500,wednesday,W,2,18,2,3,0,0,515514.28571428574,507225.0
Airport ATM,2015-02-19,612000,thursday,W,3,19,2,3,0,0,514996.4285714286,575550.0
Airport ATM,2015-02-20,431700,friday,W,4,20,2,3,0,0,518496.4285714286,487875.0
Airport ATM,2015-02-21,620400,saturday,H,5,21,2,3,0,0,518242.85714285716,437462.5
Airport ATM,2015-02-22,328800,sunday,H,6,22,2,4,0,0,519257.14285714284,768262.5
Airport ATM,2015-02-23,416900,monday,W,0,23,2,4,0,0,519675.0,458487.5
Airport ATM,2015-02-24,496900,tuesday,W,1,24,2,4,0,0,524175.0,409712.5
Airport ATM,2015-02-25,433700,wednesday,W,2,25,2,4,0,0,526171.4285714285,505250.0
Airport ATM,2015-02-26,469100,thursday,W,3,26,2,4,0,1,521267.85714285716,535150.0
Airport ATM,2015-02-27,630500,friday,W,4,27,2,4,0,1,520875.0,496750.0
Airport ATM,2015-02-28,736200,saturday,H,5,28,2,4,0,1,525864.2857142857,437100.0
Airport ATM,2015-03-01,174400,sunday,H,6,1,3,1,1,0,526103.5714285715,724087.5
Airport ATM,2015-03-02,617300,monday,W,0,2,3,1,1,0,509514.28571428574,414112.5
Airport ATM,2015-03-03,678000,tuesday,W,1,3,3,1,1,0,517196.4285714286,448037.5
Airport ATM,2015-03-04,883700,wednesday,W,2,4,3,1,0,0,517446.4285714286,531662.5
Airport ATM,2015-03-05,416600,thursday,W,3,5,3,1,0,0,528660.7142857143,570712.5
Airport ATM,2015-03-06,554100,friday,W,4,6,3,1,0,0,525850.0,477800.0
Airport ATM,2015-03-07,646600,saturday,H,5,7,3,1,0,0,528203.5714285715,430612.5
Airport ATM,2015-03-08,551100,sunday,H,6,8,3,2,0,0,507439.28571428574,685362.5
Airport ATM,2015-03-09,311900,monday,W,0,9,3,2,0,0,508735.71428571426,398837.5
Airport ATM,2015-03-10,761500,tuesday,W,1,10,3,2,0,0,506150.0,445812.5
Airport ATM,2015-03-11,836800,wednesday,W,2,11,3,2,0,0,516178.5714285714,533525.0
Airport ATM,2015-03-12,505000,thursday,W,3,12,3,2,0,0,528903.5714285715,601612.5
Airport ATM,2015-03-13,480200,friday,W,4,13,3,2,0,0,523478.5714285714,518625.0
Airport ATM,2015-03-14,488400,saturday,H,5,14,3,2,0,0,533400.0,464587.5
Airport ATM,2015-03-15,506300,sunday,H,6,15,3,3,0,0,527807.1428571428,710762.5
Airport ATM,2015-03-16,848700,monday,W,0,16,3,3,0,0,531917.8571428572,427825.0
Airport ATM,2015-03-17,421800,tuesday,W,1,17,3,3,0,0,546642.8571428572,463575.0
Airport ATM,2015-03-18,666200,wednesday,W,2,18,3,3,0,0,548932.1428571428,538575.0
Airport ATM,2015-03-19,511100,thursday,W,3,19,3,3,0,0,554457.1428571428,619137.5
Airport ATM,2015-03-20,456000,friday,W,4,20,3,3,0,0,550853.5714285715,518262.5
Airport ATM,2015-03-21,633400,saturday,H,5,21,3,3,0,0,551721.4285714285,466737.5
Airport ATM,2015-03-22,376700,sunday,H,6,22,3,4,0,0,552185.7142857143,715937.5
Airport ATM,2015-03-23,498900,monday,W,0,23,3,4,0,0,553896.4285714285,435275.0
Airport ATM,2015-03-24,588400,tuesday,W,1,24,3,4,0,0,556825.0,489575.0
Airport ATM,2015-03-25,888000,wednesday,W,2,25,3,4,0,0,560092.8571428572,557000.0
Airport ATM,2015-03-26,532800,thursday,W,3,26,3,4,0,0,576317.8571428572,658762.5
Airport ATM,2015-03-27,358100,friday,W,4,27,3,4,0,0,578592.8571428572,524850.0
Airport ATM,2015-03-28,421400,saturday,H,5,28,3,4,0,0,568864.2857142857,450150.0
Airport ATM,2015-03-29,385000,sunday,H,6,29,3,5,0,1,557621.4285714285,677425.0
Airport ATM,2015-03-30,528200,monday,W,0,30,3,5,0,1,565142.8571428572,403537.5
Airport ATM,2015-03-31,928900,tuesday,W,1,31,3,5,0,1,561960.7142857143,505325.0
Airport ATM,2015-04-01,839400,wednesday,W,2,1,4,1,1,0,570921.4285714285,589237.5
Airport ATM,2015-04-02,802700,thursday,H,3,2,4,1,1,0,569339.2857142857,692475.0
Airport ATM,2015-04-03,28900,friday,H,4,3,4,1,1,0,583128.5714285715,563275.0
Airport ATM,2015-04-04,289700,saturday,H,5,4,4,1,0,0,564371.4285714285,392737.5
Airport ATM,2015-04-05,606900,sunday,H,6,5,4,1,0,0,551625.0,560137.5
Airport ATM,2015-04-06,1073200,monday,W,0,6,4,1,0,0,553617.8571428572,415050.0
Airport ATM,2015-04-07,670300,tuesday,W,1,7,4,1,0,0,580807.1428571428,591437.5
Airport ATM,2015-04-08,821300,wednesday,W,2,8,4,2,0,0,577550.0,612937.5
Airport ATM,2015-04-09,576000,thursday,W,3,9,4,2,0,0,576996.4285714285,735075.0
Airport ATM,2015-04-10,603300,friday,W,4,10,4,2,0,0,579532.1428571428,553162.5
Airport ATM,2015-04-11,626700,saturday,H,5,11,4,2,0,0,583928.5714285715,442850.0
Airport ATM,2015-04-12,372300,sunday,H,6,12,4,2,0,0,588867.8571428572,557850.0
Airport ATM,2015-04-13,622000,monday,W,0,13,4,2,0,0,584082.1428571428,412687.5
Airport ATM,2015-04-14,381600,tuesday,H,1,14,4,2,0,0,575985.7142857143,614637.5
Airport ATM,2015-04-15,496400,wednesday,W,2,15,4,3,0,0,574550.0,615925.0
Airport ATM,2015-04-16,613200,thursday,W,3,16,4,3,0,0,568485.7142857143,733187.5
Airport ATM,2015-04-17,573200,friday,W,4,17,4,3,0,0,572132.1428571428,553312.5
Airport ATM,2015-04-18,768800,saturday,H,5,18,4,3,0,0,576317.8571428572,460537.5
Airport ATM,2015-04-19,403400,sunday,H,6,19,4,3,0,0,581153.5714285715,576400.0
Airport ATM,2015-04-20,624800,monday,W,0,20,4,3,0,0,582107.1428571428,422012.5
Airport ATM,2015-04-21,440600,tuesday,W,1,21,4,3,0,0,586603.5714285715,640625.0
Airport ATM,2015-04-22,543600,wednesday,W,2,22,4,4,0,0,581325.0,608887.5
Airport ATM,2015-04-23,468700,thursday,W,3,23,4,4,0,0,569025.0,746925.0
Airport ATM,2015-04-24,324000,friday,W,4,24,4,4,0,0,566735.7142857143,553262.5
Airport ATM,2015-04-25,722400,saturday,H,5,25,4,4,0,0,565517.8571428572,422225.0
Airport ATM,2015-04-26,399200,sunday,H,6,26,4,4,0,0,576267.8571428572,574675.0
Airport ATM,2015-04-27,698500,monday,W,0,27,4,4,0,0,576775.0,450112.5
Airport ATM,2015-04-28,762100,tuesday,W,1,28,4,4,0,1,582857.1428571428,650775.0
Airport ATM,2015-04-29,603800,wednesday,W,2,29,4,5,0,1,576900.0,619400.0
Airport ATM,2015-04-30,704800,thursday,W,3,30,4,5,0,1,568485.7142857143,711937.5
Airport ATM,2015-05-01,469400,friday,H,4,1,5,1,1,0,564989.2857142857,589287.5
Airport ATM,2015-05-02,725900,saturday,H,5,2,5,1,1,0,580721.4285714285,411637.5
Airport ATM,2015-05-03,455500,sunday,H,6,3,5,1,1,0,596300.0,584587.5
Airport ATM,2015-05-04,806200,monday,W,0,4,5,1,0,0,590892.8571428572,438162.5
Airport ATM,2015-05-05,613300,tuesday,W,1,5,5,1,0,0,581357.1428571428,712562.5
Airport ATM,2015-05-06,747000,wednesday,W,2,6,5,1,0,0,579321.4285714285,600875.0
Airport ATM,2015-05-07,599200,thursday,W,3,7,5,1,0,0,576667.8571428572,700712.5
Airport ATM,2015-05-08,670000,friday,W,4,8,5,2,0,0,577496.4285714285,601062.5
Airport ATM,2015-05-09,758600,saturday,H,5,9,5,2,0,0,579878.5714285715,435362.5
Airport ATM,2015-05-10,432000,sunday,H,6,10,5,2,0,0,584589.2857142857,618362.5
Airport ATM,2015-05-11,559800,monday,W,0,11,5,2,0,0,586721.4285714285,428875.0
Airport ATM,2015-05-12,604200,tuesday,W,1,12,5,2,0,0,584500.0,676450.0
Airport ATM,2015-05-13,640200,wednesday,W,2,13,5,2,0,0,592450.0,623675.0
Airport ATM,2015-05-14,18600,thursday,W,3,14,5,2,0,0,597585.7142857143,697462.5
Airport ATM,2015-05-15,250300,friday,W,4,15,5,3,0,0,576350.0,539500.0
Airport ATM,2015-05-16,563600,saturday,H,5,16,5,3,0,0,564817.8571428572,409650.0
Airport ATM,2015-05-17,594500,sunday,H,6,17,5,3,0,0,557489.2857142857,609637.5
Airport ATM,2015-05-18,670000,monday,W,0,18,5,3,0,0,564314.2857142857,456100.0
Airport ATM,2015-05-19,554400,tuesday,W,1,19,5,3,0,0,565928.5714285715,697837.5
Airport ATM,2015-05-20,736300,wednesday,W,2,20,5,3,0,0,569992.8571428572,619425.0
Airport ATM,2015-05-21,723700,thursday,W,3,21,5,3,0,0,576875.0,678500.0
Airport ATM,2015-05-22,614300,friday,W,4,22,5,4,0,0,585982.1428571428,563362.5
Airport ATM,2015-05-23,667500,saturday,H,5,23,5,4,0,0,596350.0,441675.0
Airport ATM,2015-05-24,541500,sunday,H,6,24,5,4,0,0,594389.2857142857,640400.0
Airport ATM,2015-05-25,374400,monday,W,0,25,5,4,0,0,599471.4285714285,475662.5
Airport ATM,2015-05-26,350900,tuesday,W,1,26,5,4,0,0,587896.4285714285,678612.5
Airport ATM,2015-05-27,343500,wednesday,W,2,27,5,4,0,0,573210.7142857143,547175.0
Airport ATM,2015-05-28,283400,thursday,W,3,28,5,4,0,0,563914.2857142857,616512.5
Airport ATM,2015-05-29,511000,friday,W,4,29,5,5,0,1,548864.2857142857,498450.0
Airport ATM,2015-05-30,329200,saturday,H,5,30,5,5,0,1,550350.0,501937.5
Airport ATM,2015-05-31,582100,sunday,H,6,31,5,5,0,1,536182.1428571428,645337.5
Airport ATM,2015-06-01,393300,monday,W,0,1,6,1,1,0,540703.5714285715,472562.5
Airport ATM,2015-06-02,541600,tuesday,W,1,2,6,1,1,0,525957.1428571428,593625.0
Airport ATM,2015-06-03,576800,wednesday,W,2,3,6,1,1,0,523396.4285714286,531087.5
Airport ATM,2015-06-04,550000,thursday,W,3,4,6,1,0,0,517317.85714285716,585950.0
Airport ATM,2015-06-05,553000,friday,W,4,5,6,1,0,0,515560.71428571426,495200.0
Airport ATM,2015-06-06,509600,saturday,H,5,6,6,1,0,0,511382.14285714284,495650.0
Airport ATM,2015-06-07,620500,sunday,H,6,7,6,1,0,0,502489.28571428574,630700.0
Airport ATM,2015-06-08,722600,monday,W,0,8,6,2,0,0,509221.4285714286,503587.5
Airport ATM,2015-06-09,724500,tuesday,W,1,9,6,2,0,0,515035.71428571426,606200.0
Airport ATM,2015-06-10,363800,wednesday,W,2,10,6,2,0,0,519332.14285714284,573950.0
Airport ATM,2015-06-11,495900,thursday,W,3,11,6,2,0,0,509460.71428571426,569375.0
Airport ATM,2015-06-12,197200,friday,W,4,12,6,2,0,0,526507.1428571428,480537.5
Airport ATM,2015-06-13,649200,saturday,H,5,13,6,2,0,0,524610.7142857143,448650.0
Airport ATM,2015-06-14,511100,sunday,H,6,14,6,2,0,0,527667.8571428572,615750.0
Airport ATM,2015-06-15,303600,monday,W,0,15,6,3,0,0,524689.2857142857,517050.0
Airport ATM,2015-06-16,399100,tuesday,W,1,16,6,3,0,0,511603.5714285714,566050.0
Airport ATM,2015-06-17,315100,wednesday,W,2,17,6,3,0,0,506057.14285714284,568762.5
Airport ATM,2015-06-18,839300,thursday,W,3,18,6,3,0,0,491014.28571428574,540812.5
Airport ATM,2015-06-19,269500,friday,W,4,19,6,3,0,0,495142.85714285716,526862.5
Airport ATM,2015-06-20,519800,saturday,H,5,20,6,3,0,0,482828.5714285714,441837.5
Airport ATM,2015-06-21,324600,sunday,H,6,21,6,3,0,0,477553.5714285714,590425.0
Airport ATM,2015-06-22,469400,monday,W,0,22,6,4,0,0,469807.14285714284,507725.0
Airport ATM,2015-06-23,497300,tuesday,W,1,23,6,4,0,0,473200.0,537412.5
Airport ATM,2015-06-24,560600,wednesday,W,2,24,6,4,0,0,478428.5714285714,535662.5
Airport ATM,2015-06-25,229600,thursday,W,3,25,6,4,0,0,486182.14285714284,535412.5
Airport ATM,2015-06-26,252800,friday,W,4,26,6,4,0,0,484260.71428571426,467462.5
Airport ATM,2015-06-27,496700,saturday,H,5,27,6,4,0,0,475039.28571428574,414762.5
Airport ATM,2015-06-28,273900,sunday,H,6,28,6,4,0,1,481021.4285714286,561775.0
Airport ATM,2015-06-29,551100,monday,W,0,29,6,5,0,1,470014.28571428574,485025.0
Airport ATM,2015-06-30,759700,tuesday,W,1,30,6,5,0,1,475650.0,505525.0
Airport ATM,2015-07-01,765700,wednesday,W,2,1,7,1,1,0,483439.28571428574,553962.5
Airport ATM,2015-07-02,980300,thursday,W,3,2,7,1,1,0,490185.71428571426,537750.0
Airport ATM,2015-07-03,422300,friday,W,4,3,7,1,1,0,505553.5714285714,515100.0
Airport ATM,2015-07-04,548700,saturday,H,5,4,7,1,0,0,500885.71428571426,383800.0
Airport ATM,2015-07-05,610000,sunday,H,6,5,7,1,0,0,502282.14285714284,535537.5
Airport ATM,2015-07-06,500,monday,W,0,6,7,1,0,0,501907.14285714284,507275.0
Airport ATM,2015-07-07,213800,tuesday,W,1,7,7,1,0,0,476117.85714285716,435612.5
Airport ATM,2015-07-08,390000,wednesday,W,2,8,7,2,0,0,457878.5714285714,505162.5
Airport ATM,2015-07-09,627000,thursday,W,3,9,7,2,0,0,458814.28571428574,506475.0
Airport ATM,2015-07-10,421400,friday,W,4,10,7,2,0,0,463496.4285714286,591150.0
Airport ATM,2015-07-11,665400,saturday,H,5,11,7,2,0,0,471503.5714285714,405187.5
Airport ATM,2015-07-12,641100,sunday,H,6,12,7,2,0,0,472082.14285714284,548262.5
Airport ATM,2015-07-13,715600,monday,W,0,13,7,2,0,0,476725.0,513100.0
Airport ATM,2015-07-14,511300,tuesday,W,1,14,7,2,0,0,491439.28571428574,441312.5
Airport ATM,2015-07-15,653500,wednesday,W,2,15,7,3,0,0,495446.4285714286,499775.0
Airport ATM,2015-07-16,558900,thursday,W,3,16,7,3,0,0,507532.14285714284,496125.0
Airport ATM,2015-07-17,533000,friday,W,4,17,7,3,0,0,497517.85714285716,570550.0
Airport ATM,2015-07-18,524500,saturday,H,5,18,7,3,0,0,506928.5714285714,395025.0
Airport ATM,2015-07-19,372400,sunday,H,6,19,7,3,0,0,507096.4285714286,530387.5
Airport ATM,2015-07-20,578500,monday,W,0,20,7,3,0,0,508803.5714285714,491962.5
Airport ATM,2015-07-21,389600,tuesday,W,1,21,7,3,0,0,512700.0,466825.0
Airport ATM,2015-07-22,261700,wednesday,W,2,22,7,4,0,0,508853.5714285714,504612.5
Airport ATM,2015-07-23,355800,thursday,W,3,23,7,4,0,0,498178.5714285714,485900.0
Airport ATM,2015-07-24,128600,friday,W,4,24,7,4,0,0,502685.71428571426,579600.0
Airport ATM,2015-07-25,185200,saturday,H,5,25,7,4,0,0,498250.0,347225.0
Airport ATM,2015-07-26,236800,sunday,H,6,26,7,4,0,0,487125.0,512387.5
Airport ATM,2015-07-27,590400,monday,W,0,27,7,4,0,0,485800.0,448800.0
Airport ATM,2015-07-28,208600,tuesday,W,1,28,7,4,0,0,487203.5714285714,491462.5
Airport ATM,2015-07-29,427300,wednesday,W,2,29,7,5,0,1,467521.4285714286,462987.5
Airport ATM,2015-07-30,271400,thursday,W,3,30,7,5,0,1,455435.71428571426,467212.5
Airport ATM,2015-07-31,434300,friday,W,4,31,7,5,0,1,430117.85714285716,544775.0
Airport ATM,2015-08-01,565100,saturday,H,5,1,8,1,1,0,430546.4285714286,332387.5
Airport ATM,2015-08-02,422700,sunday,H,6,2,8,1,1,0,431132.14285714284,519325.0
Airport ATM,2015-08-03,389300,monday,W,0,3,8,1,1,0,424442.85714285716,424075.0
Airport ATM,2015-08-04,182800,tuesday,W,1,4,8,1,0,0,438328.5714285714,449800.0
Airport ATM,2015-08-05,339800,wednesday,W,2,5,8,1,0,0,437221.4285714286,395275.0
Airport ATM,2015-08-06,336100,thursday,W,3,6,8,1,0,0,435428.5714285714,464212.5
Airport ATM,2015-08-07,194000,friday,W,4,7,8,1,0,0,425039.28571428574,524800.0
Airport ATM,2015-08-08,400200,saturday,H,5,8,8,2,0,0,416917.85714285716,331987.5
Airport ATM,2015-08-09,393800,sunday,H,6,9,8,2,0,0,407446.4285714286,488200.0
Airport ATM,2015-08-10,400600,monday,W,0,10,8,2,0,0,398614.28571428574,409412.5
Airport ATM,2015-08-11,535700,tuesday,W,1,11,8,2,0,0,387364.28571428574,461925.0
Airport ATM,2015-08-12,304000,wednesday,W,2,12,8,2,0,0,388235.71428571426,412350.0
Airport ATM,2015-08-13,370200,thursday,W,3,13,8,2,0,0,375753.5714285714,462825.0
Airport ATM,2015-08-14,60800,friday,W,4,14,8,2,0,0,369014.28571428574,466162.5
Airport ATM,2015-08-15,512600,saturday,H,5,15,8,3,0,0,352150.0,305900.0
Airport ATM,2015-08-16,464800,sunday,H,6,16,8,3,0,0,351725.0,487300.0
Airport ATM,2015-08-17,125700,monday,W,0,17,8,3,0,0,355025.0,426937.5
Airport ATM,2015-08-18,162100,tuesday,W,1,18,8,3,0,0,338853.5714285714,418962.5
Airport ATM,2015-08-19,398700,wednesday,W,2,19,8,3,0,0,330728.5714285714,370450.0
Airport ATM,2015-08-20,89600,thursday,W,3,20,8,3,0,0,335621.4285714286,442587.5
Airport ATM,2015-08-21,229300,friday,W,4,21,8,3,0,0,326114.28571428574,448662.5
Airport ATM,2015-08-22,272900,saturday,H,5,22,8,4,0,0,329710.71428571426,302962.5
Airport ATM,2015-08-23,342500,sunday,H,6,23,8,4,0,0,332842.85714285716,459325.0
Airport ATM,2015-08-24,497200,monday,W,0,24,8,4,0,0,336617.85714285716,435512.5
Airport ATM,2015-08-25,200100,tuesday,W,1,25,8,4,0,0,333289.28571428574,412225.0
Airport ATM,2015-08-26,416700,wednesday,W,2,26,8,4,0,0,332985.71428571426,300500.0
Airport ATM,2015-08-27,369200,thursday,W,3,27,8,4,0,0,332607.14285714284,398962.5
Airport ATM,2015-08-28,474800,friday,W,4,28,8,4,0,0,336100.0,372275.0
Airport ATM,2015-08-29,335900,saturday,H,5,29,8,5,0,1,337546.4285714286,309525.0
Airport ATM,2015-08-30,103300,sunday,H,6,30,8,5,0,1,329360.71428571426,432725.0
Airport ATM,2015-08-31,262900,monday,W,0,31,8,5,0,1,317953.5714285714,372175.0
Airport ATM,2015-09-01,507500,tuesday,W,1,1,9,1,1,0,313439.28571428574,445025.0
Airport ATM,2015-09-02,429900,wednesday,W,2,2,9,1,1,0,325035.71428571426,337212.5
Airport ATM,2015-09-03,568200,thursday,W,3,3,9,1,1,0,328253.5714285714,403950.0
Airport ATM,2015-09-04,362100,friday,W,4,4,9,1,0,0,336542.85714285716,364925.0
Airport ATM,2015-09-05,496000,saturday,H,5,5,9,1,0,0,342546.4285714286,302112.5
Airport ATM,2015-09-06,258400,sunday,H,6,6,9,1,0,0,345967.85714285716,411550.0
Airport ATM,2015-09-07,329400,monday,W,0,7,9,1,0,0,341132.14285714284,324337.5
Airport ATM,2015-09-08,293600,tuesday,W,1,8,9,2,0,0,338589.28571428574,396750.0
Airport ATM,2015-09-09,187800,wednesday,W,2,9,9,2,0,0,329942.85714285716,310000.0
Airport ATM,2015-09-10,105300,thursday,W,3,10,9,2,0,0,325792.85714285716,345737.5
Airport ATM,2015-09-11,226200,friday,W,4,11,9,2,0,0,316332.14285714284,308225.0
Airport ATM,2015-09-12,246900,saturday,H,5,12,9,2,0,0,322239.28571428574,263762.5
Airport ATM,2015-09-13,156500,sunday,H,6,13,9,2,0,0,312750.0,376850.0
Airport ATM,2015-09-14,509900,monday,W,0,14,9,2,0,0,301739.28571428574,297350.0
Airport ATM,2015-09-15,343400,tuesday,W,1,15,9,3,0,0,315460.71428571426,388175.0
Airport ATM,2015-09-16,362400,wednesday,W,2,16,9,3,0,0,321935.71428571426,304225.0
Airport ATM,2015-09-17,177200,thursday,H,3,17,9,3,0,0,320639.28571428574,358325.0
Airport ATM,2015-09-18,179600,friday,W,4,18,9,3,0,0,323767.85714285716,285900.0
Airport ATM,2015-09-19,506700,saturday,H,5,19,9,3,0,0,321992.85714285716,270137.5
Airport ATM,2015-09-20,284600,sunday,H,6,20,9,3,0,0,330342.85714285716,417037.5
Airport ATM,2015-09-21,270800,monday,W,0,21,9,3,0,0,328275.0,303325.0
Airport ATM,2015-09-22,456100,tuesday,W,1,22,9,4,0,0,320189.28571428574,348225.0
Airport ATM,2015-09-23,485300,wednesday,W,2,23,9,4,0,0,329332.14285714284,335162.5
Airport ATM,2015-09-24,373600,thursday,H,3,24,9,4,0,0,331782.14285714284,365575.0
Airport ATM,2015-09-25,155200,friday,W,4,25,9,4,0,0,331939.28571428574,298675.0
Airport ATM,2015-09-26,266400,saturday,H,5,26,9,4,0,0,320525.0,235250.0
Airport ATM,2015-09-27,92000,sunday,H,6,27,9,4,0,0,318042.85714285716,379700.0
Airport ATM,2015-09-28,505800,monday,W,0,28,9,4,0,1,317639.28571428574,261987.5
Airport ATM,2015-09-29,395300,tuesday,W,1,29,9,5,0,1,326314.28571428574,362787.5
Airport ATM,2015-09-30,358800,wednesday,W,2,30,9,5,0,1,322307.14285714284,361725.0
Airport ATM,2015-10-01,289500,thursday,W,3,1,10,1,1,0,319767.85714285716,367950.0
Airport ATM,2015-10-03,62200,saturday,H,5,3,10,1,1,0,309814.28571428574,247187.5
Airport ATM,2015-10-04,71700,sunday,H,6,4,10,1,0,0,299103.5714285714,337450.0
Airport ATM,2015-10-05,59400,monday,W,0,5,10,1,0,0,283950.0,221725.0
Airport ATM,2015-10-06,73100,tuesday,W,1,6,10,1,0,0,276842.85714285716,320137.5
Airport ATM,2015-10-07,173900,wednesday,W,2,7,10,1,0,0,267689.28571428574,303900.0
Airport ATM,2015-10-08,11800,thursday,W,3,8,10,2,0,0,263414.28571428574,351687.5
Airport ATM,2015-10-09,31600,friday,W,4,9,10,2,0,0,257128.57142857142,258137.5
Airport ATM,2015-10-10,265100,saturday,H,5,10,10,2,0,0,254496.42857142858,243537.5
Airport ATM,2015-10-11,494700,sunday,H,6,11,10,2,0,0,255885.7142857143,306512.5
Airport ATM,2015-10-12,61500,monday,W,0,12,10,2,0,0,264735.71428571426,225462.5
Airport ATM,2015-10-13,345500,tuesday,W,1,13,10,2,0,0,261342.85714285713,312112.5
Airport ATM,2015-10-14,390700,wednesday,W,2,14,10,2,0,0,255471.42857142858,326825.0
Airport ATM,2015-10-15,227400,thursday,W,3,15,10,3,0,0,257160.7142857143,350687.5
Airport ATM,2015-10-16,162700,friday,W,4,16,10,3,0,0,252339.2857142857,240287.5
Airport ATM,2015-10-17,100,saturday,H,5,17,10,3,0,0,251821.42857142858,235212.5
Airport ATM,2015-10-19,100,monday,W,0,19,10,3,0,0,245410.7142857143,182662.5
Airport ATM,2015-10-20,283500,tuesday,W,1,20,10,3,0,0,227317.85714285713,249975.0
Airport ATM,2015-10-21,216400,wednesday,H,2,21,10,3,0,0,227278.57142857142,337250.0
Airport ATM,2015-10-22,244700,thursday,H,3,22,10,4,0,0,225335.7142857143,325650.0
Airport ATM,2015-10-23,283600,friday,H,4,23,10,4,0,0,217785.7142857143,259675.0
Airport ATM,2015-10-24,367500,saturday,H,5,24,10,4,0,0,210582.14285714287,211312.5
Airport ATM,2015-10-25,77800,sunday,H,6,25,10,4,0,0,210364.2857142857,318337.5
Airport ATM,2015-10-26,218400,monday,W,0,26,10,4,0,0,207600.0,179475.0
Airport ATM,2015-10-27,462000,tuesday,W,1,27,10,4,0,0,205885.7142857143,244412.5
Airport ATM,2015-10-28,82100,wednesday,W,2,28,10,4,0,0,219100.0,331562.5
Airport ATM,2015-10-29,347700,thursday,W,3,29,10,5,0,1,203967.85714285713,282175.0
Airport ATM,2015-10-30,334700,friday,W,4,30,10,5,0,1,202267.85714285713,256987.5
Airport ATM,2015-10-31,217000,saturday,H,5,31,10,5,0,1,201407.14285714287,207887.5
Airport ATM,2015-11-01,329500,sunday,H,6,1,11,1,1,0,198817.85714285713,303475.0
Airport ATM,2015-11-02,501200,monday,W,0,2,11,1,1,0,208364.2857142857,188362.5
Airport ATM,2015-11-03,529000,tuesday,W,1,3,11,1,1,0,223703.57142857142,265887.5
Airport ATM,2015-11-04,520400,wednesday,W,2,4,11,1,0,0,240475.0,360987.5
Airport ATM,2015-11-05,531200,thursday,W,3,5,11,1,0,0,256450.0,323750.0
Airport ATM,2015-11-06,268600,friday,W,4,6,11,1,0,0,269210.71428571426,252362.5
Airport ATM,2015-11-07,755500,saturday,H,5,7,11,1,0,0,278382.14285714284,213187.5
Airport ATM,2015-11-08,292300,sunday,H,6,8,11,2,0,0,304235.71428571426,335912.5
Airport ATM,2015-11-11,256000,wednesday,W,2,11,11,2,0,0,305207.14285714284,354600.0
Airport ATM,2015-11-12,228100,thursday,W,3,12,11,2,0,0,296682.14285714284,310450.0
Airport ATM,2015-11-13,256300,friday,W,4,13,11,2,0,0,302632.14285714284,267712.5
Airport ATM,2015-11-14,542800,saturday,H,5,14,11,2,0,0,299446.4285714286,222775.0
Airport ATM,2015-11-15,221600,sunday,H,6,15,11,3,0,0,304878.5714285714,372900.0
Airport ATM,2015-11-16,25100,monday,W,0,16,11,3,0,0,304671.4285714286,196500.0
Airport ATM,2015-11-17,353300,tuesday,W,1,17,11,3,0,0,299757.14285714284,205287.5
Airport ATM,2015-11-18,190800,wednesday,W,2,18,11,3,0,0,312371.4285714286,341750.0
Airport ATM,2015-11-19,361800,thursday,W,3,19,11,3,0,0,319182.14285714284,273637.5
Airport ATM,2015-11-20,380400,friday,W,4,20,11,3,0,0,321978.5714285714,290787.5
Airport ATM,2015-11-21,507200,saturday,H,5,21,11,3,0,0,327835.71428571426,250925.0
Airport ATM,2015-11-22,103500,sunday,H,6,22,11,4,0,0,337210.71428571426,372962.5
Airport ATM,2015-11-23,126700,monday,H,0,23,11,4,0,0,330778.5714285714,173862.5
Airport ATM,2015-11-24,267800,tuesday,W,1,24,11,4,0,0,322178.5714285714,187275.0
Airport ATM,2015-11-25,207500,wednesday,W,2,25,11,4,0,0,328964.28571428574,325812.5
Airport ATM,2015-11-26,449400,thursday,W,3,26,11,4,0,0,328575.0,254725.0
Airport ATM,2015-11-27,414300,friday,W,4,27,11,4,0,0,328125.0,300262.5
Airport ATM,2015-11-28,505500,saturday,H,5,28,11,4,0,1,339989.28571428574,266525.0
Airport ATM,2015-11-29,118500,sunday,H,6,29,11,5,0,1,345625.0,402850.0
Airport ATM,2015-11-30,752500,monday,W,0,30,11,5,0,1,337903.5714285714,177175.0
Airport ATM,2015-12-01,218300,tuesday,W,1,1,12,1,1,0,357028.5714285714,218112.5
Airport ATM,2015-12-06,330800,sunday,H,6,6,12,1,0,0,353057.14285714284,422362.5
Airport ATM,2015-12-07,311500,monday,W,0,7,12,1,0,0,346971.4285714286,209562.5
Airport ATM,2015-12-08,922900,tuesday,W,1,8,12,2,0,0,339203.5714285714,249625.0
Airport ATM,2015-12-09,582400,wednesday,W,2,9,12,2,0,0,353578.5714285714,432037.5
Airport ATM,2015-12-10,553400,thursday,W,3,10,12,2,0,0,355407.14285714284,305787.5
Airport ATM,2015-12-11,616200,friday,W,4,11,12,2,0,0,365578.5714285714,367962.5
Airport ATM,2015-12-12,312500,saturday,H,5,12,12,2,0,0,360603.5714285714,339600.0
Airport ATM,2015-12-13,227900,sunday,H,6,13,12,2,0,0,361325.0,428287.5
Airport ATM,2015-12-14,404000,monday,W,0,14,12,2,0,0,360321.4285714286,176212.5
Airport ATM,2015-12-15,432200,tuesday,W,1,15,12,3,0,0,366603.5714285714,292437.5
Airport ATM,2015-12-16,230300,wednesday,W,2,16,12,3,0,0,372885.71428571426,442875.0
Airport ATM,2015-12-17,206100,thursday,W,3,17,12,3,0,0,361725.0,285737.5
Airport ATM,2015-12-18,383200,friday,W,4,18,12,3,0,0,361171.4285714286,365300.0
Airport ATM,2015-12-19,518900,saturday,H,5,19,12,3,0,0,373960.71428571426,367162.5
Airport ATM,2015-12-20,389700,sunday,H,6,20,12,3,0,0,379875.0,447212.5
Airport ATM,2015-12-21,352800,monday,W,0,21,12,3,0,0,386978.5714285714,224912.5
Airport ATM,2015-12-22,249800,tuesday,W,1,22,12,4,0,0,386657.14285714284,336525.0
Airport ATM,2015-12-23,543200,wednesday,W,2,23,12,4,0,0,381992.85714285716,438662.5
Airport ATM,2015-12-24,99400,thursday,W,3,24,12,4,0,0,383278.5714285714,326587.5
Airport ATM,2015-12-26,247400,saturday,H,5,26,12,4,0,0,383132.14285714284,344137.5
Airport ATM,2015-12-27,320300,sunday,H,6,27,12,4,0,0,387442.85714285716,451012.5
Airport ATM,2015-12-28,470600,monday,W,0,28,12,4,0,0,389317.85714285716,255225.0
Airport ATM,2015-12-29,290700,tuesday,W,1,29,12,5,0,1,398714.28571428574,368050.0
Airport ATM,2015-12-30,69600,wednesday,W,2,30,12,5,0,1,393046.4285714286,417250.0
Airport ATM,2015-12-31,76200,thursday,W,3,31,12,5,0,1,380735.71428571426,325025.0
Airport ATM,2016-01-01,25600,friday,H,4,1,1,1,1,0,365403.5714285714,344237.5
Airport ATM,2016-01-02,52000,saturday,H,5,2,1,1,1,0,362085.71428571426,305500.0
Airport ATM,2016-01-03,20000,sunday,H,6,3,1,1,1,0,337067.85714285716,363075.0
Airport ATM,2016-01-04,74400,monday,W,0,4,1,1,0,0,329985.71428571426,216537.5
Airport ATM,2016-01-05,117700,tuesday,W,1,5,1,1,0,0,320828.5714285714,314700.0
Airport ATM,2016-01-06,76700,wednesday,W,2,6,1,1,0,0,313907.14285714284,365837.5
Airport ATM,2016-01-07,69700,thursday,W,3,7,1,1,0,0,283685.71428571426,269562.5
Airport ATM,2016-01-08,53900,friday,W,4,8,1,2,0,0,265375.0,309487.5
Airport ATM,2016-01-09,407800,saturday,H,5,9,1,2,0,0,247535.7142857143,278662.5
Airport ATM,2016-01-10,221600,sunday,H,6,10,1,2,0,0,240092.85714285713,346200.0
Airport ATM,2016-01-11,343600,monday,W,0,11,1,2,0,0,236846.42857142858,216537.5
Airport ATM,2016-01-12,743700,tuesday,W,1,12,1,2,0,0,240978.57142857142,354512.5
Airport ATM,2016-01-13,385500,wednesday,W,2,13,1,2,0,0,253110.7142857143,422262.5
Airport ATM,2016-01-14,661300,thursday,W,3,14,1,2,0,0,251442.85714285713,285750.0
Airport ATM,2016-01-16,9700,saturday,H,5,16,1,3,0,0,266835.71428571426,329287.5
Airport ATM,2016-01-18,391400,monday,W,0,18,1,3,0,0,259821.42857142858,204812.5
Airport ATM,2016-01-19,125100,tuesday,W,1,19,1,3,0,0,260114.2857142857,387600.0
Airport ATM,2016-01-20,19100,wednesday,W,2,20,1,3,0,0,246050.0,393737.5
Airport ATM,2016-01-21,80200,thursday,W,3,21,1,3,0,0,232814.2857142857,264287.5
Airport ATM,2016-01-22,285100,friday,W,4,22,1,4,0,0,223078.57142857142,253112.5
Airport ATM,2016-01-23,212600,saturday,H,5,23,1,4,0,0,224339.2857142857,317375.0
Airport ATM,2016-01-24,81600,sunday,H,6,24,1,4,0,0,212532.14285714287,309375.0
Airport ATM,2016-01-25,330400,monday,W,0,25,1,4,0,0,211896.42857142858,200200.0
Airport ATM,2016-01-27,439500,wednesday,W,2,27,1,4,0,0,214860.7142857143,401562.5
Airport ATM,2016-01-28,314800,thursday,W,3,28,1,4,0,0,219117.85714285713,293287.5
Airport ATM,2016-01-29,411100,friday,W,4,29,1,5,0,1,213553.57142857142,263950.0
Airport ATM,2016-01-30,653900,saturday,H,5,30,1,5,0,1,217853.57142857142,316975.0
Airport ATM,2016-01-31,300900,sunday,H,6,31,1,5,0,1,238721.42857142858,327925.0
Airport ATM,2016-02-01,240600,monday,W,0,1,2,1,1,0,246746.42857142858,196462.5
Airport ATM,2016-02-02,391300,tuesday,W,1,2,2,1,1,0,254425.0,323612.5
Airport ATM,2016-02-03,293200,wednesday,W,2,3,2,1,1,0,266542.85714285716,335112.5
Airport ATM,2016-02-04,95400,thursday,W,3,4,2,1,0,0,276300.0,257137.5
Airport ATM,2016-02-05,284800,friday,W,4,5,2,1,0,0,277050.0,230650.0
Airport ATM,2016-02-06,65200,saturday,H,5,6,2,1,0,0,283017.85714285716,275550.0
Airport ATM,2016-02-07,58600,sunday,H,6,7,2,1,0,0,282607.14285714284,308787.5
Airport ATM,2016-02-08,256300,monday,W,0,8,2,2,0,0,282210.71428571426,175300.0
Airport ATM,2016-02-09,216100,tuesday,W,1,9,2,2,0,0,289439.28571428574,316712.5
Airport ATM,2016-02-10,172100,wednesday,W,2,10,2,2,0,0,282592.85714285716,308100.0
Airport ATM,2016-02-11,217700,thursday,W,3,11,2,2,0,0,280825.0,249862.5
Airport ATM,2016-02-12,18300,friday,W,4,12,2,2,0,0,276328.5714285714,201687.5
Airport ATM,2016-02-13,147800,saturday,H,5,13,2,2,0,0,250421.42857142858,229937.5
Airport ATM,2016-02-14,203100,sunday,H,6,14,2,2,0,0,241932.14285714287,288200.0
Airport ATM,2016-02-15,391500,monday,W,0,15,2,3,0,0,225567.85714285713,151975.0
Airport ATM,2016-02-16,588500,tuesday,W,1,16,2,3,0,0,239203.57142857142,315150.0
Airport ATM,2016-02-17,595100,wednesday,W,2,17,2,3,0,0,246242.85714285713,350437.5
Airport ATM,2016-02-18,593100,thursday,W,3,18,2,3,0,0,263028.5714285714,256350.0
Airport ATM,2016-02-19,517600,friday,W,4,19,2,3,0,0,283528.5714285714,206650.0
Airport ATM,2016-02-20,407800,saturday,H,5,20,2,3,0,0,299150.0,282212.5
Airport ATM,2016-02-21,331000,sunday,H,6,21,2,3,0,0,303532.14285714284,274312.5
Airport ATM,2016-02-22,202500,monday,W,0,22,2,4,0,0,307760.71428571426,153312.5
Airport ATM,2016-02-23,120900,tuesday,W,1,23,2,4,0,0,312078.5714285714,296362.5
Airport ATM,2016-02-24,228600,wednesday,W,2,24,2,4,0,0,304596.4285714286,329212.5
Airport ATM,2016-02-25,209200,thursday,W,3,25,2,4,0,0,297064.28571428574,276225.0
Airport ATM,2016-02-26,229900,friday,W,4,26,2,4,0,0,293292.85714285716,207037.5
Airport ATM,2016-02-27,323300,saturday,H,5,27,2,4,0,1,286821.4285714286,307750.0
Airport ATM,2016-02-28,493500,sunday,H,6,28,2,4,0,1,275014.28571428574,283800.0
Airport ATM,2016-02-29,744100,monday,W,0,29,2,5,0,1,281892.85714285716,212500.0
Airport ATM,2016-03-01,249000,tuesday,W,1,1,3,1,1,0,299875.0,330550.0
Airport ATM,2016-03-02,215100,wednesday,W,2,2,3,1,1,0,294792.85714285716,345625.0
Airport ATM,2016-03-03,443800,thursday,W,3,3,3,1,1,0,292003.5714285714,293525.0
Airport ATM,2016-03-04,348600,friday,W,4,4,3,1,0,0,304446.4285714286,252987.5
Airport ATM,2016-03-05,583000,saturday,H,5,5,3,1,0,0,306725.0,344587.5
Airport ATM,2016-03-06,489400,sunday,H,6,6,3,1,0,0,325217.85714285716,350175.0
Airport ATM,2016-03-07,699100,monday,W,0,7,3,1,0,0,340603.5714285714,245975.0
Airport ATM,2016-03-08,355300,tuesday,W,1,8,3,2,0,0,356417.85714285716,408637.5
Airport ATM,2016-03-09,523600,wednesday,W,2,9,3,2,0,0,361389.28571428574,297075.0
Airport ATM,2016-03-10,408900,thursday,W,3,10,3,2,0,0,373942.85714285716,310787.5
Airport ATM,2016-03-11,468000,friday,W,4,11,3,2,0,0,380771.4285714286,295387.5
Airport ATM,2016-03-12,566600,saturday,H,5,12,3,2,0,0,396832.14285714284,320425.0
Airport ATM,2016-03-13,268300,sunday,H,6,13,3,2,0,0,411789.28571428574,370025.0
Airport ATM,2016-03-14,214500,monday,W,0,14,3,2,0,0,414117.85714285716,278300.0
Airport ATM,2016-03-15,143700,tuesday,W,1,15,3,3,0,0,407796.4285714286,392500.0
Airport ATM,2016-03-16,400400,wednesday,W,2,16,3,3,0,0,391910.71428571426,299400.0
Airport ATM,2016-03-17,498900,thursday,W,3,17,3,3,0,0,384957.14285714284,358450.0
Airport ATM,2016-03-18,608700,friday,W,4,18,3,3,0,0,381592.85714285716,347725.0
Airport ATM,2016-03-19,141800,saturday,H,5,19,3,3,0,0,384846.4285714286,360875.0
Airport ATM,2016-03-20,221200,sunday,H,6,20,3,3,0,0,375346.4285714286,361175.0
Airport ATM,2016-03-21,328800,monday,W,0,21,3,3,0,0,371425.0,295750.0
Airport ATM,2016-03-22,267800,tuesday,W,1,22,3,4,0,0,375935.71428571426,384675.0
Airport ATM,2016-03-23,416000,wednesday,W,2,23,3,4,0,0,381182.14285714284,291575.0
Airport ATM,2016-03-24,240200,thursday,W,3,24,3,4,0,0,387875.0,355512.5
Airport ATM,2016-03-26,124800,saturday,H,5,26,3,4,0,0,388982.14285714284,339512.5
Airport ATM,2016-03-27,96700,sunday,H,6,27,3,4,0,0,385228.5714285714,295037.5
Airport ATM,2016-03-28,330000,monday,W,0,28,3,4,0,0,377135.71428571426,270225.0
Airport ATM,2016-03-29,191400,tuesday,W,1,29,3,5,0,1,371296.4285714286,395850.0
Airport ATM,2016-03-30,380400,wednesday,W,2,30,3,5,0,1,351557.14285714284,266587.5
Airport ATM,2016-03-31,690000,thursday,W,3,31,3,5,0,1,356250.0,366412.5
Airport ATM,2016-04-01,104900,friday,W,4,1,4,1,1,0,373210.71428571426,394625.0
Airport ATM,2016-04-02,79600,saturday,H,5,2,4,1,1,0,361107.14285714284,317025.0
Airport ATM,2016-04-03,307200,sunday,H,6,3,4,1,1,0,351500.0,296837.5
Airport ATM,2016-04-04,288400,monday,W,0,4,4,1,0,0,341650.0,301300.0
Airport ATM,2016-04-05,182800,tuesday,W,1,5,4,1,0,0,334471.4285714286,399862.5
Airport ATM,2016-04-06,499600,wednesday,W,2,6,4,1,0,0,316032.14285714284,262425.0
Airport ATM,2016-04-07,243800,thursday,W,3,7,4,1,0,0,321185.71428571426,407350.0
Airport ATM,2016-04-08,120200,friday,H,4,8,4,2,0,0,311192.85714285716,413175.0
Airport ATM,2016-04-09,856100,saturday,H,5,9,4,2,0,0,300882.14285714284,329762.5
Airport ATM,2016-04-10,281700,sunday,H,6,10,4,2,0,0,314742.85714285716,385375.0
Airport ATM,2016-04-11,177700,monday,W,0,11,4,2,0,0,304567.85714285716,311125.0
Airport ATM,2016-04-12,332100,tuesday,W,1,12,4,2,0,0,301332.14285714284,373137.5
Airport ATM,2016-04-13,475800,wednesday,W,2,13,4,2,0,0,305532.14285714284,230375.0
Airport ATM,2016-04-15,96800,friday,W,4,15,4,3,0,0,317392.85714285716,445437.5
Airport ATM,2016-04-16,405900,saturday,H,5,16,4,3,0,0,306550.0,277162.5
Airport ATM,2016-04-17,302400,sunday,H,6,17,4,3,0,0,303228.5714285714,385137.5
Airport ATM,2016-04-18,441700,monday,W,0,18,4,3,0,0,292289.28571428574,307550.0
Airport ATM,2016-04-19,405200,tuesday,H,1,19,4,3,0,0,303000.0,403037.5
Airport ATM,2016-04-20,203400,wednesday,W,2,20,4,3,0,0,309571.4285714286,265912.5
Airport ATM,2016-04-25,140700,monday,W,0,25,4,4,0,0,305092.85714285716,271287.5
Airport ATM,2016-04-26,238400,tuesday,W,1,26,4,4,0,0,300553.5714285714,327612.5
Airport ATM,2016-04-27,155900,wednesday,W,2,27,4,4,0,0,294210.71428571426,264587.5
Airport ATM,2016-04-28,425600,thursday,W,3,28,4,4,0,1,291200.0,352450.0
Airport ATM,2016-04-29,233700,friday,W,4,29,4,5,0,1,301942.85714285716,424500.0
Airport ATM,2016-04-30,284700,saturday,H,5,30,4,5,0,1,306835.71428571426,277637.5
Airport ATM,2016-05-02,137800,monday,W,0,2,5,1,1,0,305217.85714285716,245700.0
Airport ATM,2016-05-03,46800,tuesday,W,1,3,5,1,1,0,303303.5714285714,257450.0
Airport ATM,2016-05-04,281800,wednesday,W,2,4,5,1,0,0,291389.28571428574,226025.0
Airport ATM,2016-05-05,164900,thursday,W,3,5,5,1,0,0,276810.71428571426,359100.0
Airport ATM,2016-05-06,69300,friday,W,4,6,5,1,0,0,278953.5714285714,418962.5
Airport ATM,2016-05-07,626400,saturday,H,5,7,5,1,0,0,278585.71428571426,242725.0
Airport ATM,2016-05-08,432900,sunday,H,6,8,5,2,0,0,289985.71428571426,423025.0
Airport ATM,2016-05-09,411700,monday,W,0,9,5,2,0,0,295146.4285714286,266275.0
Airport ATM,2016-05-10,228600,tuesday,W,1,10,5,2,0,0,303321.4285714286,282100.0
Airport ATM,2016-05-11,365900,wednesday,W,2,11,5,2,0,0,293642.85714285716,236637.5
Airport ATM,2016-05-12,322400,thursday,W,3,12,5,2,0,0,298003.5714285714,377950.0
Airport ATM,2016-05-13,184600,friday,W,4,13,5,2,0,0,305225.0,403787.5
Airport ATM,2016-05-14,80300,saturday,H,5,14,5,2,0,0,281242.85714285716,207300.0
Airport ATM,2016-05-17,51700,tuesday,W,1,17,5,3,0,0,274050.0,251037.5
Airport ATM,2016-05-18,218300,wednesday,W,2,18,5,3,0,0,269550.0,209625.0
Airport ATM,2016-05-19,83800,thursday,W,3,19,5,3,0,0,265485.71428571426,339787.5
Airport ATM,2016-05-20,115300,friday,W,4,20,5,3,0,0,251485.7142857143,363150.0
Airport ATM,2016-05-21,198200,saturday,H,5,21,5,3,0,0,252146.42857142858,145625.0
Airport ATM,2016-05-22,90500,sunday,H,6,22,5,4,0,0,244728.57142857142,374925.0
Airport ATM,2016-05-30,80500,monday,W,0,30,5,5,0,1,237160.7142857143,249937.5
Airport ATM,2016-06-03,2600,friday,W,4,3,6,1,1,0,224260.7142857143,310850.0
Airport ATM,2016-06-06,21900,monday,W,0,6,6,1,0,0,209882.14285714287,238175.0
Airport ATM,2016-06-10,127100,friday,W,4,10,6,2,0,0,203400.0,227337.5
Airport ATM,2016-06-11,524800,saturday,H,5,11,6,2,0,0,202914.2857142857,131487.5
Airport ATM,2016-06-12,152300,sunday,H,6,12,6,2,0,0,213142.85714285713,369700.0
Airport ATM,2016-06-13,220200,monday,W,0,13,6,2,0,0,213014.2857142857,218812.5
Airport ATM,2016-06-14,301600,tuesday,W,1,14,6,2,0,0,205678.57142857142,237312.5
Airport ATM,2016-06-15,276800,wednesday,W,2,15,6,3,0,0,208103.57142857142,223400.0
Airport ATM,2016-06-16,387600,thursday,W,3,16,6,3,0,0,207821.42857142858,324337.5
Airport ATM,2016-06-17,267300,friday,W,4,17,6,3,0,0,216742.85714285713,245312.5
Airport ATM,2016-06-18,317000,saturday,H,5,18,6,3,0,0,224617.85714285713,151787.5
Airport ATM,2016-06-19,311600,sunday,H,6,19,6,3,0,0,225875.0,391600.0
Airport ATM,2016-06-20,457200,monday,W,0,20,6,3,0,0,231114.2857142857,222550.0
Airport ATM,2016-06-21,194900,tuesday,W,1,21,6,3,0,0,244967.85714285713,258412.5
Airport ATM,2016-06-22,120600,wednesday,W,2,22,6,4,0,0,229557.14285714287,224912.5
Airport ATM,2016-06-23,187500,thursday,W,3,23,6,4,0,0,218403.57142857142,287412.5
Airport ATM,2016-06-24,217800,friday,W,4,24,6,4,0,0,210396.42857142858,209275.0
Airport ATM,2016-06-25,230400,saturday,H,5,25,6,4,0,0,210010.7142857143,163987.5
Airport ATM,2016-06-26,170700,sunday,H,6,26,6,4,0,0,205171.42857142858,404800.0
Airport ATM,2016-06-27,688600,monday,W,0,27,6,4,0,0,199753.57142857142,206087.5
Airport ATM,2016-06-28,148300,tuesday,W,1,28,6,4,0,1,217753.57142857142,322275.0
Airport ATM,2016-06-29,211200,wednesday,W,2,29,6,5,0,1,220182.14285714287,201937.5
Airport ATM,2016-06-30,561300,thursday,W,3,30,6,5,0,1,225878.57142857142,266262.5
Airport ATM,2016-07-01,369700,friday,W,4,1,7,1,1,0,238128.57142857142,226237.5
Airport ATM,2016-07-02,175400,saturday,H,5,2,7,1,1,0,248339.2857142857,198100.0
Airport ATM,2016-07-03,244300,sunday,H,6,3,7,1,1,0,250485.7142857143,416775.0
Airport ATM,2016-07-04,395600,monday,W,0,4,7,1,0,0,252132.14285714287,211200.0
Airport ATM,2016-07-05,151000,tuesday,W,1,5,7,1,0,0,263028.5714285714,316512.5
Airport ATM,2016-07-06,332300,wednesday,W,2,6,7,1,0,0,265546.4285714286,170162.5
Airport ATM,2016-07-08,240200,friday,W,4,8,7,2,0,0,277321.4285714286,247162.5
Airport ATM,2016-07-09,448300,saturday,H,5,9,7,2,0,0,285117.85714285716,198912.5
Airport ATM,2016-07-10,107900,sunday,H,6,10,7,2,0,0,296589.28571428574,365800.0
Airport ATM,2016-07-18,159300,monday,W,0,18,7,3,0,0,281700.0,189100.0
Airport ATM,2016-07-19,431800,tuesday,W,1,19,7,3,0,0,281950.0,318837.5
Airport ATM,2016-07-20,308700,wednesday,W,2,20,7,3,0,0,289507.14285714284,194337.5
Airport ATM,2016-07-21,19700,thursday,W,3,21,7,3,0,0,289760.71428571426,242400.0
Airport ATM,2016-07-22,300100,friday,W,4,22,7,4,0,0,280578.5714285714,209325.0
Airport ATM,2016-07-23,378200,saturday,H,5,23,7,4,0,0,277453.5714285714,227762.5
Airport ATM,2016-07-24,81500,sunday,H,6,24,7,4,0,0,281414.28571428574,362337.5
Airport ATM,2016-07-25,356700,monday,W,0,25,7,4,0,0,273003.5714285714,145175.0
Airport ATM,2016-07-26,270800,tuesday,W,1,26,7,4,0,0,274614.28571428574,346200.0
Airport ATM,2016-07-27,395200,wednesday,W,2,27,7,4,0,0,267957.14285714284,222337.5
Airport ATM,2016-07-28,308700,thursday,W,3,28,7,4,0,0,275110.71428571426,272312.5
Airport ATM,2016-07-29,336900,friday,W,4,29,7,5,0,1,281828.5714285714,237437.5
Airport ATM,2016-07-30,204600,saturday,H,5,30,7,5,0,1,287164.28571428574,246800.0
Airport ATM,2016-08-05,19300,friday,W,4,5,8,1,0,0,286692.85714285716,252950.0
Airport ATM,2016-08-06,577600,saturday,H,5,6,8,1,0,0,279153.5714285714,234800.0
Airport ATM,2016-08-07,150800,sunday,H,6,7,8,1,0,0,293685.71428571426,356237.5
Airport ATM,2016-08-08,172600,monday,W,0,8,8,2,0,0,274478.5714285714,152712.5
Airport ATM,2016-08-09,141100,tuesday,W,1,9,8,2,0,0,275346.4285714286,316312.5
Airport ATM,2016-08-10,281300,wednesday,W,2,10,8,2,0,0,272842.85714285716,211400.0
Airport ATM,2016-08-13,162400,saturday,H,5,13,8,2,0,0,262842.85714285716,254075.0
Airport ATM,2016-08-14,206800,sunday,H,6,14,8,2,0,0,255439.2857142857,351762.5
Airport ATM,2016-08-15,200500,monday,H,0,15,8,3,0,0,256560.7142857143,178237.5
Airport ATM,2016-08-16,388300,tuesday,W,1,16,8,3,0,0,254996.42857142858,331337.5
Airport ATM,2016-08-17,502000,wednesday,W,2,17,8,3,0,0,254735.7142857143,253475.0
Airport ATM,2016-08-18,426000,thursday,W,3,18,8,3,0,0,267271.4285714286,299837.5
Airport ATM,2016-08-19,265300,friday,W,4,19,8,3,0,0,270617.85714285716,303462.5
Airport ATM,2016-08-20,397100,saturday,H,5,20,8,3,0,0,271514.28571428574,253825.0
Airport ATM,2016-08-22,500,monday,W,0,22,8,4,0,0,269685.71428571426,208837.5
Airport ATM,2016-08-23,344200,tuesday,W,1,23,8,4,0,0,265850.0,303875.0
Airport ATM,2016-08-24,450100,wednesday,W,2,24,8,4,0,0,272453.5714285714,258800.0
Airport ATM,2016-08-25,206400,thursday,H,3,25,8,4,0,0,273107.14285714284,310362.5
Airport ATM,2016-08-26,395300,friday,W,4,26,8,4,0,0,269453.5714285714,280812.5
Airport ATM,2016-08-27,550900,saturday,H,5,27,8,4,0,0,282867.85714285716,276012.5
Airport ATM,2016-08-28,327500,sunday,H,6,28,8,4,0,0,291825.0,355025.0
Airport ATM,2016-08-29,28600,monday,W,0,29,8,5,0,1,290014.28571428574,210825.0
Airport ATM,2016-09-01,270500,thursday,W,3,1,9,1,1,0,288125.0,286650.0
Airport ATM,2016-09-02,241600,friday,W,4,2,9,1,1,0,285046.4285714286,291187.5
Airport ATM,2016-09-07,2200,wednesday,W,2,7,9,1,0,0,284003.5714285714,264637.5
Airport ATM,2016-09-08,132900,thursday,W,3,8,9,2,0,0,269967.85714285716,252325.0
Airport ATM,2016-09-09,3000,friday,W,4,9,9,2,0,0,263689.28571428574,237637.5
Airport ATM,2016-09-14,4000,wednesday,W,2,14,9,2,0,0,251764.2857142857,246475.0
Airport ATM,2016-09-16,25500,friday,W,4,16,9,3,0,0,244600.0,196600.0
Airport ATM,2016-09-17,276000,saturday,H,5,17,9,3,0,0,244821.42857142858,232987.5
Airport ATM,2016-09-18,138000,sunday,H,6,18,9,3,0,0,234050.0,349900.0
Airport ATM,2016-09-19,205300,monday,W,0,19,9,3,0,0,233592.85714285713,206737.5
Airport ATM,2016-09-20,841200,tuesday,W,1,20,9,3,0,0,234760.7142857143,272387.5
Airport ATM,2016-09-21,491500,wednesday,W,2,21,9,3,0,0,259764.2857142857,332750.0
Airport ATM,2016-09-22,427400,thursday,W,3,22,9,4,0,0,267271.4285714286,298687.5
Airport ATM,2016-09-23,512900,friday,W,4,23,9,4,0,0,276735.71428571426,247562.5
Airport ATM,2016-09-24,439000,saturday,H,5,24,9,4,0,0,287667.85714285716,267075.0
Airport ATM,2016-09-25,129900,sunday,H,6,25,9,4,0,0,296185.71428571426,375975.0
Airport ATM,2016-09-26,539100,monday,W,0,26,9,4,0,0,286957.14285714284,192437.5
Airport ATM,2016-09-27,547400,tuesday,W,1,27,9,4,0,0,288282.14285714284,253700.0
Airport ATM,2016-09-28,645400,wednesday,W,2,28,9,4,0,1,292617.85714285716,347200.0
Airport ATM,2016-09-29,96100,thursday,W,3,29,9,5,0,1,306192.85714285716,352962.5
Airport ATM,2016-09-30,282900,friday,W,4,30,9,5,0,1,295442.85714285716,220987.5
Airport ATM,2016-10-01,374400,saturday,H,5,1,10,1,1,0,305528.5714285714,264925.0
Airport ATM,2016-10-02,262500,sunday,H,6,2,10,1,1,0,306607.14285714284,400850.0
Airport ATM,2016-10-03,315400,monday,W,0,3,10,1,1,0,299907.14285714284,211762.5
Airport ATM,2016-10-04,475400,tuesday,W,1,4,10,1,0,0,303800.0,243675.0
Airport ATM,2016-10-06,464500,thursday,W,3,6,10,1,0,0,306660.71428571426,373800.0
Airport ATM,2016-10-07,555600,friday,W,4,7,10,1,0,0,303575.0,253475.0
Airport ATM,2016-10-08,529900,saturday,H,5,8,10,2,0,0,311721.4285714286,292262.5
Airport ATM,2016-10-09,304500,sunday,H,6,9,10,2,0,0,329625.0,411050.0
Airport ATM,2016-10-10,309100,monday,H,0,10,10,2,0,0,330839.28571428574,239637.5
Airport ATM,2016-10-12,10000,wednesday,H,2,12,10,2,0,0,333250.0,351987.5
Airport ATM,2016-10-13,309400,thursday,W,3,13,10,2,0,0,333528.5714285714,325650.0
Airport ATM,2016-10-14,297400,friday,W,4,14,10,2,0,0,339832.14285714284,238900.0
Airport ATM,2016-10-15,298000,saturday,H,5,15,10,3,0,0,350346.4285714286,327025.0
Airport ATM,2016-10-16,386900,sunday,H,6,16,10,3,0,0,360846.4285714286,401025.0
Airport ATM,2016-10-17,292900,monday,W,0,17,10,3,0,0,373753.5714285714,269150.0
Airport ATM,2016-10-18,565000,tuesday,W,1,18,10,3,0,0,374357.14285714284,260375.0
Airport ATM,2016-10-19,412500,wednesday,W,2,19,10,3,0,0,389607.14285714284,404975.0
Airport ATM,2016-10-20,619600,thursday,W,3,20,10,3,0,0,397007.14285714284,314462.5
Airport ATM,2016-10-21,666000,friday,W,4,21,10,3,0,0,389092.85714285716,290550.0
Airport ATM,2016-10-22,124500,saturday,H,5,22,10,4,0,0,395325.0,375112.5
Airport ATM,2016-10-23,382800,sunday,H,6,23,10,4,0,0,384507.14285714284,344387.5
Airport ATM,2016-10-24,498800,monday,W,0,24,10,4,0,0,379860.71428571426,291150.0
Airport ATM,2016-10-25,505000,tuesday,W,1,25,10,4,0,0,381996.4285714286,278137.5
Airport ATM,2016-10-26,215100,wednesday,W,2,26,10,4,0,0,395392.85714285716,419562.5
Airport ATM,2016-10-27,308900,thursday,W,3,27,10,4,0,0,383821.4285714286,285087.5
Airport ATM,2016-10-28,100700,friday,W,4,28,10,4,0,0,375303.5714285714,295350.0
Airport ATM,2016-10-30,182800,sunday,H,6,30,10,5,0,1,355850.0,336675.0
Airport ATM,2016-11-07,51700,monday,W,0,7,11,1,0,0,358946.4285714286,264362.5
Airport ATM,2016-11-08,77300,tuesday,W,1,8,11,2,0,0,350689.28571428574,263025.0
Airport ATM,2016-11-17,1300,thursday,W,3,17,11,3,0,0,340078.5714285714,291175.0
Airport ATM,2016-11-18,4500,friday,W,4,18,11,3,0,0,330750.0,278900.0
Airport ATM,2016-11-19,100,saturday,H,5,19,11,3,0,0,319646.4285714286,342512.5
Airport ATM,2016-11-21,1800,monday,W,0,21,11,3,0,0,302671.4285714286,223437.5
Airport ATM,2016-11-22,1700,tuesday,W,1,22,11,4,0,0,286146.4285714286,238187.5
Airport ATM,2016-11-23,1000,wednesday,W,2,23,11,4,0,0,266364.28571428574,376750.0
Airport ATM,2016-11-24,200,thursday,W,3,24,11,4,0,0,247475.0,291025.0
Airport ATM,2016-11-25,8400,friday,W,4,25,11,4,0,0,236607.14285714287,278425.0
Airport ATM,2016-11-26,2100,saturday,H,5,26,11,4,0,0,225867.85714285713,294150.0
Airport ATM,2016-11-27,2500,sunday,H,6,27,11,4,0,0,225585.7142857143,268075.0
Airport ATM,2016-11-28,3100,monday,W,0,28,11,4,0,1,214625.0,206500.0
Airport ATM,2016-11-29,200,tuesday,W,1,29,11,5,0,1,204114.2857142857,238512.5
Airport ATM,2016-12-01,6500,thursday,W,3,1,12,1,1,0,193478.57142857142,229612.5
Airport ATM,2016-12-07,9400,wednesday,W,2,7,12,1,0,0,179892.85714285713,347362.5
Airport ATM,2016-12-08,24000,thursday,W,3,8,12,2,0,0,169767.85714285713,150112.5
Airport ATM,2017-01-09,2600,monday,W,0,9,1,2,0,0,150446.42857142858,193262.5
Airport ATM,2017-01-11,241400,wednesday,W,2,11,1,2,0,0,135807.14285714287,347312.5
Airport ATM,2017-01-12,134600,thursday,W,3,12,1,2,0,0,122300.0,120862.5
Airport ATM,2017-01-13,101400,friday,W,4,13,1,2,0,0,103321.42857142857,241825.0
Airport ATM,2017-01-14,104500,saturday,H,5,14,1,2,0,0,102496.42857142857,303637.5
Airport ATM,2017-01-15,30000,sunday,H,6,15,1,3,0,0,92557.14285714286,246637.5
Airport ATM,2017-01-16,74100,monday,H,0,16,1,3,0,0,75814.28571428571,164200.0
Airport ATM,2017-01-17,350600,tuesday,W,1,17,1,3,0,0,60425.0,222112.5
Airport ATM,2017-01-18,353300,wednesday,W,2,18,1,3,0,0,65264.28571428572,285987.5
Airport ATM,2017-01-19,75300,thursday,W,3,19,1,3,0,0,66850.0,163775.0
Airport ATM,2017-01-20,296600,friday,W,4,20,1,3,0,0,65942.85714285714,239225.0
Airport ATM,2017-01-21,69800,saturday,H,5,21,1,3,0,0,70007.14285714286,276600.0
Airport ATM,2017-01-22,5000,sunday,H,6,22,1,4,0,0,70653.57142857143,200487.5
Airport ATM,2017-01-23,21700,monday,W,0,23,1,4,0,0,68071.42857142857,126762.5
Airport ATM,2017-01-24,20300,tuesday,W,1,24,1,4,0,0,68800.0,157437.5
Airport ATM,2017-01-25,168700,wednesday,W,2,25,1,4,0,0,69364.28571428571,220100.0
Airport ATM,2017-01-26,88200,thursday,H,3,26,1,4,0,0,75385.71428571429,133300.0
Airport ATM,2017-01-27,276400,friday,W,4,27,1,4,0,0,78471.42857142857,192187.5
Airport ATM,2017-01-28,374200,saturday,H,5,28,1,4,0,0,88282.14285714286,275787.5
Airport ATM,2017-01-29,119900,sunday,H,6,29,1,5,0,1,101610.71428571429,200462.5
Airport ATM,2017-01-30,48800,monday,W,0,30,1,5,0,1,105885.71428571429,93387.5
Airport ATM,2017-01-31,331600,tuesday,W,1,31,1,5,0,1,107328.57142857143,124112.5
Airport ATM,2017-02-01,339000,wednesday,W,2,1,2,1,1,0,119096.42857142857,222912.5
Airport ATM,2017-02-02,135000,thursday,W,3,2,2,1,1,0,131114.2857142857,148787.5
Airport ATM,2017-02-03,132200,friday,W,4,3,2,1,1,0,135825.0,170387.5
Airport ATM,2017-02-04,141700,saturday,H,5,4,2,1,0,0,140539.2857142857,222862.5
Airport ATM,2017-02-05,97900,sunday,H,6,5,2,1,0,0,145367.85714285713,151937.5
Airport ATM,2017-02-06,31100,monday,W,0,6,2,1,0,0,148528.57142857142,57775.0
Airport ATM,2017-02-07,179300,tuesday,W,1,7,2,1,0,0,148782.14285714287,91387.5
Airport ATM,2017-02-08,382500,wednesday,W,2,8,2,2,0,0,155092.85714285713,174700.0
Airport ATM,2017-02-09,155900,thursday,W,3,9,2,2,0,0,160132.14285714287,186937.5
Airport ATM,2017-02-10,600,friday,W,4,10,2,2,0,0,160892.85714285713,112425.0
Airport ATM,2017-02-14,166100,tuesday,W,1,14,2,2,0,0,157292.85714285713,29112.5
Airport ATM,2017-02-15,253400,wednesday,W,2,15,2,3,0,0,159492.85714285713,132337.5
Airport ATM,2017-02-16,101600,thursday,W,3,16,2,3,0,0,167471.42857142858,218487.5
Airport ATM,2017-02-18,4800,saturday,H,5,18,2,3,0,0,168453.57142857142,198387.5
Airport ATM,2017-02-19,4500,sunday,H,6,19,2,3,0,0,156103.57142857142,115287.5
Airport ATM,2017-02-20,259300,monday,W,0,20,2,3,0,0,143646.42857142858,35487.5
Airport ATM,2017-02-21,571800,tuesday,W,1,21,2,3,0,0,150217.85714285713,55062.5
Airport ATM,2017-02-22,537400,wednesday,W,2,22,2,4,0,0,160046.42857142858,203600.0
Airport ATM,2017-02-23,243800,thursday,W,3,23,2,4,0,0,176746.42857142858,285637.5
Airport ATM,2017-02-24,181000,friday,W,4,24,2,4,0,0,185275.0,104287.5
Airport ATM,2017-02-25,60900,saturday,H,5,25,2,4,0,0,190964.2857142857,137762.5
Airport ATM,2017-02-27,4000,monday,W,0,27,2,4,0,1,192414.2857142857,43087.5
Airport ATM,2017-02-28,24000,tuesday,W,1,28,2,4,0,1,186532.14285714287,55337.5
Airport ATM,2017-03-01,23300,wednesday,W,2,1,3,1,1,0,184239.2857142857,205787.5
Airport ATM,2017-03-02,3000,thursday,W,3,2,3,1,1,0,175200.0,287375.0
Airport ATM,2017-03-03,18300,friday,W,4,3,3,1,1,0,161942.85714285713,104500.0
Airport ATM,2017-03-04,151800,saturday,H,5,4,3,1,0,0,158314.2857142857,139487.5
Airport ATM,2017-03-05,573300,sunday,H,6,5,3,1,0,0,161992.85714285713,118700.0
Airport ATM,2017-03-06,249100,monday,W,0,6,3,1,0,0,170625.0,114437.5
Airport ATM,2017-03-07,10600,tuesday,W,1,7,3,1,0,0,167414.2857142857,86087.5
Airport ATM,2017-03-14,86400,tuesday,W,1,14,3,2,0,0,162971.42857142858,78150.0
Airport ATM,2017-03-15,597700,wednesday,W,2,15,3,3,0,0,161335.7142857143,216262.5
Airport ATM,2017-03-16,235500,thursday,W,3,16,3,3,0,0,177621.42857142858,331912.5
Airport ATM,2017-03-17,684400,friday,W,4,17,3,3,0,0,182535.7142857143,133912.5
Airport ATM,2017-03-18,530900,saturday,H,5,18,3,3,0,0,205867.85714285713,223987.5
Airport ATM,2017-03-20,141800,monday,W,0,20,3,3,0,0,218425.0,177800.0
Airport ATM,2017-03-21,141300,tuesday,W,1,21,3,3,0,0,209828.57142857142,93162.5
Airport ATM,2017-03-22,189400,wednesday,W,2,22,3,4,0,0,209307.14285714287,190100.0
Airport ATM,2017-03-23,329900,thursday,W,3,23,3,4,0,0,216050.0,311425.0
Airport ATM,2017-03-24,400700,friday,W,4,24,3,4,0,0,221900.0,158325.0
Airport ATM,2017-03-25,341800,saturday,H,5,25,3,4,0,0,227160.7142857143,261400.0
Airport ATM,2017-03-26,76700,sunday,H,6,26,3,4,0,0,235739.2857142857,148837.5
Airport ATM,2017-03-27,51600,monday,W,0,27,3,4,0,0,238307.14285714287,183637.5
Airport ATM,2017-04-03,353300,monday,W,0,3,4,1,1,0,239989.2857142857,189462.5
Airport ATM,2017-04-04,351000,tuesday,W,1,4,4,1,0,0,243346.42857142858,131225.0
Airport ATM,2017-04-05,567900,wednesday,W,2,5,4,1,0,0,235460.7142857143,231437.5
Airport ATM,2017-04-06,170500,thursday,W,3,6,4,1,0,0,236550.0,361325.0
Airport ATM,2017-04-07,308600,friday,W,4,7,4,1,0,0,233932.14285714287,170225.0
Airport ATM,2017-04-08,348900,saturday,H,5,8,4,2,0,0,238489.2857142857,262900.0
Airport ATM,2017-04-09,323800,sunday,H,6,9,4,2,0,0,248775.0,192187.5
Airport ATM,2017-04-10,667300,monday,W,0,10,4,2,0,0,260196.42857142858,214950.0
Airport ATM,2017-04-11,530100,tuesday,W,1,11,4,2,0,0,283171.4285714286,210750.0
Airport ATM,2017-04-12,212100,wednesday,W,2,12,4,2,0,0,301271.4285714286,256250.0
Airport ATM,2017-04-13,442400,thursday,W,3,13,4,2,0,0,308739.28571428574,345462.5
Airport ATM,2017-04-14,47700,friday,H,4,14,4,2,0,0,323885.71428571426,214500.0
Airport ATM,2017-04-15,336100,saturday,H,5,15,4,3,0,0,320167.85714285716,234312.5
Airport ATM,2017-04-16,410700,sunday,H,6,16,4,3,0,0,311696.4285714286,221137.5
Airport ATM,2017-04-17,17600,monday,W,0,17,4,3,0,0,317467.85714285716,254050.0
Airport ATM,2017-04-26,38700,wednesday,W,2,26,4,4,0,0,317717.85714285716,236037.5
Airport ATM,2017-04-27,208200,thursday,W,3,27,4,4,0,0,316014.28571428574,302487.5
Airport ATM,2017-05-02,84200,tuesday,W,1,2,5,1,1,0,302103.5714285714,236700.0
Airport ATM,2017-05-03,324400,wednesday,W,2,3,5,1,1,0,296700.0,225800.0
Airport ATM,2017-05-04,284200,thursday,W,3,4,5,1,0,0,283842.85714285716,311362.5
Airport ATM,2017-05-05,385700,friday,W,4,5,5,1,0,0,275032.14285714284,233150.0
Airport ATM,2017-05-06,113000,saturday,H,5,6,5,1,0,0,283742.85714285716,266000.0
Airport ATM,2017-05-07,200800,sunday,H,6,7,5,1,0,0,282732.14285714284,226537.5
Airport ATM,2017-05-08,523700,monday,W,0,8,5,2,0,0,283139.28571428574,278587.5
Airport ATM,2017-05-09,767900,tuesday,W,1,9,5,2,0,0,290060.71428571426,269750.0
Airport ATM,2017-05-10,762200,wednesday,W,2,10,5,2,0,0,303175.0,250312.5
Airport ATM,2017-05-11,651800,thursday,W,3,11,5,2,0,0,318189.28571428574,339462.5
Airport ATM,2017-05-12,492000,friday,W,4,12,5,2,0,0,338728.5714285714,295137.5
Airport ATM,2017-05-13,416300,saturday,H,5,13,5,2,0,0,354457.14285714284,314800.0
Airport ATM,2017-05-15,189000,monday,W,0,15,5,3,0,0,356707.14285714284,323012.5
Airport ATM,2017-05-18,119500,thursday,W,3,18,5,3,0,0,350921.4285714286,360175.0
Airport ATM,2017-05-20,48600,saturday,H,5,20,5,3,0,0,334907.14285714284,307112.5
Airport ATM,2017-05-21,195300,sunday,H,6,21,5,3,0,0,330553.5714285714,185837.5
Airport ATM,2017-05-22,143700,monday,W,0,22,5,4,0,0,326507.14285714284,275762.5
Airport ATM,2017-05-23,429900,tuesday,W,1,23,5,4,0,0,319178.5714285714,287212.5
Airport ATM,2017-05-24,463700,wednesday,W,2,24,5,4,0,0,322967.85714285716,301050.0
Airport ATM,2017-05-25,304500,thursday,W,3,25,5,4,0,0,315696.4285714286,343425.0
Airport ATM,2017-05-26,275400,friday,W,4,26,5,4,0,0,307639.28571428574,302725.0
Airport ATM,2017-05-27,271100,saturday,H,5,27,5,4,0,0,309900.0,339250.0
Airport ATM,2017-05-28,305400,sunday,H,6,28,5,4,0,0,303782.14285714284,202012.5
Airport ATM,2017-05-29,534700,monday,W,0,29,5,5,0,1,312985.71428571426,247575.0
Airport ATM,2017-05-30,243600,tuesday,W,1,30,5,5,0,1,320078.5714285714,322912.5
Airport ATM,2017-05-31,249500,wednesday,W,2,31,5,5,0,1,314110.71428571426,320700.0
Airport ATM,2017-06-01,493600,thursday,W,3,1,6,1,1,0,322392.85714285716,350937.5
Airport ATM,2017-06-22,35600,thursday,W,3,22,6,4,0,0,338639.28571428574,341650.0
Airport ATM,2017-06-23,260000,friday,W,4,23,6,4,0,0,332475.0,306800.0
Airport ATM,2017-06-24,105600,saturday,H,5,24,6,4,0,0,338753.5714285714,286200.0
Airport ATM,2017-06-25,12100,sunday,H,6,25,6,4,0,0,330939.28571428574,214612.5
Airport ATM,2017-06-27,440500,tuesday,W,1,27,6,4,0,0,321221.4285714286,323100.0
Airport ATM,2017-06-28,51500,wednesday,W,2,28,6,4,0,1,323178.5714285714,358100.0
Airport ATM,2017-07-01,177400,saturday,H,5,1,7,1,1,0,320982.14285714284,242550.0
Airport ATM,2017-07-03,8500,monday,W,0,3,7,1,1,0,320146.4285714286,260162.5
Airport ATM,2017-07-04,43300,tuesday,W,1,4,7,1,0,0,301746.4285714286,306437.5
Airport ATM,2017-07-05,63500,wednesday,W,2,5,7,1,0,0,275867.85714285716,319637.5
Airport ATM,2017-07-06,1000,thursday,W,3,6,7,1,0,0,250914.2857142857,323075.0
Airport ATM,2017-07-12,108500,wednesday,W,2,12,7,2,0,0,227671.42857142858,253500.0
Airport ATM,2017-07-13,51600,thursday,W,3,13,7,2,0,0,213975.0,331800.0
Airport ATM,2017-07-15,135000,saturday,H,5,15,7,3,0,0,200950.0,210425.0
Airport ATM,2017-07-16,1000,sunday,H,6,16,7,3,0,0,199021.42857142858,212512.5
Airport ATM,2017-07-19,106500,wednesday,W,2,19,7,3,0,0,194789.2857142857,251425.0
Airport ATM,2017-07-21,5900,friday,W,4,21,7,3,0,0,196857.14285714287,290675.0
Airport ATM,2017-07-22,255500,saturday,H,5,22,7,4,0,0,190092.85714285713,205200.0
Airport ATM,2017-07-23,300800,sunday,H,6,23,7,4,0,0,194085.7142857143,201725.0
Airport ATM,2017-07-24,340500,monday,W,0,24,7,4,0,0,189475.0,291312.5
Airport ATM,2017-07-25,42000,tuesday,W,1,25,7,4,0,0,185075.0,304837.5
Airport ATM,2017-07-26,284300,wednesday,W,2,26,7,4,0,0,175700.0,246150.0
Airport ATM,2017-07-27,862600,thursday,W,3,27,7,4,0,0,176017.85714285713,326787.5
Airport ATM,2017-07-28,582400,friday,W,4,28,7,4,0,0,197142.85714285713,357262.5
Airport ATM,2017-07-29,558700,saturday,H,5,29,7,5,0,1,207035.7142857143,229787.5
Airport ATM,2017-07-30,431000,sunday,H,6,30,7,5,0,1,207892.85714285713,227950.0
Airport ATM,2017-07-31,860800,monday,W,0,31,7,5,0,1,214585.7142857143,304712.5
Airport ATM,2017-08-01,817800,tuesday,W,1,1,8,1,1,0,236417.85714285713,329025.0
Airport ATM,2017-08-02,1003800,wednesday,W,2,2,8,1,1,0,247996.42857142858,252387.5
Airport ATM,2017-08-03,770400,thursday,W,3,3,8,1,1,0,282575.0,356987.5
Airport ATM,2017-08-04,562200,friday,W,4,4,8,1,0,0,300803.5714285714,432250.0
Airport ATM,2017-08-05,1105900,saturday,H,5,5,8,1,0,0,317110.71428571426,238562.5
Airport ATM,2017-08-06,547200,sunday,H,6,6,8,1,0,0,356175.0,324175.0
Airport ATM,2017-08-07,978800,monday,W,0,7,8,1,0,0,359985.71428571426,321775.0
Airport ATM,2017-08-08,871400,tuesday,W,1,8,8,2,0,0,393103.5714285714,425350.0
Airport ATM,2017-08-09,939400,wednesday,W,2,9,8,2,0,0,417889.28571428574,307575.0
Airport ATM,2017-08-10,511600,thursday,W,3,10,8,2,0,0,451135.71428571426,450787.5
Airport ATM,2017-08-11,362500,friday,W,4,11,8,2,0,0,467860.71428571426,440900.0
Airport ATM,2017-08-12,473000,saturday,H,5,12,8,2,0,0,478539.28571428574,268937.5
Airport ATM,2017-08-13,344200,sunday,H,6,13,8,2,0,0,495396.4285714286,369175.0
Airport ATM,2017-08-14,205400,monday,W,0,14,8,2,0,0,503814.28571428574,339700.0
Airport ATM,2017-08-16,315100,wednesday,H,2,16,8,3,0,0,509307.14285714284,302800.0
Airport ATM,2017-08-17,455000,thursday,W,3,17,8,3,0,0,515739.28571428574,432212.5
Airport ATM,2017-08-18,248400,friday,W,4,18,8,3,0,0,531953.5714285715,462250.0
Airport ATM,2017-08-19,680300,saturday,H,5,19,8,3,0,0,537021.4285714285,265562.5
Airport ATM,2017-08-20,339200,sunday,H,6,20,8,3,0,0,561107.1428571428,448137.5
Airport ATM,2017-08-21,554900,monday,W,0,21,8,3,0,0,564096.4285714285,330062.5
Airport ATM,2017-08-22,616600,tuesday,W,1,22,8,4,0,0,573171.4285714285,429250.0
Airport ATM,2017-08-23,537300,wednesday,W,2,23,8,4,0,0,583032.1428571428,324812.5
Airport ATM,2017-08-24,483000,thursday,W,3,24,8,4,0,0,600721.4285714285,468187.5
Airport ATM,2017-08-25,162100,friday,H,4,25,8,4,0,0,607817.8571428572,441150.0
Airport ATM,2017-08-26,157300,saturday,H,5,26,8,4,0,0,582800.0,253325.0
Airport ATM,2017-08-27,176300,sunday,H,6,27,8,4,0,0,567617.8571428572,433912.5
Airport ATM,2017-08-28,410100,monday,W,0,28,8,4,0,0,553960.7142857143,327687.5
Airport ATM,2017-08-29,318700,tuesday,W,1,29,8,5,0,1,553214.2857142857,462550.0
Airport ATM,2017-08-30,276200,wednesday,W,2,30,8,5,0,1,533853.5714285715,359237.5
Airport ATM,2017-08-31,603300,thursday,W,3,31,8,5,0,1,514510.71428571426,441012.5
Airport ATM,2017-09-01,399300,friday,W,4,1,9,1,1,0,500207.14285714284,478500.0
Big Street ATM,2011-01-16,55100,sunday,H,6,16,1,3,0,0,91793.33333333333,122766.66666666667
Big Street ATM,2011-01-17,129800,monday,H,0,17,1,3,0,0,89500.0,65633.33333333333
Big Street ATM,2011-01-18,163600,tuesday,W,1,18,1,3,0,0,91870.58823529411,102566.66666666667
Big Street ATM,2011-01-19,79500,wednesday,W,2,19,1,3,0,0,95855.55555555556,125700.0
Big Street ATM,2011-01-20,81700,thursday,W,3,20,1,3,0,0,94994.73684210527,73400.0
Big Street ATM,2011-01-21,86600,friday,W,4,21,1,3,0,0,94330.0,82933.33333333333
Big Street ATM,2011-01-22,85400,saturday,H,5,22,1,4,0,0,93961.90476190476,84733.33333333333
Big Street ATM,2011-01-23,36800,sunday,H,6,23,1,4,0,0,93572.72727272728,113425.0
Big Street ATM,2011-01-24,103900,monday,W,0,24,1,4,0,0,91104.34782608696,58425.0
Big Street ATM,2011-01-25,139900,tuesday,W,1,25,1,4,0,0,91637.5,102900.0
Big Street ATM,2011-01-26,40500,wednesday,H,2,26,1,4,0,0,93568.0,129250.0
Big Street ATM,2011-01-27,83300,thursday,W,3,27,1,4,0,0,91526.92307692308,65175.0
Big Street ATM,2011-01-28,71300,friday,W,4,28,1,4,0,0,91222.22222222222,83025.0
Big Street ATM,2011-01-29,163500,saturday,H,5,29,1,5,0,1,90510.71428571429,81375.0
Big Street ATM,2011-01-30,41100,sunday,H,6,30,1,5,0,1,91928.57142857143,123440.0
Big Street ATM,2011-01-31,70800,monday,W,0,31,1,5,0,1,91510.71428571429,54960.0
Big Street ATM,2011-02-01,161700,tuesday,W,1,1,2,1,1,0,90892.85714285714,96480.0
Big Street ATM,2011-02-02,79200,wednesday,W,2,2,2,1,1,0,93039.28571428571,135740.0
Big Street ATM,2011-02-03,167800,thursday,W,3,3,2,1,1,0,92367.85714285714,67980.0
Big Street ATM,2011-02-04,112700,friday,W,4,4,2,1,0,0,95292.85714285714,99980.0
Big Street ATM,2011-02-05,144000,saturday,H,5,5,2,1,0,0,96585.71428571429,87640.0
Big Street ATM,2011-02-06,110400,sunday,H,6,6,2,1,0,0,97135.71428571429,126866.66666666667
Big Street ATM,2011-02-07,80300,monday,W,0,7,2,1,0,0,97900.0,64200.0
Big Street ATM,2011-02-08,175300,tuesday,W,1,8,2,2,0,0,97560.71428571429,93783.33333333333
Big Street ATM,2011-02-09,94600,wednesday,W,2,9,2,2,0,0,99825.0,142333.33333333334
Big Street ATM,2011-02-10,78100,thursday,W,3,10,2,2,0,0,101678.57142857143,72416.66666666667
Big Street ATM,2011-02-11,107400,friday,W,4,11,2,2,0,0,101567.85714285714,96333.33333333333
Big Street ATM,2011-02-12,143200,saturday,H,5,12,2,2,0,0,102150.0,90933.33333333333
Big Street ATM,2011-02-13,74900,sunday,H,6,13,2,2,0,0,103125.0,129200.0
Big Street ATM,2011-02-14,117000,monday,W,0,14,2,2,0,0,103832.14285714286,65728.57142857143
Big Street ATM,2011-02-15,123700,tuesday,W,1,15,2,3,0,0,103375.0,97100.0
Big Street ATM,2011-02-16,23700,wednesday,H,2,16,2,3,0,0,101950.0,139671.42857142858
Big Street ATM,2011-02-17,99700,thursday,W,3,17,2,3,0,0,99957.14285714286,65457.142857142855
Big Street ATM,2011-02-18,141800,friday,W,4,18,2,3,0,0,100600.0,96814.28571428571
Big Street ATM,2011-02-19,54300,saturday,H,5,19,2,3,0,0,102571.42857142857,98200.0
Big Street ATM,2011-02-20,56000,sunday,H,6,20,2,3,0,0,101460.71428571429,119837.5
Big Street ATM,2011-02-21,64200,monday,W,0,21,2,3,0,0,102146.42857142857,64512.5
Big Street ATM,2011-02-22,142500,tuesday,W,1,22,2,4,0,0,100728.57142857143,92987.5
Big Street ATM,2011-02-23,91900,wednesday,W,2,23,2,4,0,0,100821.42857142857,140025.0
Big Street ATM,2011-02-24,74700,thursday,W,3,24,2,4,0,0,102657.14285714286,68762.5
Big Street ATM,2011-02-25,33700,friday,W,4,25,2,4,0,0,102350.0,94050.0
Big Street ATM,2011-02-26,119600,saturday,H,5,26,2,4,0,1,101007.14285714286,90137.5
Big Street ATM,2011-02-27,18000,sunday,H,6,27,2,4,0,1,99439.28571428571,119312.5
Big Street ATM,2011-02-28,149000,monday,W,0,28,2,4,0,1,98614.28571428571,60162.5
Big Street ATM,2011-03-01,105800,tuesday,W,1,1,3,1,1,0,101407.14285714286,100600.0
Big Street ATM,2011-03-02,143300,wednesday,W,2,2,3,1,1,0,99410.71428571429,140550.0
Big Street ATM,2011-03-03,109100,thursday,W,3,3,3,1,1,0,101700.0,74425.0
Big Street ATM,2011-03-04,167100,friday,W,4,4,3,1,0,0,99603.57142857143,96950.0
Big Street ATM,2011-03-05,116000,saturday,H,5,5,3,1,0,0,101546.42857142857,101462.5
Big Street ATM,2011-03-06,110200,sunday,H,6,6,3,1,0,0,100546.42857142857,117737.5
Big Street ATM,2011-03-07,111300,monday,W,0,7,3,1,0,0,100539.28571428571,62812.5
Big Street ATM,2011-03-08,134400,tuesday,W,1,8,3,2,0,0,101646.42857142857,103287.5
Big Street ATM,2011-03-09,173100,wednesday,W,2,9,3,2,0,0,100185.71428571429,143362.5
Big Street ATM,2011-03-10,127600,thursday,W,3,10,3,2,0,0,102989.28571428571,90725.0
Big Street ATM,2011-03-11,110200,friday,W,4,11,3,2,0,0,104757.14285714286,102750.0
Big Street ATM,2011-03-12,82400,saturday,H,5,12,3,2,0,0,104857.14285714286,103850.0
Big Street ATM,2011-03-13,134700,sunday,H,6,13,3,2,0,0,102685.71428571429,113550.0
Big Street ATM,2011-03-14,76100,monday,W,0,14,3,2,0,0,104821.42857142857,72762.5
Big Street ATM,2011-03-15,111200,tuesday,W,1,15,3,3,0,0,103360.71428571429,96575.0
Big Street ATM,2011-03-16,131200,wednesday,W,2,16,3,3,0,0,102914.28571428571,136812.5
Big Street ATM,2011-03-17,76300,thursday,W,3,17,3,3,0,0,106753.57142857143,97187.5
Big Street ATM,2011-03-18,97400,friday,W,4,18,3,3,0,0,105917.85714285714,102075.0
Big Street ATM,2011-03-19,94300,saturday,H,5,19,3,3,0,0,104332.14285714286,105200.0
Big Street ATM,2011-03-20,9200,sunday,H,6,20,3,3,0,0,105760.71428571429,114662.5
Big Street ATM,2011-03-21,99400,monday,W,0,21,3,3,0,0,104089.28571428571,69312.5
Big Street ATM,2011-03-22,47600,tuesday,W,1,22,3,4,0,0,105346.42857142857,96012.5
Big Street ATM,2011-03-23,52800,wednesday,W,2,23,3,4,0,0,101957.14285714286,125275.0
Big Street ATM,2011-03-24,34000,thursday,W,3,24,3,4,0,0,100560.71428571429,98725.0
Big Street ATM,2011-03-25,37900,friday,W,4,25,3,4,0,0,99107.14285714286,95912.5
Big Street ATM,2011-03-26,41300,saturday,H,5,26,3,4,0,0,99257.14285714286,101025.0
Big Street ATM,2011-03-27,88800,sunday,H,6,27,3,4,0,0,96460.71428571429,99387.5
Big Street ATM,2011-03-28,144200,monday,W,0,28,3,4,0,0,98989.28571428571,75275.0
Big Street ATM,2011-03-29,108600,tuesday,W,1,29,3,5,0,1,98817.85714285714,105187.5
Big Street ATM,2011-03-30,110200,wednesday,W,2,30,3,5,0,1,98917.85714285714,118637.5
Big Street ATM,2011-03-31,131800,thursday,W,3,31,3,5,0,1,97735.71428571429,102600.0
Big Street ATM,2011-04-01,134700,friday,W,4,1,4,1,1,0,98546.42857142857,91412.5
Big Street ATM,2011-04-02,130500,saturday,H,5,2,4,1,1,0,97389.28571428571,103775.0
Big Street ATM,2011-04-03,237800,sunday,H,6,3,4,1,1,0,97907.14285714286,97700.0
Big Street ATM,2011-04-04,101000,monday,W,0,4,4,1,0,0,102464.28571428571,91200.0
Big Street ATM,2011-04-05,202300,tuesday,W,1,5,4,1,0,0,102096.42857142857,107775.0
Big Street ATM,2011-04-06,115400,wednesday,W,2,6,4,1,0,0,104521.42857142857,122012.5
Big Street ATM,2011-04-07,109800,thursday,W,3,7,4,1,0,0,102460.71428571429,105200.0
Big Street ATM,2011-04-08,122500,friday,W,4,8,4,2,0,0,101825.0,95375.0
Big Street ATM,2011-04-09,155600,saturday,H,5,9,4,2,0,0,102264.28571428571,105662.5
Big Street ATM,2011-04-10,112700,sunday,H,6,10,4,2,0,0,104878.57142857143,99250.0
Big Street ATM,2011-04-11,141300,monday,W,0,11,4,2,0,0,104092.85714285714,95925.0
Big Street ATM,2011-04-12,111500,tuesday,H,1,12,4,2,0,0,106421.42857142857,110812.5
Big Street ATM,2011-04-13,208500,wednesday,W,2,13,4,2,0,0,106432.14285714286,120487.5
Big Street ATM,2011-04-14,105600,thursday,H,3,14,4,2,0,0,109192.85714285714,128300.0
Big Street ATM,2011-04-15,90000,friday,W,4,15,4,3,0,0,110239.28571428571,96112.5
Big Street ATM,2011-04-16,68100,saturday,H,5,16,4,3,0,0,109975.0,99187.5
Big Street ATM,2011-04-17,103000,sunday,H,6,17,4,3,0,0,109039.28571428571,100975.0
Big Street ATM,2011-04-18,154000,monday,W,0,18,4,3,0,0,112389.28571428571,101800.0
Big Street ATM,2011-04-19,92100,tuesday,W,1,19,4,3,0,0,114339.28571428571,122037.5
Big Street ATM,2011-04-20,171400,wednesday,W,2,20,4,3,0,0,115928.57142857143,114187.5
Big Street ATM,2011-04-21,120700,thursday,W,3,21,4,3,0,0,120164.28571428571,138237.5
Big Street ATM,2011-04-22,73900,friday,H,4,22,4,4,0,0,123260.71428571429,101862.5
Big Street ATM,2011-04-23,112300,saturday,H,5,23,4,4,0,0,124546.42857142857,104212.5
Big Street ATM,2011-04-24,79900,sunday,H,6,24,4,4,0,0,127082.14285714286,100062.5
Big Street ATM,2011-04-25,71600,monday,W,0,25,4,4,0,0,126764.28571428571,109537.5
Big Street ATM,2011-04-26,62100,tuesday,W,1,26,4,4,0,0,124171.42857142857,112362.5
Big Street ATM,2011-04-27,80100,wednesday,W,2,27,4,4,0,0,122510.71428571429,108725.0
Big Street ATM,2011-04-28,77600,thursday,W,3,28,4,4,0,1,121435.71428571429,130337.5
Big Street ATM,2011-04-29,86700,friday,W,4,29,4,5,0,1,119500.0,97925.0
Big Street ATM,2011-04-30,22400,saturday,H,5,30,4,5,0,1,117785.71428571429,94162.5
Big Street ATM,2011-05-01,60200,sunday,H,6,1,5,1,1,0,113925.0,88362.5
Big Street ATM,2011-05-02,116500,monday,W,0,2,5,1,1,0,107582.14285714286,103287.5
Big Street ATM,2011-05-03,97200,tuesday,W,1,3,5,1,1,0,108135.71428571429,113012.5
Big Street ATM,2011-05-04,52900,wednesday,W,2,4,5,1,0,0,104382.14285714286,104075.0
Big Street ATM,2011-05-05,111200,thursday,W,3,5,5,1,0,0,102150.0,115312.5
Big Street ATM,2011-05-06,117300,friday,W,4,6,5,1,0,0,102200.0,95875.0
Big Street ATM,2011-05-07,138600,saturday,H,5,7,5,1,0,0,102014.28571428571,95050.0
Big Street ATM,2011-05-08,101000,sunday,H,6,8,5,2,0,0,101407.14285714286,95387.5
Big Street ATM,2011-05-09,65600,monday,W,0,9,5,2,0,0,100989.28571428571,99075.0
Big Street ATM,2011-05-10,204200,tuesday,W,1,10,5,2,0,0,98285.71428571429,111700.0
Big Street ATM,2011-05-11,114900,wednesday,W,2,11,5,2,0,0,101596.42857142857,115700.0
Big Street ATM,2011-05-12,101000,thursday,W,3,12,5,2,0,0,98253.57142857143,113275.0
Big Street ATM,2011-05-13,53300,friday,W,4,13,5,2,0,0,98089.28571428571,98962.5
Big Street ATM,2011-05-14,65000,saturday,H,5,14,5,2,0,0,96778.57142857143,89537.5
Big Street ATM,2011-05-15,57300,sunday,H,6,15,5,3,0,0,96667.85714285714,91725.0
Big Street ATM,2011-05-16,77900,monday,W,0,16,5,3,0,0,95035.71428571429,105087.5
Big Street ATM,2011-05-17,66700,tuesday,H,1,17,5,3,0,0,92317.85714285714,109012.5
Big Street ATM,2011-05-18,131400,wednesday,W,2,18,5,3,0,0,91410.71428571429,118087.5
Big Street ATM,2011-05-19,162700,thursday,W,3,19,5,3,0,0,89982.14285714286,123100.0
Big Street ATM,2011-05-20,194700,friday,W,4,20,5,3,0,0,91482.14285714286,115050.0
Big Street ATM,2011-05-21,98300,saturday,H,5,21,5,3,0,0,95796.42857142857,109137.5
Big Street ATM,2011-05-22,86900,sunday,H,6,22,5,4,0,0,95296.42857142857,98850.0
Big Street ATM,2011-05-23,107000,monday,W,0,23,5,4,0,0,95546.42857142857,104850.0
Big Street ATM,2011-05-24,120800,tuesday,W,1,24,5,4,0,0,96810.71428571429,104362.5
Big Street ATM,2011-05-25,250400,wednesday,W,2,25,5,4,0,0,98907.14285714286,119612.5
Big Street ATM,2011-05-26,267400,thursday,W,3,26,5,4,0,0,104989.28571428571,140625.0
Big Street ATM,2011-05-27,161200,friday,W,4,27,5,4,0,0,111767.85714285714,132000.0
Big Street ATM,2011-05-28,147900,saturday,H,5,28,5,4,0,0,114428.57142857143,112450.0
Big Street ATM,2011-05-29,68700,sunday,H,6,29,5,5,0,1,118910.71428571429,101025.0
Big Street ATM,2011-05-30,136800,monday,W,0,30,5,5,0,1,119214.28571428571,83712.5
Big Street ATM,2011-05-31,133800,tuesday,W,1,31,5,5,0,1,119939.28571428571,108837.5
Big Street ATM,2011-06-01,136500,wednesday,W,2,1,6,1,1,0,121246.42857142857,111050.0
Big Street ATM,2011-06-02,109600,thursday,W,3,2,6,1,1,0,124232.14285714286,143262.5
Big Street ATM,2011-06-03,124700,friday,W,4,3,6,1,1,0,124175.0,131975.0
Big Street ATM,2011-06-04,209300,saturday,H,5,4,6,1,0,0,124439.28571428571,112725.0
Big Street ATM,2011-06-05,82200,sunday,H,6,5,6,1,0,0,126964.28571428571,107737.5
Big Street ATM,2011-06-06,127700,monday,W,0,6,6,1,0,0,126292.85714285714,79900.0
Big Street ATM,2011-06-07,106000,tuesday,W,1,7,6,1,0,0,128510.71428571429,107137.5
Big Street ATM,2011-06-08,109100,wednesday,W,2,8,6,2,0,0,125003.57142857143,110362.5
Big Street ATM,2011-06-09,171700,thursday,W,3,9,6,2,0,0,124796.42857142857,130837.5
Big Street ATM,2011-06-10,121500,friday,W,4,10,6,2,0,0,127321.42857142857,140237.5
Big Street ATM,2011-06-11,56700,saturday,H,5,11,6,2,0,0,129757.14285714286,116662.5
Big Street ATM,2011-06-12,125500,sunday,H,6,12,6,2,0,0,129460.71428571429,106312.5
Big Street ATM,2011-06-13,174800,monday,W,0,13,6,2,0,0,131896.42857142858,82712.5
Big Street ATM,2011-06-14,72700,tuesday,W,1,14,6,2,0,0,135357.14285714287,109737.5
Big Street ATM,2011-06-15,89100,wednesday,W,2,15,6,3,0,0,135571.42857142858,107937.5
Big Street ATM,2011-06-16,144500,thursday,W,3,16,6,3,0,0,134060.7142857143,120550.0
Big Street ATM,2011-06-17,88200,friday,W,4,17,6,3,0,0,133410.7142857143,143212.5
Big Street ATM,2011-06-18,118500,saturday,H,5,18,6,3,0,0,129607.14285714286,118450.0
Big Street ATM,2011-06-19,138500,sunday,H,6,19,6,3,0,0,130328.57142857143,107087.5
Big Street ATM,2011-06-20,148700,monday,W,0,20,6,3,0,0,132171.42857142858,90037.5
Big Street ATM,2011-06-21,172000,tuesday,W,1,21,6,3,0,0,133660.7142857143,119375.0
Big Street ATM,2011-06-22,104800,wednesday,W,2,22,6,4,0,0,135489.2857142857,121675.0
Big Street ATM,2011-06-23,132500,thursday,W,3,23,6,4,0,0,130289.28571428571,123637.5
Big Street ATM,2011-06-24,197100,friday,W,4,24,6,4,0,0,125471.42857142857,150075.0
Big Street ATM,2011-06-25,124100,saturday,H,5,25,6,4,0,0,126753.57142857143,132250.0
Big Street ATM,2011-06-26,54900,sunday,H,6,26,6,4,0,0,125903.57142857143,119800.0
Big Street ATM,2011-06-27,76500,monday,W,0,27,6,4,0,0,125410.71428571429,89375.0
Big Street ATM,2011-06-28,189100,tuesday,W,1,28,6,4,0,1,123257.14285714286,114375.0
Big Street ATM,2011-06-29,130000,wednesday,W,2,29,6,5,0,1,125232.14285714286,133162.5
Big Street ATM,2011-06-30,101100,thursday,W,3,30,6,5,0,1,125000.0,133275.0
Big Street ATM,2011-07-01,158800,friday,W,4,1,7,1,1,0,124696.42857142857,148812.5
Big Street ATM,2011-07-02,68000,saturday,H,5,2,7,1,1,0,125914.28571428571,137437.5
Big Street ATM,2011-07-03,123200,sunday,H,6,3,7,1,1,0,120867.85714285714,110975.0
Big Street ATM,2011-07-04,93400,monday,W,0,4,7,1,0,0,122332.14285714286,92150.0
Big Street ATM,2011-07-05,114000,tuesday,W,1,5,7,1,0,0,121107.14285714286,117850.0
Big Street ATM,2011-07-06,96600,wednesday,W,2,6,7,1,0,0,121392.85714285714,121887.5
Big Street ATM,2011-07-07,126800,thursday,W,3,7,7,1,0,0,120946.42857142857,130987.5
Big Street ATM,2011-07-08,113800,friday,W,4,8,7,2,0,0,119342.85714285714,152037.5
Big Street ATM,2011-07-09,98200,saturday,H,5,9,7,2,0,0,119067.85714285714,145000.0
Big Street ATM,2011-07-10,163500,sunday,H,6,10,7,2,0,0,120550.0,115125.0
Big Street ATM,2011-07-11,98400,monday,W,0,11,7,2,0,0,121907.14285714286,105425.0
Big Street ATM,2011-07-12,86700,tuesday,W,1,12,7,2,0,0,119178.57142857143,120412.5
Big Street ATM,2011-07-13,105700,wednesday,W,2,13,7,2,0,0,119678.57142857143,124387.5
Big Street ATM,2011-07-14,48600,thursday,W,3,14,7,2,0,0,120271.42857142857,127775.0
Big Street ATM,2011-07-15,97500,friday,W,4,15,7,3,0,0,116846.42857142857,137775.0
Big Street ATM,2011-07-16,122300,saturday,H,5,16,7,3,0,0,117178.57142857143,132850.0
Big Street ATM,2011-07-17,53400,sunday,H,6,17,7,3,0,0,117314.28571428571,118125.0
Big Street ATM,2011-07-18,100600,monday,W,0,18,7,3,0,0,114275.0,101237.5
Big Street ATM,2011-07-19,52500,tuesday,W,1,19,7,3,0,0,112557.14285714286,119612.5
Big Street ATM,2011-07-20,158400,wednesday,W,2,20,7,3,0,0,108289.28571428571,115850.0
Big Street ATM,2011-07-21,93800,thursday,W,3,21,7,3,0,0,110203.57142857143,116275.0
Big Street ATM,2011-07-22,121900,friday,W,4,22,7,4,0,0,108821.42857142857,116075.0
Big Street ATM,2011-07-23,105300,saturday,H,5,23,7,4,0,0,106135.71428571429,127937.5
Big Street ATM,2011-07-24,146000,sunday,H,6,24,7,4,0,0,105464.28571428571,112800.0
Big Street ATM,2011-07-25,94900,monday,W,0,25,7,4,0,0,108717.85714285714,110900.0
Big Street ATM,2011-07-26,135100,tuesday,W,1,26,7,4,0,0,109375.0,114375.0
Big Street ATM,2011-07-27,87400,wednesday,W,2,27,7,4,0,0,107446.42857142857,116012.5
Big Street ATM,2011-07-28,109200,thursday,W,3,28,7,4,0,0,105925.0,110137.5
Big Street ATM,2011-07-29,130300,friday,W,4,29,7,5,0,1,106214.28571428571,116025.0
Big Street ATM,2011-07-30,163600,saturday,H,5,30,7,5,0,1,105196.42857142857,128637.5
Big Street ATM,2011-07-31,163300,sunday,H,6,31,7,5,0,1,108610.71428571429,107087.5
Big Street ATM,2011-08-01,292700,monday,W,0,1,8,1,1,0,110042.85714285714,121037.5
Big Street ATM,2011-08-02,244000,tuesday,W,1,2,8,1,1,0,117160.71428571429,135000.0
Big Street ATM,2011-08-03,310700,wednesday,W,2,3,8,1,1,0,121803.57142857143,133262.5
Big Street ATM,2011-08-04,276400,thursday,W,3,4,8,1,0,0,129450.0,135337.5
Big Street ATM,2011-08-05,190700,friday,W,4,5,8,1,0,0,134792.85714285713,129112.5
Big Street ATM,2011-08-06,343200,saturday,H,5,6,8,1,0,0,137539.2857142857,137287.5
Big Street ATM,2011-08-07,227400,sunday,H,6,7,8,1,0,0,146289.2857142857,142900.0
Big Street ATM,2011-08-08,337600,monday,W,0,8,8,2,0,0,148571.42857142858,133775.0
Big Street ATM,2011-08-09,269700,tuesday,W,1,9,8,2,0,0,157114.2857142857,155350.0
Big Street ATM,2011-08-10,206400,wednesday,W,2,10,8,2,0,0,163650.0,157887.5
Big Street ATM,2011-08-11,209800,thursday,W,3,11,8,2,0,0,167246.42857142858,150000.0
Big Street ATM,2011-08-12,129400,friday,W,4,12,8,2,0,0,173003.57142857142,137275.0
Big Street ATM,2011-08-13,73900,saturday,H,5,13,8,2,0,0,174142.85714285713,142437.5
Big Street ATM,2011-08-14,98300,sunday,H,6,14,8,2,0,0,172414.2857142857,137325.0
Big Street ATM,2011-08-15,29000,monday,H,0,15,8,3,0,0,174017.85714285713,128750.0
Big Street ATM,2011-08-16,30800,tuesday,W,1,16,8,3,0,0,171460.7142857143,140387.5
Big Street ATM,2011-08-17,85600,wednesday,W,2,17,8,3,0,0,170685.7142857143,140237.5
Big Street ATM,2011-08-18,103500,thursday,W,3,18,8,3,0,0,168085.7142857143,147600.0
Big Street ATM,2011-08-19,48200,friday,W,4,19,8,3,0,0,168432.14285714287,133650.0
Big Street ATM,2011-08-20,101300,saturday,H,5,20,8,3,0,0,165800.0,123825.0
Big Street ATM,2011-08-21,129100,sunday,H,6,21,8,3,0,0,165657.14285714287,134475.0
Big Street ATM,2011-08-22,87500,monday,W,0,22,8,4,0,0,165053.57142857142,138025.0
Big Street ATM,2011-08-23,135100,tuesday,W,1,23,8,4,0,0,164789.2857142857,141762.5
Big Street ATM,2011-08-24,97600,wednesday,W,2,24,8,4,0,0,164789.2857142857,133487.5
Big Street ATM,2011-08-25,125400,thursday,W,3,25,8,4,0,0,165153.57142857142,143550.0
Big Street ATM,2011-08-26,108500,friday,W,4,26,8,4,0,0,165732.14285714287,136687.5
Big Street ATM,2011-08-27,63500,saturday,H,5,27,8,4,0,0,164953.57142857142,117537.5
Big Street ATM,2011-08-28,66500,sunday,H,6,28,8,4,0,0,161378.57142857142,133912.5
Big Street ATM,2011-08-29,103100,monday,W,0,29,8,5,0,1,157921.42857142858,130937.5
Big Street ATM,2011-08-30,144800,tuesday,W,1,30,8,5,0,1,151150.0,142975.0
Big Street ATM,2011-08-31,132100,wednesday,H,2,31,8,5,0,1,147607.14285714287,137337.5
Big Street ATM,2011-09-01,124000,thursday,H,3,1,9,1,1,0,141228.57142857142,147987.5
Big Street ATM,2011-09-02,201600,friday,W,4,2,9,1,1,0,135785.7142857143,136337.5
Big Street ATM,2011-09-03,146900,saturday,H,5,3,9,1,1,0,136175.0,128512.5
Big Street ATM,2011-09-04,232000,sunday,H,6,4,9,1,0,0,129164.28571428571,140000.0
Big Street ATM,2011-09-05,203100,monday,W,0,5,9,1,0,0,129328.57142857143,139500.0
Big Street ATM,2011-09-06,109000,tuesday,W,1,6,9,1,0,0,124525.0,156062.5
Big Street ATM,2011-09-07,111500,wednesday,W,2,7,9,1,0,0,118785.71428571429,140125.0
Big Street ATM,2011-09-08,133900,thursday,W,3,8,9,2,0,0,115396.42857142857,148712.5
Big Street ATM,2011-09-09,105700,friday,W,4,9,9,2,0,0,112685.71428571429,147000.0
Big Street ATM,2011-09-10,67600,saturday,H,5,10,9,2,0,0,111839.28571428571,129537.5
Big Street ATM,2011-09-11,127100,sunday,H,6,11,9,2,0,0,111614.28571428571,133162.5
Big Street ATM,2011-09-12,93200,monday,W,0,12,9,2,0,0,112642.85714285714,148712.5
Big Street ATM,2011-09-13,202600,tuesday,W,1,13,9,2,0,0,114935.71428571429,155137.5
Big Street ATM,2011-09-14,118900,wednesday,W,2,14,9,2,0,0,121071.42857142857,158887.5
Big Street ATM,2011-09-15,115100,thursday,W,3,15,9,3,0,0,122260.71428571429,143775.0
Big Street ATM,2011-09-16,195400,friday,W,4,16,9,3,0,0,122675.0,149662.5
Big Street ATM,2011-09-17,121000,saturday,H,5,17,9,3,0,0,127932.14285714286,138725.0
Big Street ATM,2011-09-18,113500,sunday,H,6,18,9,3,0,0,128635.71428571429,135125.0
Big Street ATM,2011-09-19,133200,monday,W,0,19,9,3,0,0,128078.57142857143,144650.0
Big Street ATM,2011-09-20,117300,tuesday,W,1,20,9,3,0,0,129710.71428571429,159925.0
Big Street ATM,2011-09-21,85600,wednesday,W,2,21,9,3,0,0,129075.0,156662.5
Big Street ATM,2011-09-22,51900,thursday,W,3,22,9,4,0,0,128646.42857142857,143550.0
Big Street ATM,2011-09-23,106000,friday,W,4,23,9,4,0,0,126021.42857142857,142500.0
Big Street ATM,2011-09-24,69500,saturday,H,5,24,9,4,0,0,125932.14285714286,135687.5
Big Street ATM,2011-09-25,145800,sunday,H,6,25,9,4,0,0,126146.42857142857,123362.5
Big Street ATM,2011-09-26,32000,monday,W,0,26,9,4,0,0,128978.57142857143,142462.5
Big Street ATM,2011-09-27,160400,tuesday,W,1,27,9,4,0,0,126439.28571428571,127337.5
Big Street ATM,2011-09-28,149300,wednesday,W,2,28,9,4,0,1,126996.42857142857,146212.5
Big Street ATM,2011-09-29,69500,thursday,W,3,29,9,5,0,1,127610.71428571429,123375.0
Big Street ATM,2011-09-30,177700,friday,W,4,30,9,5,0,1,125664.28571428571,116637.5
Big Street ATM,2011-10-01,239500,saturday,H,5,1,10,1,1,0,124810.71428571429,134062.5
Big Street ATM,2011-10-02,149000,sunday,H,6,2,10,1,1,0,128117.85714285714,110400.0
Big Street ATM,2011-10-03,113200,monday,W,0,3,10,1,1,0,125153.57142857143,132662.5
Big Street ATM,2011-10-04,68900,tuesday,W,1,4,10,1,0,0,121942.85714285714,99287.5
Big Street ATM,2011-10-05,151600,wednesday,H,2,5,10,1,0,0,120510.71428571429,121112.5
Big Street ATM,2011-10-07,36500,friday,W,4,7,10,1,0,0,121942.85714285714,109362.5
Big Street ATM,2011-10-08,210500,saturday,H,5,8,10,2,0,0,118464.28571428571,122450.0
Big Street ATM,2011-10-09,181300,sunday,H,6,9,10,2,0,0,122207.14285714286,127475.0
Big Street ATM,2011-10-10,205000,monday,W,0,10,10,2,0,0,126267.85714285714,143037.5
Big Street ATM,2011-10-11,106200,tuesday,W,1,11,10,2,0,0,129050.0,121287.5
Big Street ATM,2011-10-12,231900,wednesday,W,2,12,10,2,0,0,129514.28571428571,130537.5
Big Street ATM,2011-10-13,155600,thursday,W,3,13,10,2,0,0,130560.71428571429,126562.5
Big Street ATM,2011-10-14,183700,friday,W,4,14,10,2,0,0,131871.42857142858,115875.0
Big Street ATM,2011-10-15,173600,saturday,H,5,15,10,3,0,0,134321.42857142858,139387.5
Big Street ATM,2011-10-16,143500,sunday,H,6,16,10,3,0,0,133542.85714285713,136512.5
Big Street ATM,2011-10-17,102000,monday,W,0,17,10,3,0,0,134346.42857142858,144837.5
Big Street ATM,2011-10-18,136200,tuesday,W,1,18,10,3,0,0,133935.7142857143,123100.0
Big Street ATM,2011-10-19,179200,wednesday,W,2,19,10,3,0,0,134042.85714285713,130675.0
Big Street ATM,2011-10-20,59400,thursday,W,3,20,10,3,0,0,136253.57142857142,138262.5
Big Street ATM,2011-10-21,109000,friday,W,4,21,10,3,0,0,135317.85714285713,107625.0
Big Street ATM,2011-10-22,90900,saturday,H,5,22,10,4,0,0,137357.14285714287,139450.0
Big Street ATM,2011-10-23,150300,sunday,H,6,23,10,4,0,0,136817.85714285713,139937.5
Big Street ATM,2011-10-24,166500,monday,W,0,24,10,4,0,0,139703.57142857142,155312.5
Big Street ATM,2011-10-25,208900,tuesday,W,1,25,10,4,0,0,140442.85714285713,131025.0
Big Street ATM,2011-10-26,67000,wednesday,H,2,26,10,4,0,0,146760.7142857143,138687.5
Big Street ATM,2011-10-27,55100,thursday,W,3,27,10,4,0,0,143425.0,134437.5
Big Street ATM,2011-10-28,108800,friday,W,4,28,10,4,0,0,140060.7142857143,99012.5
Big Street ATM,2011-10-29,86100,saturday,H,5,29,10,5,0,1,141464.2857142857,127850.0
Big Street ATM,2011-10-30,87700,sunday,H,6,30,10,5,0,1,138192.85714285713,132337.5
Big Street ATM,2011-10-31,88300,monday,W,0,31,10,5,0,1,132771.42857142858,137275.0
Big Street ATM,2011-11-01,183200,tuesday,W,1,1,11,1,1,0,130603.57142857143,116675.0
Big Street ATM,2011-11-02,223200,wednesday,W,2,2,11,1,1,0,133103.57142857142,147962.5
Big Street ATM,2011-11-03,131600,thursday,W,3,3,11,1,1,0,138614.2857142857,145825.0
Big Street ATM,2011-11-04,178800,friday,W,4,4,11,1,0,0,137900.0,98725.0
Big Street ATM,2011-11-05,117700,saturday,H,5,5,11,1,0,0,142982.14285714287,136987.5
Big Street ATM,2011-11-06,121000,sunday,H,6,6,11,1,0,0,139667.85714285713,138600.0
Big Street ATM,2011-11-07,39500,monday,H,0,7,11,1,0,0,137514.2857142857,136512.5
Big Street ATM,2011-11-08,112300,tuesday,W,1,8,11,2,0,0,131603.57142857142,109962.5
Big Street ATM,2011-11-09,141300,wednesday,W,2,9,11,2,0,0,131821.42857142858,136675.0
Big Street ATM,2011-11-10,121900,thursday,W,3,10,11,2,0,0,128585.71428571429,149550.0
Big Street ATM,2011-11-11,102200,friday,W,4,11,11,2,0,0,127382.14285714286,99575.0
Big Street ATM,2011-11-13,45100,sunday,H,6,13,11,2,0,0,124471.42857142857,136250.0
Big Street ATM,2011-11-14,36300,monday,W,0,14,11,2,0,0,119882.14285714286,127962.5
Big Street ATM,2011-11-15,100000,tuesday,W,1,15,11,3,0,0,116053.57142857143,97850.0
Big Street ATM,2011-11-16,78000,wednesday,W,2,16,11,3,0,0,115982.14285714286,134512.5
Big Street ATM,2011-11-17,125700,thursday,W,3,17,11,3,0,0,113903.57142857143,144437.5
Big Street ATM,2011-11-18,134800,friday,W,4,18,11,3,0,0,111992.85714285714,108800.0
Big Street ATM,2011-11-19,63600,saturday,H,5,19,11,3,0,0,114685.71428571429,129412.5
Big Street ATM,2011-11-20,116800,sunday,H,6,20,11,3,0,0,113064.28571428571,135512.5
Big Street ATM,2011-11-21,135900,monday,W,0,21,11,3,0,0,113989.28571428571,124337.5
Big Street ATM,2011-11-22,90700,tuesday,W,1,22,11,4,0,0,113475.0,110837.5
Big Street ATM,2011-11-23,87700,wednesday,W,2,23,11,4,0,0,110767.85714285714,125800.0
Big Street ATM,2011-11-24,75500,thursday,W,3,24,11,4,0,0,106439.28571428571,144700.0
Big Street ATM,2011-11-25,109400,friday,W,4,25,11,4,0,0,106742.85714285714,109550.0
Big Street ATM,2011-11-26,175800,saturday,H,5,26,11,4,0,0,108682.14285714286,129837.5
Big Street ATM,2011-11-27,45700,sunday,H,6,27,11,4,0,0,111075.0,127550.0
Big Street ATM,2011-11-28,96400,monday,W,0,28,11,4,0,1,109632.14285714286,111425.0
Big Street ATM,2011-11-29,115300,tuesday,W,1,29,11,5,0,1,109942.85714285714,108737.5
Big Street ATM,2011-11-30,119200,wednesday,W,2,30,11,5,0,1,110907.14285714286,131600.0
Big Street ATM,2011-12-01,122800,thursday,W,3,1,12,1,1,0,108621.42857142857,140937.5
Big Street ATM,2011-12-02,180900,friday,W,4,2,12,1,1,0,105035.71428571429,105950.0
Big Street ATM,2011-12-03,132000,saturday,H,5,3,12,1,1,0,106796.42857142857,130237.5
Big Street ATM,2011-12-04,253700,sunday,H,6,4,12,1,0,0,105125.0,117737.5
Big Street ATM,2011-12-05,211700,monday,W,0,5,12,1,0,0,109982.14285714286,120475.0
Big Street ATM,2011-12-06,190200,tuesday,H,1,6,12,1,0,0,113221.42857142857,109575.0
Big Street ATM,2011-12-07,127600,wednesday,W,2,7,12,1,0,0,118603.57142857143,142100.0
Big Street ATM,2011-12-08,106000,thursday,W,3,8,12,2,0,0,119150.0,127900.0
Big Street ATM,2011-12-09,168200,friday,W,4,9,12,2,0,0,117889.28571428571,99750.0
Big Street ATM,2011-12-10,154900,saturday,H,5,10,12,2,0,0,119542.85714285714,146700.0
Big Street ATM,2011-12-11,105300,sunday,H,6,11,12,2,0,0,121425.0,115400.0
Big Street ATM,2011-12-12,144100,monday,W,0,12,12,2,0,0,123575.0,115700.0
Big Street ATM,2011-12-13,83000,tuesday,W,1,13,12,2,0,0,127425.0,114837.5
Big Street ATM,2011-12-14,114200,wednesday,W,2,14,12,2,0,0,126817.85714285714,135450.0
Big Street ATM,2011-12-15,188200,thursday,W,3,15,12,3,0,0,128110.71428571429,119775.0
Big Street ATM,2011-12-16,95600,friday,W,4,16,12,3,0,0,130342.85714285714,115850.0
Big Street ATM,2011-12-17,213000,saturday,H,5,17,12,3,0,0,128942.85714285714,135687.5
Big Street ATM,2011-12-18,98600,sunday,H,6,18,12,3,0,0,134278.57142857142,130662.5
Big Street ATM,2011-12-19,112700,monday,W,0,19,12,3,0,0,133628.57142857142,109237.5
Big Street ATM,2011-12-20,146900,tuesday,W,1,20,12,3,0,0,132800.0,108112.5
Big Street ATM,2011-12-21,102600,wednesday,W,2,21,12,3,0,0,134807.14285714287,127700.0
Big Street ATM,2011-12-22,186800,thursday,W,3,22,12,4,0,0,135339.2857142857,124225.0
Big Street ATM,2011-12-23,234600,friday,W,4,23,12,4,0,0,139314.2857142857,132312.5
Big Street ATM,2011-12-24,90000,saturday,H,5,24,12,4,0,0,143785.7142857143,151387.5
Big Street ATM,2011-12-25,128900,sunday,H,6,25,12,4,0,0,140721.42857142858,131150.0
Big Street ATM,2011-12-26,220100,monday,W,0,26,12,4,0,0,143692.85714285713,114387.5
Big Street ATM,2011-12-27,120500,tuesday,W,1,27,12,4,0,0,148110.7142857143,124587.5
Big Street ATM,2011-12-28,88800,wednesday,W,2,28,12,4,0,0,148296.42857142858,119862.5
Big Street ATM,2011-12-29,116000,thursday,W,3,29,12,5,0,1,147210.7142857143,107425.0
Big Street ATM,2011-12-30,40800,friday,W,4,30,12,5,0,1,146967.85714285713,130362.5
Big Street ATM,2011-12-31,66200,saturday,H,5,31,12,5,0,1,141964.2857142857,142887.5
Big Street ATM,2012-01-01,193800,sunday,H,6,1,1,1,1,0,139614.2857142857,124712.5
Big Street ATM,2012-01-02,93300,sunday,H,0,2,1,1,1,0,137475.0,123487.5
Big Street ATM,2012-01-03,141900,sunday,H,1,3,1,1,1,0,133246.42857142858,131312.5
Big Street ATM,2012-01-04,206800,sunday,H,2,4,1,1,0,0,131521.42857142858,123562.5
Big Street ATM,2012-01-05,281800,sunday,H,3,5,1,1,0,0,134350.0,115612.5
Big Street ATM,2012-01-06,96900,sunday,H,4,6,1,1,0,0,140628.57142857142,150350.0
Big Street ATM,2012-01-07,128300,saturday,H,5,7,1,1,0,0,138082.14285714287,132650.0
Big Street ATM,2012-01-08,119100,sunday,H,6,8,1,2,0,0,137132.14285714287,127975.0
Big Street ATM,2012-01-09,166600,sunday,H,0,9,1,2,0,0,137625.0,132737.5
Big Street ATM,2012-01-10,208000,sunday,H,1,10,1,2,0,0,138428.57142857142,147600.0
Big Street ATM,2012-01-11,200200,sunday,H,2,11,1,2,0,0,142892.85714285713,137062.5
Big Street ATM,2012-01-12,151900,sunday,H,3,12,1,2,0,0,145964.2857142857,130887.5
Big Street ATM,2012-01-13,62700,sunday,H,4,13,1,2,0,0,144667.85714285713,153625.0
Big Street ATM,2012-01-14,136200,saturday,H,5,14,1,2,0,0,143492.85714285713,123637.5
Big Street ATM,2012-01-15,114600,sunday,H,6,15,1,3,0,0,140750.0,137050.0
Big Street ATM,2012-01-16,159700,monday,H,0,16,1,3,0,0,141321.42857142858,132462.5
Big Street ATM,2012-01-17,130500,tuesday,H,1,17,1,3,0,0,143000.0,150575.0
Big Street ATM,2012-01-18,204300,tuesday,H,2,18,1,3,0,0,142414.2857142857,142037.5
Big Street ATM,2012-01-19,141400,tuesday,H,3,19,1,3,0,0,146046.42857142858,145462.5
Big Street ATM,2012-01-20,150300,tuesday,H,4,20,1,3,0,0,144425.0,161862.5
Big Street ATM,2012-01-21,193200,saturday,H,5,21,1,3,0,0,141414.2857142857,128750.0
Big Street ATM,2012-01-22,106900,sunday,H,6,22,1,4,0,0,145100.0,139225.0
Big Street ATM,2012-01-23,235900,sunday,H,0,23,1,4,0,0,144314.2857142857,140112.5
Big Street ATM,2012-01-24,114700,sunday,H,1,24,1,4,0,0,144878.57142857142,168012.5
Big Street ATM,2012-01-25,190900,sunday,H,2,25,1,4,0,0,144671.42857142858,141962.5
Big Street ATM,2012-01-26,137800,thursday,H,3,26,1,4,0,0,148317.85714285713,154425.0
Big Street ATM,2012-01-27,123100,thursday,H,4,27,1,4,0,0,149096.42857142858,163737.5
Big Street ATM,2012-01-28,137700,saturday,H,5,28,1,4,0,0,152035.7142857143,121525.0
Big Street ATM,2012-01-29,157600,sunday,H,6,29,1,5,0,1,154589.2857142857,139937.5
Big Street ATM,2012-01-30,241700,sunday,H,0,30,1,5,0,1,153296.42857142858,128100.0
Big Street ATM,2012-01-31,157700,sunday,H,1,31,1,5,0,1,158596.42857142858,171762.5
Big Street ATM,2012-02-01,173900,sunday,H,2,1,2,1,1,0,159160.7142857143,137900.0
Big Street ATM,2012-02-02,217300,sunday,H,3,2,2,1,1,0,157985.7142857143,160212.5
Big Street ATM,2012-02-03,208300,sunday,H,4,3,2,1,1,0,155682.14285714287,177650.0
Big Street ATM,2012-02-04,126500,saturday,H,5,4,2,1,0,0,159660.7142857143,126537.5
Big Street ATM,2012-02-05,148800,sunday,H,6,5,2,1,0,0,159596.42857142858,136387.5
Big Street ATM,2012-02-06,111100,sunday,H,0,6,2,1,0,0,160657.14285714287,133537.5
Big Street ATM,2012-02-07,184600,sunday,H,1,7,2,1,0,0,158675.0,167637.5
Big Street ATM,2012-02-08,196800,sunday,H,2,8,2,2,0,0,157839.2857142857,150600.0
Big Street ATM,2012-02-09,176100,sunday,H,3,9,2,2,0,0,157717.85714285713,170537.5
Big Street ATM,2012-02-10,234500,sunday,H,4,10,2,2,0,0,158582.14285714287,176137.5
Big Street ATM,2012-02-11,261200,saturday,H,5,11,2,2,0,0,164717.85714285713,143900.0
Big Street ATM,2012-02-12,169900,sunday,H,6,12,2,2,0,0,169182.14285714287,142412.5
Big Street ATM,2012-02-13,175100,sunday,H,0,13,2,2,0,0,171157.14285714287,142450.0
Big Street ATM,2012-02-14,182900,sunday,H,1,14,2,2,0,0,171707.14285714287,175437.5
Big Street ATM,2012-02-15,277100,sunday,H,2,15,2,3,0,0,173578.57142857142,155100.0
Big Street ATM,2012-02-16,153000,sunday,H,3,16,2,3,0,0,176178.57142857142,192350.0
Big Street ATM,2012-02-17,162000,sunday,H,4,17,2,3,0,0,176592.85714285713,171912.5
Big Street ATM,2012-02-18,107600,saturday,H,5,18,2,3,0,0,177010.7142857143,134825.0
Big Street ATM,2012-02-19,58900,sunday,H,6,19,2,3,0,0,173953.57142857142,144612.5
Big Street ATM,2012-02-20,15600,sunday,H,0,20,2,3,0,0,172239.2857142857,133700.0
Big Street ATM,2012-02-21,207300,sunday,H,1,21,2,3,0,0,164371.42857142858,149875.0
Big Street ATM,2012-02-22,107300,sunday,H,2,22,2,4,0,0,167678.57142857142,165950.0
Big Street ATM,2012-02-23,122200,sunday,H,3,23,2,4,0,0,164692.85714285713,194662.5
Big Street ATM,2012-02-24,101600,sunday,H,4,24,2,4,0,0,164135.7142857143,172687.5
Big Street ATM,2012-02-25,154300,saturday,H,5,25,2,4,0,0,163367.85714285713,142425.0
Big Street ATM,2012-02-26,134900,sunday,H,6,26,2,4,0,0,163960.7142857143,155625.0
Big Street ATM,2012-02-27,110200,sunday,H,0,27,2,4,0,1,163150.0,126337.5
Big Street ATM,2012-02-28,219900,sunday,H,1,28,2,4,0,1,158453.57142857142,151987.5
Big Street ATM,2012-02-29,146100,sunday,H,2,29,2,5,0,1,160675.0,175700.0
Big Street ATM,2012-03-01,47200,sunday,H,3,1,3,1,1,0,159682.14285714287,187075.0
Big Street ATM,2012-03-02,12000,sunday,H,4,2,3,1,1,0,153607.14285714287,143362.5
Big Street ATM,2012-03-03,185100,saturday,H,5,3,3,1,1,0,146596.42857142858,131812.5
Big Street ATM,2012-03-04,140900,sunday,H,6,4,3,1,0,0,148689.2857142857,162725.0
Big Street ATM,2012-03-05,123300,sunday,H,0,5,3,1,0,0,148407.14285714287,129062.5
Big Street ATM,2012-03-06,273300,sunday,H,1,6,3,1,0,0,148842.85714285713,146575.0
Big Street ATM,2012-03-07,159200,sunday,H,2,7,3,1,0,0,152010.7142857143,183862.5
Big Street ATM,2012-03-08,117100,sunday,H,3,8,3,2,0,0,150667.85714285713,181950.0
Big Street ATM,2012-03-09,199100,sunday,H,4,9,3,2,0,0,148560.7142857143,139012.5
Big Street ATM,2012-03-10,163900,saturday,H,5,10,3,2,0,0,147296.42857142858,148862.5
Big Street ATM,2012-03-11,106400,sunday,H,6,11,3,2,0,0,143821.42857142858,166187.5
Big Street ATM,2012-03-12,163300,sunday,H,0,12,3,2,0,0,141553.57142857142,128037.5
Big Street ATM,2012-03-13,195500,sunday,H,1,13,3,2,0,0,141132.14285714287,147025.0
Big Street ATM,2012-03-14,241400,sunday,H,2,14,3,2,0,0,141582.14285714287,191987.5
Big Street ATM,2012-03-15,224200,sunday,H,3,15,3,3,0,0,140307.14285714287,186587.5
Big Street ATM,2012-03-16,126500,sunday,H,4,16,3,3,0,0,142850.0,149362.5
Big Street ATM,2012-03-17,145800,saturday,H,5,17,3,3,0,0,141582.14285714287,145887.5
Big Street ATM,2012-03-18,94900,sunday,H,6,18,3,3,0,0,142946.42857142858,160262.5
Big Street ATM,2012-03-19,93800,sunday,H,0,19,3,3,0,0,144232.14285714287,126537.5
Big Street ATM,2012-03-20,225800,sunday,H,1,20,3,3,0,0,147025.0,129262.5
Big Street ATM,2012-03-21,119000,sunday,H,2,21,3,3,0,0,147685.7142857143,205875.0
Big Street ATM,2012-03-22,253800,sunday,H,3,22,3,4,0,0,148103.57142857142,177600.0
Big Street ATM,2012-03-23,124400,friday,H,4,23,3,4,0,0,152803.57142857142,163862.5
Big Street ATM,2012-03-24,156100,saturday,H,5,24,3,4,0,0,153617.85714285713,146050.0
Big Street ATM,2012-03-25,144000,sunday,H,6,25,3,4,0,0,153682.14285714287,162562.5
Big Street ATM,2012-03-26,153900,sunday,H,0,26,3,4,0,0,154007.14285714287,124837.5
Big Street ATM,2012-03-27,81100,sunday,H,1,27,3,4,0,0,155567.85714285713,118287.5
Big Street ATM,2012-03-28,84600,sunday,H,2,28,3,4,0,0,150610.7142857143,196300.0
Big Street ATM,2012-03-29,118700,sunday,H,3,29,3,5,0,1,148414.2857142857,166437.5
Big Street ATM,2012-03-30,210400,sunday,H,4,30,3,5,0,1,150967.85714285713,151537.5
Big Street ATM,2012-03-31,237000,saturday,H,5,31,3,5,0,1,158053.57142857142,146312.5
Big Street ATM,2012-04-01,181500,sunday,H,6,1,4,1,1,0,159907.14285714287,176375.0
Big Street ATM,2012-04-02,154100,sunday,H,0,2,4,1,1,0,161357.14285714287,128925.0
Big Street ATM,2012-04-03,229900,sunday,H,1,3,4,1,1,0,162457.14285714287,123662.5
Big Street ATM,2012-04-04,264200,sunday,H,2,4,4,1,0,0,160907.14285714287,201962.5
Big Street ATM,2012-04-05,183300,thursday,H,3,5,4,1,0,0,164657.14285714287,174862.5
Big Street ATM,2012-04-06,142500,friday,H,4,6,4,1,0,0,167021.42857142858,152437.5
Big Street ATM,2012-04-07,146600,saturday,H,5,7,4,1,0,0,165000.0,134812.5
Big Street ATM,2012-04-08,127800,sunday,H,6,8,4,2,0,0,164382.14285714287,162050.0
Big Street ATM,2012-04-09,197500,sunday,H,0,9,4,2,0,0,165146.42857142858,123662.5
Big Street ATM,2012-04-10,295100,sunday,H,1,10,4,2,0,0,166367.85714285713,126462.5
Big Street ATM,2012-04-11,257600,sunday,H,2,11,4,2,0,0,169925.0,215987.5
Big Street ATM,2012-04-12,145700,sunday,H,3,12,4,2,0,0,170503.57142857142,172425.0
Big Street ATM,2012-04-13,225600,friday,H,4,13,4,2,0,0,167700.0,151525.0
Big Street ATM,2012-04-14,285300,saturday,H,5,14,4,2,0,0,171239.2857142857,142762.5
Big Street ATM,2012-04-15,308400,sunday,H,6,15,4,3,0,0,176221.42857142858,184262.5
Big Street ATM,2012-04-16,82300,sunday,H,0,16,4,3,0,0,183846.42857142858,154850.0
Big Street ATM,2012-04-17,38000,sunday,H,1,17,4,3,0,0,183435.7142857143,134800.0
Big Street ATM,2012-04-18,75700,sunday,H,2,18,4,3,0,0,176728.57142857142,194825.0
Big Street ATM,2012-04-19,126700,sunday,H,3,19,4,3,0,0,175182.14285714287,168475.0
Big Street ATM,2012-04-20,112200,sunday,H,4,20,4,3,0,0,170642.85714285713,152087.5
Big Street ATM,2012-04-21,200800,saturday,H,5,21,4,3,0,0,170207.14285714287,144087.5
Big Street ATM,2012-04-22,135700,sunday,H,6,22,4,4,0,0,171803.57142857142,190075.0
Big Street ATM,2012-04-23,96800,sunday,H,0,23,4,4,0,0,171507.14285714287,154950.0
Big Street ATM,2012-04-24,121000,sunday,H,1,24,4,4,0,0,169467.85714285713,133125.0
Big Street ATM,2012-04-25,86600,sunday,H,2,25,4,4,0,0,170892.85714285713,182462.5
Big Street ATM,2012-04-26,172500,sunday,H,3,26,4,4,0,0,170964.2857142857,161037.5
Big Street ATM,2012-04-27,203000,sunday,H,4,27,4,4,0,0,172885.7142857143,167750.0
Big Street ATM,2012-04-28,128000,saturday,H,5,28,4,4,0,1,172621.42857142858,167962.5
Big Street ATM,2012-04-29,73000,sunday,H,6,29,4,5,0,1,168728.57142857142,182937.5
Big Street ATM,2012-04-30,30600,sunday,H,0,30,4,5,0,1,164853.57142857142,146462.5
Big Street ATM,2012-05-01,154300,tuesday,H,1,1,5,1,1,0,160442.85714285713,121537.5
Big Street ATM,2012-05-02,169800,tuesday,H,2,2,5,1,1,0,157742.85714285713,167587.5
Big Street ATM,2012-05-03,124300,tuesday,H,3,3,5,1,1,0,154371.42857142858,162362.5
Big Street ATM,2012-05-04,174000,tuesday,H,4,4,5,1,0,0,152264.2857142857,168650.0
Big Street ATM,2012-05-05,55500,saturday,H,5,5,5,1,0,0,153389.2857142857,164825.0
Big Street ATM,2012-05-06,88700,sunday,H,6,6,5,1,0,0,150135.7142857143,169387.5
Big Street ATM,2012-05-07,146900,sunday,H,0,7,5,1,0,0,148739.2857142857,144250.0
Big Street ATM,2012-05-08,166700,sunday,H,1,8,5,2,0,0,146932.14285714287,119487.5
Big Street ATM,2012-05-09,182700,sunday,H,2,9,5,2,0,0,142346.42857142858,163987.5
Big Street ATM,2012-05-10,210500,sunday,H,3,10,5,2,0,0,139671.42857142858,155025.0
Big Street ATM,2012-05-11,193300,sunday,H,4,11,5,2,0,0,141985.7142857143,166937.5
Big Street ATM,2012-05-12,116700,saturday,H,5,12,5,2,0,0,140832.14285714287,173175.0
Big Street ATM,2012-05-13,195600,sunday,H,6,13,5,2,0,0,134810.7142857143,165750.0
Big Street ATM,2012-05-14,155500,sunday,H,0,14,5,2,0,0,130782.14285714286,156837.5
Big Street ATM,2012-05-15,179200,sunday,H,1,15,5,3,0,0,133396.42857142858,127200.0
Big Street ATM,2012-05-16,174700,sunday,H,2,16,5,3,0,0,138439.2857142857,158162.5
Big Street ATM,2012-05-17,207600,sunday,H,3,17,5,3,0,0,141975.0,161987.5
Big Street ATM,2012-05-18,180200,sunday,H,4,18,5,3,0,0,144864.2857142857,161162.5
Big Street ATM,2012-05-19,125200,sunday,H,5,19,5,3,0,0,147292.85714285713,180150.0
Big Street ATM,2012-05-20,124900,sunday,H,6,20,5,3,0,0,144592.85714285713,161887.5
Big Street ATM,2012-05-21,84400,monday,H,0,21,5,3,0,0,144207.14285714287,154450.0
Big Street ATM,2012-05-22,156300,monday,H,1,22,5,4,0,0,143764.2857142857,118512.5
Big Street ATM,2012-05-23,245700,monday,H,2,23,5,4,0,0,145025.0,167562.5
Big Street ATM,2012-05-24,140900,monday,H,3,24,5,4,0,0,150707.14285714287,182125.0
Big Street ATM,2012-05-25,171300,monday,H,4,25,5,4,0,0,149578.57142857142,163937.5
Big Street ATM,2012-05-26,182000,saturday,H,5,26,5,4,0,0,148446.42857142858,175262.5
Big Street ATM,2012-05-27,112200,sunday,H,6,27,5,4,0,0,150375.0,155012.5
Big Street ATM,2012-05-28,165600,sunday,H,0,28,5,4,0,0,151775.0,145787.5
Big Street ATM,2012-05-29,205500,sunday,H,1,29,5,5,0,1,156596.42857142858,119950.0
Big Street ATM,2012-05-30,158600,sunday,H,2,30,5,5,0,1,158425.0,164512.5
Big Street ATM,2012-05-31,185100,sunday,H,3,31,5,5,0,1,158025.0,168925.0
Big Street ATM,2012-06-01,135600,sunday,H,4,1,6,1,1,0,160196.42857142858,164162.5
Big Street ATM,2012-06-02,108000,saturday,H,5,2,6,1,1,0,158825.0,174400.0
Big Street ATM,2012-06-03,71300,sunday,H,6,3,6,1,1,0,160700.0,150187.5
Big Street ATM,2012-06-04,44400,sunday,H,0,4,6,1,0,0,160078.57142857142,138725.0
Big Street ATM,2012-06-05,170100,sunday,H,1,5,6,1,0,0,156417.85714285713,100812.5
Big Street ATM,2012-06-06,170400,sunday,H,2,6,6,1,0,0,156539.2857142857,148887.5
Big Street ATM,2012-06-07,284800,sunday,H,3,7,6,1,0,0,156100.0,158025.0
Big Street ATM,2012-06-08,292000,sunday,H,4,8,6,2,0,0,158753.57142857142,181550.0
Big Street ATM,2012-06-09,211600,saturday,H,5,9,6,2,0,0,162278.57142857142,182700.0
Big Street ATM,2012-06-10,256000,sunday,H,6,10,6,2,0,0,165667.85714285713,140975.0
Big Street ATM,2012-06-11,221200,sunday,H,0,11,6,2,0,0,167825.0,132175.0
Big Street ATM,2012-06-12,456400,sunday,H,1,12,6,2,0,0,170171.42857142858,118175.0
Big Street ATM,2012-06-13,205100,sunday,H,2,13,6,2,0,0,180071.42857142858,201187.5
Big Street ATM,2012-06-14,150700,sunday,H,3,14,6,2,0,0,181157.14285714287,174200.0
Big Street ATM,2012-06-15,327300,sunday,H,4,15,6,3,0,0,179125.0,184550.0
Big Street ATM,2012-06-16,268600,saturday,H,5,16,6,3,0,0,184378.57142857142,209587.5
Big Street ATM,2012-06-17,174700,sunday,H,6,17,6,3,0,0,189500.0,149450.0
Big Street ATM,2012-06-18,229200,sunday,H,0,18,6,3,0,0,191278.57142857142,137050.0
Big Street ATM,2012-06-19,273900,sunday,H,1,19,6,3,0,0,196450.0,134725.0
Big Street ATM,2012-06-20,271800,sunday,H,2,20,6,3,0,0,200650.0,220300.0
Big Street ATM,2012-06-21,308800,sunday,H,3,21,6,3,0,0,201582.14285714287,197350.0
Big Street ATM,2012-06-22,157800,sunday,H,4,22,6,4,0,0,207578.57142857142,201587.5
Big Street ATM,2012-06-23,88900,saturday,H,5,23,6,4,0,0,207096.42857142858,203937.5
Big Street ATM,2012-06-24,39100,sunday,H,6,24,6,4,0,0,203771.42857142858,144562.5
Big Street ATM,2012-06-25,261900,sunday,H,0,25,6,4,0,0,201160.7142857143,132812.5
Big Street ATM,2012-06-26,215200,sunday,H,1,26,6,4,0,0,204600.0,163637.5
Big Street ATM,2012-06-27,92800,sunday,H,2,27,6,4,0,0,204946.42857142858,227912.5
Big Street ATM,2012-06-28,104700,sunday,H,3,28,6,4,0,1,202596.42857142858,187725.0
Big Street ATM,2012-06-29,208500,sunday,H,4,29,6,5,0,1,199725.0,199137.5
Big Street ATM,2012-06-30,124600,saturday,H,5,30,6,5,0,1,202328.57142857142,208250.0
Big Street ATM,2012-07-01,410800,sunday,H,6,1,7,1,1,0,202921.42857142858,153200.0
Big Street ATM,2012-07-02,257900,sunday,H,0,2,7,1,1,0,215046.42857142858,173075.0
Big Street ATM,2012-07-03,290000,sunday,H,1,3,7,1,1,0,222671.42857142858,177512.5
Big Street ATM,2012-07-04,138600,sunday,H,2,4,7,1,0,0,226953.57142857142,243325.0
Big Street ATM,2012-07-05,271700,sunday,H,3,5,7,1,0,0,225817.85714285713,182212.5
Big Street ATM,2012-07-06,157300,sunday,H,4,6,7,1,0,0,225350.0,206787.5
Big Street ATM,2012-07-07,227300,saturday,H,5,7,7,1,0,0,220539.2857142857,203750.0
Big Street ATM,2012-07-08,175500,sunday,H,6,8,7,2,0,0,221100.0,167025.0
Big Street ATM,2012-07-09,283700,sunday,H,0,9,7,2,0,0,218225.0,170562.5
Big Street ATM,2012-07-10,382000,sunday,H,1,10,7,2,0,0,220457.14285714287,193537.5
Big Street ATM,2012-07-11,182900,sunday,H,2,11,7,2,0,0,217800.0,268675.0
Big Street ATM,2012-07-12,168700,sunday,H,3,12,7,2,0,0,217007.14285714287,183237.5
Big Street ATM,2012-07-13,200500,sunday,H,4,13,7,2,0,0,217650.0,201925.0
Big Street ATM,2012-07-14,195700,saturday,H,5,14,7,2,0,0,213121.42857142858,206287.5
Big Street ATM,2012-07-15,203500,sunday,H,6,15,7,3,0,0,210517.85714285713,175837.5
Big Street ATM,2012-07-16,239000,sunday,H,0,16,7,3,0,0,211546.42857142858,180387.5
Big Street ATM,2012-07-17,248900,sunday,H,1,17,7,3,0,0,211896.42857142858,212862.5
Big Street ATM,2012-07-18,123500,sunday,H,2,18,7,3,0,0,211003.57142857142,280250.0
Big Street ATM,2012-07-19,126800,sunday,H,3,19,7,3,0,0,205707.14285714287,167962.5
Big Street ATM,2012-07-20,86100,sunday,H,4,20,7,3,0,0,199207.14285714287,200162.5
Big Street ATM,2012-07-21,131700,saturday,H,5,21,7,3,0,0,196646.42857142858,195637.5
Big Street ATM,2012-07-22,93700,sunday,H,6,22,7,4,0,0,198175.0,169550.0
Big Street ATM,2012-07-23,100200,sunday,H,0,23,7,4,0,0,200125.0,178075.0
Big Street ATM,2012-07-24,196000,sunday,H,1,24,7,4,0,0,194350.0,204687.5
Big Street ATM,2012-07-25,377600,sunday,H,2,25,7,4,0,0,193664.2857142857,279062.5
Big Street ATM,2012-07-26,150600,sunday,H,3,26,7,4,0,0,203835.7142857143,195337.5
Big Street ATM,2012-07-27,53400,sunday,H,4,27,7,4,0,0,205475.0,195850.0
Big Street ATM,2012-07-28,95000,saturday,H,5,28,7,4,0,0,199935.7142857143,185362.5
Big Street ATM,2012-07-29,86900,sunday,H,6,29,7,5,0,1,198878.57142857142,167925.0
Big Street ATM,2012-07-30,89400,sunday,H,0,30,7,5,0,1,187310.7142857143,180025.0
Big Street ATM,2012-07-31,179800,sunday,H,1,31,7,5,0,1,181292.85714285713,210312.5
Big Street ATM,2012-08-01,269000,sunday,H,2,1,8,1,1,0,177357.14285714287,280275.0
Big Street ATM,2012-08-02,142300,sunday,H,3,2,8,1,1,0,182014.2857142857,207662.5
Big Street ATM,2012-08-03,220900,sunday,H,4,3,8,1,1,0,177392.85714285713,178037.5
Big Street ATM,2012-08-04,268700,saturday,H,5,4,8,1,0,0,179664.2857142857,176475.0
Big Street ATM,2012-08-05,112800,sunday,H,6,5,8,1,0,0,181142.85714285713,175062.5
Big Street ATM,2012-08-06,142700,sunday,H,0,6,8,1,0,0,178903.57142857142,162125.0
Big Street ATM,2012-08-07,176800,sunday,H,1,7,8,1,0,0,173867.85714285713,200500.0
Big Street ATM,2012-08-08,163800,sunday,H,2,8,8,2,0,0,166539.2857142857,245325.0
Big Street ATM,2012-08-09,170700,sunday,H,3,9,8,2,0,0,165857.14285714287,202500.0
Big Street ATM,2012-08-10,119100,sunday,H,4,10,8,2,0,0,165928.57142857142,180537.5
Big Street ATM,2012-08-11,30300,saturday,H,5,11,8,2,0,0,163021.42857142858,150450.0
Big Street ATM,2012-08-12,67500,sunday,H,6,12,8,2,0,0,157114.2857142857,145275.0
Big Street ATM,2012-08-13,105600,sunday,H,0,13,8,2,0,0,152257.14285714287,148725.0
Big Street ATM,2012-08-14,150500,sunday,H,1,14,8,2,0,0,147492.85714285713,185050.0
Big Street ATM,2012-08-15,200700,wednesday,H,2,15,8,3,0,0,143978.57142857142,229900.0
Big Street ATM,2012-08-16,178900,wednesday,H,3,16,8,3,0,0,146735.7142857143,193612.5
Big Street ATM,2012-08-17,80400,wednesday,H,4,17,8,3,0,0,148596.42857142858,164300.0
Big Street ATM,2012-08-19,137000,sunday,H,6,19,8,3,0,0,148392.85714285713,144212.5
Big Street ATM,2012-08-20,157900,monday,H,0,20,8,3,0,0,148582.14285714287,160962.5
Big Street ATM,2012-08-21,8200,monday,H,1,21,8,3,0,0,150875.0,172050.0
Big Street ATM,2012-08-22,164400,monday,H,2,22,8,4,0,0,147589.2857142857,204025.0
Big Street ATM,2012-08-23,136900,monday,H,3,23,8,4,0,0,146460.7142857143,202562.5
Big Street ATM,2012-08-24,201100,monday,H,4,24,8,4,0,0,137864.2857142857,168325.0
Big Street ATM,2012-08-25,210600,saturday,H,5,25,8,4,0,0,139667.85714285713,155862.5
Big Street ATM,2012-08-26,152000,sunday,H,6,26,8,4,0,0,145282.14285714287,154962.5
Big Street ATM,2012-08-27,134100,sunday,H,0,27,8,4,0,0,147317.85714285713,128612.5
Big Street ATM,2012-08-28,105700,sunday,H,1,28,8,4,0,0,149003.57142857142,156575.0
Big Street ATM,2012-08-29,154000,sunday,H,2,29,8,5,0,1,149585.7142857143,180987.5
Big Street ATM,2012-08-30,137900,sunday,H,3,30,8,5,0,1,148664.2857142857,204487.5
Big Street ATM,2012-08-31,146900,sunday,H,4,31,8,5,0,1,143982.14285714287,151600.0
Big Street ATM,2012-09-01,216400,saturday,H,5,1,9,1,1,0,144146.42857142858,148162.5
Big Street ATM,2012-09-02,365100,sunday,H,6,2,9,1,1,0,143985.7142857143,153600.0
Big Street ATM,2012-09-03,187100,sunday,H,0,3,9,1,1,0,147428.57142857142,152312.5
Big Street ATM,2012-09-04,245200,sunday,H,1,4,9,1,0,0,150082.14285714287,144500.0
Big Street ATM,2012-09-05,274900,sunday,H,2,5,9,1,0,0,153742.85714285713,163887.5
Big Street ATM,2012-09-06,193400,sunday,H,3,6,9,1,0,0,157246.42857142858,215987.5
Big Street ATM,2012-09-07,368700,sunday,H,4,7,9,1,0,0,158303.57142857142,154687.5
Big Street ATM,2012-09-08,315100,saturday,H,5,8,9,2,0,0,165375.0,174587.5
Big Street ATM,2012-09-09,303100,sunday,H,6,9,9,2,0,0,172375.0,168525.0
Big Street ATM,2012-09-10,182900,sunday,H,0,10,9,2,0,0,182117.85714285713,164762.5
Big Street ATM,2012-09-11,202800,sunday,H,1,11,9,2,0,0,186239.2857142857,137487.5
Big Street ATM,2012-09-12,419700,sunday,H,2,12,9,2,0,0,189710.7142857143,158125.0
Big Street ATM,2012-09-13,344100,sunday,H,3,13,9,2,0,0,199325.0,253012.5
Big Street ATM,2012-09-14,322400,sunday,H,4,14,9,2,0,0,204446.42857142858,181850.0
Big Street ATM,2012-09-15,217400,saturday,H,5,15,9,3,0,0,209571.42857142858,189825.0
Big Street ATM,2012-09-16,373100,sunday,H,6,16,9,3,0,0,214464.2857142857,179237.5
Big Street ATM,2012-09-17,343000,sunday,H,0,17,9,3,0,0,222896.42857142858,199687.5
Big Street ATM,2012-09-18,321000,sunday,H,1,18,9,3,0,0,229507.14285714287,167837.5
Big Street ATM,2012-09-19,219700,wednesday,H,2,19,9,3,0,0,240678.57142857142,173750.0
Big Street ATM,2012-09-20,237300,wednesday,H,3,20,9,3,0,0,242653.57142857142,233275.0
Big Street ATM,2012-09-21,216300,wednesday,H,4,21,9,3,0,0,246239.2857142857,192687.5
Big Street ATM,2012-09-22,130200,saturday,H,5,22,9,4,0,0,246782.14285714287,206100.0
Big Street ATM,2012-09-23,179500,sunday,H,6,23,9,4,0,0,243910.7142857143,183637.5
Big Street ATM,2012-09-24,148000,sunday,H,0,24,9,4,0,0,244892.85714285713,211262.5
Big Street ATM,2012-09-25,256500,sunday,H,1,25,9,4,0,0,245389.2857142857,175162.5
Big Street ATM,2012-09-26,296200,sunday,H,2,26,9,4,0,0,250775.0,183337.5
Big Street ATM,2012-09-27,255000,sunday,H,3,27,9,4,0,0,255853.57142857142,236675.0
Big Street ATM,2012-09-28,185700,sunday,H,4,28,9,4,0,1,260035.7142857143,206775.0
Big Street ATM,2012-09-29,167500,saturday,H,5,29,9,5,0,1,261421.42857142858,222637.5
Big Street ATM,2012-09-30,219800,sunday,H,6,30,9,5,0,1,259675.0,170987.5
Big Street ATM,2012-10-01,430900,sunday,H,0,1,10,1,1,0,254485.7142857143,224637.5
Big Street ATM,2012-10-02,347000,tuesday,H,1,2,10,1,1,0,263192.85714285716,211187.5
Big Street ATM,2012-10-03,339700,tuesday,H,2,3,10,1,1,0,266828.5714285714,204612.5
Big Street ATM,2012-10-04,229300,tuesday,H,3,4,10,1,0,0,269142.85714285716,258662.5
Big Street ATM,2012-10-05,267700,tuesday,H,4,5,10,1,0,0,270425.0,214100.0
Big Street ATM,2012-10-06,324600,saturday,H,5,6,10,1,0,0,266817.85714285716,228487.5
Big Street ATM,2012-10-07,230400,sunday,H,6,7,10,1,0,0,267157.14285714284,207775.0
Big Street ATM,2012-10-08,221800,sunday,H,0,8,10,2,0,0,264560.71428571426,245000.0
Big Street ATM,2012-10-09,281500,sunday,H,1,9,10,2,0,0,265950.0,225712.5
Big Street ATM,2012-10-10,361100,sunday,H,2,10,10,2,0,0,268760.71428571426,220987.5
Big Street ATM,2012-10-11,361400,sunday,H,3,11,10,2,0,0,266667.85714285716,278712.5
Big Street ATM,2012-10-12,262600,sunday,H,4,12,10,2,0,0,267285.71428571426,236912.5
Big Street ATM,2012-10-13,270700,saturday,H,5,13,10,2,0,0,265150.0,246425.0
Big Street ATM,2012-10-14,207800,sunday,H,6,14,10,2,0,0,267053.5714285714,231562.5
Big Street ATM,2012-10-15,293400,sunday,H,0,15,10,3,0,0,261150.0,253850.0
Big Street ATM,2012-10-16,310400,sunday,H,1,16,10,3,0,0,259378.57142857142,242650.0
Big Street ATM,2012-10-17,252100,sunday,H,2,17,10,3,0,0,259000.0,258762.5
Big Street ATM,2012-10-18,244700,sunday,H,3,18,10,3,0,0,260157.14285714287,289675.0
Big Street ATM,2012-10-19,174200,sunday,H,4,19,10,3,0,0,260421.42857142858,250387.5
Big Street ATM,2012-10-20,264400,saturday,H,5,20,10,3,0,0,258917.85714285713,243062.5
Big Street ATM,2012-10-21,341100,sunday,H,6,21,10,3,0,0,263710.71428571426,238287.5
Big Street ATM,2012-10-22,174100,sunday,H,0,22,10,4,0,0,269482.14285714284,277487.5
Big Street ATM,2012-10-23,278600,tuesday,H,1,23,10,4,0,0,270414.28571428574,247650.0
Big Street ATM,2012-10-24,221600,wednesday,H,2,24,10,4,0,0,271203.5714285714,280375.0
Big Street ATM,2012-10-25,226400,wednesday,H,3,25,10,4,0,0,268539.28571428574,298125.0
Big Street ATM,2012-10-26,297100,wednesday,H,4,26,10,4,0,0,267517.85714285716,261450.0
Big Street ATM,2012-10-27,148600,saturday,H,5,27,10,4,0,0,271496.4285714286,261837.5
Big Street ATM,2012-10-28,185600,sunday,H,6,28,10,4,0,0,270821.4285714286,229812.5
Big Street ATM,2012-10-29,157300,sunday,H,0,29,10,5,0,1,269600.0,255050.0
Big Street ATM,2012-10-30,150400,sunday,H,1,30,10,5,0,1,259828.57142857142,243925.0
Big Street ATM,2012-10-31,231300,sunday,H,2,31,10,5,0,1,252807.14285714287,268525.0
Big Street ATM,2012-11-01,353300,sunday,H,3,1,11,1,1,0,248935.7142857143,292675.0
Big Street ATM,2012-11-02,330100,sunday,H,4,2,11,1,1,0,253364.2857142857,281437.5
Big Street ATM,2012-11-03,318300,saturday,H,5,3,11,1,1,0,255592.85714285713,257012.5
Big Street ATM,2012-11-04,242300,sunday,H,6,4,11,1,0,0,255367.85714285713,230212.5
Big Street ATM,2012-11-05,394100,sunday,H,0,5,11,1,0,0,255792.85714285713,247450.0
Big Street ATM,2012-11-06,300200,sunday,H,1,6,11,1,0,0,261946.42857142858,270325.0
Big Street ATM,2012-11-07,392100,sunday,H,2,7,11,1,0,0,262614.28571428574,280700.0
Big Street ATM,2012-11-08,302800,sunday,H,3,8,11,2,0,0,263721.4285714286,289225.0
Big Street ATM,2012-11-09,318100,sunday,H,4,9,11,2,0,0,261628.57142857142,276275.0
Big Street ATM,2012-11-10,491800,saturday,H,5,10,11,2,0,0,263610.71428571426,256475.0
Big Street ATM,2012-11-11,466800,sunday,H,6,11,11,2,0,0,271507.14285714284,264512.5
Big Street ATM,2012-11-12,451200,sunday,H,0,12,11,2,0,0,280757.14285714284,259162.5
Big Street ATM,2012-11-13,374200,tuesday,H,1,13,11,2,0,0,286392.85714285716,283850.0
Big Street ATM,2012-11-14,185500,tuesday,H,2,14,11,2,0,0,288671.4285714286,287350.0
Big Street ATM,2012-11-15,246100,tuesday,H,3,15,11,3,0,0,286292.85714285716,284950.0
Big Street ATM,2012-11-16,346900,tuesday,H,4,16,11,3,0,0,286342.85714285716,277375.0
Big Street ATM,2012-11-17,232400,saturday,H,5,17,11,3,0,0,292510.71428571426,272800.0
Big Street ATM,2012-11-19,332800,sunday,H,0,19,11,3,0,0,291367.85714285716,265775.0
Big Street ATM,2012-11-20,277800,sunday,H,1,20,11,3,0,0,291071.4285714286,306950.0
Big Street ATM,2012-11-21,286200,sunday,H,2,21,11,3,0,0,294775.0,290012.5
Big Street ATM,2012-11-22,234400,sunday,H,3,22,11,4,0,0,295046.4285714286,283700.0
Big Street ATM,2012-11-23,261500,sunday,H,4,23,11,4,0,0,295503.5714285714,274800.0
Big Street ATM,2012-11-24,252200,saturday,H,5,24,11,4,0,0,296757.14285714284,282275.0
Big Street ATM,2012-11-25,212700,sunday,H,6,25,11,4,0,0,295153.5714285714,279762.5
Big Street ATM,2012-11-26,290600,sunday,H,0,26,11,4,0,0,297442.85714285716,264887.5
Big Street ATM,2012-11-27,272400,sunday,H,1,27,11,4,0,0,301192.85714285716,289412.5
Big Street ATM,2012-11-28,153100,sunday,H,2,28,11,4,0,1,305303.5714285714,280687.5
Big Street ATM,2012-11-29,288100,sunday,H,3,29,11,5,0,1,305400.0,260375.0
Big Street ATM,2012-11-30,340700,sunday,H,4,30,11,5,0,1,307428.5714285714,282150.0
Big Street ATM,2012-12-01,433100,saturday,H,5,1,12,1,1,0,306978.5714285714,291400.0
Big Street ATM,2012-12-02,432600,sunday,H,6,2,12,1,1,0,310657.14285714284,312962.5
Big Street ATM,2012-12-03,398200,sunday,H,0,3,12,1,1,0,314739.28571428574,290162.5
Big Street ATM,2012-12-04,446000,sunday,H,1,4,12,1,0,0,320307.14285714284,311462.5
Big Street ATM,2012-12-05,383800,sunday,H,2,5,12,1,0,0,322160.71428571426,301250.0
Big Street ATM,2012-12-06,268300,sunday,H,3,6,12,1,0,0,325146.4285714286,263212.5
Big Street ATM,2012-12-07,369100,sunday,H,4,7,12,1,0,0,320725.0,270512.5
Big Street ATM,2012-12-08,362300,saturday,H,5,8,12,2,0,0,323092.85714285716,304712.5
Big Street ATM,2012-12-09,327800,sunday,H,6,9,12,2,0,0,324671.4285714286,317675.0
Big Street ATM,2012-12-10,300700,sunday,H,0,10,12,2,0,0,318814.28571428574,305162.5
Big Street ATM,2012-12-11,325300,sunday,H,1,11,12,2,0,0,312882.14285714284,312375.0
Big Street ATM,2012-12-12,366200,sunday,H,2,12,12,2,0,0,308385.71428571426,303112.5
Big Street ATM,2012-12-13,338800,sunday,H,3,13,12,2,0,0,308100.0,277475.0
Big Street ATM,2012-12-14,308600,sunday,H,4,14,12,2,0,0,313575.0,282275.0
Big Street ATM,2012-12-15,406200,saturday,H,5,15,12,3,0,0,315807.14285714284,321512.5
Big Street ATM,2012-12-16,349100,sunday,H,6,16,12,3,0,0,317925.0,334612.5
Big Street ATM,2012-12-17,291300,sunday,H,0,17,12,3,0,0,322092.85714285716,306162.5
Big Street ATM,2012-12-18,241900,sunday,H,1,18,12,3,0,0,320610.71428571426,327025.0
Big Street ATM,2012-12-19,226200,sunday,H,2,19,12,3,0,0,319328.5714285714,298525.0
Big Street ATM,2012-12-20,287200,sunday,H,3,20,12,3,0,0,317185.71428571426,278050.0
Big Street ATM,2012-12-21,304600,sunday,H,4,21,12,3,0,0,319071.4285714286,289875.0
Big Street ATM,2012-12-22,436000,saturday,H,5,22,12,4,0,0,320610.71428571426,322450.0
Big Street ATM,2012-12-23,220700,sunday,H,6,23,12,4,0,0,327175.0,356062.5
Big Street ATM,2012-12-24,363900,sunday,H,0,24,12,4,0,0,327460.71428571426,310550.0
Big Street ATM,2012-12-25,235400,tuesday,H,1,25,12,4,0,0,330078.5714285714,352850.0
Big Street ATM,2012-12-26,210800,tuesday,H,2,26,12,4,0,0,328757.14285714284,309150.0
Big Street ATM,2012-12-27,343200,tuesday,H,3,27,12,4,0,0,330817.85714285716,275487.5
Big Street ATM,2012-12-28,468700,tuesday,H,4,28,12,4,0,0,332785.71428571426,288612.5
Big Street ATM,2012-12-29,264300,saturday,H,5,29,12,5,0,1,337357.14285714284,339775.0
Big Street ATM,2012-12-30,376000,sunday,H,6,30,12,5,0,1,331328.5714285714,370525.0
Big Street ATM,2012-12-31,364300,sunday,H,0,31,12,5,0,1,329307.14285714284,327262.5
Big Street ATM,2013-01-01,429200,tuesday,H,1,1,1,1,1,0,328096.4285714286,349125.0
Big Street ATM,2013-01-02,401000,wednesday,W,2,2,1,1,1,0,327496.4285714286,325275.0
Big Street ATM,2013-01-03,314800,thursday,W,3,3,1,1,1,0,328110.71428571426,276600.0
Big Street ATM,2013-01-04,356900,friday,W,4,4,1,1,0,0,329771.4285714286,290112.5
Big Street ATM,2013-01-05,148800,saturday,H,5,5,1,1,0,0,329335.71428571426,344625.0
Big Street ATM,2013-01-06,307200,sunday,H,6,6,1,1,0,0,321710.71428571426,349337.5
Big Street ATM,2013-01-07,273500,monday,W,0,7,1,1,0,0,320975.0,307312.5
Big Street ATM,2013-01-08,242600,tuesday,W,1,8,1,2,0,0,320003.5714285714,326912.5
Big Street ATM,2013-01-09,215300,wednesday,W,2,9,1,2,0,0,317050.0,308825.0
Big Street ATM,2013-01-10,336000,thursday,W,3,10,1,2,0,0,311660.71428571426,280325.0
Big Street ATM,2013-01-11,341600,friday,W,4,11,1,2,0,0,311560.71428571426,301350.0
Big Street ATM,2013-01-12,329300,saturday,H,5,12,1,2,0,0,312739.28571428574,343962.5
Big Street ATM,2013-01-13,289800,sunday,H,6,13,1,2,0,0,309992.85714285716,329025.0
Big Street ATM,2013-01-14,268900,monday,H,0,14,1,2,0,0,307875.0,314487.5
Big Street ATM,2013-01-15,261100,tuesday,H,1,15,1,3,0,0,307075.0,318925.0
Big Street ATM,2013-01-16,378500,wednesday,H,2,16,1,3,0,0,307760.71428571426,306737.5
Big Street ATM,2013-01-17,324400,thursday,W,3,17,1,3,0,0,313200.0,291862.5
Big Street ATM,2013-01-18,254400,friday,W,4,18,1,3,0,0,314528.5714285714,312600.0
Big Street ATM,2013-01-19,248100,saturday,H,5,19,1,3,0,0,312735.71428571426,343075.0
Big Street ATM,2013-01-20,222900,sunday,H,6,20,1,3,0,0,306025.0,328512.5
Big Street ATM,2013-01-21,393900,monday,W,0,21,1,3,0,0,306103.5714285714,315762.5
Big Street ATM,2013-01-22,310100,tuesday,W,1,22,1,4,0,0,307175.0,331837.5
Big Street ATM,2013-01-23,329200,wednesday,W,2,23,1,4,0,0,309842.85714285716,311450.0
Big Street ATM,2013-01-24,350400,thursday,W,3,24,1,4,0,0,314071.4285714286,313875.0
Big Street ATM,2013-01-25,228200,friday,H,4,25,1,4,0,0,314328.5714285714,320387.5
Big Street ATM,2013-01-26,128800,saturday,H,5,26,1,4,0,0,305739.28571428574,329012.5
Big Street ATM,2013-01-27,197100,sunday,H,6,27,1,4,0,0,300900.0,290475.0
Big Street ATM,2013-01-28,494200,monday,W,0,28,1,4,0,0,294510.71428571426,286325.0
Big Street ATM,2013-01-29,378100,tuesday,W,1,29,1,5,0,1,299150.0,343837.5
Big Street ATM,2013-01-30,211500,wednesday,W,2,30,1,5,0,1,297325.0,302962.5
Big Street ATM,2013-01-31,297000,thursday,W,3,31,1,5,0,1,290557.14285714284,292337.5
Big Street ATM,2013-02-01,469500,friday,W,4,1,2,1,1,0,289921.4285714286,323975.0
Big Street ATM,2013-02-02,289000,saturday,H,5,2,2,1,1,0,293942.85714285716,341562.5
Big Street ATM,2013-02-03,338700,sunday,H,6,3,2,1,1,0,298950.0,281312.5
Big Street ATM,2013-02-04,231400,monday,W,0,4,2,1,0,0,300075.0,287687.5
Big Street ATM,2013-02-05,367000,tuesday,W,1,5,2,1,0,0,298571.4285714286,335175.0
Big Street ATM,2013-02-06,235900,wednesday,W,2,6,2,1,0,0,303014.28571428574,308175.0
Big Street ATM,2013-02-07,597700,thursday,W,3,7,2,1,0,0,303750.0,276050.0
Big Street ATM,2013-02-08,234200,friday,W,4,8,2,2,0,0,313096.4285714286,356337.5
Big Street ATM,2013-02-09,139000,saturday,H,5,9,2,2,0,0,309260.71428571426,332262.5
Big Street ATM,2013-02-10,407900,sunday,H,6,10,2,2,0,0,302464.28571428574,247912.5
Big Street ATM,2013-02-11,292200,monday,W,0,11,2,2,0,0,306682.14285714284,295037.5
Big Street ATM,2013-02-12,459000,tuesday,W,1,12,2,2,0,0,307514.28571428574,335287.5
Big Street ATM,2013-02-13,282300,wednesday,W,2,13,2,2,0,0,314582.14285714284,335312.5
Big Street ATM,2013-02-14,282700,thursday,W,3,14,2,2,0,0,311146.4285714286,283062.5
Big Street ATM,2013-02-15,297300,friday,W,4,15,2,3,0,0,309657.14285714284,355775.0
Big Street ATM,2013-02-16,234100,saturday,H,5,16,2,3,0,0,311189.28571428574,331350.0
Big Street ATM,2013-02-17,381000,sunday,H,6,17,2,3,0,0,310689.28571428574,222675.0
Big Street ATM,2013-02-18,293600,monday,W,0,18,2,3,0,0,316335.71428571426,315075.0
Big Street ATM,2013-02-19,241100,tuesday,W,1,19,2,3,0,0,312753.5714285714,326500.0
Big Street ATM,2013-02-20,380200,wednesday,W,2,20,2,3,0,0,310289.28571428574,336025.0
Big Street ATM,2013-02-21,192900,thursday,W,3,21,2,3,0,0,312110.71428571426,304237.5
Big Street ATM,2013-02-22,194300,friday,W,4,22,2,4,0,0,306485.71428571426,336987.5
Big Street ATM,2013-02-23,175300,saturday,H,5,23,2,4,0,0,305275.0,297050.0
Big Street ATM,2013-02-24,243100,sunday,H,6,24,2,4,0,0,306935.71428571426,211550.0
Big Street ATM,2013-02-25,391600,monday,W,0,25,2,4,0,0,308578.5714285714,298462.5
Big Street ATM,2013-02-26,304200,tuesday,W,1,26,2,4,0,1,304914.28571428574,329912.5
Big Street ATM,2013-02-27,338000,wednesday,W,2,27,2,4,0,1,302275.0,320400.0
Big Street ATM,2013-02-28,457200,thursday,W,3,28,2,4,0,1,306792.85714285716,296362.5
Big Street ATM,2013-03-01,245300,friday,W,4,1,3,1,1,0,312514.28571428574,354787.5
Big Street ATM,2013-03-02,122300,saturday,H,5,2,3,1,1,0,304507.14285714284,283100.0
Big Street ATM,2013-03-03,201000,sunday,H,6,3,3,1,1,0,298553.5714285714,208237.5
Big Street ATM,2013-03-04,319700,monday,W,0,4,3,1,0,0,293635.71428571426,285187.5
Big Street ATM,2013-03-05,253100,tuesday,W,1,5,3,1,0,0,296789.28571428574,335687.5
Big Street ATM,2013-03-06,286800,wednesday,W,2,6,3,1,0,0,292721.4285714286,321712.5
Big Street ATM,2013-03-07,308500,thursday,W,3,7,3,1,0,0,294539.28571428574,305300.0
Big Street ATM,2013-03-08,275000,friday,W,4,8,3,2,0,0,284210.71428571426,351350.0
Big Street ATM,2013-03-09,379300,saturday,H,5,9,3,2,0,0,285667.85714285716,274775.0
Big Street ATM,2013-03-10,304000,sunday,H,6,10,3,2,0,0,294250.0,214487.5
Big Street ATM,2013-03-11,263700,monday,W,0,11,3,2,0,0,290539.28571428574,286962.5
Big Street ATM,2013-03-12,426200,tuesday,W,1,12,3,2,0,0,289521.4285714286,335037.5
Big Street ATM,2013-03-13,286400,wednesday,W,2,13,3,2,0,0,288350.0,342350.0
Big Street ATM,2013-03-14,337800,thursday,W,3,14,3,2,0,0,288496.4285714286,293787.5
Big Street ATM,2013-03-15,453000,friday,W,4,15,3,3,0,0,290464.28571428574,353025.0
Big Street ATM,2013-03-16,331100,saturday,H,5,16,3,3,0,0,296025.0,299600.0
Big Street ATM,2013-03-17,305200,sunday,H,6,17,3,3,0,0,299489.28571428574,224862.5
Big Street ATM,2013-03-18,313500,monday,W,0,18,3,3,0,0,296782.14285714284,297250.0
Big Street ATM,2013-03-19,207400,tuesday,W,1,19,3,3,0,0,297492.85714285716,324987.5
Big Street ATM,2013-03-20,444200,wednesday,W,2,20,3,3,0,0,296289.28571428574,329512.5
Big Street ATM,2013-03-21,272700,thursday,W,3,21,3,3,0,0,298575.0,308162.5
Big Street ATM,2013-03-22,257000,friday,W,4,22,3,4,0,0,301425.0,343312.5
Big Street ATM,2013-03-23,219300,saturday,H,5,23,3,4,0,0,303664.28571428574,303200.0
Big Street ATM,2013-03-24,269600,sunday,H,6,24,3,4,0,0,305235.71428571426,236175.0
Big Street ATM,2013-03-25,295700,monday,W,0,25,3,4,0,0,306182.14285714284,306312.5
Big Street ATM,2013-03-26,254200,tuesday,W,1,26,3,4,0,0,302757.14285714284,300175.0
Big Street ATM,2013-03-27,91200,wednesday,W,2,27,3,4,0,0,300971.4285714286,314025.0
Big Street ATM,2013-03-28,360000,thursday,W,3,28,3,4,0,0,292157.14285714284,293125.0
Big Street ATM,2013-03-29,361100,friday,H,4,29,3,5,0,1,288685.71428571426,351187.5
Big Street ATM,2013-03-30,388500,saturday,H,5,30,3,5,0,1,292821.4285714286,289650.0
Big Street ATM,2013-03-31,379800,sunday,H,6,31,3,5,0,1,302328.5714285714,248612.5
Big Street ATM,2013-04-01,377700,monday,W,0,1,4,1,1,0,308714.28571428574,311450.0
Big Street ATM,2013-04-02,404600,tuesday,W,1,2,4,1,1,0,310785.71428571426,318462.5
Big Street ATM,2013-04-03,297700,wednesday,W,2,3,4,1,1,0,316196.4285714286,318725.0
Big Street ATM,2013-04-04,297500,thursday,W,3,4,4,1,0,0,316585.71428571426,300850.0
Big Street ATM,2013-04-05,400200,friday,W,4,5,4,1,0,0,316192.85714285716,313662.5
Big Street ATM,2013-04-06,222900,saturday,H,5,6,4,1,0,0,320664.28571428574,310400.0
Big Street ATM,2013-04-07,370000,sunday,H,6,7,4,1,0,0,315078.5714285714,259100.0
Big Street ATM,2013-04-08,295600,monday,W,0,8,4,2,0,0,317435.71428571426,306712.5
Big Street ATM,2013-04-09,274600,tuesday,W,1,9,4,2,0,0,318575.0,318887.5
Big Street ATM,2013-04-10,458200,wednesday,W,2,10,4,2,0,0,313160.71428571426,295675.0
Big Street ATM,2013-04-11,403300,thursday,H,3,11,4,2,0,0,319296.4285714286,322837.5
Big Street ATM,2013-04-12,319500,friday,W,4,12,4,2,0,0,321635.71428571426,328737.5
Big Street ATM,2013-04-13,263200,saturday,H,5,13,4,2,0,0,316867.85714285716,313175.0
Big Street ATM,2013-04-14,233300,sunday,H,6,14,4,2,0,0,314442.85714285716,262737.5
Big Street ATM,2013-04-15,337000,monday,W,0,15,4,3,0,0,311875.0,288250.0
Big Street ATM,2013-04-16,443400,tuesday,W,1,16,4,3,0,0,312714.28571428574,324312.5
Big Street ATM,2013-04-17,228400,wednesday,W,2,17,4,3,0,0,321142.85714285716,320962.5
Big Street ATM,2013-04-18,148500,thursday,W,3,18,4,3,0,0,313435.71428571426,303862.5
Big Street ATM,2013-04-19,332900,friday,W,4,19,4,3,0,0,309000.0,323187.5
Big Street ATM,2013-04-20,389200,saturday,H,5,20,4,3,0,0,311710.71428571426,330500.0
Big Street ATM,2013-04-21,240800,sunday,H,6,21,4,3,0,0,317778.5714285714,289475.0
Big Street ATM,2013-04-22,211900,monday,W,0,22,4,4,0,0,316750.0,287962.5
Big Street ATM,2013-04-23,360600,tuesday,W,1,23,4,4,0,0,313757.14285714284,301850.0
Big Street ATM,2013-04-24,309300,wednesday,H,2,24,4,4,0,0,317557.14285714284,328012.5
Big Street ATM,2013-04-25,282300,thursday,W,3,25,4,4,0,0,325346.4285714286,300275.0
Big Street ATM,2013-04-26,309600,friday,W,4,26,4,4,0,0,322571.4285714286,301325.0
Big Street ATM,2013-04-27,475300,saturday,H,5,27,4,4,0,0,320732.14285714284,338537.5
Big Street ATM,2013-04-28,307000,sunday,H,6,28,4,4,0,1,323832.14285714284,333600.0
Big Street ATM,2013-04-29,310500,monday,W,0,29,4,5,0,1,321232.14285714284,301212.5
Big Street ATM,2013-04-30,460800,tuesday,W,1,30,4,5,0,1,318832.14285714284,300700.0
Big Street ATM,2013-05-01,355500,wednesday,H,2,1,5,1,1,0,320839.28571428574,353975.0
Big Street ATM,2013-05-02,236800,thursday,W,3,2,5,1,1,0,322903.5714285714,308862.5
Big Street ATM,2013-05-03,575300,friday,W,4,3,5,1,1,0,320735.71428571426,292362.5
Big Street ATM,2013-05-04,276500,saturday,H,5,4,5,1,0,0,326989.28571428574,376075.0
Big Street ATM,2013-05-05,572600,sunday,H,6,5,5,1,0,0,328903.5714285714,320750.0
Big Street ATM,2013-05-06,197500,monday,W,0,6,5,1,0,0,336139.28571428574,334787.5
Big Street ATM,2013-05-07,210700,tuesday,W,1,7,5,1,0,0,332635.71428571426,292425.0
Big Street ATM,2013-05-08,450400,wednesday,W,2,8,5,2,0,0,330353.5714285714,327037.5
Big Street ATM,2013-05-09,348900,thursday,W,3,9,5,2,0,0,330075.0,329362.5
Big Street ATM,2013-05-10,315400,friday,W,4,10,5,2,0,0,328132.14285714284,293750.0
Big Street ATM,2013-05-11,338400,saturday,H,5,11,5,2,0,0,327985.71428571426,358875.0
Big Street ATM,2013-05-12,329000,sunday,H,6,12,5,2,0,0,330671.4285714286,321662.5
Big Street ATM,2013-05-13,423000,monday,W,0,13,5,2,0,0,334089.28571428574,337762.5
Big Street ATM,2013-05-14,405000,tuesday,W,1,14,5,2,0,0,337160.71428571426,306112.5
Big Street ATM,2013-05-15,357900,wednesday,W,2,15,5,3,0,0,335789.28571428574,351737.5
Big Street ATM,2013-05-16,291200,thursday,W,3,16,5,3,0,0,340414.28571428574,318575.0
Big Street ATM,2013-05-17,169300,friday,W,4,17,5,3,0,0,345510.71428571426,296062.5
Big Street ATM,2013-05-18,443200,saturday,H,5,18,5,3,0,0,339667.85714285716,347912.5
Big Street ATM,2013-05-19,321500,sunday,H,6,19,5,3,0,0,341596.4285714286,349650.0
Big Street ATM,2013-05-20,262300,monday,W,0,20,5,3,0,0,344478.5714285714,344250.0
Big Street ATM,2013-05-21,425500,tuesday,W,1,21,5,3,0,0,346278.5714285714,301937.5
Big Street ATM,2013-05-22,425400,wednesday,W,2,22,5,4,0,0,348596.4285714286,373150.0
Big Street ATM,2013-05-23,327100,thursday,W,3,23,5,4,0,0,352742.85714285716,360350.0
Big Street ATM,2013-05-24,283000,friday,W,4,24,5,4,0,0,354342.85714285716,291950.0
Big Street ATM,2013-05-25,136900,saturday,H,5,25,5,4,0,0,353392.85714285716,338150.0
Big Street ATM,2013-05-27,102500,monday,W,0,27,5,4,0,0,341307.14285714284,313887.5
Big Street ATM,2013-05-28,191300,tuesday,W,1,28,5,4,0,0,334003.5714285714,267537.5
Big Street ATM,2013-05-29,219200,wednesday,W,2,29,5,5,0,1,329746.4285714286,346487.5
Big Street ATM,2013-05-30,289500,thursday,W,3,30,5,5,0,1,321117.85714285716,350537.5
Big Street ATM,2013-05-31,401400,friday,W,4,31,5,5,0,1,318760.71428571426,290950.0
Big Street ATM,2013-06-01,431100,saturday,H,5,1,6,1,1,0,324639.28571428574,338300.0
Big Street ATM,2013-06-02,467400,sunday,H,6,2,6,1,1,0,319489.28571428574,354975.0
Big Street ATM,2013-06-03,328600,monday,W,0,3,6,1,1,0,326307.14285714284,326062.5
Big Street ATM,2013-06-04,408100,tuesday,W,1,4,6,1,0,0,317592.85714285716,271662.5
Big Street ATM,2013-06-05,288500,wednesday,W,2,5,6,1,0,0,325114.28571428574,363175.0
Big Street ATM,2013-06-06,293400,thursday,W,3,6,6,1,0,0,327892.85714285716,329325.0
Big Street ATM,2013-06-07,209700,friday,W,4,7,6,1,0,0,322285.71428571426,277212.5
Big Street ATM,2013-06-08,473500,saturday,H,5,8,6,2,0,0,317314.28571428574,324575.0
Big Street ATM,2013-06-09,379000,sunday,H,6,9,6,2,0,0,322960.71428571426,386300.0
Big Street ATM,2013-06-10,309600,monday,W,0,10,6,2,0,0,324410.71428571426,344275.0
Big Street ATM,2013-06-11,484000,tuesday,W,1,11,6,2,0,0,323717.85714285716,268237.5
Big Street ATM,2013-06-12,341500,wednesday,W,2,12,6,2,0,0,325896.4285714286,368250.0
Big Street ATM,2013-06-13,325500,thursday,W,3,13,6,2,0,0,323628.5714285714,343462.5
Big Street ATM,2013-06-14,382900,friday,W,4,14,6,2,0,0,322471.4285714286,299337.5
Big Street ATM,2013-06-15,421900,saturday,H,5,15,6,3,0,0,325746.4285714286,330825.0
Big Street ATM,2013-06-16,332700,sunday,H,6,16,6,3,0,0,334767.85714285716,406137.5
Big Street ATM,2013-06-17,387200,monday,W,0,17,6,3,0,0,330821.4285714286,355762.5
Big Street ATM,2013-06-18,397300,tuesday,W,1,18,6,3,0,0,333167.85714285716,290150.0
Big Street ATM,2013-06-19,344000,wednesday,W,2,19,6,3,0,0,337989.28571428574,372837.5
Big Street ATM,2013-06-20,557700,thursday,W,3,20,6,3,0,0,335078.5714285714,347800.0
Big Street ATM,2013-06-21,268600,friday,W,4,21,6,3,0,0,339803.5714285714,333762.5
Big Street ATM,2013-06-22,463800,saturday,H,5,22,6,4,0,0,337714.28571428574,325700.0
Big Street ATM,2013-06-23,179800,sunday,H,6,23,6,4,0,0,344171.4285714286,415462.5
Big Street ATM,2013-06-24,218800,monday,W,0,24,6,4,0,0,345703.5714285714,339862.5
Big Street ATM,2013-06-25,196000,tuesday,W,1,25,6,4,0,0,349857.14285714284,278687.5
Big Street ATM,2013-06-26,162100,wednesday,W,2,26,6,4,0,0,350025.0,339737.5
Big Street ATM,2013-06-27,346000,thursday,W,3,27,6,4,0,0,347985.71428571426,323625.0
Big Street ATM,2013-06-28,320800,friday,W,4,28,6,4,0,1,350003.5714285714,347412.5
Big Street ATM,2013-06-29,407100,saturday,H,5,29,6,5,0,1,347125.0,293887.5
Big Street ATM,2013-06-30,425600,sunday,H,6,30,6,5,0,1,346267.85714285716,406937.5
Big Street ATM,2013-07-01,273400,monday,W,0,1,7,1,1,0,344775.0,321487.5
Big Street ATM,2013-07-02,342500,tuesday,W,1,2,7,1,1,0,342803.5714285714,288175.0
Big Street ATM,2013-07-03,426300,wednesday,W,2,3,7,1,1,0,340460.71428571426,356212.5
Big Street ATM,2013-07-04,568600,thursday,W,3,4,7,1,0,0,345382.14285714284,320612.5
Big Street ATM,2013-07-05,375400,friday,W,4,5,7,1,0,0,355210.71428571426,374875.0
Big Street ATM,2013-07-06,334300,saturday,H,5,6,7,1,0,0,361128.5714285714,301387.5
Big Street ATM,2013-07-07,531100,sunday,H,6,7,7,1,0,0,356157.14285714284,414162.5
Big Street ATM,2013-07-08,328400,monday,W,0,8,7,2,0,0,361589.28571428574,346750.0
Big Street ATM,2013-07-09,509900,tuesday,W,1,9,7,2,0,0,362260.71428571426,276350.0
Big Street ATM,2013-07-10,471700,wednesday,W,2,10,7,2,0,0,363185.71428571426,369325.0
Big Street ATM,2013-07-11,357200,thursday,W,3,11,7,2,0,0,367835.71428571426,334837.5
Big Street ATM,2013-07-12,280600,friday,W,4,12,7,2,0,0,368967.85714285716,383125.0
Big Street ATM,2013-07-13,285500,saturday,H,5,13,7,2,0,0,365314.28571428574,315300.0
Big Street ATM,2013-07-14,175200,sunday,H,6,14,7,2,0,0,360442.85714285716,407550.0
Big Street ATM,2013-07-15,341500,monday,W,0,15,7,3,0,0,354817.85714285716,328462.5
Big Street ATM,2013-07-16,475300,tuesday,W,1,16,7,3,0,0,353185.71428571426,286250.0
Big Street ATM,2013-07-17,517800,wednesday,W,2,17,7,3,0,0,355971.4285714286,375550.0
Big Street ATM,2013-07-18,431200,thursday,W,3,18,7,3,0,0,362178.5714285714,346387.5
Big Street ATM,2013-07-19,484700,friday,W,4,19,7,3,0,0,357660.71428571426,396137.5
Big Street ATM,2013-07-20,227200,saturday,H,5,20,7,3,0,0,365378.5714285714,340512.5
Big Street ATM,2013-07-21,379800,sunday,H,6,21,7,3,0,0,356928.5714285714,380550.0
Big Street ATM,2013-07-22,295800,monday,W,0,22,7,4,0,0,364071.4285714286,358825.0
Big Street ATM,2013-07-23,218800,tuesday,W,1,23,7,4,0,0,366821.4285714286,310412.5
Big Street ATM,2013-07-24,285600,wednesday,W,2,24,7,4,0,0,367635.71428571426,378987.5
Big Street ATM,2013-07-25,272700,thursday,W,3,25,7,4,0,0,372046.4285714286,354687.5
Big Street ATM,2013-07-26,295200,friday,W,4,26,7,4,0,0,369428.5714285714,394037.5
Big Street ATM,2013-07-27,199700,saturday,H,5,27,7,4,0,0,368514.28571428574,327237.5
Big Street ATM,2013-07-28,324400,sunday,H,6,28,7,4,0,0,361107.14285714284,351625.0
Big Street ATM,2013-07-29,297400,monday,W,0,29,7,5,0,1,357492.85714285716,340950.0
Big Street ATM,2013-07-30,259700,tuesday,W,1,30,7,5,0,1,358350.0,306512.5
Big Street ATM,2013-07-31,240500,wednesday,W,2,31,7,5,0,1,355392.85714285716,360437.5
Big Street ATM,2013-08-01,495900,thursday,W,3,1,8,1,1,0,348757.14285714284,348687.5
Big Street ATM,2013-08-02,586900,friday,W,4,2,8,1,1,0,346160.71428571426,419350.0
Big Street ATM,2013-08-03,292900,saturday,H,5,3,8,1,1,0,353714.28571428574,374387.5
Big Street ATM,2013-08-04,373100,sunday,H,6,4,8,1,0,0,352235.71428571426,329050.0
Big Street ATM,2013-08-05,362800,monday,W,0,5,8,1,0,0,346592.85714285716,340212.5
Big Street ATM,2013-08-06,292200,tuesday,W,1,6,8,1,0,0,347821.4285714286,313162.5
Big Street ATM,2013-08-07,444300,wednesday,W,2,7,8,1,0,0,340046.4285714286,336462.5
Big Street ATM,2013-08-08,363300,thursday,W,3,8,8,2,0,0,339067.85714285716,361537.5
Big Street ATM,2013-08-09,335700,friday,W,4,9,8,2,0,0,339285.71428571426,424075.0
Big Street ATM,2013-08-10,439200,saturday,H,5,10,8,2,0,0,341253.5714285714,368487.5
Big Street ATM,2013-08-11,428000,sunday,H,6,11,8,2,0,0,346742.85714285716,331212.5
Big Street ATM,2013-08-12,338000,monday,W,0,12,8,2,0,0,355771.4285714286,352125.0
Big Street ATM,2013-08-13,350600,tuesday,W,1,13,8,2,0,0,355646.4285714286,307012.5
Big Street ATM,2013-08-14,608800,wednesday,W,2,14,8,2,0,0,351192.85714285716,330625.0
Big Street ATM,2013-08-16,306200,friday,W,4,16,8,3,0,0,354442.85714285716,430462.5
Big Street ATM,2013-08-17,180100,saturday,H,5,17,8,3,0,0,349978.5714285714,373187.5
Big Street ATM,2013-08-18,440600,sunday,H,6,18,8,3,0,0,339100.0,295750.0
Big Street ATM,2013-08-19,460500,monday,W,0,19,8,3,0,0,346721.4285714286,384725.0
Big Street ATM,2013-08-20,343800,tuesday,W,1,20,8,3,0,0,349603.5714285714,337225.0
Big Street ATM,2013-08-21,291700,wednesday,W,2,21,8,3,0,0,351317.85714285716,349100.0
Big Street ATM,2013-08-22,220800,thursday,W,3,22,8,4,0,0,353921.4285714286,355000.0
Big Street ATM,2013-08-23,265000,friday,W,4,23,8,4,0,0,351607.14285714284,414812.5
Big Street ATM,2013-08-24,331400,saturday,H,5,24,8,4,0,0,351332.14285714284,366212.5
Big Street ATM,2013-08-25,334000,sunday,H,6,25,8,4,0,0,352625.0,286287.5
Big Street ATM,2013-08-26,342300,monday,W,0,26,8,4,0,0,357421.4285714286,373275.0
Big Street ATM,2013-08-27,304700,tuesday,W,1,27,8,4,0,0,358060.71428571426,345837.5
Big Street ATM,2013-08-28,294600,wednesday,W,2,28,8,4,0,0,358321.4285714286,344375.0
Big Street ATM,2013-08-29,191900,thursday,W,3,29,8,5,0,1,359567.85714285716,371562.5
Big Street ATM,2013-08-30,347500,friday,W,4,30,8,5,0,1,357832.14285714284,367725.0
Big Street ATM,2013-08-31,396300,saturday,H,5,31,8,5,0,1,352532.14285714284,362725.0
Big Street ATM,2013-09-01,417800,sunday,H,6,1,9,1,1,0,345725.0,294037.5
Big Street ATM,2013-09-02,312200,monday,W,0,2,9,1,1,0,350185.71428571426,359112.5
Big Street ATM,2013-09-03,368500,tuesday,W,1,3,9,1,1,0,348010.71428571426,343812.5
Big Street ATM,2013-09-04,344600,wednesday,W,2,4,9,1,0,0,348214.28571428574,326700.0
Big Street ATM,2013-09-05,295100,thursday,W,3,5,9,1,0,0,350085.71428571426,361350.0
Big Street ATM,2013-09-06,377800,friday,W,4,6,9,1,0,0,344757.14285714284,359962.5
Big Street ATM,2013-09-07,611700,saturday,H,5,7,9,1,0,0,345275.0,374875.0
Big Street ATM,2013-09-08,479300,sunday,H,6,8,9,2,0,0,355132.14285714284,334812.5
Big Street ATM,2013-09-09,394200,monday,H,0,9,9,2,0,0,356564.28571428574,397125.0
Big Street ATM,2013-09-10,480800,tuesday,W,1,10,9,2,0,0,355357.14285714284,350400.0
Big Street ATM,2013-09-11,279800,wednesday,W,2,11,9,2,0,0,360457.14285714284,327387.5
Big Street ATM,2013-09-12,415600,thursday,W,3,12,9,2,0,0,357928.5714285714,337362.5
Big Street ATM,2013-09-13,426700,friday,W,4,13,9,2,0,0,351028.5714285714,358012.5
Big Street ATM,2013-09-14,362200,saturday,H,5,14,9,2,0,0,355332.14285714284,367625.0
Big Street ATM,2013-09-15,424200,sunday,H,6,15,9,3,0,0,361835.71428571426,351687.5
Big Street ATM,2013-09-16,187800,monday,W,0,16,9,3,0,0,361250.0,402675.0
Big Street ATM,2013-09-17,315700,tuesday,W,1,17,9,3,0,0,351510.71428571426,336900.0
Big Street ATM,2013-09-18,275600,wednesday,W,2,18,9,3,0,0,350507.14285714284,339500.0
Big Street ATM,2013-09-19,338300,thursday,W,3,19,9,3,0,0,349932.14285714284,307087.5
Big Street ATM,2013-09-20,160700,friday,W,4,20,9,3,0,0,354128.5714285714,366212.5
Big Street ATM,2013-09-21,223800,saturday,H,5,21,9,3,0,0,350403.5714285714,350812.5
Big Street ATM,2013-09-22,261000,sunday,H,6,22,9,4,0,0,346560.71428571426,354700.0
Big Street ATM,2013-09-23,289600,monday,W,0,23,9,4,0,0,343953.5714285714,394750.0
Big Street ATM,2013-09-24,319000,tuesday,W,1,24,9,4,0,0,342071.4285714286,335925.0
Big Street ATM,2013-09-25,323900,wednesday,W,2,25,9,4,0,0,342582.14285714284,346912.5
Big Street ATM,2013-09-26,283700,thursday,W,3,26,9,4,0,0,343628.5714285714,311875.0
Big Street ATM,2013-09-27,346900,friday,W,4,27,9,4,0,0,346907.14285714284,339687.5
Big Street ATM,2013-09-28,462600,saturday,H,5,28,9,4,0,1,346885.71428571426,320812.5
Big Street ATM,2013-09-29,536200,sunday,H,6,29,9,5,0,1,349253.5714285714,375912.5
Big Street ATM,2013-09-30,371000,monday,W,0,30,9,5,0,1,353482.14285714284,415137.5
Big Street ATM,2013-10-01,391300,tuesday,W,1,1,10,1,1,0,355582.14285714284,336950.0
Big Street ATM,2013-10-02,436500,wednesday,H,2,2,10,1,1,0,356396.4285714286,359300.0
Big Street ATM,2013-10-03,400000,thursday,W,3,3,10,1,1,0,359678.5714285714,336375.0
Big Street ATM,2013-10-04,366400,friday,W,4,4,10,1,0,0,363425.0,344275.0
Big Street ATM,2013-10-05,395200,saturday,H,5,5,10,1,0,0,363017.85714285716,324650.0
Big Street ATM,2013-10-06,474200,sunday,H,6,6,10,1,0,0,355285.71428571426,370412.5
Big Street ATM,2013-10-07,366400,monday,W,0,7,10,1,0,0,355103.5714285714,420912.5
Big Street ATM,2013-10-08,509600,tuesday,W,1,8,10,2,0,0,354110.71428571426,340500.0
Big Street ATM,2013-10-09,334900,wednesday,W,2,9,10,2,0,0,355139.28571428574,379175.0
Big Street ATM,2013-10-10,446800,thursday,W,3,10,10,2,0,0,357107.14285714284,322700.0
Big Street ATM,2013-10-11,343900,friday,W,4,11,10,2,0,0,358221.4285714286,324025.0
Big Street ATM,2013-10-12,451700,saturday,H,5,12,10,2,0,0,355264.28571428574,329362.5
Big Street ATM,2013-10-13,488800,sunday,H,6,13,10,2,0,0,358460.71428571426,404362.5
Big Street ATM,2013-10-14,622400,monday,H,0,14,10,2,0,0,360767.85714285716,426937.5
Big Street ATM,2013-10-15,456800,tuesday,W,1,15,10,3,0,0,376289.28571428574,360737.5
Big Street ATM,2013-10-16,234100,wednesday,W,2,16,10,3,0,0,381328.5714285714,393300.0
Big Street ATM,2013-10-17,277900,thursday,W,3,17,10,3,0,0,379846.4285714286,315500.0
Big Street ATM,2013-10-18,456800,friday,W,4,18,10,3,0,0,377689.28571428574,331162.5
Big Street ATM,2013-10-19,371300,saturday,H,5,19,10,3,0,0,388264.28571428574,353337.5
Big Street ATM,2013-10-20,367100,sunday,H,6,20,10,3,0,0,393532.14285714284,409350.0
Big Street ATM,2013-10-21,288000,monday,W,0,21,10,3,0,0,397321.4285714286,431075.0
Big Street ATM,2013-10-22,234100,tuesday,W,1,22,10,4,0,0,397264.28571428574,353950.0
Big Street ATM,2013-10-23,325800,wednesday,W,2,23,10,4,0,0,394232.14285714284,384475.0
Big Street ATM,2013-10-24,363400,thursday,W,3,24,10,4,0,0,394300.0,319400.0
Big Street ATM,2013-10-25,330900,friday,W,4,25,10,4,0,0,397146.4285714286,352600.0
Big Street ATM,2013-10-26,417500,saturday,H,5,26,10,4,0,0,396575.0,351262.5
Big Street ATM,2013-10-27,239500,sunday,H,6,27,10,4,0,0,394964.28571428574,412000.0
Big Street ATM,2013-10-28,272600,monday,W,0,28,10,4,0,0,384367.85714285716,408787.5
Big Street ATM,2013-10-29,540600,tuesday,W,1,29,10,5,0,1,380853.5714285714,349000.0
Big Street ATM,2013-10-30,381000,wednesday,W,2,30,10,5,0,1,386185.71428571426,405987.5
Big Street ATM,2013-10-31,495100,thursday,W,3,31,10,5,0,1,384203.5714285714,323950.0
Big Street ATM,2013-11-01,572700,friday,W,4,1,11,1,1,0,387600.0,377600.0
Big Street ATM,2013-11-02,449800,saturday,H,5,2,11,1,1,0,394967.85714285716,375625.0
Big Street ATM,2013-11-03,387200,sunday,H,6,3,11,1,1,0,396917.85714285716,391762.5
Big Street ATM,2013-11-04,220900,monday,W,0,4,11,1,0,0,393810.71428571426,397275.0
Big Street ATM,2013-11-05,273500,tuesday,H,1,5,11,1,0,0,388614.28571428574,327337.5
Big Street ATM,2013-11-06,375900,wednesday,W,2,6,11,1,0,0,380182.14285714284,380075.0
Big Street ATM,2013-11-07,426000,thursday,W,3,7,11,1,0,0,381646.4285714286,335962.5
Big Street ATM,2013-11-08,361100,friday,W,4,8,11,2,0,0,380903.5714285714,378900.0
Big Street ATM,2013-11-09,326500,saturday,H,5,9,11,2,0,0,381517.85714285716,367425.0
Big Street ATM,2013-11-10,361600,sunday,H,6,10,11,2,0,0,377046.4285714286,387300.0
Big Street ATM,2013-11-11,273800,monday,W,0,11,11,2,0,0,372503.5714285714,389450.0
Big Street ATM,2013-11-12,343200,tuesday,W,1,12,11,2,0,0,360053.5714285714,338087.5
Big Street ATM,2013-11-13,487300,wednesday,W,2,13,11,2,0,0,355996.4285714286,383512.5
Big Street ATM,2013-11-14,353300,thursday,W,3,14,11,2,0,0,365039.28571428574,362425.0
Big Street ATM,2013-11-15,491200,friday,W,4,15,11,3,0,0,367732.14285714284,380775.0
Big Street ATM,2013-11-16,468600,saturday,H,5,16,11,3,0,0,368960.71428571426,408737.5
Big Street ATM,2013-11-17,394700,sunday,H,6,17,11,3,0,0,372435.71428571426,417900.0
Big Street ATM,2013-11-18,313800,monday,W,0,18,11,3,0,0,373421.4285714286,406162.5
Big Street ATM,2013-11-19,329400,tuesday,W,1,19,11,3,0,0,374342.85714285716,341112.5
Big Street ATM,2013-11-20,267600,wednesday,W,2,20,11,3,0,0,377746.4285714286,384812.5
Big Street ATM,2013-11-21,379700,thursday,W,3,21,11,3,0,0,375667.85714285716,355387.5
Big Street ATM,2013-11-22,358100,friday,W,4,22,11,4,0,0,376250.0,392775.0
Big Street ATM,2013-11-23,408600,saturday,H,5,23,11,4,0,0,377221.4285714286,410137.5
Big Street ATM,2013-11-24,191100,sunday,H,6,24,11,4,0,0,376903.5714285714,411150.0
Big Street ATM,2013-11-25,411300,monday,W,0,25,11,4,0,0,375175.0,363025.0
Big Street ATM,2013-11-26,431100,tuesday,W,1,26,11,4,0,0,380128.5714285714,346150.0
Big Street ATM,2013-11-27,219700,wednesday,W,2,27,11,4,0,0,376217.85714285716,389787.5
Big Street ATM,2013-11-28,450400,thursday,W,3,28,11,4,0,1,370457.14285714284,328287.5
Big Street ATM,2013-11-29,430600,friday,W,4,29,11,5,0,1,368860.71428571426,399075.0
Big Street ATM,2013-11-30,290800,saturday,H,5,30,11,5,0,1,363785.71428571426,418162.5
Big Street ATM,2013-12-01,358500,sunday,H,6,1,12,1,1,0,358107.14285714284,398100.0
Big Street ATM,2013-12-02,443800,monday,W,0,2,12,1,1,0,357082.14285714284,348562.5
Big Street ATM,2013-12-03,484600,tuesday,W,1,3,12,1,1,0,365042.85714285716,355825.0
Big Street ATM,2013-12-04,479500,wednesday,W,2,4,12,1,0,0,372582.14285714284,386662.5
Big Street ATM,2013-12-05,451200,thursday,W,3,5,12,1,0,0,376282.14285714284,346362.5
Big Street ATM,2013-12-06,585200,friday,W,4,6,12,1,0,0,377182.14285714284,399625.0
Big Street ATM,2013-12-07,479600,saturday,H,5,7,12,1,0,0,385185.71428571426,448325.0
Big Street ATM,2013-12-08,321300,sunday,H,6,8,12,2,0,0,390653.5714285714,401587.5
Big Street ATM,2013-12-09,377700,monday,W,0,9,12,2,0,0,389214.28571428574,327625.0
Big Street ATM,2013-12-10,308800,tuesday,W,1,10,12,2,0,0,392925.0,325237.5
Big Street ATM,2013-12-11,413200,wednesday,W,2,11,12,2,0,0,391696.4285714286,368162.5
Big Street ATM,2013-12-12,352400,thursday,W,3,12,12,2,0,0,389050.0,368750.0
Big Street ATM,2013-12-23,92500,monday,W,0,23,12,4,0,0,389017.85714285716,325787.5
Big Street ATM,2013-12-24,147300,tuesday,W,1,24,12,4,0,0,374778.5714285714,300800.0
Big Street ATM,2013-12-25,330400,wednesday,H,2,25,12,4,0,0,363303.5714285714,357312.5
Big Street ATM,2013-12-26,340800,thursday,W,3,26,12,4,0,0,361007.14285714284,369325.0
Big Street ATM,2013-12-27,273000,friday,W,4,27,12,4,0,0,361971.4285714286,407487.5
Big Street ATM,2013-12-28,353900,saturday,H,5,28,12,4,0,0,359957.14285714284,425350.0
Big Street ATM,2013-12-29,312900,sunday,H,6,29,12,5,0,1,363039.28571428574,399412.5
Big Street ATM,2013-12-30,328700,monday,W,0,30,12,5,0,1,360653.5714285714,334962.5
Big Street ATM,2013-12-31,607900,tuesday,W,1,31,12,5,0,1,359603.5714285714,307812.5
Big Street ATM,2014-01-01,360800,wednesday,H,2,1,1,1,1,0,366721.4285714286,365725.0
Big Street ATM,2014-01-02,257500,thursday,W,3,2,1,1,1,0,372782.14285714284,366800.0
Big Street ATM,2014-01-03,336400,friday,W,4,3,1,1,1,0,367289.28571428574,394250.0
Big Street ATM,2014-01-04,352600,saturday,H,5,4,1,1,0,0,363907.14285714284,426037.5
Big Street ATM,2014-01-05,516200,sunday,H,6,5,1,1,0,0,368653.5714285714,391300.0
Big Street ATM,2014-01-06,420700,monday,W,0,6,1,1,0,0,371003.5714285714,351087.5
Big Street ATM,2014-01-07,593100,tuesday,W,1,7,1,1,0,0,370650.0,332787.5
Big Street ATM,2014-01-08,463800,wednesday,W,2,8,1,2,0,0,381446.4285714286,405675.0
Big Street ATM,2014-01-09,508700,thursday,W,3,9,1,2,0,0,385207.14285714284,377787.5
Big Street ATM,2014-01-10,420900,friday,W,4,10,1,2,0,0,387525.0,395950.0
Big Street ATM,2014-01-11,435200,saturday,H,5,11,1,2,0,0,385250.0,407062.5
Big Street ATM,2014-01-12,340600,sunday,H,6,12,1,2,0,0,383667.85714285716,389475.0
Big Street ATM,2014-01-13,287100,monday,W,0,13,1,2,0,0,379717.85714285716,348462.5
Big Street ATM,2014-01-14,252600,tuesday,H,1,14,1,2,0,0,369071.4285714286,334450.0
Big Street ATM,2014-01-15,461600,wednesday,H,2,15,1,3,0,0,360964.28571428574,394350.0
Big Street ATM,2014-01-16,438400,thursday,H,3,16,1,3,0,0,365975.0,374575.0
Big Street ATM,2014-01-17,342800,friday,W,4,17,1,3,0,0,368142.85714285716,397500.0
Big Street ATM,2014-01-18,404500,saturday,H,5,18,1,3,0,0,369357.14285714284,404775.0
Big Street ATM,2014-01-19,389500,sunday,H,6,19,1,3,0,0,369046.4285714286,399225.0
Big Street ATM,2014-01-20,310400,monday,W,0,20,1,3,0,0,370371.4285714286,347812.5
Big Street ATM,2014-01-21,319800,tuesday,W,1,21,1,3,0,0,378153.5714285714,334025.0
Big Street ATM,2014-01-22,220000,wednesday,W,2,22,1,4,0,0,384314.28571428574,393150.0
Big Street ATM,2014-01-23,264600,thursday,W,3,23,1,4,0,0,380371.4285714286,368625.0
Big Street ATM,2014-01-24,385300,friday,W,4,24,1,4,0,0,377650.0,386412.5
Big Street ATM,2014-01-25,258500,saturday,H,5,25,1,4,0,0,381660.71428571426,391537.5
Big Street ATM,2014-01-26,415800,sunday,H,6,26,1,4,0,0,378253.5714285714,372962.5
Big Street ATM,2014-01-27,279800,monday,W,0,27,1,4,0,0,381928.5714285714,375900.0
Big Street ATM,2014-01-28,398200,tuesday,W,1,28,1,4,0,0,380182.14285714284,317587.5
Big Street ATM,2014-01-29,234200,wednesday,W,2,29,1,5,0,1,372692.85714285716,389037.5
Big Street ATM,2014-01-30,274700,thursday,W,3,30,1,5,0,1,368171.4285714286,370437.5
Big Street ATM,2014-01-31,401100,friday,W,4,31,1,5,0,1,368785.71428571426,373287.5
Big Street ATM,2014-02-01,384700,saturday,H,5,1,2,1,1,0,371096.4285714286,396912.5
Big Street ATM,2014-02-02,543000,sunday,H,6,2,2,1,1,0,372242.85714285716,369975.0
Big Street ATM,2014-02-03,344200,monday,W,0,3,2,1,1,0,373200.0,398962.5
Big Street ATM,2014-02-04,540000,tuesday,W,1,4,2,1,0,0,370467.85714285716,305137.5
Big Street ATM,2014-02-05,354500,wednesday,W,2,5,2,1,0,0,368571.4285714286,395962.5
Big Street ATM,2014-02-06,335000,thursday,W,3,6,2,1,0,0,364667.85714285716,354812.5
Big Street ATM,2014-02-07,545900,friday,W,4,7,2,1,0,0,358464.28571428574,358862.5
Big Street ATM,2014-02-08,385900,saturday,H,5,8,2,2,0,0,362928.5714285714,411325.0
Big Street ATM,2014-02-09,175500,sunday,H,6,9,2,2,0,0,361167.85714285716,381862.5
Big Street ATM,2014-02-10,316100,monday,W,0,10,2,2,0,0,355271.4285714286,380737.5
Big Street ATM,2014-02-11,396100,tuesday,W,1,11,2,2,0,0,356307.14285714284,297437.5
Big Street ATM,2014-02-12,485800,wednesday,W,2,12,2,2,0,0,361432.14285714284,406875.0
Big Street ATM,2014-02-13,361600,thursday,W,3,13,2,2,0,0,362296.4285714286,363887.5
Big Street ATM,2014-02-14,559300,friday,W,4,14,2,2,0,0,359553.5714285714,347662.5
Big Street ATM,2014-02-15,400300,saturday,H,5,15,2,3,0,0,367285.71428571426,408087.5
Big Street ATM,2014-02-16,376100,sunday,H,6,16,2,3,0,0,367135.71428571426,371950.0
Big Street ATM,2014-02-17,259100,monday,W,0,17,2,3,0,0,366657.14285714284,383700.0
Big Street ATM,2014-02-18,377600,tuesday,W,1,18,2,3,0,0,364825.0,318262.5
Big Street ATM,2014-02-19,401700,wednesday,W,2,19,2,3,0,0,366889.28571428574,435662.5
Big Street ATM,2014-02-20,363200,thursday,W,3,20,2,3,0,0,373378.5714285714,372800.0
Big Street ATM,2014-02-21,484400,friday,W,4,21,2,3,0,0,376900.0,350462.5
Big Street ATM,2014-02-22,316300,saturday,H,5,22,2,4,0,0,380439.28571428574,434512.5
Big Street ATM,2014-02-23,310700,sunday,H,6,23,2,4,0,0,382503.5714285714,367250.0
Big Street ATM,2014-02-24,301000,monday,W,0,24,2,4,0,0,378750.0,383425.0
Big Street ATM,2014-02-25,271300,tuesday,W,1,25,2,4,0,0,379507.14285714284,314800.0
Big Street ATM,2014-02-26,222100,wednesday,W,2,26,2,4,0,1,374975.0,393587.5
Big Street ATM,2014-02-27,266000,thursday,W,3,27,2,4,0,1,374542.85714285716,355462.5
Big Street ATM,2014-02-28,453000,friday,W,4,28,2,4,0,1,374232.14285714284,351525.0
Big Street ATM,2014-03-01,573800,saturday,H,5,1,3,1,1,0,376085.71428571426,449087.5
Big Street ATM,2014-03-02,478400,sunday,H,6,2,3,1,1,0,382839.28571428574,394900.0
Big Street ATM,2014-03-03,547600,monday,W,0,3,3,1,1,0,380532.14285714284,378700.0
Big Street ATM,2014-03-04,563500,tuesday,W,1,4,3,1,0,0,387796.4285714286,330662.5
Big Street ATM,2014-03-05,460500,wednesday,W,2,5,3,1,0,0,388635.71428571426,389887.5
Big Street ATM,2014-03-06,391000,thursday,W,3,6,3,1,0,0,392421.4285714286,355050.0
Big Street ATM,2014-03-07,428200,friday,W,4,7,3,1,0,0,394421.4285714286,336812.5
Big Street ATM,2014-03-08,683500,saturday,H,5,8,3,2,0,0,390217.85714285716,450000.0
Big Street ATM,2014-03-09,350000,sunday,H,6,9,3,2,0,0,400846.4285714286,425937.5
Big Street ATM,2014-03-10,423900,monday,W,0,10,3,2,0,0,407078.5714285714,379875.0
Big Street ATM,2014-03-11,339300,tuesday,W,1,11,3,2,0,0,410928.5714285714,347762.5
Big Street ATM,2014-03-12,406600,wednesday,W,2,12,3,2,0,0,408900.0,400725.0
Big Street ATM,2014-03-13,305100,thursday,W,3,13,3,2,0,0,406071.4285714286,348175.0
Big Street ATM,2014-03-14,333300,friday,W,4,14,3,2,0,0,404053.5714285714,320150.0
Big Street ATM,2014-03-15,489000,saturday,H,5,15,3,3,0,0,395982.14285714284,448812.5
Big Street ATM,2014-03-16,368300,sunday,H,6,16,3,3,0,0,399150.0,436500.0
Big Street ATM,2014-03-17,118800,monday,W,0,17,3,3,0,0,398871.4285714286,377225.0
Big Street ATM,2014-03-18,360200,tuesday,W,1,18,3,3,0,0,393860.71428571426,323812.5
Big Street ATM,2014-03-19,455000,wednesday,W,2,19,3,3,0,0,393239.28571428574,405775.0
Big Street ATM,2014-03-20,422700,thursday,W,3,20,3,3,0,0,395142.85714285716,377550.0
Big Street ATM,2014-03-21,357500,friday,W,4,21,3,3,0,0,397267.85714285716,339912.5
Big Street ATM,2014-03-22,238300,saturday,H,5,22,3,4,0,0,392735.71428571426,445337.5
Big Street ATM,2014-03-23,288900,sunday,H,6,23,3,4,0,0,389950.0,433975.0
Big Street ATM,2014-03-24,338200,monday,W,0,24,3,4,0,0,389171.4285714286,361362.5
Big Street ATM,2014-03-25,372700,tuesday,W,1,25,3,4,0,0,390500.0,331112.5
Big Street ATM,2014-03-26,468900,wednesday,W,2,26,3,4,0,0,394121.4285714286,402587.5
Big Street ATM,2014-03-27,510400,thursday,W,3,27,3,4,0,0,402935.71428571426,406887.5
Big Street ATM,2014-03-28,378700,friday,W,4,28,3,4,0,0,411664.28571428574,369375.0
Big Street ATM,2014-03-29,356900,saturday,H,5,29,3,5,0,1,409010.71428571426,442537.5
Big Street ATM,2014-03-30,340100,sunday,H,6,30,3,5,0,1,401264.28571428574,430500.0
Big Street ATM,2014-03-31,765300,monday,H,0,31,3,5,0,1,396325.0,336000.0
Big Street ATM,2014-04-02,313900,wednesday,W,2,2,4,1,1,0,404100.0,430750.0
Big Street ATM,2014-04-03,423800,thursday,W,3,3,4,1,1,0,395185.71428571426,401812.5
Big Street ATM,2014-04-04,478100,friday,W,4,4,4,1,0,0,393875.0,380475.0
Big Street ATM,2014-04-05,401700,saturday,H,5,5,4,1,0,0,396985.71428571426,434062.5
Big Street ATM,2014-04-06,360500,sunday,H,6,6,4,1,0,0,396039.28571428574,432475.0
Big Street ATM,2014-04-07,462300,monday,W,0,7,4,1,0,0,384503.5714285714,359125.0
Big Street ATM,2014-04-08,476200,tuesday,W,1,8,4,2,0,0,388514.28571428574,345875.0
Big Street ATM,2014-04-09,408700,wednesday,W,2,9,4,2,0,0,390382.14285714284,440762.5
Big Street ATM,2014-04-10,637200,thursday,W,3,10,4,2,0,0,392860.71428571426,392175.0
Big Street ATM,2014-04-11,441100,friday,W,4,11,4,2,0,0,401096.4285714286,414925.0
Big Street ATM,2014-04-12,439100,saturday,H,5,12,4,2,0,0,405953.5714285714,419287.5
Big Street ATM,2014-04-13,257900,sunday,H,6,13,4,2,0,0,409732.14285714284,437325.0
Big Street ATM,2014-04-14,126200,monday,H,0,14,4,2,0,0,401478.5714285714,344350.0
Big Street ATM,2014-04-15,200600,tuesday,W,1,15,4,3,0,0,392832.14285714284,322137.5
Big Street ATM,2014-04-16,499800,wednesday,W,2,16,4,3,0,0,395753.5714285714,418637.5
Big Street ATM,2014-04-17,472100,thursday,W,3,17,4,3,0,0,400739.28571428574,404437.5
Big Street ATM,2014-04-18,413600,friday,H,4,18,4,3,0,0,401350.0,428537.5
Big Street ATM,2014-04-19,372300,saturday,H,5,19,4,3,0,0,401025.0,410437.5
Big Street ATM,2014-04-20,361100,sunday,H,6,20,4,3,0,0,401553.5714285714,444325.0
Big Street ATM,2014-04-21,322500,monday,W,0,21,4,3,0,0,405939.28571428574,350650.0
Big Street ATM,2014-04-22,439100,tuesday,W,1,22,4,4,0,0,407139.28571428574,330062.5
Big Street ATM,2014-04-23,371700,wednesday,W,2,23,4,4,0,0,410742.85714285716,439612.5
Big Street ATM,2014-04-24,29300,thursday,W,3,24,4,4,0,0,410707.14285714284,423137.5
Big Street ATM,2014-04-25,331000,friday,W,4,25,4,4,0,0,395007.14285714284,398950.0
Big Street ATM,2014-04-26,511300,saturday,H,5,26,4,4,0,0,388600.0,395187.5
Big Street ATM,2014-04-27,254000,sunday,H,6,27,4,4,0,0,393335.71428571426,436512.5
Big Street ATM,2014-04-28,295200,monday,W,0,28,4,4,0,1,389660.71428571426,322600.0
Big Street ATM,2014-04-29,374100,tuesday,W,1,29,4,5,0,1,388057.14285714284,329337.5
Big Street ATM,2014-04-30,361500,wednesday,W,2,30,4,5,0,1,374085.71428571426,415937.5
Big Street ATM,2014-05-01,349200,thursday,H,3,1,5,1,1,0,375785.71428571426,410762.5
Big Street ATM,2014-05-02,473000,friday,W,4,2,5,1,1,0,373121.4285714286,393725.0
Big Street ATM,2014-05-03,248200,saturday,H,5,3,5,1,1,0,372939.28571428574,400787.5
Big Street ATM,2014-05-04,340500,sunday,H,6,4,5,1,0,0,367457.14285714284,382100.0
Big Street ATM,2014-05-05,190900,monday,W,0,5,5,1,0,0,366742.85714285716,321412.5
Big Street ATM,2014-05-06,155700,tuesday,W,1,6,5,1,0,0,357050.0,284750.0
Big Street ATM,2014-05-07,376700,wednesday,W,2,7,5,1,0,0,345603.5714285714,392987.5
Big Street ATM,2014-05-08,298800,thursday,W,3,8,5,2,0,0,344460.71428571426,407025.0
Big Street ATM,2014-05-09,145900,friday,W,4,9,5,2,0,0,332375.0,392937.5
Big Street ATM,2014-05-10,369500,saturday,H,5,10,5,2,0,0,321832.14285714284,377362.5
Big Street ATM,2014-05-11,203300,sunday,H,6,11,5,2,0,0,319346.4285714286,367162.5
Big Street ATM,2014-05-12,269600,monday,W,0,12,5,2,0,0,317396.4285714286,300787.5
Big Street ATM,2014-05-13,404800,tuesday,W,1,13,5,2,0,0,322517.85714285716,265462.5
Big Street ATM,2014-05-14,398400,wednesday,W,2,14,5,2,0,0,329810.71428571426,398562.5
Big Street ATM,2014-05-15,208600,thursday,W,3,15,5,3,0,0,326189.28571428574,399950.0
Big Street ATM,2014-05-16,381900,friday,W,4,16,5,3,0,0,316778.5714285714,366175.0
Big Street ATM,2014-05-17,314500,saturday,H,5,17,5,3,0,0,315646.4285714286,380412.5
Big Street ATM,2014-05-18,402100,sunday,H,6,18,5,3,0,0,313582.14285714284,376687.5
Big Street ATM,2014-05-19,317200,monday,W,0,19,5,3,0,0,315046.4285714286,314937.5
Big Street ATM,2014-05-20,359700,tuesday,W,1,20,5,3,0,0,314857.14285714284,290262.5
Big Street ATM,2014-05-21,415100,wednesday,W,2,21,5,3,0,0,312021.4285714286,396937.5
Big Street ATM,2014-05-22,277200,thursday,W,3,22,5,4,0,0,313571.4285714286,393225.0
Big Street ATM,2014-05-23,205200,friday,W,4,23,5,4,0,0,322425.0,337025.0
Big Street ATM,2014-05-24,480300,saturday,H,5,24,5,4,0,0,317932.14285714284,358725.0
Big Street ATM,2014-05-25,418700,sunday,H,6,25,5,4,0,0,316825.0,392112.5
Big Street ATM,2014-05-26,421500,monday,W,0,26,5,4,0,0,322707.14285714284,324762.5
Big Street ATM,2014-05-27,492600,tuesday,W,1,27,5,4,0,0,327217.85714285716,300675.0
Big Street ATM,2014-05-28,321100,wednesday,W,2,28,5,4,0,0,331450.0,362850.0
Big Street ATM,2014-05-29,561100,thursday,W,3,29,5,5,0,1,330007.14285714284,394125.0
Big Street ATM,2014-05-30,341900,friday,W,4,30,5,5,0,1,337575.0,354187.5
Big Street ATM,2014-05-31,340000,saturday,H,5,31,5,5,0,1,332892.85714285716,341700.0
Big Street ATM,2014-06-01,395500,sunday,H,6,1,6,1,1,0,336171.4285714286,384400.0
Big Street ATM,2014-06-02,639000,monday,W,0,2,6,1,1,0,338135.71428571426,329137.5
Big Street ATM,2014-06-03,364400,tuesday,W,1,3,6,1,1,0,354139.28571428574,322762.5
Big Street ATM,2014-06-04,334900,wednesday,W,2,4,6,1,0,0,361592.85714285716,348875.0
Big Street ATM,2014-06-05,519100,thursday,W,3,5,6,1,0,0,360100.0,384900.0
Big Street ATM,2014-06-06,442000,friday,W,4,6,6,1,0,0,367967.85714285716,339425.0
Big Street ATM,2014-06-07,566200,saturday,H,5,7,6,1,0,0,378542.85714285716,341812.5
Big Street ATM,2014-06-08,302600,sunday,H,6,8,6,2,0,0,385567.85714285716,400287.5
Big Street ATM,2014-06-09,482500,monday,W,0,9,6,2,0,0,389114.28571428574,334725.0
Big Street ATM,2014-06-10,544900,tuesday,W,1,10,6,2,0,0,396717.85714285716,367300.0
Big Street ATM,2014-06-11,452800,wednesday,W,2,11,6,2,0,0,401721.4285714286,391912.5
Big Street ATM,2014-06-12,374100,thursday,W,3,12,6,2,0,0,403664.28571428574,379025.0
Big Street ATM,2014-06-13,337400,friday,W,4,13,6,2,0,0,409575.0,327175.0
Big Street ATM,2014-06-14,353900,saturday,H,5,14,6,2,0,0,407985.71428571426,332287.5
Big Street ATM,2014-06-15,441700,sunday,H,6,15,6,3,0,0,409392.85714285716,397987.5
Big Street ATM,2014-06-16,284100,monday,W,0,16,6,3,0,0,410807.14285714284,344800.0
Big Street ATM,2014-06-17,331000,tuesday,W,1,17,6,3,0,0,409625.0,362500.0
Big Street ATM,2014-06-18,250800,wednesday,W,2,18,6,3,0,0,408600.0,378400.0
Big Street ATM,2014-06-19,351900,thursday,W,3,19,6,3,0,0,402732.14285714284,363912.5
Big Street ATM,2014-06-20,330000,friday,W,4,20,6,3,0,0,405400.0,367500.0
Big Street ATM,2014-06-21,191000,saturday,H,5,21,6,3,0,0,409857.14285714284,332162.5
Big Street ATM,2014-06-22,263400,sunday,H,6,22,6,4,0,0,399525.0,357950.0
Big Street ATM,2014-06-23,270000,monday,W,0,23,6,4,0,0,393978.5714285714,345975.0
Big Street ATM,2014-06-24,293300,tuesday,W,1,24,6,4,0,0,388567.85714285716,359350.0
Big Street ATM,2014-06-25,344400,wednesday,W,2,25,6,4,0,0,381450.0,368300.0
Big Street ATM,2014-06-26,259800,thursday,W,3,26,6,4,0,0,382282.14285714284,361775.0
Big Street ATM,2014-06-27,297700,friday,W,4,27,6,4,0,0,371521.4285714286,356325.0
Big Street ATM,2014-06-28,382600,saturday,H,5,28,6,4,0,1,369942.85714285716,310250.0
Big Street ATM,2014-06-29,317400,sunday,H,6,29,6,5,0,1,371464.28571428574,374750.0
Big Street ATM,2014-06-30,344000,monday,W,0,30,6,5,0,1,368675.0,343087.5
Big Street ATM,2014-07-01,699500,tuesday,W,1,1,7,1,1,0,358139.28571428574,378487.5
Big Street ATM,2014-07-02,229700,wednesday,W,2,2,7,1,1,0,370107.14285714284,436275.0
Big Street ATM,2014-07-03,255000,thursday,W,3,3,7,1,1,0,366350.0,343400.0
Big Street ATM,2014-07-04,425200,friday,W,4,4,7,1,0,0,356917.85714285716,350850.0
Big Street ATM,2014-07-05,229300,saturday,H,5,5,7,1,0,0,356317.85714285716,345162.5
Big Street ATM,2014-07-06,268100,sunday,H,6,6,7,1,0,0,344285.71428571426,357225.0
Big Street ATM,2014-07-07,378700,monday,W,0,7,7,1,0,0,343053.5714285714,351187.5
Big Street ATM,2014-07-08,292100,tuesday,W,1,8,7,2,0,0,339346.4285714286,392125.0
Big Street ATM,2014-07-09,327100,wednesday,W,2,9,7,2,0,0,330317.85714285716,422187.5
Big Street ATM,2014-07-10,364800,thursday,W,3,10,7,2,0,0,325828.5714285714,334487.5
Big Street ATM,2014-07-11,266800,friday,W,4,11,7,2,0,0,325496.4285714286,370375.0
Big Street ATM,2014-07-12,333700,saturday,H,5,12,7,2,0,0,322975.0,330775.0
Big Street ATM,2014-07-13,448200,sunday,H,6,13,7,2,0,0,322253.5714285714,359625.0
Big Street ATM,2014-07-14,337300,monday,W,0,14,7,2,0,0,322485.71428571426,356950.0
Big Street ATM,2014-07-15,244800,tuesday,W,1,15,7,3,0,0,324385.71428571426,394637.5
Big Street ATM,2014-07-16,401600,wednesday,W,2,16,7,3,0,0,321307.14285714284,407825.0
Big Street ATM,2014-07-17,360600,thursday,W,3,17,7,3,0,0,326692.85714285716,332800.0
Big Street ATM,2014-07-18,351700,friday,W,4,18,7,3,0,0,327003.5714285714,380800.0
Big Street ATM,2014-07-19,380500,saturday,H,5,19,7,3,0,0,327778.5714285714,349087.5
Big Street ATM,2014-07-20,326600,sunday,H,6,20,7,3,0,0,334546.4285714286,347150.0
Big Street ATM,2014-07-21,300400,monday,W,0,21,7,3,0,0,336803.5714285714,345437.5
Big Street ATM,2014-07-22,326200,tuesday,W,1,22,7,4,0,0,337889.28571428574,379500.0
Big Street ATM,2014-07-23,350400,wednesday,W,2,23,7,4,0,0,339064.28571428574,387025.0
Big Street ATM,2014-07-24,386600,thursday,W,3,24,7,4,0,0,339278.5714285714,336462.5
Big Street ATM,2014-07-25,404600,friday,W,4,25,7,4,0,0,343807.14285714284,358987.5
Big Street ATM,2014-07-26,316900,saturday,H,5,26,7,4,0,0,347625.0,356925.0
Big Street ATM,2014-07-27,204100,sunday,H,6,27,7,4,0,0,345278.5714285714,344262.5
Big Street ATM,2014-07-28,332000,monday,W,0,28,7,4,0,0,341232.14285714284,321512.5
Big Street ATM,2014-07-29,164900,tuesday,H,1,29,7,5,0,1,340803.5714285714,341125.0
Big Street ATM,2014-07-30,288000,wednesday,W,2,30,7,5,0,1,321710.71428571426,362087.5
Big Street ATM,2014-07-31,424100,thursday,W,3,31,7,5,0,1,323792.85714285716,330600.0
Big Street ATM,2014-08-01,528200,friday,W,4,1,8,1,1,0,329832.14285714284,347112.5
Big Street ATM,2014-08-02,551300,saturday,H,5,2,8,1,1,0,333510.71428571426,367700.0
Big Street ATM,2014-08-03,99600,sunday,H,6,3,8,1,1,0,345010.71428571426,342400.0
Big Street ATM,2014-08-04,639200,monday,W,0,4,8,1,0,0,338992.85714285716,296137.5
Big Street ATM,2014-08-05,594800,tuesday,W,1,5,8,1,0,0,348296.4285714286,360712.5
Big Street ATM,2014-08-06,525100,wednesday,W,2,6,8,1,0,0,359107.14285714284,368325.0
Big Street ATM,2014-08-07,443700,thursday,W,3,7,8,1,0,0,366178.5714285714,339637.5
Big Street ATM,2014-08-08,540500,friday,W,4,8,8,2,0,0,368996.4285714286,355812.5
Big Street ATM,2014-08-09,266000,saturday,H,5,9,8,2,0,0,378771.4285714286,393087.5
Big Street ATM,2014-08-11,137000,monday,W,0,11,8,2,0,0,376353.5714285714,274175.0
Big Street ATM,2014-08-12,281000,tuesday,W,1,12,8,2,0,0,365239.28571428574,342325.0
Big Street ATM,2014-08-13,92200,wednesday,W,2,13,8,2,0,0,363228.5714285714,362075.0
Big Street ATM,2014-08-14,399500,thursday,W,3,14,8,2,0,0,357778.5714285714,319812.5
Big Street ATM,2014-08-15,308200,friday,H,4,15,8,3,0,0,357703.5714285714,361762.5
Big Street ATM,2014-08-16,369700,saturday,H,5,16,8,3,0,0,355832.14285714284,390362.5
Big Street ATM,2014-08-17,390400,sunday,H,6,17,8,3,0,0,356475.0,344375.0
Big Street ATM,2014-08-18,189600,monday,W,0,18,8,3,0,0,356828.5714285714,290050.0
Big Street ATM,2014-08-19,328100,tuesday,W,1,19,8,3,0,0,351935.71428571426,332275.0
Big Street ATM,2014-08-20,352000,wednesday,W,2,20,8,3,0,0,352925.0,366425.0
Big Street ATM,2014-08-21,292200,thursday,W,3,21,8,3,0,0,353846.4285714286,320762.5
Big Street ATM,2014-08-22,398800,friday,W,4,22,8,4,0,0,351767.85714285716,365812.5
Big Street ATM,2014-08-23,335100,saturday,H,5,23,8,4,0,0,352203.5714285714,403000.0
Big Street ATM,2014-08-24,314300,sunday,H,6,24,8,4,0,0,349721.4285714286,362387.5
Big Street ATM,2014-08-25,246400,monday,W,0,25,8,4,0,0,349628.5714285714,289662.5
Big Street ATM,2014-08-26,224100,tuesday,W,1,26,8,4,0,0,351139.28571428574,320075.0
Big Street ATM,2014-08-27,369100,wednesday,W,2,27,8,4,0,0,347285.71428571426,307000.0
Big Street ATM,2014-08-28,555400,thursday,W,3,28,8,4,0,0,354578.5714285714,338187.5
Big Street ATM,2014-08-29,201000,friday,H,4,29,8,5,0,1,364128.5714285714,403362.5
Big Street ATM,2014-08-30,272600,saturday,H,5,30,8,5,0,1,356160.71428571426,374975.0
Big Street ATM,2014-08-31,289700,sunday,H,6,31,8,5,0,1,347032.14285714284,348637.5
Big Street ATM,2014-09-01,557000,monday,W,0,1,9,1,1,0,337689.28571428574,292362.5
Big Street ATM,2014-09-02,390700,tuesday,W,1,2,9,1,1,0,354025.0,342362.5
Big Street ATM,2014-09-03,415600,wednesday,W,2,3,9,1,1,0,345150.0,319325.0
Big Street ATM,2014-09-04,493500,thursday,W,3,4,9,1,0,0,338750.0,349250.0
Big Street ATM,2014-09-05,437300,friday,W,4,5,9,1,0,0,337621.4285714286,419450.0
Big Street ATM,2014-09-06,360100,saturday,H,5,6,9,1,0,0,337392.85714285716,396287.5
Big Street ATM,2014-09-07,334800,sunday,H,6,7,9,1,0,0,330950.0,364987.5
Big Street ATM,2014-09-08,362800,monday,W,0,8,9,2,0,0,333407.14285714284,278187.5
Big Street ATM,2014-09-09,481500,tuesday,W,1,9,9,2,0,0,341471.4285714286,345550.0
Big Street ATM,2014-09-10,438400,wednesday,W,2,10,9,2,0,0,348632.14285714284,348912.5
Big Street ATM,2014-09-11,439900,thursday,W,3,11,9,2,0,0,360996.4285714286,353850.0
Big Street ATM,2014-09-12,490600,friday,W,4,12,9,2,0,0,362439.28571428574,429362.5
Big Street ATM,2014-09-13,505500,saturday,H,5,13,9,2,0,0,368953.5714285714,413650.0
Big Street ATM,2014-09-14,452400,sunday,H,6,14,9,2,0,0,373803.5714285714,386462.5
Big Street ATM,2014-09-15,336000,monday,W,0,15,9,3,0,0,376017.85714285716,293912.5
Big Street ATM,2014-09-16,323100,tuesday,W,1,16,9,3,0,0,381246.4285714286,350000.0
Big Street ATM,2014-09-17,381300,wednesday,W,2,17,9,3,0,0,381067.85714285716,348525.0
Big Street ATM,2014-09-18,348600,thursday,W,3,18,9,3,0,0,382114.28571428574,357712.5
Big Street ATM,2014-09-19,336300,friday,W,4,19,9,3,0,0,384128.5714285714,424612.5
Big Street ATM,2014-09-20,288100,saturday,H,5,20,9,3,0,0,381896.4285714286,405112.5
Big Street ATM,2014-09-21,396000,sunday,H,6,21,9,3,0,0,380217.85714285716,374912.5
Big Street ATM,2014-09-22,146000,monday,W,0,22,9,4,0,0,383135.71428571426,317900.0
Big Street ATM,2014-09-23,514800,tuesday,W,1,23,9,4,0,0,379550.0,326750.0
Big Street ATM,2014-09-24,367800,wednesday,W,2,24,9,4,0,0,389932.14285714284,392262.5
Big Street ATM,2014-09-25,275500,thursday,W,3,25,9,4,0,0,389885.71428571426,367687.5
Big Street ATM,2014-09-26,408800,friday,W,4,26,9,4,0,0,379889.28571428574,406037.5
Big Street ATM,2014-09-27,409000,saturday,H,5,27,9,4,0,0,387310.71428571426,390187.5
Big Street ATM,2014-09-28,212400,sunday,H,6,28,9,4,0,1,392182.14285714284,386425.0
Big Street ATM,2014-09-29,125200,monday,W,0,29,9,5,0,1,389421.4285714286,332000.0
Big Street ATM,2014-09-30,467000,tuesday,W,1,30,9,5,0,1,374000.0,262500.0
Big Street ATM,2014-10-01,671600,wednesday,W,2,1,10,1,1,0,376725.0,376287.5
Big Street ATM,2014-10-02,134200,thursday,H,3,2,10,1,1,0,385867.85714285716,386000.0
Big Street ATM,2014-10-03,200,friday,H,4,3,10,1,1,0,373035.71428571426,367350.0
Big Street ATM,2014-10-04,190500,saturday,H,5,4,10,1,0,0,357425.0,322650.0
Big Street ATM,2014-10-05,220800,sunday,H,6,5,10,1,0,0,351367.85714285716,341325.0
Big Street ATM,2014-10-07,291600,tuesday,W,1,7,10,1,0,0,347296.4285714286,272975.0
Big Street ATM,2014-10-08,564600,wednesday,W,2,8,10,2,0,0,344753.5714285714,377612.5
Big Street ATM,2014-10-09,501200,thursday,W,3,9,10,2,0,0,347721.4285714286,445050.0
Big Street ATM,2014-10-10,447900,friday,W,4,10,10,2,0,0,349964.28571428574,380062.5
Big Street ATM,2014-10-11,288600,saturday,H,5,11,10,2,0,0,350250.0,340112.5
Big Street ATM,2014-10-12,533200,sunday,H,6,12,10,2,0,0,343035.71428571426,331187.5
Big Street ATM,2014-10-13,314800,monday,W,0,13,10,2,0,0,344025.0,365400.0
Big Street ATM,2014-10-14,456400,tuesday,W,1,14,10,2,0,0,339110.71428571426,288625.0
Big Street ATM,2014-10-15,259900,wednesday,W,2,15,10,3,0,0,343410.71428571426,393650.0
Big Street ATM,2014-10-16,520500,thursday,W,3,16,10,3,0,0,341153.5714285714,433537.5
Big Street ATM,2014-10-17,494200,friday,W,4,17,10,3,0,0,346125.0,408600.0
Big Street ATM,2014-10-18,407300,saturday,H,5,18,10,3,0,0,351325.0,352037.5
Big Street ATM,2014-10-19,529100,sunday,H,6,19,10,3,0,0,353860.71428571426,340212.5
Big Street ATM,2014-10-20,405300,monday,W,0,20,10,3,0,0,362467.85714285716,382737.5
Big Street ATM,2014-10-21,507000,tuesday,W,1,21,10,3,0,0,362800.0,308487.5
Big Street ATM,2014-10-22,529000,wednesday,H,2,22,10,4,0,0,375692.85714285716,429012.5
Big Street ATM,2014-10-23,367200,thursday,W,3,23,10,4,0,0,376200.0,453525.0
Big Street ATM,2014-10-24,295100,friday,W,4,24,10,4,0,0,376178.5714285714,385075.0
Big Street ATM,2014-10-25,283200,saturday,H,5,25,10,4,0,0,376878.5714285714,363800.0
Big Street ATM,2014-10-26,408100,sunday,H,6,26,10,4,0,0,372392.85714285716,341537.5
Big Street ATM,2014-10-27,454500,monday,W,0,27,10,4,0,0,372360.71428571426,394462.5
Big Street ATM,2014-10-28,262200,tuesday,W,1,28,10,4,0,0,381007.14285714284,295675.0
Big Street ATM,2014-10-29,277500,wednesday,W,2,29,10,5,0,1,385900.0,412950.0
Big Street ATM,2014-10-30,337800,thursday,W,3,30,10,5,0,1,379132.14285714284,436262.5
Big Street ATM,2014-10-31,527700,friday,W,4,31,10,5,0,1,367210.71428571426,365612.5
Big Street ATM,2014-11-01,506900,saturday,H,5,1,11,1,1,0,381264.28571428574,375100.0
Big Street ATM,2014-11-02,660500,sunday,H,6,2,11,1,1,0,399360.71428571426,359887.5
Big Street ATM,2014-11-03,469700,monday,W,0,3,11,1,1,0,416146.4285714286,440812.5
Big Street ATM,2014-11-04,1600,tuesday,H,1,4,11,1,0,0,425035.71428571426,309037.5
Big Street ATM,2014-11-05,170400,wednesday,W,2,5,11,1,0,0,414678.5714285714,352962.5
Big Street ATM,2014-11-06,319500,thursday,W,3,6,11,1,0,0,400600.0,402762.5
Big Street ATM,2014-11-07,384400,friday,W,4,7,11,1,0,0,394110.71428571426,350562.5
Big Street ATM,2014-11-08,442400,saturday,H,5,8,11,2,0,0,391842.85714285716,361825.0
Big Street ATM,2014-11-09,533300,sunday,H,6,9,11,2,0,0,397335.71428571426,352000.0
Big Street ATM,2014-11-10,395600,monday,W,0,10,11,2,0,0,397339.28571428574,465625.0
Big Street ATM,2014-11-11,340200,tuesday,W,1,11,11,2,0,0,400225.0,316487.5
Big Street ATM,2014-11-12,275700,wednesday,W,2,12,11,2,0,0,396075.0,355100.0
Big Street ATM,2014-11-13,443700,thursday,W,3,13,11,2,0,0,396639.28571428574,389562.5
Big Street ATM,2014-11-14,340800,friday,W,4,14,11,2,0,0,393896.4285714286,362450.0
Big Street ATM,2014-11-15,529500,saturday,H,5,15,11,3,0,0,388417.85714285716,362387.5
Big Street ATM,2014-11-16,368600,sunday,H,6,16,11,3,0,0,392782.14285714284,382175.0
Big Street ATM,2014-11-17,316800,monday,W,0,17,11,3,0,0,387050.0,455150.0
Big Street ATM,2014-11-18,367900,tuesday,W,1,18,11,3,0,0,383889.28571428574,337837.5
Big Street ATM,2014-11-19,366200,wednesday,W,2,19,11,3,0,0,378921.4285714286,336737.5
Big Street ATM,2014-11-20,310100,thursday,W,3,20,11,3,0,0,373107.14285714284,389362.5
Big Street ATM,2014-11-21,271300,friday,W,4,21,11,3,0,0,371067.85714285716,366775.0
Big Street ATM,2014-11-22,356600,saturday,H,5,22,11,4,0,0,370217.85714285716,345200.0
Big Street ATM,2014-11-23,390100,sunday,H,6,23,11,4,0,0,372839.28571428574,375625.0
Big Street ATM,2014-11-24,332000,monday,W,0,24,11,4,0,0,372196.4285714286,454412.5
Big Street ATM,2014-11-25,412300,tuesday,W,1,25,11,4,0,0,367821.4285714286,363687.5
Big Street ATM,2014-11-26,293800,wednesday,W,2,26,11,4,0,0,373182.14285714284,329900.0
Big Street ATM,2014-11-27,380300,thursday,W,3,27,11,4,0,0,373764.28571428574,342137.5
Big Street ATM,2014-11-28,671600,friday,W,4,28,11,4,0,1,375282.14285714284,397537.5
Big Street ATM,2014-11-29,260500,saturday,H,5,29,11,5,0,1,380421.4285714286,429125.0
Big Street ATM,2014-11-30,392300,sunday,H,6,30,11,5,0,1,371621.4285714286,384375.0
Big Street ATM,2014-12-01,308400,monday,W,0,1,12,1,1,0,362042.85714285716,476900.0
Big Street ATM,2014-12-02,495000,tuesday,W,1,2,12,1,1,0,356282.14285714284,374637.5
Big Street ATM,2014-12-03,512800,wednesday,W,2,3,12,1,1,0,373903.5714285714,355325.0
Big Street ATM,2014-12-04,137000,thursday,W,3,4,12,1,0,0,386132.14285714284,335662.5
Big Street ATM,2014-12-05,352800,friday,W,4,5,12,1,0,0,379614.28571428574,352012.5
Big Street ATM,2014-12-06,370300,saturday,H,5,6,12,1,0,0,378485.71428571426,417237.5
Big Street ATM,2014-12-07,313900,sunday,H,6,7,12,1,0,0,375910.71428571426,394587.5
Big Street ATM,2014-12-08,407400,monday,W,0,8,12,2,0,0,368075.0,449487.5
Big Street ATM,2014-12-09,429100,tuesday,W,1,9,12,2,0,0,368496.4285714286,386212.5
Big Street ATM,2014-12-10,515800,wednesday,W,2,10,12,2,0,0,371671.4285714286,351912.5
Big Street ATM,2014-12-11,481200,thursday,W,3,11,12,2,0,0,380246.4285714286,367650.0
Big Street ATM,2014-12-12,646400,friday,W,4,12,12,2,0,0,381585.71428571426,347100.0
Big Street ATM,2014-12-13,355100,saturday,H,5,13,12,2,0,0,392500.0,436262.5
Big Street ATM,2014-12-14,346000,sunday,H,6,14,12,2,0,0,386271.4285714286,388062.5
Big Street ATM,2014-12-15,427400,monday,W,0,15,12,3,0,0,385464.28571428574,426600.0
Big Street ATM,2014-12-16,254700,tuesday,W,1,16,12,3,0,0,389414.28571428574,388975.0
Big Street ATM,2014-12-17,332200,wednesday,W,2,17,12,3,0,0,385371.4285714286,320375.0
Big Street ATM,2014-12-18,424800,thursday,W,3,18,12,3,0,0,384157.14285714284,343050.0
Big Street ATM,2014-12-19,423400,friday,W,4,19,12,3,0,0,388253.5714285714,354300.0
Big Street ATM,2014-12-20,380800,saturday,H,5,20,12,3,0,0,393685.71428571426,452300.0
Big Street ATM,2014-12-21,409800,sunday,H,6,21,12,3,0,0,394550.0,400262.5
Big Street ATM,2014-12-22,177600,monday,W,0,22,12,4,0,0,395253.5714285714,426812.5
Big Street ATM,2014-12-23,340100,tuesday,W,1,23,12,4,0,0,389739.28571428574,354362.5
Big Street ATM,2014-12-24,433500,wednesday,W,2,24,12,4,0,0,387160.71428571426,330112.5
Big Street ATM,2014-12-25,351100,thursday,H,3,25,12,4,0,0,392150.0,362550.0
Big Street ATM,2014-12-26,239800,friday,W,4,26,12,4,0,0,391107.14285714284,355962.5
Big Street ATM,2014-12-27,396900,saturday,H,5,27,12,4,0,0,375685.71428571426,416312.5
Big Street ATM,2014-12-28,315000,sunday,H,6,28,12,4,0,0,380557.14285714284,386512.5
Big Street ATM,2014-12-29,367500,monday,W,0,29,12,5,0,1,377796.4285714286,383625.0
Big Street ATM,2014-12-30,531100,tuesday,W,1,30,12,5,0,1,379907.14285714284,341587.5
Big Street ATM,2014-12-31,679200,wednesday,W,2,31,12,5,0,1,381196.4285714286,396300.0
Big Street ATM,2015-01-01,539200,thursday,H,3,1,1,1,1,0,387139.28571428574,426150.0
Big Street ATM,2015-01-02,441400,friday,W,4,2,1,1,1,0,401503.5714285714,383425.0
Big Street ATM,2015-01-03,507000,saturday,H,5,3,1,1,1,0,404667.85714285716,423437.5
Big Street ATM,2015-01-04,291600,sunday,H,6,4,1,1,0,0,409550.0,394587.5
Big Street ATM,2015-01-05,204600,monday,W,0,5,1,1,0,0,408753.5714285714,353412.5
Big Street ATM,2015-01-06,468200,tuesday,W,1,6,1,1,0,0,401510.71428571426,317712.5
Big Street ATM,2015-01-07,344300,wednesday,W,2,7,1,1,0,0,402907.14285714284,412300.0
Big Street ATM,2015-01-08,422800,thursday,W,3,8,1,2,0,0,396782.14285714284,434725.0
Big Street ATM,2015-01-09,362400,friday,W,4,9,1,2,0,0,394696.4285714286,380812.5
Big Street ATM,2015-01-10,394400,saturday,H,5,10,1,2,0,0,384553.5714285714,426137.5
Big Street ATM,2015-01-11,469700,sunday,H,6,11,1,2,0,0,385957.14285714284,377700.0
Big Street ATM,2015-01-12,416000,monday,W,0,12,1,2,0,0,390375.0,366050.0
Big Street ATM,2015-01-13,365500,tuesday,W,1,13,1,2,0,0,389967.85714285716,330112.5
Big Street ATM,2015-01-14,287400,wednesday,W,2,14,1,2,0,0,393925.0,412000.0
Big Street ATM,2015-01-15,313100,thursday,H,3,15,1,3,0,0,392325.0,424875.0
Big Street ATM,2015-01-16,228000,friday,H,4,16,1,3,0,0,388335.71428571426,381187.5
Big Street ATM,2015-01-17,331600,saturday,H,5,17,1,3,0,0,381357.14285714284,420725.0
Big Street ATM,2015-01-18,349800,sunday,H,6,18,1,3,0,0,379600.0,374575.0
Big Street ATM,2015-01-19,26600,monday,W,0,19,1,3,0,0,377457.14285714284,361012.5
Big Street ATM,2015-01-20,328100,tuesday,W,1,20,1,3,0,0,372064.28571428574,291937.5
Big Street ATM,2015-01-21,319700,wednesday,W,2,21,1,3,0,0,371635.71428571426,401475.0
Big Street ATM,2015-01-22,366500,thursday,W,3,22,1,4,0,0,367571.4285714286,428112.5
Big Street ATM,2015-01-23,151300,friday,W,4,23,1,4,0,0,368121.4285714286,379462.5
Big Street ATM,2015-01-24,315600,saturday,H,5,24,1,4,0,0,364960.71428571426,355687.5
Big Street ATM,2015-01-25,266400,sunday,H,6,25,1,4,0,0,362057.14285714284,381462.5
Big Street ATM,2015-01-26,284700,monday,H,0,26,1,4,0,0,360321.4285714286,345275.0
Big Street ATM,2015-01-27,340300,tuesday,W,1,27,1,4,0,0,357364.28571428574,288975.0
Big Street ATM,2015-01-28,378400,wednesday,W,2,28,1,4,0,0,350550.0,382137.5
Big Street ATM,2015-01-29,344600,thursday,W,3,29,1,5,0,1,339807.14285714284,411312.5
Big Street ATM,2015-01-30,415100,friday,W,4,30,1,5,0,1,332857.14285714284,405412.5
Big Street ATM,2015-01-31,556800,saturday,H,5,31,1,5,0,1,331917.85714285716,363475.0
Big Street ATM,2015-02-01,394100,sunday,H,6,1,2,1,1,0,333696.4285714286,404775.0
Big Street ATM,2015-02-02,515400,monday,W,0,2,2,1,1,0,337357.14285714284,355300.0
Big Street ATM,2015-02-03,504100,tuesday,W,1,3,2,1,1,0,348457.14285714284,302475.0
Big Street ATM,2015-02-04,462100,wednesday,W,2,4,2,1,0,0,349739.28571428574,391512.5
Big Street ATM,2015-02-05,455400,thursday,W,3,5,2,1,0,0,353946.4285714286,404600.0
Big Street ATM,2015-02-06,274900,friday,W,4,6,2,1,0,0,355110.71428571426,402187.5
Big Street ATM,2015-02-07,350300,saturday,H,5,7,2,1,0,0,351985.71428571426,317037.5
Big Street ATM,2015-02-08,430100,sunday,H,6,8,2,2,0,0,350410.71428571426,404175.0
Big Street ATM,2015-02-09,357800,monday,W,0,9,2,2,0,0,348996.4285714286,365812.5
Big Street ATM,2015-02-10,388300,tuesday,W,1,10,2,2,0,0,346917.85714285716,293775.0
Big Street ATM,2015-02-11,346000,wednesday,W,2,11,2,2,0,0,347732.14285714284,408212.5
Big Street ATM,2015-02-12,467600,thursday,W,3,12,2,2,0,0,349825.0,406325.0
Big Street ATM,2015-02-13,424300,friday,W,4,13,2,2,0,0,355342.85714285716,407537.5
Big Street ATM,2015-02-14,333100,saturday,H,5,14,2,2,0,0,362353.5714285714,317150.0
Big Street ATM,2015-02-15,227500,sunday,H,6,15,2,3,0,0,362407.14285714284,398212.5
Big Street ATM,2015-02-16,405100,monday,W,0,16,2,3,0,0,358039.28571428574,343025.0
Big Street ATM,2015-02-17,359100,tuesday,W,1,17,2,3,0,0,371557.14285714284,322212.5
Big Street ATM,2015-02-18,201000,wednesday,W,2,18,2,3,0,0,372664.28571428574,410587.5
Big Street ATM,2015-02-19,392400,thursday,W,3,19,2,3,0,0,368425.0,377262.5
Big Street ATM,2015-02-20,256400,friday,W,4,20,2,3,0,0,369350.0,412700.0
Big Street ATM,2015-02-21,329700,saturday,H,5,21,2,3,0,0,373103.5714285714,319225.0
Big Street ATM,2015-02-22,261900,sunday,H,6,22,2,4,0,0,373607.14285714284,389812.5
Big Street ATM,2015-02-23,346200,monday,W,0,23,2,4,0,0,373446.4285714286,336387.5
Big Street ATM,2015-02-24,323800,tuesday,W,1,24,2,4,0,0,375642.85714285716,319550.0
Big Street ATM,2015-02-25,424400,wednesday,W,2,25,2,4,0,0,375053.5714285714,384675.0
Big Street ATM,2015-02-26,361500,thursday,W,3,26,2,4,0,1,376696.4285714286,345412.5
Big Street ATM,2015-02-27,403500,friday,W,4,27,2,4,0,1,377300.0,390487.5
Big Street ATM,2015-02-28,537500,saturday,H,5,28,2,4,0,1,376885.71428571426,314487.5
Big Street ATM,2015-03-01,519200,sunday,H,6,1,3,1,1,0,376196.4285714286,393625.0
Big Street ATM,2015-03-02,482500,monday,W,0,2,3,1,1,0,380664.28571428574,364837.5
Big Street ATM,2015-03-03,665600,tuesday,W,1,3,3,1,1,0,379489.28571428574,354287.5
Big Street ATM,2015-03-04,485400,wednesday,W,2,4,3,1,0,0,385257.14285714284,409350.0
Big Street ATM,2015-03-05,384600,thursday,W,3,5,3,1,0,0,386089.28571428574,363050.0
Big Street ATM,2015-03-06,227000,friday,W,4,6,3,1,0,0,383560.71428571426,385712.5
Big Street ATM,2015-03-07,375200,saturday,H,5,7,3,1,0,0,381850.0,297562.5
Big Street ATM,2015-03-08,37300,sunday,H,6,8,3,2,0,0,382739.28571428574,391225.0
Big Street ATM,2015-03-11,6300,wednesday,W,2,11,3,2,0,0,368710.71428571426,368325.0
Big Street ATM,2015-03-12,509000,thursday,W,3,12,3,2,0,0,356157.14285714284,327912.5
Big Street ATM,2015-03-13,409800,friday,W,4,13,3,2,0,0,360467.85714285716,410200.0
Big Street ATM,2015-03-14,382900,saturday,H,5,14,3,2,0,0,362746.4285714286,320287.5
Big Street ATM,2015-03-15,344900,sunday,H,6,15,3,3,0,0,359721.4285714286,397637.5
Big Street ATM,2015-03-16,519400,monday,W,0,16,3,3,0,0,356885.71428571426,349237.5
Big Street ATM,2015-03-17,365900,tuesday,W,1,17,3,3,0,0,363539.28571428574,367212.5
Big Street ATM,2015-03-18,335800,wednesday,W,2,18,3,3,0,0,368482.14285714284,373050.0
Big Street ATM,2015-03-19,413000,thursday,W,3,19,3,3,0,0,366007.14285714284,329925.0
Big Street ATM,2015-03-20,338100,friday,W,4,20,3,3,0,0,367932.14285714284,416012.5
Big Street ATM,2015-03-21,428000,saturday,H,5,21,3,3,0,0,372828.5714285714,343637.5
Big Street ATM,2015-03-22,328100,sunday,H,6,22,3,4,0,0,374100.0,411687.5
Big Street ATM,2015-03-23,343700,monday,W,0,23,3,4,0,0,376660.71428571426,346525.0
Big Street ATM,2015-03-24,457700,tuesday,W,1,24,3,4,0,0,377160.71428571426,406850.0
Big Street ATM,2015-03-25,378400,wednesday,W,2,25,3,4,0,0,384153.5714285714,387725.0
Big Street ATM,2015-03-26,404100,thursday,W,3,26,3,4,0,0,385303.5714285714,329925.0
Big Street ATM,2015-03-27,352900,friday,W,4,27,3,4,0,0,388171.4285714286,423450.0
Big Street ATM,2015-03-28,64700,saturday,H,5,28,3,4,0,0,385617.85714285716,335862.5
Big Street ATM,2015-03-29,246100,sunday,H,6,29,3,5,0,1,375017.85714285716,350175.0
Big Street ATM,2015-03-30,424800,monday,W,0,30,3,5,0,1,369396.4285714286,343987.5
Big Street ATM,2015-03-31,511600,tuesday,W,1,31,3,5,0,1,365371.4285714286,424362.5
Big Street ATM,2015-04-01,549300,wednesday,W,2,1,4,1,1,0,365100.0,388662.5
Big Street ATM,2015-04-02,413300,thursday,H,3,2,4,1,1,0,367485.71428571426,340825.0
Big Street ATM,2015-04-04,246100,saturday,H,5,4,4,1,0,0,358475.0,353162.5
Big Street ATM,2015-04-05,284500,sunday,H,6,5,4,1,0,0,349928.5714285714,337150.0
Big Street ATM,2015-04-06,350100,monday,W,0,6,4,1,0,0,346353.5714285714,330287.5
Big Street ATM,2015-04-07,346000,tuesday,W,1,7,4,1,0,0,350750.0,403700.0
Big Street ATM,2015-04-08,451500,wednesday,W,2,8,4,2,0,0,349707.14285714284,383375.0
Big Street ATM,2015-04-09,441400,thursday,W,3,9,4,2,0,0,364500.0,354012.5
Big Street ATM,2015-04-10,298400,friday,W,4,10,4,2,0,0,380039.28571428574,421700.0
Big Street ATM,2015-04-11,392500,saturday,H,5,11,4,2,0,0,372517.85714285716,337425.0
Big Street ATM,2015-04-12,337700,sunday,H,6,12,4,2,0,0,371900.0,344575.0
Big Street ATM,2015-04-13,472800,monday,W,0,13,4,2,0,0,370285.71428571426,318737.5
Big Street ATM,2015-04-14,362800,tuesday,H,1,14,4,2,0,0,374853.5714285714,418075.0
Big Street ATM,2015-04-15,382500,wednesday,W,2,15,4,3,0,0,369260.71428571426,383837.5
Big Street ATM,2015-04-16,395000,thursday,W,3,16,4,3,0,0,369853.5714285714,376700.0
Big Street ATM,2015-04-17,259100,friday,W,4,17,4,3,0,0,371967.85714285716,412625.0
Big Street ATM,2015-04-18,296100,saturday,H,5,18,4,3,0,0,366471.4285714286,337762.5
Big Street ATM,2015-04-19,259900,sunday,H,6,19,4,3,0,0,364971.4285714286,340375.0
Big Street ATM,2015-04-20,377000,monday,W,0,20,4,3,0,0,358967.85714285716,322787.5
Big Street ATM,2015-04-21,598000,tuesday,W,1,21,4,3,0,0,360714.28571428574,414562.5
Big Street ATM,2015-04-22,490800,wednesday,W,2,22,4,4,0,0,369796.4285714286,418112.5
Big Street ATM,2015-04-23,382000,thursday,W,3,23,4,4,0,0,370978.5714285714,385000.0
Big Street ATM,2015-04-24,471700,friday,W,4,24,4,4,0,0,371107.14285714284,411325.0
Big Street ATM,2015-04-25,457000,saturday,H,5,25,4,4,0,0,373521.4285714286,346287.5
Big Street ATM,2015-04-26,123200,sunday,H,6,26,4,4,0,0,377239.28571428574,330312.5
Big Street ATM,2015-04-27,299800,monday,W,0,27,4,4,0,0,379328.5714285714,305450.0
Big Street ATM,2015-04-28,303300,tuesday,W,1,28,4,4,0,1,381246.4285714286,408762.5
Big Street ATM,2015-04-29,495000,wednesday,W,2,29,4,5,0,1,376907.14285714284,372825.0
Big Street ATM,2015-04-30,465900,thursday,W,3,30,4,5,0,1,376314.28571428574,386200.0
Big Street ATM,2015-05-01,422700,friday,H,4,1,5,1,1,0,373335.71428571426,424375.0
Big Street ATM,2015-05-02,530700,saturday,H,5,2,5,1,1,0,373671.4285714286,370750.0
Big Street ATM,2015-05-03,433900,sunday,H,6,3,5,1,1,0,383835.71428571426,349750.0
Big Street ATM,2015-05-04,392800,monday,W,0,4,5,1,0,0,389171.4285714286,294787.5
Big Street ATM,2015-05-05,297500,tuesday,W,1,5,5,1,0,0,390696.4285714286,397550.0
Big Street ATM,2015-05-06,398900,wednesday,W,2,6,5,1,0,0,388964.28571428574,405350.0
Big Street ATM,2015-05-07,486200,thursday,W,3,7,5,1,0,0,387085.71428571426,435275.0
Big Street ATM,2015-05-08,420300,friday,W,4,8,5,2,0,0,388685.71428571426,437075.0
Big Street ATM,2015-05-09,490000,saturday,H,5,9,5,2,0,0,393039.28571428574,372062.5
Big Street ATM,2015-05-10,528900,sunday,H,6,10,5,2,0,0,396521.4285714286,363137.5
Big Street ATM,2015-05-11,480200,monday,W,0,11,5,2,0,0,403350.0,317787.5
Big Street ATM,2015-05-12,413500,tuesday,W,1,12,5,2,0,0,403614.28571428574,392650.0
Big Street ATM,2015-05-13,411400,wednesday,W,2,13,5,2,0,0,405425.0,411300.0
Big Street ATM,2015-05-14,230900,thursday,W,3,14,5,2,0,0,406457.14285714284,444725.0
Big Street ATM,2015-05-15,338200,friday,W,4,15,5,3,0,0,400596.4285714286,402312.5
Big Street ATM,2015-05-16,284000,saturday,H,5,16,5,3,0,0,403421.4285714286,372075.0
Big Street ATM,2015-05-17,174300,sunday,H,6,17,5,3,0,0,402989.28571428574,345137.5
Big Street ATM,2015-05-18,129000,monday,W,0,18,5,3,0,0,399932.14285714284,298562.5
Big Street ATM,2015-05-19,49400,tuesday,W,1,19,5,3,0,0,391075.0,365812.5
Big Street ATM,2015-05-20,267500,wednesday,W,2,20,5,3,0,0,371482.14285714284,360262.5
Big Street ATM,2015-05-21,345000,thursday,W,3,21,5,3,0,0,363507.14285714284,430862.5
Big Street ATM,2015-05-22,269700,friday,W,4,22,5,4,0,0,362185.71428571426,393812.5
Big Street ATM,2015-05-23,359700,saturday,H,5,23,5,4,0,0,354971.4285714286,361675.0
Big Street ATM,2015-05-24,324100,sunday,H,6,24,5,4,0,0,351496.4285714286,382012.5
Big Street ATM,2015-05-25,327800,monday,W,0,25,5,4,0,0,358671.4285714286,308312.5
Big Street ATM,2015-05-26,255800,tuesday,W,1,26,5,4,0,0,359671.4285714286,353687.5
Big Street ATM,2015-05-27,417600,wednesday,W,2,27,5,4,0,0,357975.0,328287.5
Big Street ATM,2015-05-28,302100,thursday,W,3,28,5,4,0,0,355210.71428571426,414400.0
Big Street ATM,2015-05-29,316500,friday,W,4,29,5,5,0,1,349360.71428571426,381062.5
Big Street ATM,2015-05-30,289000,saturday,H,5,30,5,5,0,1,345567.85714285716,349575.0
Big Street ATM,2015-05-31,152100,sunday,H,6,31,5,5,0,1,336935.71428571426,387375.0
Big Street ATM,2015-06-02,237900,tuesday,W,1,2,6,1,1,0,326871.4285714286,328937.5
Big Street ATM,2015-06-03,414500,wednesday,W,2,3,6,1,1,0,321339.28571428574,314775.0
Big Street ATM,2015-06-04,404400,thursday,W,3,4,6,1,0,0,325517.85714285716,409775.0
Big Street ATM,2015-06-05,333300,friday,W,4,5,6,1,0,0,325714.28571428574,376437.5
Big Street ATM,2015-06-06,414900,saturday,H,5,6,6,1,0,0,320253.5714285714,353937.5
Big Street ATM,2015-06-07,421200,sunday,H,6,7,6,1,0,0,320060.71428571426,390175.0
Big Street ATM,2015-06-08,420500,monday,W,0,8,6,2,0,0,317603.5714285714,325400.0
Big Street ATM,2015-06-09,518200,tuesday,W,1,9,6,2,0,0,313732.14285714284,322400.0
Big Street ATM,2015-06-10,497100,wednesday,W,2,10,6,2,0,0,315089.28571428574,334200.0
Big Street ATM,2015-06-11,423300,thursday,W,3,11,6,2,0,0,318075.0,424100.0
Big Street ATM,2015-06-12,404900,friday,W,4,12,6,2,0,0,318500.0,379975.0
Big Street ATM,2015-06-13,410200,saturday,H,5,13,6,2,0,0,324714.28571428574,372162.5
Big Street ATM,2015-06-14,376300,sunday,H,6,14,6,2,0,0,327285.71428571426,404437.5
Big Street ATM,2015-06-15,395700,monday,W,0,15,6,3,0,0,330582.14285714284,330225.0
Big Street ATM,2015-06-16,321300,tuesday,W,1,16,6,3,0,0,338489.28571428574,324737.5
Big Street ATM,2015-06-17,314500,wednesday,W,2,17,6,3,0,0,345357.14285714284,299612.5
Big Street ATM,2015-06-18,173000,thursday,W,3,18,6,3,0,0,354825.0,402062.5
Big Street ATM,2015-06-20,359100,saturday,H,5,20,6,3,0,0,351450.0,334825.0
Big Street ATM,2015-06-21,335500,sunday,H,6,21,6,3,0,0,351953.5714285714,392200.0
Big Street ATM,2015-06-22,445900,monday,W,0,22,6,4,0,0,354303.5714285714,339675.0
Big Street ATM,2015-06-23,361800,tuesday,W,1,23,6,4,0,0,357382.14285714284,343000.0
Big Street ATM,2015-06-24,404800,wednesday,W,2,24,6,4,0,0,358728.5714285714,306925.0
Big Street ATM,2015-06-25,456800,thursday,W,3,25,6,4,0,0,361478.5714285714,390787.5
Big Street ATM,2015-06-26,261000,friday,W,4,26,6,4,0,0,368657.14285714284,389325.0
Big Street ATM,2015-06-27,395700,saturday,H,5,27,6,4,0,0,363064.28571428574,314612.5
Big Street ATM,2015-06-28,399900,sunday,H,6,28,6,4,0,1,366407.14285714284,375325.0
Big Street ATM,2015-06-29,416400,monday,W,0,29,6,5,0,1,369385.71428571426,374262.5
Big Street ATM,2015-06-30,414700,tuesday,W,1,30,6,5,0,1,373935.71428571426,345950.0
Big Street ATM,2015-07-01,745100,wednesday,W,2,1,7,1,1,0,383314.28571428574,321575.0
Big Street ATM,2015-07-02,329500,thursday,W,3,2,7,1,1,0,401428.5714285714,434062.5
Big Street ATM,2015-07-03,416300,friday,W,4,3,7,1,1,0,398392.85714285716,372275.0
Big Street ATM,2015-07-04,531700,saturday,H,5,4,7,1,0,0,398817.85714285716,314112.5
Big Street ATM,2015-07-05,432600,sunday,H,6,5,7,1,0,0,405903.5714285714,380537.5
Big Street ATM,2015-07-06,246500,monday,W,0,6,7,1,0,0,406535.71428571426,374100.0
Big Street ATM,2015-07-07,293600,tuesday,W,1,7,7,1,0,0,400296.4285714286,316737.5
Big Street ATM,2015-07-08,491700,wednesday,W,2,8,7,2,0,0,395764.28571428574,306587.5
Big Street ATM,2015-07-09,465800,thursday,W,3,9,7,2,0,0,394817.85714285716,444100.0
Big Street ATM,2015-07-10,423800,friday,W,4,10,7,2,0,0,393700.0,369725.0
Big Street ATM,2015-07-11,432600,saturday,H,5,11,7,2,0,0,393717.85714285716,324812.5
Big Street ATM,2015-07-12,506600,sunday,H,6,12,7,2,0,0,394707.14285714284,399112.5
Big Street ATM,2015-07-13,363900,monday,W,0,13,7,2,0,0,398150.0,371312.5
Big Street ATM,2015-07-14,310900,tuesday,W,1,14,7,2,0,0,397707.14285714284,346100.0
Big Street ATM,2015-07-15,364000,wednesday,W,2,15,7,3,0,0,394678.5714285714,339275.0
Big Street ATM,2015-07-16,470700,thursday,W,3,16,7,3,0,0,396203.5714285714,456162.5
Big Street ATM,2015-07-17,336300,friday,W,4,17,7,3,0,0,401782.14285714284,399700.0
Big Street ATM,2015-07-18,227300,saturday,H,5,18,7,3,0,0,407614.28571428574,333137.5
Big Street ATM,2015-07-19,328800,sunday,H,6,19,7,3,0,0,402907.14285714284,382562.5
Big Street ATM,2015-07-20,372500,monday,W,0,20,7,3,0,0,402667.85714285716,390625.0
Big Street ATM,2015-07-21,212400,tuesday,W,1,21,7,3,0,0,400046.4285714286,351687.5
Big Street ATM,2015-07-22,331500,wednesday,W,2,22,7,4,0,0,394710.71428571426,333850.0
Big Street ATM,2015-07-23,540000,thursday,W,3,23,7,4,0,0,392092.85714285716,445400.0
Big Street ATM,2015-07-24,339100,friday,W,4,24,7,4,0,0,395064.28571428574,424075.0
Big Street ATM,2015-07-25,292700,saturday,H,5,25,7,4,0,0,397853.5714285714,335962.5
Big Street ATM,2015-07-26,449700,sunday,H,6,26,7,4,0,0,394175.0,383025.0
Big Street ATM,2015-07-27,400600,monday,W,0,27,7,4,0,0,395953.5714285714,406325.0
Big Street ATM,2015-07-28,321400,tuesday,W,1,28,7,4,0,0,395389.28571428574,382750.0
Big Street ATM,2015-07-29,212900,wednesday,W,2,29,7,5,0,1,392057.14285714284,344287.5
Big Street ATM,2015-07-30,392200,thursday,W,3,30,7,5,0,1,373050.0,420200.0
Big Street ATM,2015-07-31,569900,friday,W,4,31,7,5,0,1,375289.28571428574,435337.5
Big Street ATM,2015-08-01,703600,saturday,H,5,1,8,1,1,0,380775.0,365537.5
Big Street ATM,2015-08-02,491800,sunday,H,6,2,8,1,1,0,386914.28571428574,419112.5
Big Street ATM,2015-08-03,348800,monday,W,0,3,8,1,1,0,389028.5714285714,415150.0
Big Street ATM,2015-08-04,527000,tuesday,W,1,4,8,1,0,0,392682.14285714284,373787.5
Big Street ATM,2015-08-05,482800,wednesday,W,2,5,8,1,0,0,401017.85714285716,345387.5
Big Street ATM,2015-08-06,422500,thursday,W,3,6,8,1,0,0,400700.0,418412.5
Big Street ATM,2015-08-07,453600,friday,W,4,7,8,1,0,0,399153.5714285714,437600.0
Big Street ATM,2015-08-08,581200,saturday,H,5,8,8,2,0,0,400217.85714285716,371625.0
Big Street ATM,2015-08-09,609400,sunday,H,6,9,8,2,0,0,405525.0,440487.5
Big Street ATM,2015-08-10,412100,monday,W,0,10,8,2,0,0,409196.4285714286,444287.5
Big Street ATM,2015-08-11,542800,tuesday,W,1,11,8,2,0,0,410917.85714285716,375837.5
Big Street ATM,2015-08-12,479300,wednesday,W,2,12,8,2,0,0,419200.0,373075.0
Big Street ATM,2015-08-13,311100,thursday,W,3,13,8,2,0,0,423317.85714285716,439012.5
Big Street ATM,2015-08-14,384200,friday,W,4,14,8,2,0,0,417617.85714285716,423575.0
Big Street ATM,2015-08-15,424700,saturday,H,5,15,8,3,0,0,419328.5714285714,398025.0
Big Street ATM,2015-08-16,433500,sunday,H,6,16,8,3,0,0,426378.5714285714,448687.5
Big Street ATM,2015-08-17,476500,monday,W,0,17,8,3,0,0,430117.85714285716,456537.5
Big Street ATM,2015-08-18,469200,tuesday,W,1,18,8,3,0,0,433832.14285714284,379662.5
Big Street ATM,2015-08-19,492900,wednesday,W,2,19,8,3,0,0,443003.5714285714,386500.0
Big Street ATM,2015-08-20,522700,thursday,W,3,20,8,3,0,0,448767.85714285716,450025.0
Big Street ATM,2015-08-21,330900,friday,W,4,21,8,3,0,0,448150.0,431812.5
Big Street ATM,2015-08-22,377000,saturday,H,5,22,8,4,0,0,447857.14285714284,406762.5
Big Street ATM,2015-08-23,301100,sunday,H,6,23,8,4,0,0,450867.85714285716,446350.0
Big Street ATM,2015-08-24,280700,monday,W,0,24,8,4,0,0,445560.71428571426,444187.5
Big Street ATM,2015-08-25,349200,tuesday,W,1,25,8,4,0,0,441278.5714285714,362700.0
Big Street ATM,2015-08-26,271600,wednesday,W,2,26,8,4,0,0,442271.4285714286,378312.5
Big Street ATM,2015-08-27,357800,thursday,W,3,27,8,4,0,0,444367.85714285716,390837.5
Big Street ATM,2015-08-28,436400,friday,W,4,28,8,4,0,0,443139.28571428574,435350.0
Big Street ATM,2015-08-29,658300,saturday,H,5,29,8,5,0,1,438371.4285714286,409275.0
Big Street ATM,2015-08-30,330800,sunday,H,6,30,8,5,0,1,436753.5714285714,462175.0
Big Street ATM,2015-08-31,383700,monday,W,0,31,8,5,0,1,431003.5714285714,431462.5
Big Street ATM,2015-09-01,543800,tuesday,W,1,1,9,1,1,0,432250.0,379850.0
Big Street ATM,2015-09-02,568500,wednesday,W,2,2,9,1,1,0,432850.0,409587.5
Big Street ATM,2015-09-03,550200,thursday,W,3,3,9,1,1,0,435910.71428571426,400437.5
Big Street ATM,2015-09-04,453600,friday,W,4,4,9,1,0,0,440471.4285714286,445900.0
Big Street ATM,2015-09-05,395000,saturday,H,5,5,9,1,0,0,440471.4285714286,413000.0
Big Street ATM,2015-09-06,374900,sunday,H,6,6,9,1,0,0,433821.4285714286,457475.0
Big Street ATM,2015-09-07,498000,monday,W,0,7,9,1,0,0,425446.4285714286,415000.0
Big Street ATM,2015-09-08,394300,tuesday,W,1,8,9,2,0,0,428514.28571428574,396612.5
Big Street ATM,2015-09-09,433700,wednesday,W,2,9,9,2,0,0,423210.71428571426,420012.5
Big Street ATM,2015-09-10,580200,thursday,W,3,10,9,2,0,0,421582.14285714284,409150.0
Big Street ATM,2015-09-11,551700,friday,W,4,11,9,2,0,0,431192.85714285716,459587.5
Big Street ATM,2015-09-12,480300,saturday,H,5,12,9,2,0,0,437175.0,439925.0
Big Street ATM,2015-09-13,451300,sunday,H,6,13,9,2,0,0,439160.71428571426,489100.0
Big Street ATM,2015-09-14,439800,monday,W,0,14,9,2,0,0,439796.4285714286,430312.5
Big Street ATM,2015-09-15,388800,tuesday,W,1,15,9,3,0,0,438485.71428571426,405025.0
Big Street ATM,2015-09-16,603100,wednesday,W,2,16,9,3,0,0,435614.28571428574,442062.5
Big Street ATM,2015-09-17,393100,thursday,H,3,17,9,3,0,0,439550.0,443100.0
Big Street ATM,2015-09-18,405600,friday,W,4,18,9,3,0,0,434921.4285714286,441225.0
Big Street ATM,2015-09-19,478800,saturday,H,5,19,9,3,0,0,437589.28571428574,448237.5
Big Street ATM,2015-09-20,508300,sunday,H,6,20,9,3,0,0,441225.0,512362.5
Big Street ATM,2015-09-21,448700,monday,W,0,21,9,3,0,0,448625.0,437637.5
Big Street ATM,2015-09-22,372200,tuesday,W,1,22,9,4,0,0,454625.0,411037.5
Big Street ATM,2015-09-23,361500,wednesday,W,2,23,9,4,0,0,455446.4285714286,448412.5
Big Street ATM,2015-09-24,479800,thursday,H,3,24,9,4,0,0,458657.14285714284,461675.0
Big Street ATM,2015-09-25,324000,friday,W,4,25,9,4,0,0,463014.28571428574,452175.0
Big Street ATM,2015-09-26,304900,saturday,H,5,26,9,4,0,0,459000.0,417500.0
Big Street ATM,2015-09-27,324900,sunday,H,6,27,9,4,0,0,446378.5714285714,462525.0
Big Street ATM,2015-09-28,322700,monday,W,0,28,9,4,0,1,446167.85714285716,416775.0
Big Street ATM,2015-09-29,572900,tuesday,W,1,29,9,5,0,1,443989.28571428574,407775.0
Big Street ATM,2015-09-30,550500,wednesday,W,2,30,9,5,0,1,445028.5714285714,454150.0
Big Street ATM,2015-10-01,681300,thursday,W,3,1,10,1,1,0,444385.71428571426,470137.5
Big Street ATM,2015-10-02,360600,friday,H,4,2,10,1,1,0,449067.85714285716,484525.0
Big Street ATM,2015-10-03,376800,saturday,H,5,3,10,1,1,0,445746.4285714286,405875.0
Big Street ATM,2015-10-04,390900,sunday,H,6,4,10,1,0,0,445096.4285714286,436975.0
Big Street ATM,2015-10-05,539400,monday,W,0,5,10,1,0,0,445667.85714285716,389462.5
Big Street ATM,2015-10-06,467700,tuesday,W,1,6,10,1,0,0,447146.4285714286,423687.5
Big Street ATM,2015-10-07,377400,wednesday,W,2,7,10,1,0,0,449767.85714285716,444762.5
Big Street ATM,2015-10-08,521300,thursday,W,3,8,10,2,0,0,447757.14285714284,457400.0
Big Street ATM,2015-10-09,374600,friday,W,4,9,10,2,0,0,445653.5714285714,510800.0
Big Street ATM,2015-10-10,676200,saturday,H,5,10,10,2,0,0,439328.5714285714,404675.0
Big Street ATM,2015-10-11,372500,sunday,H,6,11,10,2,0,0,446325.0,468412.5
Big Street ATM,2015-10-12,515500,monday,W,0,12,10,2,0,0,443510.71428571426,381837.5
Big Street ATM,2015-10-13,302800,tuesday,W,1,13,10,2,0,0,446214.28571428574,428562.5
Big Street ATM,2015-10-14,443200,wednesday,W,2,14,10,2,0,0,443142.85714285716,423962.5
Big Street ATM,2015-10-15,556500,thursday,W,3,15,10,3,0,0,437432.14285714284,451187.5
Big Street ATM,2015-10-16,325200,friday,W,4,16,10,3,0,0,443267.85714285716,515025.0
Big Street ATM,2015-10-17,476700,saturday,H,5,17,10,3,0,0,440396.4285714286,403962.5
Big Street ATM,2015-10-18,448700,sunday,H,6,18,10,3,0,0,440321.4285714286,480875.0
Big Street ATM,2015-10-19,411900,monday,W,0,19,10,3,0,0,438192.85714285716,400287.5
Big Street ATM,2015-10-20,480400,tuesday,W,1,20,10,3,0,0,436878.5714285714,444962.5
Big Street ATM,2015-10-21,375400,wednesday,H,2,21,10,3,0,0,440742.85714285716,440362.5
Big Street ATM,2015-10-22,286900,thursday,H,3,22,10,4,0,0,441239.28571428574,464162.5
Big Street ATM,2015-10-23,231600,friday,H,4,23,10,4,0,0,434350.0,506162.5
Big Street ATM,2015-10-24,376700,saturday,H,5,24,10,4,0,0,431050.0,378362.5
Big Street ATM,2015-10-25,399000,sunday,H,6,25,10,4,0,0,433614.28571428574,445675.0
Big Street ATM,2015-10-26,468700,monday,W,0,26,10,4,0,0,436260.71428571426,408812.5
Big Street ATM,2015-10-27,347800,tuesday,W,1,27,10,4,0,0,441475.0,455587.5
Big Street ATM,2015-10-28,561300,wednesday,W,2,28,10,4,0,0,433435.71428571426,415862.5
Big Street ATM,2015-10-29,546400,thursday,W,3,29,10,5,0,1,433821.4285714286,463262.5
Big Street ATM,2015-10-30,448600,friday,W,4,30,10,5,0,1,429003.5714285714,505687.5
Big Street ATM,2015-10-31,889100,saturday,H,5,31,10,5,0,1,432146.4285714286,377737.5
Big Street ATM,2015-11-01,550200,sunday,H,6,1,11,1,1,0,450442.85714285716,507437.5
Big Street ATM,2015-11-02,692500,monday,W,0,2,11,1,1,0,456132.14285714284,430725.0
Big Street ATM,2015-11-03,503500,tuesday,W,1,3,11,1,1,0,461600.0,479900.0
Big Street ATM,2015-11-04,617100,wednesday,W,2,4,11,1,0,0,462878.5714285714,429512.5
Big Street ATM,2015-11-05,529000,thursday,W,3,5,11,1,0,0,471439.28571428574,486187.5
Big Street ATM,2015-11-06,784700,friday,W,4,6,11,1,0,0,471714.28571428574,499287.5
Big Street ATM,2015-11-07,462100,saturday,H,5,7,11,1,0,0,486360.71428571426,406862.5
Big Street ATM,2015-11-08,603400,sunday,H,6,8,11,2,0,0,478714.28571428574,505162.5
Big Street ATM,2015-11-09,552900,monday,W,0,9,11,2,0,0,486960.71428571426,449737.5
Big Street ATM,2015-11-10,876700,tuesday,H,1,10,11,2,0,0,488296.4285714286,494037.5
Big Street ATM,2015-11-11,423900,wednesday,W,2,11,11,2,0,0,508792.85714285716,490500.0
Big Street ATM,2015-11-12,364600,thursday,W,3,12,11,2,0,0,508103.5714285714,463787.5
Big Street ATM,2015-11-13,183200,friday,W,4,13,11,2,0,0,501250.0,495725.0
Big Street ATM,2015-11-14,553300,saturday,H,5,14,11,2,0,0,496178.5714285714,379062.5
Big Street ATM,2015-11-15,492700,sunday,H,6,15,11,3,0,0,498914.28571428574,514475.0
Big Street ATM,2015-11-16,475900,monday,W,0,16,11,3,0,0,500485.71428571426,447787.5
Big Street ATM,2015-11-17,666300,tuesday,W,1,17,11,3,0,0,502771.4285714286,497437.5
Big Street ATM,2015-11-18,365500,wednesday,W,2,18,11,3,0,0,509410.71428571426,527262.5
Big Street ATM,2015-11-19,365400,thursday,W,3,19,11,3,0,0,509057.14285714284,464287.5
Big Street ATM,2015-11-20,578600,friday,W,4,20,11,3,0,0,511860.71428571426,481425.0
Big Street ATM,2015-11-21,452800,saturday,H,5,21,11,3,0,0,524253.5714285714,410887.5
Big Street ATM,2015-11-22,350500,sunday,H,6,22,11,4,0,0,526971.4285714285,532962.5
Big Street ATM,2015-11-23,312000,monday,H,0,23,11,4,0,0,525239.2857142857,450987.5
Big Street ATM,2015-11-24,447700,tuesday,W,1,24,11,4,0,0,519642.85714285716,496100.0
Big Street ATM,2015-11-25,442400,wednesday,W,2,25,11,4,0,0,523210.71428571426,511612.5
Big Street ATM,2015-11-26,569600,thursday,W,3,26,11,4,0,0,518964.28571428574,450775.0
Big Street ATM,2015-11-27,515400,friday,W,4,27,11,4,0,0,519792.85714285716,467462.5
Big Street ATM,2015-11-28,352900,saturday,H,5,28,11,4,0,1,522178.5714285714,430237.5
Big Street ATM,2015-11-29,382300,sunday,H,6,29,11,5,0,1,503028.5714285714,529975.0
Big Street ATM,2015-11-30,611100,monday,W,0,30,11,5,0,1,497032.14285714284,449912.5
Big Street ATM,2015-12-01,711900,tuesday,W,1,1,12,1,1,0,494125.0,505062.5
Big Street ATM,2015-12-02,618400,wednesday,W,2,2,12,1,1,0,501567.85714285716,542137.5
Big Street ATM,2015-12-03,562200,thursday,W,3,3,12,1,1,0,501614.28571428574,480900.0
Big Street ATM,2015-12-04,498200,friday,W,4,4,12,1,0,0,502800.0,472575.0
Big Street ATM,2015-12-05,462100,saturday,H,5,5,12,1,0,0,492567.85714285716,445687.5
Big Street ATM,2015-12-06,493500,sunday,H,6,6,12,1,0,0,492567.85714285716,503212.5
Big Street ATM,2015-12-07,514800,monday,W,0,7,12,1,0,0,488642.85714285716,465037.5
Big Street ATM,2015-12-08,570700,tuesday,W,1,8,12,2,0,0,487282.14285714284,504975.0
Big Street ATM,2015-12-09,414700,wednesday,W,2,9,12,2,0,0,476353.5714285714,575625.0
Big Street ATM,2015-12-10,517500,thursday,W,3,10,12,2,0,0,476025.0,477337.5
Big Street ATM,2015-12-11,569700,friday,W,4,11,12,2,0,0,481485.71428571426,467700.0
Big Street ATM,2015-12-12,491500,saturday,H,5,12,12,2,0,0,495289.28571428574,476250.0
Big Street ATM,2015-12-13,598000,sunday,H,6,13,12,2,0,0,493082.14285714284,505062.5
Big Street ATM,2015-12-14,550600,monday,W,0,14,12,2,0,0,496842.85714285716,483700.0
Big Street ATM,2015-12-15,376100,tuesday,W,1,15,12,3,0,0,499510.71428571426,522312.5
Big Street ATM,2015-12-16,539200,wednesday,W,2,16,12,3,0,0,489146.4285714286,562587.5
Big Street ATM,2015-12-17,413700,thursday,W,3,17,12,3,0,0,495350.0,497812.5
Big Street ATM,2015-12-18,284100,friday,W,4,18,12,3,0,0,497075.0,483550.0
Big Street ATM,2015-12-19,443800,saturday,H,5,19,12,3,0,0,486557.14285714284,482812.5
Big Street ATM,2015-12-20,406400,sunday,H,6,20,12,3,0,0,486235.71428571426,513450.0
Big Street ATM,2015-12-21,522800,monday,W,0,21,12,3,0,0,488232.14285714284,484625.0
Big Street ATM,2015-12-22,494900,tuesday,W,1,22,12,4,0,0,495760.71428571426,529075.0
Big Street ATM,2015-12-23,578900,wednesday,W,2,23,12,4,0,0,497446.4285714286,580975.0
Big Street ATM,2015-12-24,497100,thursday,W,3,24,12,4,0,0,502321.4285714286,500012.5
Big Street ATM,2015-12-25,234300,friday,H,4,25,12,4,0,0,499732.14285714284,477387.5
Big Street ATM,2015-12-26,232700,saturday,H,5,26,12,4,0,0,489692.85714285716,456025.0
Big Street ATM,2015-12-27,375700,sunday,H,6,27,12,4,0,0,485400.0,431400.0
Big Street ATM,2015-12-28,418400,monday,W,0,28,12,4,0,0,485164.28571428574,462812.5
Big Street ATM,2015-12-29,494000,tuesday,W,1,29,12,5,0,1,478282.14285714284,494812.5
Big Street ATM,2015-12-30,489500,wednesday,W,2,30,12,5,0,1,470500.0,579787.5
Big Street ATM,2015-12-31,497700,thursday,W,3,31,12,5,0,1,465896.4285714286,484062.5
Big Street ATM,2016-01-01,663600,friday,H,4,1,1,1,1,0,463592.85714285716,473475.0
Big Street ATM,2016-01-02,305900,saturday,H,5,2,1,1,1,0,469500.0,440887.5
Big Street ATM,2016-01-03,224900,sunday,H,6,3,1,1,1,0,463921.4285714286,411875.0
Big Street ATM,2016-01-04,466400,monday,W,0,4,1,1,0,0,454328.5714285714,415500.0
Big Street ATM,2016-01-05,610000,tuesday,W,1,5,1,1,0,0,452600.0,484000.0
Big Street ATM,2016-01-06,596600,wednesday,W,2,6,1,1,0,0,454003.5714285714,546450.0
Big Street ATM,2016-01-07,494700,thursday,W,3,7,1,1,0,0,460500.0,505650.0
Big Street ATM,2016-01-08,390700,friday,W,4,8,1,2,0,0,459685.71428571426,489737.5
Big Street ATM,2016-01-09,577600,saturday,H,5,9,1,2,0,0,453292.85714285716,466825.0
Big Street ATM,2016-01-10,646100,sunday,H,6,10,1,2,0,0,456367.85714285716,414912.5
Big Street ATM,2016-01-11,423600,monday,W,0,11,1,2,0,0,458085.71428571426,434675.0
Big Street ATM,2016-01-12,456700,tuesday,W,1,12,1,2,0,0,453550.0,477462.5
Big Street ATM,2016-01-13,447600,wednesday,W,2,13,1,2,0,0,456428.5714285714,520250.0
Big Street ATM,2016-01-14,466200,thursday,W,3,14,1,2,0,0,453157.14285714284,515912.5
Big Street ATM,2016-01-15,424300,friday,H,4,15,1,3,0,0,455032.14285714284,502337.5
Big Street ATM,2016-01-16,379400,saturday,H,5,16,1,3,0,0,460039.28571428574,447537.5
Big Street ATM,2016-01-17,354400,sunday,H,6,17,1,3,0,0,457739.28571428574,405737.5
Big Street ATM,2016-01-18,406900,monday,W,0,18,1,3,0,0,455882.14285714284,435162.5
Big Street ATM,2016-01-19,360800,tuesday,W,1,19,1,3,0,0,451742.85714285716,489325.0
Big Street ATM,2016-01-20,271300,wednesday,W,2,20,1,3,0,0,446953.5714285714,509387.5
Big Street ATM,2016-01-21,178300,thursday,W,3,21,1,3,0,0,435967.85714285716,494525.0
Big Street ATM,2016-01-22,447900,friday,W,4,22,1,4,0,0,424582.14285714284,453425.0
Big Street ATM,2016-01-23,327900,saturday,H,5,23,1,4,0,0,432210.71428571426,439100.0
Big Street ATM,2016-01-24,49600,sunday,H,6,24,1,4,0,0,435610.71428571426,402612.5
Big Street ATM,2016-01-25,314800,monday,W,0,25,1,4,0,0,423964.28571428574,393575.0
Big Street ATM,2016-01-26,74200,tuesday,H,1,26,1,4,0,0,420264.28571428574,452287.5
Big Street ATM,2016-01-27,194300,wednesday,W,2,27,1,4,0,0,405271.4285714286,429675.0
Big Street ATM,2016-01-28,312500,thursday,W,3,28,1,4,0,0,394728.5714285714,441512.5
Big Street ATM,2016-01-29,450200,friday,W,4,29,1,5,0,1,388114.28571428574,422212.5
Big Street ATM,2016-01-30,617900,saturday,H,5,30,1,5,0,1,380492.85714285716,433100.0
Big Street ATM,2016-01-31,792000,sunday,H,6,31,1,5,0,1,391635.71428571426,422087.5
Big Street ATM,2016-02-01,634100,monday,W,0,1,2,1,1,0,411889.28571428574,430887.5
Big Street ATM,2016-02-02,425000,tuesday,W,1,2,2,1,1,0,417878.5714285714,467200.0
Big Street ATM,2016-02-03,570300,wednesday,W,2,3,2,1,1,0,411271.4285714286,411462.5
Big Street ATM,2016-02-04,588600,thursday,W,3,4,2,1,0,0,410332.14285714284,460962.5
Big Street ATM,2016-02-05,568500,friday,W,4,5,2,1,0,0,413685.71428571426,431100.0
Big Street ATM,2016-02-06,295100,saturday,H,5,6,2,1,0,0,420035.71428571426,432950.0
Big Street ATM,2016-02-07,227800,sunday,H,6,7,2,1,0,0,409946.4285714286,397537.5
Big Street ATM,2016-02-08,252600,monday,W,0,8,2,2,0,0,395007.14285714284,384612.5
Big Street ATM,2016-02-09,318600,tuesday,W,1,9,2,2,0,0,388900.0,429950.0
Big Street ATM,2016-02-10,576000,wednesday,W,2,10,2,2,0,0,383967.85714285716,404275.0
Big Street ATM,2016-02-11,618400,thursday,W,3,11,2,2,0,0,388553.5714285714,465562.5
Big Street ATM,2016-02-12,571500,friday,W,4,12,2,2,0,0,393989.28571428574,456687.5
Big Street ATM,2016-02-13,458700,saturday,H,5,13,2,2,0,0,399246.4285714286,468875.0
Big Street ATM,2016-02-14,557300,sunday,H,6,14,2,2,0,0,402078.5714285714,399400.0
Big Street ATM,2016-02-15,671500,monday,W,0,15,2,3,0,0,409325.0,403475.0
Big Street ATM,2016-02-16,392600,tuesday,W,1,16,2,3,0,0,418775.0,448537.5
Big Street ATM,2016-02-17,366700,wednesday,W,2,17,2,3,0,0,419910.71428571426,391487.5
Big Street ATM,2016-02-18,647900,thursday,W,3,18,2,3,0,0,423317.85714285716,439037.5
Big Street ATM,2016-02-19,435600,friday,W,4,19,2,3,0,0,440089.28571428574,475537.5
Big Street ATM,2016-02-20,535100,saturday,H,5,20,2,3,0,0,439650.0,494037.5
Big Street ATM,2016-02-21,652400,sunday,H,6,21,2,3,0,0,447050.0,437200.0
Big Street ATM,2016-02-22,400300,monday,W,0,22,2,4,0,0,468578.5714285714,438062.5
Big Street ATM,2016-02-23,666700,tuesday,W,1,23,2,4,0,0,471632.14285714284,446275.0
Big Street ATM,2016-02-24,399700,wednesday,W,2,24,2,4,0,0,492792.85714285716,413075.0
Big Street ATM,2016-02-25,434200,thursday,W,3,25,2,4,0,0,500128.5714285714,427812.5
Big Street ATM,2016-02-26,591800,friday,W,4,26,2,4,0,0,504475.0,467600.0
Big Street ATM,2016-02-27,527500,saturday,H,5,27,2,4,0,1,509532.14285714284,485062.5
Big Street ATM,2016-02-28,470100,sunday,H,6,28,2,4,0,1,506303.5714285714,464900.0
Big Street ATM,2016-02-29,632800,monday,W,0,29,2,5,0,1,494807.14285714284,468712.5
Big Street ATM,2016-03-01,665800,tuesday,W,1,1,3,1,1,0,494760.71428571426,467075.0
Big Street ATM,2016-03-02,402900,wednesday,W,2,2,3,1,1,0,503360.71428571426,420050.0
Big Street ATM,2016-03-04,345000,friday,W,4,4,3,1,0,0,497382.14285714284,456125.0
Big Street ATM,2016-03-05,628700,saturday,H,5,5,3,1,0,0,488682.14285714284,479350.0
Big Street ATM,2016-03-06,594300,sunday,H,6,6,3,1,0,0,490832.14285714284,471287.5
Big Street ATM,2016-03-07,415300,monday,W,0,7,3,1,0,0,501517.85714285716,462237.5
Big Street ATM,2016-03-08,479400,tuesday,W,1,8,3,2,0,0,508214.28571428574,466037.5
Big Street ATM,2016-03-09,569100,wednesday,W,2,9,3,2,0,0,516314.28571428574,422887.5
Big Street ATM,2016-03-10,926100,thursday,W,3,10,3,2,0,0,525260.7142857143,424375.0
Big Street ATM,2016-03-11,567600,friday,W,4,11,3,2,0,0,537764.2857142857,513612.5
Big Street ATM,2016-03-12,545500,saturday,H,5,12,3,2,0,0,535950.0,497262.5
Big Street ATM,2016-03-13,493800,sunday,H,6,13,3,2,0,0,535021.4285714285,492050.0
Big Street ATM,2016-03-14,454700,monday,W,0,14,3,2,0,0,536275.0,479662.5
Big Street ATM,2016-03-15,580700,tuesday,W,1,15,3,3,0,0,532610.7142857143,472012.5
Big Street ATM,2016-03-16,501400,wednesday,W,2,16,3,3,0,0,529367.8571428572,450375.0
Big Street ATM,2016-03-17,398100,thursday,W,3,17,3,3,0,0,533253.5714285715,431100.0
Big Street ATM,2016-03-18,441200,friday,W,4,18,3,3,0,0,534375.0,541087.5
Big Street ATM,2016-03-19,273000,saturday,H,5,19,3,3,0,0,526992.8571428572,496425.0
Big Street ATM,2016-03-20,605700,sunday,H,6,20,3,3,0,0,521185.71428571426,485187.5
Big Street ATM,2016-03-21,558400,monday,W,0,21,3,3,0,0,523707.14285714284,549175.0
Big Street ATM,2016-03-22,467500,tuesday,W,1,22,3,4,0,0,520350.0,502462.5
Big Street ATM,2016-03-23,453900,wednesday,W,2,23,3,4,0,0,522750.0,499537.5
Big Street ATM,2016-03-24,53800,thursday,W,3,24,3,4,0,0,515150.0,453925.0
Big Street ATM,2016-03-25,222900,friday,H,4,25,3,4,0,0,502796.4285714286,508750.0
Big Street ATM,2016-03-26,384700,saturday,H,5,26,3,4,0,0,495250.0,468012.5
Big Street ATM,2016-03-27,240300,sunday,H,6,27,3,4,0,0,487853.5714285714,456037.5
Big Street ATM,2016-03-28,173100,monday,W,0,28,3,4,0,0,477596.4285714286,480212.5
Big Street ATM,2016-03-30,82200,wednesday,W,2,30,3,5,0,1,466989.28571428574,468050.0
Big Street ATM,2016-03-31,427400,thursday,W,3,31,3,5,0,1,447325.0,439912.5
Big Street ATM,2016-04-02,129900,saturday,H,5,2,4,1,1,0,438810.71428571426,450375.0
Big Street ATM,2016-04-03,391200,sunday,H,6,3,4,1,1,0,429060.71428571426,435387.5
Big Street ATM,2016-04-04,480600,monday,W,0,4,4,1,0,0,430710.71428571426,500637.5
Big Street ATM,2016-04-05,487100,tuesday,W,1,5,4,1,0,0,425421.4285714286,483275.0
Big Street ATM,2016-04-06,574500,wednesday,W,2,6,4,1,0,0,421592.85714285716,489112.5
Big Street ATM,2016-04-07,421300,thursday,W,3,7,4,1,0,0,427278.5714285714,440437.5
Big Street ATM,2016-04-08,10700,friday,H,4,8,4,2,0,0,425203.5714285714,487837.5
Big Street ATM,2016-04-09,399900,saturday,H,5,9,4,2,0,0,405260.71428571426,380275.0
Big Street ATM,2016-04-10,217500,sunday,H,6,10,4,2,0,0,386467.85714285716,428037.5
Big Street ATM,2016-04-11,472600,monday,W,0,11,4,2,0,0,373964.28571428574,458162.5
Big Street ATM,2016-04-12,632300,tuesday,W,1,12,4,2,0,0,371360.71428571426,510775.0
Big Street ATM,2016-04-13,654800,wednesday,W,2,13,4,2,0,0,376307.14285714284,519075.0
Big Street ATM,2016-04-14,144600,thursday,H,3,14,4,2,0,0,383453.5714285714,450287.5
Big Street ATM,2016-04-16,452700,saturday,H,5,16,4,3,0,0,367878.5714285714,343900.0
Big Street ATM,2016-04-17,376800,sunday,H,6,17,4,3,0,0,366139.28571428574,417737.5
Big Street ATM,2016-04-18,643300,monday,W,0,18,4,3,0,0,365378.5714285714,423712.5
Big Street ATM,2016-04-19,516400,tuesday,H,1,19,4,3,0,0,372596.4285714286,507250.0
Big Street ATM,2016-04-20,442300,wednesday,W,2,20,4,3,0,0,381289.28571428574,500287.5
Big Street ATM,2016-04-21,276400,thursday,W,3,21,4,3,0,0,375453.5714285714,459737.5
Big Street ATM,2016-04-22,547900,friday,W,4,22,4,4,0,0,365382.14285714284,445087.5
Big Street ATM,2016-04-23,448100,saturday,H,5,23,4,4,0,0,368253.5714285714,338412.5
Big Street ATM,2016-04-24,75200,sunday,H,6,24,4,4,0,0,368046.4285714286,407812.5
Big Street ATM,2016-04-25,236100,monday,W,0,25,4,4,0,0,368810.71428571426,374350.0
Big Street ATM,2016-04-26,438700,tuesday,W,1,26,4,4,0,0,369282.14285714284,486725.0
Big Street ATM,2016-04-27,381400,wednesday,W,2,27,4,4,0,0,371210.71428571426,471900.0
Big Street ATM,2016-04-28,305200,thursday,W,3,28,4,4,0,1,376250.0,457450.0
Big Street ATM,2016-04-29,306300,friday,W,4,29,4,5,0,1,380967.85714285716,402250.0
Big Street ATM,2016-04-30,494000,saturday,H,5,30,4,5,0,1,388971.4285714286,333575.0
Big Street ATM,2016-05-02,395500,monday,W,0,2,5,1,1,0,391350.0,361812.5
Big Street ATM,2016-05-03,340400,tuesday,W,1,3,5,1,1,0,400835.71428571426,457062.5
Big Street ATM,2016-05-04,312600,wednesday,W,2,4,5,1,0,0,399021.4285714286,454525.0
Big Street ATM,2016-05-05,212700,thursday,W,3,5,5,1,0,0,393021.4285714286,425387.5
Big Street ATM,2016-05-06,258800,friday,W,4,6,5,1,0,0,383221.4285714286,374562.5
Big Street ATM,2016-05-07,294300,saturday,H,5,7,5,1,0,0,371946.4285714286,294975.0
Big Street ATM,2016-05-08,458600,sunday,H,6,8,5,2,0,0,367410.71428571426,366012.5
Big Street ATM,2016-05-09,602200,monday,W,0,9,5,2,0,0,383407.14285714284,357412.5
Big Street ATM,2016-05-10,630200,tuesday,W,1,10,5,2,0,0,390632.14285714284,480425.0
Big Street ATM,2016-05-11,420600,wednesday,W,2,11,5,2,0,0,405371.4285714286,460712.5
Big Street ATM,2016-05-12,319200,thursday,W,3,12,5,2,0,0,403514.28571428574,415287.5
Big Street ATM,2016-05-13,350300,friday,W,4,13,5,2,0,0,392332.14285714284,364100.0
Big Street ATM,2016-05-14,426100,saturday,H,5,14,5,2,0,0,381457.14285714284,283612.5
Big Street ATM,2016-05-15,243900,sunday,H,6,15,5,3,0,0,391510.71428571426,351087.5
Big Street ATM,2016-05-16,439100,monday,W,0,16,5,3,0,0,384053.5714285714,312187.5
Big Street ATM,2016-05-17,452900,tuesday,W,1,17,5,3,0,0,386278.5714285714,478475.0
Big Street ATM,2016-05-18,376700,wednesday,W,2,18,5,3,0,0,379478.5714285714,458887.5
Big Street ATM,2016-05-19,413500,thursday,W,3,19,5,3,0,0,374489.28571428574,405637.5
Big Street ATM,2016-05-20,597600,friday,W,4,20,5,3,0,0,373460.71428571426,300025.0
Big Street ATM,2016-05-22,209700,sunday,H,6,22,5,4,0,0,384932.14285714284,391662.5
Big Street ATM,2016-05-23,342000,monday,W,0,23,5,4,0,0,372853.5714285714,308362.5
Big Street ATM,2016-05-24,475200,tuesday,W,1,24,5,4,0,0,369064.28571428574,451425.0
Big Street ATM,2016-05-25,456400,wednesday,W,2,25,5,4,0,0,383350.0,496650.0
Big Street ATM,2016-05-26,337600,thursday,W,3,26,5,4,0,0,391217.85714285716,452412.5
Big Street ATM,2016-05-27,321300,friday,W,4,27,5,4,0,0,387607.14285714284,292462.5
Big Street ATM,2016-05-28,294200,saturday,H,5,28,5,4,0,0,385460.71428571426,295912.5
Big Street ATM,2016-05-29,485800,sunday,H,6,29,5,5,0,1,385067.85714285716,380350.0
Big Street ATM,2016-05-30,434900,monday,W,0,30,5,5,0,1,391478.5714285714,320187.5
Big Street ATM,2016-05-31,555000,tuesday,W,1,31,5,5,0,1,389367.85714285716,445712.5
Big Street ATM,2016-06-01,796800,wednesday,W,2,1,6,1,1,0,395064.28571428574,505137.5
Big Street ATM,2016-06-02,728200,thursday,W,3,2,6,1,1,0,411364.28571428574,480200.0
Big Street ATM,2016-06-03,562800,friday,W,4,3,6,1,1,0,426207.14285714284,376762.5
Big Street ATM,2016-06-04,661600,saturday,H,5,4,6,1,0,0,438710.71428571426,312837.5
Big Street ATM,2016-06-05,670700,sunday,H,6,5,6,1,0,0,453096.4285714286,446812.5
Big Street ATM,2016-06-06,627500,monday,W,0,6,6,1,0,0,466539.28571428574,376837.5
Big Street ATM,2016-06-07,488800,tuesday,W,1,7,6,1,0,0,472571.4285714286,465075.0
Big Street ATM,2016-06-08,697100,wednesday,W,2,8,6,2,0,0,468521.4285714286,487200.0
Big Street ATM,2016-06-09,702400,thursday,W,3,9,6,2,0,0,470910.71428571426,485487.5
Big Street ATM,2016-06-10,412000,friday,W,4,10,6,2,0,0,480975.0,411900.0
Big Street ATM,2016-06-11,355900,saturday,H,5,11,6,2,0,0,484289.28571428574,363000.0
Big Street ATM,2016-06-12,437500,sunday,H,6,12,6,2,0,0,484489.28571428574,441312.5
Big Street ATM,2016-06-13,431800,monday,W,0,13,6,2,0,0,484896.4285714286,384425.0
Big Street ATM,2016-06-14,436200,tuesday,W,1,14,6,2,0,0,491607.14285714284,438637.5
Big Street ATM,2016-06-15,499300,wednesday,W,2,15,6,3,0,0,491503.5714285714,477175.0
Big Street ATM,2016-06-16,386200,thursday,W,3,16,6,3,0,0,493160.71428571426,492612.5
Big Street ATM,2016-06-17,371300,friday,W,4,17,6,3,0,0,493500.0,425625.0
Big Street ATM,2016-06-18,312900,saturday,H,5,18,6,3,0,0,491992.85714285716,391337.5
Big Street ATM,2016-06-19,368400,sunday,H,6,19,6,3,0,0,481825.0,423837.5
Big Street ATM,2016-06-20,345500,monday,W,0,20,6,3,0,0,487492.85714285716,421075.0
Big Street ATM,2016-06-21,418400,tuesday,W,1,21,6,3,0,0,487617.85714285716,452312.5
Big Street ATM,2016-06-22,470600,wednesday,W,2,22,6,4,0,0,485589.28571428574,474637.5
Big Street ATM,2016-06-23,440000,thursday,W,3,23,6,4,0,0,486096.4285714286,503762.5
Big Street ATM,2016-06-24,302900,friday,W,4,24,6,4,0,0,489753.5714285714,442475.0
Big Street ATM,2016-06-25,191000,saturday,H,5,25,6,4,0,0,489096.4285714286,360712.5
Big Street ATM,2016-06-26,384400,sunday,H,6,26,6,4,0,0,485410.71428571426,391700.0
Big Street ATM,2016-06-27,354500,monday,W,0,27,6,4,0,0,481789.28571428574,407375.0
Big Street ATM,2016-06-28,258200,tuesday,W,1,28,6,4,0,1,478917.85714285716,447187.5
Big Street ATM,2016-06-29,398300,wednesday,W,2,29,6,5,0,1,468317.85714285716,464362.5
Big Street ATM,2016-06-30,103800,thursday,W,3,30,6,5,0,1,454085.71428571426,514475.0
Big Street ATM,2016-07-01,205300,friday,W,4,1,7,1,1,0,431785.71428571426,428862.5
Big Street ATM,2016-07-02,285100,saturday,H,5,2,7,1,1,0,419017.85714285716,348087.5
Big Street ATM,2016-07-03,508100,sunday,H,6,3,7,1,1,0,405571.4285714286,390550.0
Big Street ATM,2016-07-04,458900,monday,W,0,4,7,1,0,0,399764.28571428574,413562.5
Big Street ATM,2016-07-05,160000,tuesday,W,1,5,7,1,0,0,393742.85714285716,429275.0
Big Street ATM,2016-07-07,289400,thursday,H,3,7,7,1,0,0,382000.0,481900.0
Big Street ATM,2016-07-08,232600,friday,W,4,8,7,2,0,0,367439.28571428574,425137.5
Big Street ATM,2016-07-09,402200,saturday,H,5,9,7,2,0,0,350660.71428571426,344812.5
Big Street ATM,2016-07-10,502000,sunday,H,6,10,7,2,0,0,350310.71428571426,387562.5
Big Street ATM,2016-07-11,477900,monday,W,0,11,7,2,0,0,355528.5714285714,445825.0
Big Street ATM,2016-07-12,609600,tuesday,W,1,12,7,2,0,0,356971.4285714286,434125.0
Big Street ATM,2016-07-13,268800,wednesday,W,2,13,7,2,0,0,363321.4285714286,461787.5
Big Street ATM,2016-07-14,516300,thursday,W,3,14,7,2,0,0,357342.85714285716,468412.5
Big Street ATM,2016-07-15,425400,friday,W,4,15,7,3,0,0,357950.0,437987.5
Big Street ATM,2016-07-16,241800,saturday,H,5,16,7,3,0,0,359350.0,354200.0
Big Street ATM,2016-07-17,32700,sunday,H,6,17,7,3,0,0,354725.0,343087.5
Big Street ATM,2016-07-18,315400,monday,W,0,18,7,3,0,0,344717.85714285716,423700.0
Big Street ATM,2016-07-19,322500,tuesday,W,1,19,7,3,0,0,342825.0,430800.0
Big Street ATM,2016-07-20,327800,wednesday,W,2,20,7,3,0,0,342003.5714285714,445487.5
Big Street ATM,2016-07-21,113500,thursday,W,3,21,7,3,0,0,338767.85714285716,452337.5
Big Street ATM,2016-07-22,202300,friday,W,4,22,7,4,0,0,326014.28571428574,409975.0
Big Street ATM,2016-07-23,41800,saturday,H,5,23,7,4,0,0,317525.0,339325.0
Big Street ATM,2016-07-29,197100,friday,W,4,29,7,5,0,1,308200.0,324175.0
Big Street ATM,2016-07-30,192600,saturday,H,5,30,7,5,0,1,308417.85714285716,293612.5
Big Street ATM,2016-07-31,326800,sunday,H,6,31,7,5,0,1,301567.85714285716,330387.5
Big Street ATM,2016-08-01,428100,monday,W,0,1,8,1,1,0,300578.5714285714,403825.0
Big Street ATM,2016-08-02,562700,tuesday,W,1,2,8,1,1,0,306646.4285714286,429950.0
Big Street ATM,2016-08-03,443800,wednesday,W,2,3,8,1,1,0,312517.85714285716,456425.0
Big Street ATM,2016-08-04,229200,thursday,W,3,4,8,1,0,0,324660.71428571426,408212.5
Big Street ATM,2016-08-05,469300,friday,W,4,5,8,1,0,0,325514.28571428574,265025.0
Big Street ATM,2016-08-06,607300,saturday,H,5,6,8,1,0,0,332092.85714285716,300775.0
Big Street ATM,2016-08-07,450400,sunday,H,6,7,8,1,0,0,335635.71428571426,323600.0
Big Street ATM,2016-08-08,492700,monday,W,0,8,8,2,0,0,335332.14285714284,376287.5
Big Street ATM,2016-08-09,518300,tuesday,W,1,9,8,2,0,0,347214.28571428574,413100.0
Big Street ATM,2016-08-10,299600,wednesday,W,2,10,8,2,0,0,355389.28571428574,451837.5
Big Street ATM,2016-08-11,280500,thursday,W,3,11,8,2,0,0,357782.14285714284,358525.0
Big Street ATM,2016-08-12,439300,friday,W,4,12,8,2,0,0,353435.71428571426,251812.5
Big Street ATM,2016-08-13,433500,saturday,H,5,13,8,2,0,0,351196.4285714286,309275.0
Big Street ATM,2016-08-14,415500,sunday,H,6,14,8,2,0,0,349610.71428571426,333300.0
Big Street ATM,2016-08-15,383700,monday,H,0,15,8,3,0,0,342678.5714285714,373537.5
Big Street ATM,2016-08-16,477000,tuesday,W,1,16,8,3,0,0,346782.14285714284,407087.5
Big Street ATM,2016-08-17,231700,wednesday,W,2,17,8,3,0,0,345378.5714285714,450362.5
Big Street ATM,2016-08-18,637300,thursday,W,3,18,8,3,0,0,338460.71428571426,325075.0
Big Street ATM,2016-08-19,451900,friday,W,4,19,8,3,0,0,352585.71428571426,276475.0
Big Street ATM,2016-08-20,447200,saturday,H,5,20,8,3,0,0,367557.14285714284,327900.0
Big Street ATM,2016-08-21,392800,sunday,H,6,21,8,3,0,0,372264.28571428574,350087.5
Big Street ATM,2016-08-22,177900,monday,W,0,22,8,4,0,0,374775.0,376587.5
Big Street ATM,2016-08-23,418000,tuesday,W,1,23,8,4,0,0,369421.4285714286,386137.5
Big Street ATM,2016-08-24,420400,wednesday,W,2,24,8,4,0,0,380296.4285714286,448087.5
Big Street ATM,2016-08-25,376500,thursday,H,3,25,8,4,0,0,388085.71428571426,318800.0
Big Street ATM,2016-08-26,407900,friday,W,4,26,8,4,0,0,400039.28571428574,310562.5
Big Street ATM,2016-08-27,394900,saturday,H,5,27,8,4,0,0,407567.85714285716,353225.0
Big Street ATM,2016-08-28,352600,sunday,H,6,28,8,4,0,0,414792.85714285716,375575.0
Big Street ATM,2016-08-29,425300,monday,W,0,29,8,5,0,1,415714.28571428574,372612.5
Big Street ATM,2016-08-30,476200,tuesday,W,1,30,8,5,0,1,415614.28571428574,394987.5
Big Street ATM,2016-08-31,554700,wednesday,W,2,31,8,5,0,1,412525.0,455312.5
Big Street ATM,2016-09-01,725400,thursday,W,3,1,9,1,1,0,416485.71428571426,338350.0
Big Street ATM,2016-09-02,643700,friday,W,4,2,9,1,1,0,434207.14285714284,365062.5
Big Street ATM,2016-09-03,502100,saturday,H,5,3,9,1,1,0,440435.71428571426,404612.5
Big Street ATM,2016-09-04,620600,sunday,H,6,4,9,1,0,0,436678.5714285714,402700.0
Big Street ATM,2016-09-05,512200,monday,H,0,5,9,1,0,0,442757.14285714284,386675.0
Big Street ATM,2016-09-06,639700,tuesday,W,1,6,9,1,0,0,443453.5714285714,401650.0
Big Street ATM,2016-09-07,306500,wednesday,W,2,7,9,1,0,0,447789.28571428574,503000.0
Big Street ATM,2016-09-08,659200,thursday,W,3,8,9,2,0,0,448035.71428571426,356662.5
Big Street ATM,2016-09-09,327200,friday,W,4,9,9,2,0,0,461560.71428571426,382925.0
Big Street ATM,2016-09-10,145200,saturday,H,5,10,9,2,0,0,457557.14285714284,392337.5
Big Street ATM,2016-09-11,489900,sunday,H,6,11,9,2,0,0,447260.71428571426,370575.0
Big Street ATM,2016-09-12,571700,monday,W,0,12,9,2,0,0,449917.85714285716,385162.5
Big Street ATM,2016-09-13,382600,tuesday,H,1,13,9,2,0,0,456632.14285714284,413375.0
Big Street ATM,2016-09-14,487100,wednesday,W,2,14,9,2,0,0,453260.71428571426,474625.0
Big Street ATM,2016-09-15,406500,thursday,W,3,15,9,3,0,0,462382.14285714284,383950.0
Big Street ATM,2016-09-16,200700,friday,W,4,16,9,3,0,0,454139.28571428574,419550.0
Big Street ATM,2016-09-17,271900,saturday,H,5,17,9,3,0,0,445167.85714285716,392137.5
Big Street ATM,2016-09-18,379300,sunday,H,6,18,9,3,0,0,438907.14285714284,374337.5
Big Street ATM,2016-09-19,259900,monday,W,0,19,9,3,0,0,438425.0,428487.5
Big Street ATM,2016-09-20,381600,tuesday,W,1,20,9,3,0,0,441353.5714285714,406437.5
Big Street ATM,2016-09-21,455400,wednesday,W,2,21,9,3,0,0,440053.5714285714,482012.5
Big Street ATM,2016-09-22,442800,thursday,W,3,22,9,4,0,0,441303.5714285714,399900.0
Big Street ATM,2016-09-23,339600,friday,W,4,23,9,4,0,0,443671.4285714286,469675.0
Big Street ATM,2016-09-24,402900,saturday,H,5,24,9,4,0,0,441232.14285714284,409950.0
Big Street ATM,2016-09-25,272700,sunday,H,6,25,9,4,0,0,441517.85714285716,400625.0
Big Street ATM,2016-09-26,517200,monday,W,0,26,9,4,0,0,438664.28571428574,421725.0
Big Street ATM,2016-09-27,406500,tuesday,W,1,27,9,4,0,0,441946.4285714286,417575.0
Big Street ATM,2016-09-28,567100,wednesday,W,2,28,9,4,0,1,439457.14285714284,462487.5
Big Street ATM,2016-09-29,324800,thursday,W,3,29,9,5,0,1,439900.0,415312.5
Big Street ATM,2016-09-30,370000,friday,W,4,30,9,5,0,1,425592.85714285716,481625.0
Big Street ATM,2016-10-01,381000,saturday,H,5,1,10,1,1,0,415817.85714285716,397537.5
Big Street ATM,2016-10-03,439200,monday,W,0,3,10,1,1,0,411492.85714285716,413050.0
Big Street ATM,2016-10-04,316100,tuesday,W,1,4,10,1,0,0,405014.28571428574,410887.5
Big Street ATM,2016-10-05,527600,wednesday,W,2,5,10,1,0,0,398010.71428571426,437212.5
Big Street ATM,2016-10-06,633100,thursday,W,3,6,10,1,0,0,394007.14285714284,443812.5
Big Street ATM,2016-10-07,189900,friday,W,4,7,10,1,0,0,405671.4285714286,525700.0
Big Street ATM,2016-10-08,161500,saturday,H,5,8,10,2,0,0,388910.71428571426,366362.5
Big Street ATM,2016-10-09,337100,sunday,H,6,9,10,2,0,0,382992.85714285716,344900.0
Big Street ATM,2016-10-10,198500,monday,H,0,10,10,2,0,0,389846.4285714286,403250.0
Big Street ATM,2016-10-11,48600,tuesday,H,1,11,10,2,0,0,379439.28571428574,387737.5
Big Street ATM,2016-10-13,580200,thursday,W,3,13,10,2,0,0,360757.14285714284,420925.0
Big Street ATM,2016-10-14,326300,friday,W,4,14,10,2,0,0,367814.28571428574,518562.5
Big Street ATM,2016-10-15,407400,saturday,H,5,15,10,3,0,0,362071.4285714286,350662.5
Big Street ATM,2016-10-16,157400,sunday,H,6,16,10,3,0,0,362103.5714285714,341637.5
Big Street ATM,2016-10-17,260200,monday,W,0,17,10,3,0,0,360557.14285714284,373825.0
Big Street ATM,2016-10-18,108400,tuesday,W,1,18,10,3,0,0,360139.28571428574,398025.0
Big Street ATM,2016-10-19,408400,wednesday,W,2,19,10,3,0,0,350464.28571428574,391137.5
Big Street ATM,2016-10-20,516900,thursday,W,3,20,10,3,0,0,355767.85714285716,419425.0
Big Street ATM,2016-10-21,352300,friday,W,4,21,10,3,0,0,360600.0,536112.5
Big Street ATM,2016-10-22,475500,saturday,H,5,22,10,4,0,0,356917.85714285716,343712.5
Big Street ATM,2016-10-23,342800,sunday,H,6,23,10,4,0,0,358085.71428571426,345175.0
Big Street ATM,2016-10-24,253800,monday,W,0,24,10,4,0,0,358200.0,372600.0
Big Street ATM,2016-10-25,410000,tuesday,W,1,25,10,4,0,0,352875.0,376587.5
Big Street ATM,2016-10-26,607600,wednesday,W,2,26,10,4,0,0,357778.5714285714,390137.5
Big Street ATM,2016-10-27,469300,thursday,W,3,27,10,4,0,0,361007.14285714284,426037.5
Big Street ATM,2016-10-28,163400,friday,W,4,28,10,4,0,0,363250.0,504100.0
Big Street ATM,2016-10-29,247100,saturday,H,5,29,10,5,0,1,348832.14285714284,283675.0
Big Street ATM,2016-10-30,316500,sunday,H,6,30,10,5,0,1,346057.14285714284,326700.0
Big Street ATM,2016-10-31,1000,monday,W,0,31,10,5,0,1,344146.4285714286,334587.5
Big Street ATM,2016-11-02,357900,wednesday,W,2,2,11,1,1,0,330575.0,330737.5
Big Street ATM,2016-11-03,646700,thursday,W,3,3,11,1,1,0,327671.4285714286,432462.5
Big Street ATM,2016-11-04,397000,friday,W,4,4,11,1,0,0,339478.5714285714,502537.5
Big Street ATM,2016-11-05,654300,saturday,H,5,5,11,1,0,0,334814.28571428574,292400.0
Big Street ATM,2016-11-06,576800,sunday,H,6,6,11,1,0,0,335571.4285714286,345725.0
Big Street ATM,2016-11-07,381000,monday,W,0,7,11,1,0,0,349389.28571428574,345450.0
Big Street ATM,2016-11-08,334400,tuesday,W,1,8,11,2,0,0,357228.5714285714,360187.5
Big Street ATM,2016-11-11,8000,friday,W,4,11,11,2,0,0,357132.14285714284,493525.0
Big Street ATM,2016-11-12,29100,saturday,H,5,12,11,2,0,0,350328.5714285714,268312.5
Big Street ATM,2016-11-13,270500,sunday,H,6,13,11,2,0,0,349632.14285714284,331212.5
Big Street ATM,2016-11-14,200,monday,W,0,14,11,2,0,0,338571.4285714286,331850.0
Big Street ATM,2016-11-15,150900,tuesday,W,1,15,11,3,0,0,326925.0,288750.0
Big Street ATM,2016-11-16,18600,wednesday,W,2,16,11,3,0,0,317764.28571428574,269637.5
Big Street ATM,2016-11-17,9000,thursday,W,3,17,11,3,0,0,312807.14285714284,373900.0
Big Street ATM,2016-11-18,10000,friday,W,4,18,11,3,0,0,303835.71428571426,439300.0
Big Street ATM,2016-11-19,41500,saturday,H,5,19,11,3,0,0,300321.4285714286,227112.5
Big Street ATM,2016-11-20,22500,sunday,H,6,20,11,3,0,0,287217.85714285716,302412.5
Big Street ATM,2016-11-22,2100,tuesday,W,1,22,11,4,0,0,269560.71428571426,259075.0
Big Street ATM,2016-11-23,6600,wednesday,W,2,23,11,4,0,0,257053.57142857142,222075.0
Big Street ATM,2016-11-24,13900,thursday,W,3,24,11,4,0,0,240307.14285714287,317800.0
Big Street ATM,2016-11-25,29600,friday,W,4,25,11,4,0,0,228560.7142857143,400437.5
Big Street ATM,2016-11-28,3500,monday,W,0,28,11,4,0,1,220553.57142857142,301462.5
Big Street ATM,2016-11-30,31700,wednesday,W,2,30,11,5,0,1,206035.7142857143,174812.5
Big Street ATM,2016-12-01,36700,thursday,W,3,1,12,1,1,0,185467.85714285713,250875.0
Big Street ATM,2017-01-17,500,tuesday,W,1,17,1,3,0,0,170017.85714285713,199012.5
Big Street ATM,2017-01-18,4800,wednesday,W,2,18,1,3,0,0,164200.0,124062.5
Big Street ATM,2017-01-19,11700,thursday,W,3,19,1,3,0,0,155546.42857142858,185525.0
Big Street ATM,2017-01-20,117600,friday,W,4,20,1,3,0,0,144660.7142857143,322762.5
Big Street ATM,2017-01-21,124300,saturday,H,5,21,1,3,0,0,148825.0,195562.5
Big Street ATM,2017-01-22,120100,sunday,H,6,22,1,4,0,0,140482.14285714287,267587.5
Big Street ATM,2017-01-23,147200,monday,W,0,23,1,4,0,0,121675.0,268850.0
Big Street ATM,2017-01-24,166700,tuesday,W,1,24,1,4,0,0,112753.57142857143,162512.5
Big Street ATM,2017-01-25,116300,wednesday,W,2,25,1,4,0,0,95339.28571428571,105387.5
Big Street ATM,2017-01-26,146800,thursday,H,3,26,1,4,0,0,78892.85714285714,193987.5
Big Street ATM,2017-01-27,215300,friday,W,4,27,1,4,0,0,70528.57142857143,268587.5
Big Street ATM,2017-01-28,176300,saturday,H,5,28,1,4,0,0,66275.0,198737.5
Big Street ATM,2017-01-29,232900,sunday,H,6,29,1,5,0,1,72285.71428571429,269437.5
Big Street ATM,2017-01-30,228800,monday,W,0,30,1,5,0,1,79564.28571428571,255825.0
Big Street ATM,2017-01-31,269900,tuesday,W,1,31,1,5,0,1,78075.0,166300.0
Big Street ATM,2017-02-01,412700,wednesday,W,2,1,2,1,1,0,87707.14285714286,125575.0
Big Street ATM,2017-02-02,554500,thursday,W,3,2,2,1,1,0,97057.14285714286,194525.0
Big Street ATM,2017-02-03,372800,friday,W,4,3,2,1,1,0,116196.42857142857,273287.5
Big Street ATM,2017-02-04,42900,saturday,H,5,4,2,1,0,0,129189.28571428571,204550.0
Big Street ATM,2017-02-05,50000,sunday,H,6,5,2,1,0,0,130364.28571428571,223875.0
Big Street ATM,2017-02-06,15200,monday,W,0,6,2,1,0,0,130667.85714285714,242400.0
Big Street ATM,2017-02-09,1500,thursday,W,3,9,2,2,0,0,130407.14285714286,120475.0
Big Street ATM,2017-02-10,2000,friday,W,4,10,2,2,0,0,130385.71428571429,214812.5
Big Street ATM,2017-02-18,128600,saturday,H,5,18,2,3,0,0,130221.42857142857,160762.5
Big Street ATM,2017-02-19,228000,sunday,H,6,19,2,3,0,0,134317.85714285713,180512.5
Big Street ATM,2017-02-20,293300,monday,W,0,20,2,3,0,0,141403.57142857142,228050.0
Big Street ATM,2017-02-21,189300,tuesday,W,1,21,2,3,0,0,151753.57142857142,170437.5
Big Street ATM,2017-02-23,25000,thursday,W,3,23,2,4,0,0,157382.14285714287,99400.0
Big Street ATM,2017-02-24,162000,friday,W,4,24,2,4,0,0,156964.2857142857,137100.0
Big Street ATM,2017-02-25,204700,saturday,H,5,25,2,4,0,0,162732.14285714287,160587.5
Big Street ATM,2017-02-26,294300,sunday,H,6,26,2,4,0,1,169871.42857142858,175212.5
Big Street ATM,2017-02-27,203300,monday,W,0,27,2,4,0,1,179964.2857142857,225275.0
Big Street ATM,2017-02-28,16100,tuesday,W,1,28,2,4,0,1,183025.0,164125.0
Big Street ATM,2017-03-01,156000,wednesday,W,2,1,3,1,1,0,179160.7142857143,76337.5
Big Street ATM,2017-03-02,515000,thursday,W,3,2,3,1,1,0,180442.85714285713,116575.0
Big Street ATM,2017-03-03,286200,friday,W,4,3,3,1,1,0,193578.57142857142,159675.0
Big Street ATM,2017-03-04,253500,saturday,H,5,4,3,1,0,0,197846.42857142858,146737.5
Big Street ATM,2017-03-05,309200,sunday,H,6,5,3,1,0,0,202746.42857142858,125112.5
Big Street ATM,2017-03-06,249100,monday,W,0,6,3,1,0,0,208546.42857142858,191825.0
Big Street ATM,2017-03-07,244800,tuesday,W,1,7,3,1,0,0,209753.57142857142,147637.5
Big Street ATM,2017-03-08,252500,wednesday,W,2,8,3,2,0,0,212200.0,106812.5
Big Street ATM,2017-03-09,327500,thursday,W,3,9,3,2,0,0,212900.0,147312.5
Big Street ATM,2017-03-10,207400,friday,W,4,10,3,2,0,0,216425.0,199487.5
Big Street ATM,2017-03-12,241900,sunday,H,6,12,3,2,0,0,214192.85714285713,147400.0
Big Street ATM,2017-03-13,109100,monday,W,0,13,3,2,0,0,208092.85714285713,188250.0
Big Street ATM,2017-03-14,288500,tuesday,W,1,14,3,2,0,0,192185.7142857143,161250.0
Big Street ATM,2017-03-15,334500,wednesday,W,2,15,3,3,0,0,189175.0,124012.5
Big Street ATM,2017-03-16,209900,thursday,W,3,16,3,3,0,0,199589.2857142857,185162.5
Big Street ATM,2017-03-17,39600,friday,W,4,17,3,3,0,0,205300.0,223987.5
Big Street ATM,2017-03-18,12800,saturday,H,5,18,3,3,0,0,206171.42857142858,150687.5
Big Street ATM,2017-03-19,215000,sunday,H,6,19,3,3,0,0,206575.0,143812.5
Big Street ATM,2017-03-20,141600,monday,W,0,20,3,3,0,0,214182.14285714287,211425.0
Big Street ATM,2017-03-21,60100,tuesday,W,1,21,3,3,0,0,214646.42857142858,176137.5
Big Street ATM,2017-03-22,287300,wednesday,W,2,22,3,4,0,0,208650.0,131262.5
Big Street ATM,2017-03-23,275000,thursday,W,3,23,3,4,0,0,208435.7142857143,220475.0
Big Street ATM,2017-03-24,133800,friday,W,4,24,3,4,0,0,211496.42857142858,256900.0
Big Street ATM,2017-03-25,255400,saturday,H,5,25,3,4,0,0,215382.14285714287,166162.5
Big Street ATM,2017-03-26,139400,sunday,H,6,26,3,4,0,0,218717.85714285713,160200.0
Big Street ATM,2017-03-27,154900,monday,W,0,27,3,4,0,0,216385.7142857143,213837.5
Big Street ATM,2017-03-28,441000,tuesday,W,1,28,3,4,0,0,211407.14285714287,190912.5
Big Street ATM,2017-03-29,515400,wednesday,H,2,29,3,5,0,1,219896.42857142858,185950.0
Big Street ATM,2017-03-30,457500,thursday,W,3,30,3,5,0,1,237728.57142857142,270362.5
Big Street ATM,2017-03-31,581600,friday,W,4,31,3,5,0,1,248496.42857142858,295737.5
Big Street ATM,2017-04-01,131200,saturday,H,5,1,4,1,1,0,250875.0,224162.5
Big Street ATM,2017-04-02,361300,sunday,H,6,2,4,1,1,0,245339.2857142857,154562.5
Big Street ATM,2017-04-03,879300,monday,W,0,3,4,1,1,0,249189.2857142857,229887.5
Big Street ATM,2017-04-04,300600,tuesday,W,1,4,4,1,0,0,269550.0,282425.0
Big Street ATM,2017-04-05,636200,wednesday,W,2,5,4,1,0,0,271389.28571428574,223462.5
Big Street ATM,2017-04-06,122100,thursday,W,3,6,4,1,0,0,285367.85714285716,298300.0
Big Street ATM,2017-04-11,415200,tuesday,W,1,11,4,2,0,0,280710.71428571426,269087.5
Big Street ATM,2017-04-12,454400,wednesday,W,2,12,4,2,0,0,283842.85714285716,254525.0
Big Street ATM,2017-04-13,324100,thursday,W,3,13,4,2,0,0,292664.28571428574,353200.0
Big Street ATM,2017-04-14,447700,friday,H,4,14,4,2,0,0,295600.0,266937.5
Big Street ATM,2017-04-15,430800,saturday,H,5,15,4,3,0,0,307692.85714285716,253212.5
Big Street ATM,2017-04-16,357700,sunday,H,6,16,4,3,0,0,312775.0,203050.0
Big Street ATM,2017-04-17,350000,monday,W,0,17,4,3,0,0,313603.5714285714,268350.0
Big Street ATM,2017-04-18,349300,tuesday,W,1,18,4,3,0,0,318607.14285714284,276175.0
Big Street ATM,2017-04-19,445200,wednesday,W,2,19,4,3,0,0,329667.85714285716,264450.0
Big Street ATM,2017-04-20,364600,thursday,W,3,20,4,3,0,0,345110.71428571426,385187.5
Big Street ATM,2017-04-21,454700,friday,W,4,21,4,3,0,0,350453.5714285714,312325.0
Big Street ATM,2017-04-22,283500,saturday,H,5,22,4,4,0,0,361635.71428571426,263450.0
Big Street ATM,2017-04-23,297900,sunday,H,6,23,4,4,0,0,369614.28571428574,222412.5
Big Street ATM,2017-04-24,230200,monday,W,0,24,4,4,0,0,369992.85714285716,277087.5
Big Street ATM,2017-04-25,327200,tuesday,W,1,25,4,4,0,0,368392.85714285716,279537.5
Big Street ATM,2017-04-26,320100,wednesday,W,2,26,4,4,0,0,375300.0,303337.5
Big Street ATM,2017-04-27,366300,thursday,W,3,27,4,4,0,0,377610.71428571426,405700.0
Big Street ATM,2017-04-28,565200,friday,W,4,28,4,4,0,1,385714.28571428574,354987.5
Big Street ATM,2017-04-29,528200,saturday,H,5,29,4,5,0,1,400367.85714285716,333850.0
Big Street ATM,2017-04-30,510600,sunday,H,6,30,4,5,0,1,403482.14285714284,262850.0
Big Street ATM,2017-05-01,451500,monday,H,0,1,5,1,1,0,403310.71428571426,304125.0
Big Street ATM,2017-05-02,533700,tuesday,W,1,2,5,1,1,0,403096.4285714286,304837.5
Big Street ATM,2017-05-03,681500,wednesday,W,2,3,5,1,1,0,401385.71428571426,339450.0
Big Street ATM,2017-05-04,148400,thursday,W,3,4,5,1,0,0,421039.28571428574,459325.0
Big Street ATM,2017-05-05,423700,friday,W,4,5,5,1,0,0,413435.71428571426,309162.5
Big Street ATM,2017-05-06,470500,saturday,H,5,6,5,1,0,0,397164.28571428574,366562.5
Big Street ATM,2017-05-07,333300,sunday,H,6,7,5,1,0,0,403232.14285714284,289975.0
Big Street ATM,2017-05-08,465100,monday,W,0,8,5,2,0,0,392414.28571428574,307137.5
Big Street ATM,2017-05-09,596100,tuesday,W,1,9,5,2,0,0,404664.28571428574,349337.5
Big Street ATM,2017-05-10,462400,wednesday,W,2,10,5,2,0,0,411125.0,377900.0
Big Street ATM,2017-05-11,477100,thursday,W,3,11,5,2,0,0,411410.71428571426,475312.5
Big Street ATM,2017-05-12,441900,friday,W,4,12,5,2,0,0,416875.0,327862.5
Big Street ATM,2017-05-13,292000,saturday,H,5,13,5,2,0,0,416667.85714285716,386025.0
Big Street ATM,2017-05-14,465100,sunday,H,6,14,5,2,0,0,411710.71428571426,300550.0
Big Street ATM,2017-05-15,477500,monday,W,0,15,5,3,0,0,415546.4285714286,335037.5
Big Street ATM,2017-05-16,217000,tuesday,W,1,16,5,3,0,0,420100.0,391325.0
Big Street ATM,2017-05-17,335500,wednesday,W,2,17,5,3,0,0,415375.0,397512.5
Big Street ATM,2017-05-18,462500,thursday,W,3,18,5,3,0,0,411457.14285714284,481337.5
Big Street ATM,2017-05-19,330500,friday,W,4,19,5,3,0,0,414953.5714285714,359437.5
Big Street ATM,2017-05-20,508200,saturday,H,5,20,5,3,0,0,410517.85714285716,422387.5
Big Street ATM,2017-05-21,308800,sunday,H,6,21,5,3,0,0,418542.85714285716,362475.0
Big Street ATM,2017-05-22,334000,monday,W,0,22,5,4,0,0,418932.14285714284,346762.5
Big Street ATM,2017-05-23,249500,tuesday,W,1,23,5,4,0,0,422639.28571428574,413712.5
Big Street ATM,2017-05-24,412000,wednesday,W,2,24,5,4,0,0,419864.28571428574,373575.0
Big Street ATM,2017-05-25,377300,thursday,W,3,25,5,4,0,0,423146.4285714286,468412.5
Big Street ATM,2017-05-26,254600,friday,W,4,26,5,4,0,0,423539.28571428574,372225.0
Big Street ATM,2017-05-27,426400,saturday,H,5,27,5,4,0,0,412446.4285714286,437487.5
Big Street ATM,2017-05-28,271200,sunday,H,6,28,5,4,0,0,408810.71428571426,383850.0
Big Street ATM,2017-05-29,228300,monday,W,0,29,5,5,0,1,400260.71428571426,363237.5
Big Street ATM,2017-05-30,531200,tuesday,W,1,30,5,5,0,1,392289.28571428574,332337.5
Big Street ATM,2017-05-31,456300,wednesday,W,2,31,5,5,0,1,392200.0,402400.0
Big Street ATM,2017-06-01,637900,thursday,W,3,1,6,1,1,0,384157.14285714284,445925.0
Big Street ATM,2017-06-02,570900,friday,W,4,2,6,1,1,0,401639.28571428574,394775.0
Big Street ATM,2017-06-03,434400,saturday,H,5,3,6,1,1,0,406896.4285714286,436150.0
Big Street ATM,2017-06-04,544200,sunday,H,6,4,6,1,0,0,405607.14285714284,421750.0
Big Street ATM,2017-06-05,641800,monday,W,0,5,6,1,0,0,413139.28571428574,386100.0
Big Street ATM,2017-06-06,416600,tuesday,W,1,6,6,1,0,0,419450.0,397300.0
Big Street ATM,2017-06-07,427100,wednesday,W,2,7,6,1,0,0,413039.28571428574,402575.0
Big Street ATM,2017-06-08,398900,thursday,W,3,8,6,2,0,0,411778.5714285714,442512.5
Big Street ATM,2017-06-09,282200,friday,W,4,9,6,2,0,0,408985.71428571426,404125.0
Big Street ATM,2017-06-10,294600,saturday,H,5,10,6,2,0,0,403282.14285714284,415462.5
Big Street ATM,2017-06-11,580600,sunday,H,6,11,6,2,0,0,403375.0,404725.0
Big Street ATM,2017-06-12,383600,monday,W,0,12,6,2,0,0,407500.0,413962.5
Big Street ATM,2017-06-13,503600,tuesday,W,1,13,6,2,0,0,404146.4285714286,401500.0
Big Street ATM,2017-06-16,154700,friday,W,4,16,6,3,0,0,414382.14285714284,421500.0
Big Street ATM,2017-06-17,373900,saturday,H,5,17,6,3,0,0,407925.0,377962.5
Big Street ATM,2017-06-18,239700,sunday,H,6,18,6,3,0,0,404760.71428571426,416025.0
Big Street ATM,2017-06-19,456600,monday,W,0,19,6,3,0,0,401517.85714285716,406687.5
Big Street ATM,2017-06-20,444600,tuesday,W,1,20,6,3,0,0,399675.0,429800.0
Big Street ATM,2017-06-21,445500,wednesday,W,2,21,6,3,0,0,404525.0,414487.5
Big Street ATM,2017-06-22,491900,thursday,W,3,22,6,4,0,0,408507.14285714284,442550.0
Big Street ATM,2017-06-23,381600,friday,W,4,23,6,4,0,0,417164.28571428574,437200.0
Big Street ATM,2017-06-24,356000,saturday,H,5,24,6,4,0,0,416078.5714285714,355012.5
Big Street ATM,2017-06-25,213200,sunday,H,6,25,6,4,0,0,415317.85714285716,394500.0
Big Street ATM,2017-06-26,108700,monday,H,0,26,6,4,0,0,413839.28571428574,369512.5
Big Street ATM,2017-06-27,281100,tuesday,W,1,27,6,4,0,0,402492.85714285716,386950.0
Big Street ATM,2017-06-28,321600,wednesday,W,2,28,6,4,0,1,402846.4285714286,408725.0
Big Street ATM,2017-06-29,583800,thursday,W,3,29,6,5,0,1,406178.5714285714,442737.5
Big Street ATM,2017-06-30,466200,friday,W,4,30,6,5,0,1,408057.14285714284,491625.0
Big Street ATM,2017-07-01,508700,saturday,H,5,1,7,1,1,0,408410.71428571426,360325.0
Big Street ATM,2017-07-02,574400,sunday,H,6,2,7,1,1,0,403796.4285714286,399275.0
Big Street ATM,2017-07-03,241200,monday,W,0,3,7,1,1,0,403921.4285714286,399650.0
Big Street ATM,2017-07-04,287300,tuesday,W,1,4,7,1,0,0,397021.4285714286,358962.5
Big Street ATM,2017-07-05,279500,wednesday,W,2,5,7,1,0,0,387846.4285714286,377925.0
Big Street ATM,2017-07-06,183700,thursday,W,3,6,7,1,0,0,374907.14285714284,392487.5
Big Street ATM,2017-07-07,515800,friday,W,4,7,7,1,0,0,366589.28571428574,454950.0
Big Street ATM,2017-07-08,470500,saturday,H,5,8,7,2,0,0,369757.14285714284,369562.5
Big Street ATM,2017-07-09,324500,sunday,H,6,9,7,2,0,0,372314.28571428574,421587.5
Big Street ATM,2017-07-10,413200,monday,W,0,10,7,2,0,0,373825.0,382075.0
Big Street ATM,2017-07-11,476700,tuesday,W,1,11,7,2,0,0,378060.71428571426,350925.0
Big Street ATM,2017-07-12,421000,wednesday,W,2,12,7,2,0,0,374350.0,363000.0
Big Street ATM,2017-07-13,165600,thursday,W,3,13,7,2,0,0,375685.71428571426,387312.5
Big Street ATM,2017-07-14,368100,friday,W,4,14,7,2,0,0,363614.28571428574,417837.5
Big Street ATM,2017-07-15,452700,saturday,H,5,15,7,3,0,0,371235.71428571426,374262.5
Big Street ATM,2017-07-16,307100,sunday,H,6,16,7,3,0,0,374050.0,414650.0
Big Street ATM,2017-07-17,268100,monday,W,0,17,7,3,0,0,376457.14285714284,381862.5
Big Street ATM,2017-07-18,469400,tuesday,W,1,18,7,3,0,0,369725.0,342687.5
Big Street ATM,2017-07-19,106000,wednesday,W,2,19,7,3,0,0,370610.71428571426,394550.0
Big Street ATM,2017-07-20,259800,thursday,W,3,20,7,3,0,0,358485.71428571426,358625.0
Big Street ATM,2017-07-21,462800,friday,W,4,21,7,3,0,0,350196.4285714286,403150.0
Big Street ATM,2017-07-22,379900,saturday,H,5,22,7,4,0,0,353096.4285714286,400287.5
Big Street ATM,2017-07-23,236900,sunday,H,6,23,7,4,0,0,353950.0,408837.5
Big Street ATM,2017-07-24,274700,monday,W,0,24,7,4,0,0,354796.4285714286,377575.0
Big Street ATM,2017-07-25,187100,tuesday,W,1,25,7,4,0,0,360725.0,348487.5
Big Street ATM,2017-07-26,331000,wednesday,W,2,26,7,4,0,0,357367.85714285716,386750.0
Big Street ATM,2017-07-27,289300,thursday,W,3,27,7,4,0,0,357703.5714285714,348500.0
Big Street ATM,2017-07-28,257800,friday,W,4,28,7,4,0,0,347185.71428571426,359575.0
Big Street ATM,2017-07-29,300600,saturday,H,5,29,7,5,0,1,339742.85714285716,361150.0
Big Street ATM,2017-07-30,267200,sunday,H,6,30,7,5,0,1,332310.71428571426,392112.5
Big Street ATM,2017-07-31,423700,monday,W,0,31,7,5,0,1,321339.28571428574,342950.0
Big Street ATM,2017-08-01,425300,tuesday,W,1,1,8,1,1,0,327857.14285714284,321225.0
Big Street ATM,2017-08-02,371800,wednesday,W,2,2,8,1,1,0,332785.71428571426,373512.5
Big Street ATM,2017-08-03,364600,thursday,W,3,3,8,1,1,0,336082.14285714284,337937.5
Big Street ATM,2017-08-04,385200,friday,W,4,4,8,1,0,0,342542.85714285716,355287.5
Big Street ATM,2017-08-05,227500,saturday,H,5,5,8,1,0,0,337878.5714285714,374025.0
Big Street ATM,2017-08-06,434900,sunday,H,6,6,8,1,0,0,329200.0,383725.0
Big Street ATM,2017-08-07,326700,monday,W,0,7,8,1,0,0,333142.85714285716,324737.5
Big Street ATM,2017-08-08,404300,tuesday,W,1,8,8,2,0,0,330053.5714285714,314112.5
Big Street ATM,2017-08-09,327700,wednesday,W,2,9,8,2,0,0,327467.85714285716,371975.0
Big Street ATM,2017-08-10,362400,thursday,W,3,10,8,2,0,0,324135.71428571426,325512.5
Big Street ATM,2017-08-11,567700,friday,W,4,11,8,2,0,0,331164.28571428574,337637.5
Big Street ATM,2017-08-12,440300,saturday,H,5,12,8,2,0,0,338292.85714285716,425650.0
Big Street ATM,2017-08-13,356900,sunday,H,6,13,8,2,0,0,337850.0,392025.0
Big Street ATM,2017-08-14,304700,monday,W,0,14,8,2,0,0,339628.5714285714,339387.5
Big Street ATM,2017-08-16,396800,wednesday,H,2,16,8,3,0,0,340935.71428571426,354487.5
Big Street ATM,2017-08-17,401300,thursday,W,3,17,8,3,0,0,338342.85714285716,319425.0
Big Street ATM,2017-08-18,455800,friday,W,4,18,8,3,0,0,348889.28571428574,326312.5
Big Street ATM,2017-08-19,392700,saturday,H,5,19,8,3,0,0,355889.28571428574,434925.0
Big Street ATM,2017-08-20,215100,sunday,H,6,20,8,3,0,0,353385.71428571426,396612.5
Big Street ATM,2017-08-21,227100,monday,W,0,21,8,3,0,0,347500.0,339625.0
Big Street ATM,2017-08-22,572300,tuesday,W,1,22,8,4,0,0,347150.0,285425.0
Big Street ATM,2017-08-23,331100,wednesday,W,2,23,8,4,0,0,357778.5714285714,390887.5
Big Street ATM,2017-08-24,510300,thursday,W,3,24,8,4,0,0,362921.4285714286,320612.5
Big Street ATM,2017-08-25,68100,friday,H,4,25,8,4,0,0,369325.0,317125.0
Big Street ATM,2017-08-26,403800,saturday,H,5,26,8,4,0,0,361425.0,385162.5
Big Street ATM,2017-08-27,349300,sunday,H,6,27,8,4,0,0,366639.28571428574,383500.0
Big Street ATM,2017-08-28,233200,monday,W,0,28,8,4,0,0,368378.5714285714,311487.5
Big Street ATM,2017-08-29,260300,tuesday,W,1,29,8,5,0,1,367164.28571428574,300987.5
Big Street ATM,2017-08-30,443100,wednesday,W,2,30,8,5,0,1,361328.5714285714,387512.5
Big Street ATM,2017-08-31,520200,thursday,W,3,31,8,5,0,1,361964.28571428574,341062.5
Big Street ATM,2017-09-01,694300,friday,W,4,1,9,1,1,0,367264.28571428574,359187.5
Christ College ATM,2011-01-16,95200,sunday,H,6,16,1,3,0,0,401486.6666666667,287000.0
Christ College ATM,2011-01-17,126800,monday,H,0,17,1,3,0,0,382343.75,253000.0
Christ College ATM,2011-01-18,380000,tuesday,W,1,18,1,3,0,0,367311.76470588235,398333.3333333333
Christ College ATM,2011-01-19,446800,wednesday,W,2,19,1,3,0,0,368016.6666666667,487033.3333333333
Christ College ATM,2011-01-20,571300,thursday,W,3,20,1,3,0,0,372163.15789473685,378466.6666666667
Christ College ATM,2011-01-21,386800,friday,W,4,21,1,3,0,0,382120.0,504033.3333333333
Christ College ATM,2011-01-22,465300,saturday,H,5,22,1,4,0,0,382342.85714285716,368533.3333333333
Christ College ATM,2011-01-23,212500,sunday,H,6,23,1,4,0,0,386113.63636363635,331575.0
Christ College ATM,2011-01-24,410800,monday,W,0,24,1,4,0,0,378565.2173913043,242875.0
Christ College ATM,2011-01-25,325900,tuesday,W,1,25,1,4,0,0,379908.3333333333,401450.0
Christ College ATM,2011-01-26,258400,wednesday,H,2,26,1,4,0,0,377748.0,446750.0
Christ College ATM,2011-01-27,336300,thursday,W,3,27,1,4,0,0,373157.6923076923,348450.0
Christ College ATM,2011-01-28,254500,friday,W,4,28,1,4,0,0,371792.5925925926,462100.0
Christ College ATM,2011-01-29,463400,saturday,H,5,29,1,5,0,1,367603.5714285714,340025.0
Christ College ATM,2011-01-30,277200,sunday,H,6,30,1,5,0,1,373878.5714285714,357940.0
Christ College ATM,2011-01-31,369100,monday,W,0,31,1,5,0,1,373064.28571428574,249740.0
Christ College ATM,2011-02-01,432000,tuesday,W,1,1,2,1,1,0,367575.0,394980.0
Christ College ATM,2011-02-02,714600,wednesday,W,2,2,2,1,1,0,356667.85714285716,443800.0
Christ College ATM,2011-02-03,359800,thursday,W,3,3,2,1,1,0,368357.14285714284,421680.0
Christ College ATM,2011-02-04,382500,friday,W,4,4,2,1,0,0,365832.14285714284,441640.0
Christ College ATM,2011-02-05,429800,saturday,H,5,5,2,1,0,0,367142.85714285716,348520.0
Christ College ATM,2011-02-06,292300,sunday,H,6,6,2,1,0,0,369403.5714285714,369916.6666666667
Christ College ATM,2011-02-07,430000,monday,W,0,7,2,1,0,0,366850.0,256833.33333333334
Christ College ATM,2011-02-08,343000,tuesday,W,1,8,2,2,0,0,362728.5714285714,400816.6666666667
Christ College ATM,2011-02-09,381600,wednesday,W,2,9,2,2,0,0,362703.5714285714,427000.0
Christ College ATM,2011-02-10,348300,thursday,W,3,10,2,2,0,0,365571.4285714286,415000.0
Christ College ATM,2011-02-11,413300,friday,W,4,11,2,2,0,0,359785.71428571426,426083.3333333333
Christ College ATM,2011-02-12,452900,saturday,H,5,12,2,2,0,0,361225.0,359316.6666666667
Christ College ATM,2011-02-13,119000,sunday,H,6,13,2,2,0,0,370014.28571428574,381771.4285714286
Christ College ATM,2011-02-14,173100,monday,W,0,14,2,2,0,0,370864.28571428574,237142.85714285713
Christ College ATM,2011-02-15,357700,tuesday,W,1,15,2,3,0,0,372517.85714285716,368285.71428571426
Christ College ATM,2011-02-16,147100,wednesday,H,2,16,2,3,0,0,371721.4285714286,417100.0
Christ College ATM,2011-02-17,292600,thursday,W,3,17,2,3,0,0,361017.85714285716,376728.5714285714
Christ College ATM,2011-02-18,200600,friday,W,4,18,2,3,0,0,351064.28571428574,407014.28571428574
Christ College ATM,2011-02-19,399800,saturday,H,5,19,2,3,0,0,344414.28571428574,336642.85714285716
Christ College ATM,2011-02-20,169400,sunday,H,6,20,2,3,0,0,342075.0,384025.0
Christ College ATM,2011-02-21,143200,monday,W,0,21,2,3,0,0,340535.71428571426,228675.0
Christ College ATM,2011-02-22,370800,tuesday,W,1,22,2,4,0,0,330978.5714285714,340150.0
Christ College ATM,2011-02-23,265700,wednesday,W,2,23,2,4,0,0,332582.14285714284,411312.5
Christ College ATM,2011-02-24,255600,thursday,W,3,24,2,4,0,0,332842.85714285716,362850.0
Christ College ATM,2011-02-25,200500,friday,W,4,25,2,4,0,0,329960.71428571426,388087.5
Christ College ATM,2011-02-26,375800,saturday,H,5,26,2,4,0,1,328032.14285714284,319625.0
Christ College ATM,2011-02-27,283700,sunday,H,6,27,2,4,0,1,324903.5714285714,395037.5
Christ College ATM,2011-02-28,398900,monday,W,0,28,2,4,0,1,325135.71428571426,226637.5
Christ College ATM,2011-03-01,479800,tuesday,W,1,1,3,1,1,0,326200.0,324662.5
Christ College ATM,2011-03-02,638200,wednesday,W,2,2,3,1,1,0,327907.14285714284,379112.5
Christ College ATM,2011-03-03,405100,thursday,W,3,3,3,1,1,0,325178.5714285714,394212.5
Christ College ATM,2011-03-04,423900,friday,W,4,4,3,1,0,0,326796.4285714286,384912.5
Christ College ATM,2011-03-05,582300,saturday,H,5,5,3,1,0,0,328275.0,329387.5
Christ College ATM,2011-03-06,333400,sunday,H,6,6,3,1,0,0,333721.4285714286,422012.5
Christ College ATM,2011-03-07,231800,monday,W,0,7,3,1,0,0,335189.28571428574,222837.5
Christ College ATM,2011-03-08,323000,tuesday,W,1,8,3,2,0,0,328110.71428571426,285462.5
Christ College ATM,2011-03-09,450700,wednesday,W,2,9,3,2,0,0,327396.4285714286,376525.0
Christ College ATM,2011-03-10,385100,thursday,W,3,10,3,2,0,0,329864.28571428574,412887.5
Christ College ATM,2011-03-11,312900,friday,W,4,11,3,2,0,0,331178.5714285714,369262.5
Christ College ATM,2011-03-12,262300,saturday,H,5,12,3,2,0,0,327592.85714285716,321875.0
Christ College ATM,2011-03-13,153200,sunday,H,6,13,3,2,0,0,320785.71428571426,428950.0
Christ College ATM,2011-03-14,283200,monday,W,0,14,3,2,0,0,322007.14285714284,230087.5
Christ College ATM,2011-03-15,183900,tuesday,W,1,15,3,3,0,0,325939.28571428574,305012.5
Christ College ATM,2011-03-16,220200,wednesday,W,2,16,3,3,0,0,319732.14285714284,352012.5
Christ College ATM,2011-03-17,238800,thursday,W,3,17,3,3,0,0,322342.85714285716,384562.5
Christ College ATM,2011-03-18,290000,friday,W,4,18,3,3,0,0,320421.4285714286,327700.0
Christ College ATM,2011-03-19,345600,saturday,H,5,19,3,3,0,0,323614.28571428574,309775.0
Christ College ATM,2011-03-20,164400,sunday,H,6,20,3,3,0,0,321678.5714285714,413987.5
Christ College ATM,2011-03-21,287700,monday,W,0,21,3,3,0,0,321500.0,224075.0
Christ College ATM,2011-03-22,250200,tuesday,W,1,22,3,4,0,0,326660.71428571426,289625.0
Christ College ATM,2011-03-23,237200,wednesday,W,2,23,3,4,0,0,322353.5714285714,342550.0
Christ College ATM,2011-03-24,304000,thursday,W,3,24,3,4,0,0,321335.71428571426,381912.5
Christ College ATM,2011-03-25,206500,friday,W,4,25,3,4,0,0,323064.28571428574,323662.5
Christ College ATM,2011-03-26,215100,saturday,H,5,26,3,4,0,0,323278.5714285714,303775.0
Christ College ATM,2011-03-27,286200,sunday,H,6,27,3,4,0,0,317539.28571428574,382950.0
Christ College ATM,2011-03-28,263600,monday,W,0,28,3,4,0,0,317628.5714285714,225200.0
Christ College ATM,2011-03-29,298000,tuesday,W,1,29,3,5,0,1,312796.4285714286,276437.5
Christ College ATM,2011-03-30,399600,wednesday,W,2,30,3,5,0,1,306303.5714285714,325800.0
Christ College ATM,2011-03-31,514200,thursday,W,3,31,3,5,0,1,297782.14285714284,342537.5
Christ College ATM,2011-04-01,336600,friday,W,4,1,4,1,1,0,301678.5714285714,342962.5
Christ College ATM,2011-04-02,285100,saturday,H,5,2,4,1,1,0,298560.71428571426,298037.5
Christ College ATM,2011-04-03,333000,sunday,H,6,3,4,1,1,0,287946.4285714286,364862.5
Christ College ATM,2011-04-04,295600,monday,W,0,4,4,1,0,0,287932.14285714284,230287.5
Christ College ATM,2011-04-05,423500,tuesday,W,1,5,4,1,0,0,290210.71428571426,259637.5
Christ College ATM,2011-04-06,388700,wednesday,W,2,6,4,1,0,0,293800.0,335862.5
Christ College ATM,2011-04-07,388600,thursday,W,3,7,4,1,0,0,291585.71428571426,343425.0
Christ College ATM,2011-04-08,373000,friday,W,4,8,4,2,0,0,291710.71428571426,348000.0
Christ College ATM,2011-04-09,483600,saturday,H,5,9,4,2,0,0,293857.14285714284,293000.0
Christ College ATM,2011-04-10,217800,sunday,H,6,10,4,2,0,0,301760.71428571426,368700.0
Christ College ATM,2011-04-11,283400,monday,W,0,11,4,2,0,0,304067.85714285716,242637.5
Christ College ATM,2011-04-12,322800,tuesday,H,1,12,4,2,0,0,304075.0,273425.0
Christ College ATM,2011-04-13,268700,wednesday,W,2,13,4,2,0,0,309035.71428571426,331500.0
Christ College ATM,2011-04-14,157000,thursday,H,3,14,4,2,0,0,310767.85714285716,358625.0
Christ College ATM,2011-04-15,468500,friday,W,4,15,4,3,0,0,307846.4285714286,331050.0
Christ College ATM,2011-04-16,297900,saturday,H,5,16,4,3,0,0,314221.4285714286,326487.5
Christ College ATM,2011-04-17,174500,sunday,H,6,17,4,3,0,0,312517.85714285716,355962.5
Christ College ATM,2011-04-18,469100,monday,W,0,18,4,3,0,0,312878.5714285714,243275.0
Christ College ATM,2011-04-19,273000,tuesday,W,1,19,4,3,0,0,319357.14285714284,314162.5
Christ College ATM,2011-04-20,305700,wednesday,W,2,20,4,3,0,0,320171.4285714286,319275.0
Christ College ATM,2011-04-21,165900,thursday,W,3,21,4,3,0,0,322617.85714285716,363625.0
Christ College ATM,2011-04-22,173300,friday,H,4,22,4,4,0,0,317685.71428571426,319837.5
Christ College ATM,2011-04-23,402500,saturday,H,5,23,4,4,0,0,316500.0,323087.5
Christ College ATM,2011-04-24,153700,sunday,H,6,24,4,4,0,0,323192.85714285716,359300.0
Christ College ATM,2011-04-25,246600,monday,W,0,25,4,4,0,0,318460.71428571426,227025.0
Christ College ATM,2011-04-26,335800,tuesday,W,1,26,4,4,0,0,317853.5714285714,295125.0
Christ College ATM,2011-04-27,370400,wednesday,W,2,27,4,4,0,0,319203.5714285714,301275.0
Christ College ATM,2011-04-28,270500,thursday,W,3,28,4,4,0,1,318160.71428571426,330150.0
Christ College ATM,2011-04-29,270700,friday,W,4,29,4,5,0,1,309457.14285714284,303012.5
Christ College ATM,2011-04-30,274900,saturday,H,5,30,4,5,0,1,307103.5714285714,303937.5
Christ College ATM,2011-05-01,200300,sunday,H,6,1,5,1,1,0,306739.28571428574,320875.0
Christ College ATM,2011-05-02,436200,monday,W,0,2,5,1,1,0,302000.0,210387.5
Christ College ATM,2011-05-03,365300,tuesday,W,1,3,5,1,1,0,307021.4285714286,320675.0
Christ College ATM,2011-05-04,237600,wednesday,W,2,4,5,1,0,0,304942.85714285716,306562.5
Christ College ATM,2011-05-05,336000,thursday,W,3,5,5,1,0,0,299546.4285714286,303512.5
Christ College ATM,2011-05-06,408100,friday,W,4,6,5,1,0,0,297667.85714285716,296875.0
Christ College ATM,2011-05-07,282700,saturday,H,5,7,5,1,0,0,298921.4285714286,315837.5
Christ College ATM,2011-05-08,130900,sunday,H,6,8,5,2,0,0,291746.4285714286,323425.0
Christ College ATM,2011-05-09,258200,monday,W,0,9,5,2,0,0,288642.85714285716,207600.0
Christ College ATM,2011-05-10,260700,tuesday,W,1,10,5,2,0,0,287742.85714285716,317550.0
Christ College ATM,2011-05-11,287700,wednesday,W,2,11,5,2,0,0,285525.0,316162.5
Christ College ATM,2011-05-12,201200,thursday,W,3,12,5,2,0,0,286203.5714285714,311950.0
Christ College ATM,2011-05-13,141900,friday,W,4,13,5,2,0,0,287782.14285714284,292175.0
Christ College ATM,2011-05-14,302700,saturday,H,5,14,5,2,0,0,276117.85714285716,297325.0
Christ College ATM,2011-05-15,174300,sunday,H,6,15,5,3,0,0,276289.28571428574,318062.5
Christ College ATM,2011-05-16,174000,monday,W,0,16,5,3,0,0,276282.14285714284,208837.5
Christ College ATM,2011-05-17,267500,tuesday,H,1,17,5,3,0,0,265742.85714285716,303337.5
Christ College ATM,2011-05-18,150200,wednesday,W,2,18,5,3,0,0,265546.4285714286,318325.0
Christ College ATM,2011-05-19,224400,thursday,W,3,19,5,3,0,0,259992.85714285713,301075.0
Christ College ATM,2011-05-20,376600,friday,W,4,20,5,3,0,0,262082.14285714287,282225.0
Christ College ATM,2011-05-21,160000,saturday,H,5,21,5,3,0,0,269342.85714285716,318587.5
Christ College ATM,2011-05-22,221000,sunday,H,6,22,5,4,0,0,260682.14285714287,311175.0
Christ College ATM,2011-05-23,201200,monday,W,0,23,5,4,0,0,263085.71428571426,200687.5
Christ College ATM,2011-05-24,274600,tuesday,W,1,24,5,4,0,0,261464.2857142857,295537.5
Christ College ATM,2011-05-25,309200,wednesday,W,2,25,5,4,0,0,259278.57142857142,315400.0
Christ College ATM,2011-05-26,532800,thursday,W,3,26,5,4,0,0,257092.85714285713,289775.0
Christ College ATM,2011-05-27,444700,friday,W,4,27,5,4,0,0,266460.71428571426,284550.0
Christ College ATM,2011-05-28,300400,saturday,H,5,28,5,4,0,0,272675.0,332100.0
Christ College ATM,2011-05-29,170000,sunday,H,6,29,5,5,0,1,273585.71428571426,313087.5
Christ College ATM,2011-05-30,355100,monday,W,0,30,5,5,0,1,272503.5714285714,180312.5
Christ College ATM,2011-05-31,346600,tuesday,W,1,31,5,5,0,1,269607.14285714284,302975.0
Christ College ATM,2011-06-01,261600,wednesday,W,2,1,6,1,1,0,268939.28571428574,305787.5
Christ College ATM,2011-06-02,474600,thursday,W,3,2,6,1,1,0,269796.4285714286,273887.5
Christ College ATM,2011-06-03,423600,friday,W,4,3,6,1,1,0,274746.4285714286,295300.0
Christ College ATM,2011-06-04,554100,saturday,H,5,4,6,1,0,0,275300.0,338425.0
Christ College ATM,2011-06-05,392000,sunday,H,6,5,6,1,0,0,284992.85714285716,321900.0
Christ College ATM,2011-06-06,264200,monday,W,0,6,6,1,0,0,294317.85714285716,202087.5
Christ College ATM,2011-06-07,381700,tuesday,W,1,7,6,1,0,0,294532.14285714284,300575.0
Christ College ATM,2011-06-08,399400,wednesday,W,2,8,6,2,0,0,298853.5714285714,313150.0
Christ College ATM,2011-06-09,182700,thursday,W,3,9,6,2,0,0,302842.85714285716,290225.0
Christ College ATM,2011-06-10,421000,friday,W,4,10,6,2,0,0,302182.14285714284,298512.5
Christ College ATM,2011-06-11,341500,saturday,H,5,11,6,2,0,0,312150.0,332487.5
Christ College ATM,2011-06-12,254700,sunday,H,6,12,6,2,0,0,313535.71428571426,327350.0
Christ College ATM,2011-06-13,406000,monday,W,0,13,6,2,0,0,316407.14285714284,212112.5
Christ College ATM,2011-06-14,657200,tuesday,W,1,14,6,2,0,0,324692.85714285716,292687.5
Christ College ATM,2011-06-15,378600,wednesday,W,2,15,6,3,0,0,338610.71428571426,361175.0
Christ College ATM,2011-06-16,289900,thursday,W,3,16,6,3,0,0,346767.85714285716,299337.5
Christ College ATM,2011-06-17,259300,friday,W,4,17,6,3,0,0,349107.14285714284,314012.5
Christ College ATM,2011-06-18,248600,saturday,H,5,18,6,3,0,0,344917.85714285716,343237.5
Christ College ATM,2011-06-19,292100,sunday,H,6,19,6,3,0,0,348082.14285714284,308112.5
Christ College ATM,2011-06-20,370200,monday,W,0,20,6,3,0,0,350621.4285714286,229412.5
Christ College ATM,2011-06-21,401100,tuesday,W,1,21,6,3,0,0,356657.14285714284,308137.5
Christ College ATM,2011-06-22,351200,wednesday,W,2,22,6,4,0,0,361175.0,369337.5
Christ College ATM,2011-06-23,199500,thursday,W,3,23,6,4,0,0,362675.0,296937.5
Christ College ATM,2011-06-24,285800,friday,W,4,24,6,4,0,0,350771.4285714286,305137.5
Christ College ATM,2011-06-25,299700,saturday,H,5,25,6,4,0,0,345096.4285714286,345125.0
Christ College ATM,2011-06-26,87300,sunday,H,6,26,6,4,0,0,345071.4285714286,311212.5
Christ College ATM,2011-06-27,339400,monday,W,0,27,6,4,0,0,342117.85714285716,215287.5
Christ College ATM,2011-06-28,266300,tuesday,W,1,28,6,4,0,1,341557.14285714284,296037.5
Christ College ATM,2011-06-29,247200,wednesday,W,2,29,6,5,0,1,338689.28571428574,356962.5
Christ College ATM,2011-06-30,332100,thursday,W,3,30,6,5,0,1,338175.0,298137.5
Christ College ATM,2011-07-01,403200,friday,W,4,1,7,1,1,0,333085.71428571426,304650.0
Christ College ATM,2011-07-02,421600,saturday,H,5,2,7,1,1,0,332357.14285714284,344512.5
Christ College ATM,2011-07-03,325000,sunday,H,6,3,7,1,1,0,327625.0,328575.0
Christ College ATM,2011-07-04,442800,monday,W,0,4,7,1,0,0,325232.14285714284,239550.0
Christ College ATM,2011-07-05,296100,tuesday,W,1,5,7,1,0,0,331610.71428571426,319112.5
Christ College ATM,2011-07-06,723200,wednesday,W,2,6,7,1,0,0,328553.5714285714,361387.5
Christ College ATM,2011-07-07,479300,thursday,W,3,7,7,1,0,0,340117.85714285716,352575.0
Christ College ATM,2011-07-08,460500,friday,W,4,8,7,2,0,0,350710.71428571426,339412.5
Christ College ATM,2011-07-09,312100,saturday,H,5,9,7,2,0,0,352121.4285714286,384337.5
Christ College ATM,2011-07-10,224700,sunday,H,6,10,7,2,0,0,351071.4285714286,329750.0
Christ College ATM,2011-07-11,310400,monday,W,0,11,7,2,0,0,350000.0,245850.0
Christ College ATM,2011-07-12,221200,tuesday,W,1,12,7,2,0,0,346585.71428571426,336162.5
Christ College ATM,2011-07-13,219500,wednesday,W,2,13,7,2,0,0,331014.28571428574,355600.0
Christ College ATM,2011-07-14,253000,thursday,W,3,14,7,2,0,0,325332.14285714284,361237.5
Christ College ATM,2011-07-15,228700,friday,W,4,15,7,3,0,0,324014.28571428574,342987.5
Christ College ATM,2011-07-16,305900,saturday,H,5,16,7,3,0,0,322921.4285714286,365850.0
Christ College ATM,2011-07-17,305200,sunday,H,6,17,7,3,0,0,324967.85714285716,347987.5
Christ College ATM,2011-07-18,222500,monday,W,0,18,7,3,0,0,325435.71428571426,256375.0
Christ College ATM,2011-07-19,219300,tuesday,W,1,19,7,3,0,0,320160.71428571426,338825.0
Christ College ATM,2011-07-20,225400,wednesday,W,2,20,7,3,0,0,313667.85714285716,348687.5
Christ College ATM,2011-07-21,395600,thursday,W,3,21,7,3,0,0,309175.0,350762.5
Christ College ATM,2011-07-22,331400,friday,W,4,22,7,4,0,0,316178.5714285714,325837.5
Christ College ATM,2011-07-23,333400,saturday,H,5,23,7,4,0,0,317807.14285714284,351687.5
Christ College ATM,2011-07-24,213000,sunday,H,6,24,7,4,0,0,319010.71428571426,352112.5
Christ College ATM,2011-07-25,238600,monday,W,0,25,7,4,0,0,323500.0,261750.0
Christ College ATM,2011-07-26,116500,tuesday,W,1,26,7,4,0,0,319900.0,324262.5
Christ College ATM,2011-07-27,173200,wednesday,W,2,27,7,4,0,0,314550.0,319925.0
Christ College ATM,2011-07-28,221500,thursday,W,3,28,7,4,0,0,311907.14285714284,339712.5
Christ College ATM,2011-07-29,341200,friday,W,4,29,7,5,0,1,307957.14285714284,294200.0
Christ College ATM,2011-07-30,424900,saturday,H,5,30,7,5,0,1,305742.85714285716,341387.5
Christ College ATM,2011-07-31,228300,sunday,H,6,31,7,5,0,1,305860.71428571426,335962.5
Christ College ATM,2011-08-01,316000,monday,W,0,1,8,1,1,0,302407.14285714284,241287.5
Christ College ATM,2011-08-02,359200,tuesday,W,1,2,8,1,1,0,297878.5714285714,330737.5
Christ College ATM,2011-08-03,184900,wednesday,W,2,3,8,1,1,0,300132.14285714284,317112.5
Christ College ATM,2011-08-04,417700,thursday,W,3,4,8,1,0,0,280907.14285714284,312900.0
Christ College ATM,2011-08-05,328300,friday,W,4,5,8,1,0,0,278707.14285714284,323575.0
Christ College ATM,2011-08-06,564500,saturday,H,5,6,8,1,0,0,273985.71428571426,329800.0
Christ College ATM,2011-08-07,310900,sunday,H,6,7,8,1,0,0,283000.0,363837.5
Christ College ATM,2011-08-08,258100,monday,W,0,8,8,2,0,0,286078.5714285714,248312.5
Christ College ATM,2011-08-09,215300,tuesday,W,1,9,8,2,0,0,284210.71428571426,312250.0
Christ College ATM,2011-08-10,430700,wednesday,W,2,10,8,2,0,0,284000.0,261875.0
Christ College ATM,2011-08-11,424600,thursday,W,3,11,8,2,0,0,291542.85714285716,319412.5
Christ College ATM,2011-08-12,369900,friday,W,4,12,8,2,0,0,297671.4285714286,340412.5
Christ College ATM,2011-08-13,273400,saturday,H,5,13,8,2,0,0,302714.28571428574,343625.0
Christ College ATM,2011-08-14,217700,sunday,H,6,14,8,2,0,0,301553.5714285714,366937.5
Christ College ATM,2011-08-15,95200,monday,H,0,15,8,3,0,0,298428.5714285714,239012.5
Christ College ATM,2011-08-16,294700,tuesday,W,1,16,8,3,0,0,293882.14285714284,277875.0
Christ College ATM,2011-08-17,251600,wednesday,W,2,17,8,3,0,0,296575.0,248575.0
Christ College ATM,2011-08-18,255600,thursday,W,3,18,8,3,0,0,297510.71428571426,306962.5
Christ College ATM,2011-08-19,215600,friday,W,4,19,8,3,0,0,292510.71428571426,347425.0
Christ College ATM,2011-08-20,319300,saturday,H,5,20,8,3,0,0,288375.0,334850.0
Christ College ATM,2011-08-21,220700,sunday,H,6,21,8,3,0,0,287871.4285714286,369387.5
Christ College ATM,2011-08-22,389400,monday,W,0,22,8,4,0,0,288146.4285714286,255687.5
Christ College ATM,2011-08-23,194600,tuesday,W,1,23,8,4,0,0,293532.14285714284,284125.0
Christ College ATM,2011-08-24,204500,wednesday,W,2,24,8,4,0,0,296321.4285714286,239612.5
Christ College ATM,2011-08-25,233300,thursday,W,3,25,8,4,0,0,297439.28571428574,301625.0
Christ College ATM,2011-08-26,286400,friday,W,4,26,8,4,0,0,297860.71428571426,335075.0
Christ College ATM,2011-08-27,341000,saturday,H,5,27,8,4,0,0,295903.5714285714,320250.0
Christ College ATM,2011-08-28,259600,sunday,H,6,28,8,4,0,0,292907.14285714284,359312.5
Christ College ATM,2011-08-29,444000,monday,W,0,29,8,5,0,1,294025.0,247512.5
Christ College ATM,2011-08-30,436400,tuesday,W,1,30,8,5,0,1,298596.4285714286,284275.0
Christ College ATM,2011-08-31,561000,wednesday,H,2,31,8,5,0,1,301353.5714285714,257150.0
Christ College ATM,2011-09-01,170600,thursday,H,3,1,9,1,1,0,314785.71428571426,281350.0
Christ College ATM,2011-09-02,280100,friday,W,4,2,9,1,1,0,305960.71428571426,296487.5
Christ College ATM,2011-09-03,467100,saturday,H,5,3,9,1,1,0,304239.28571428574,297700.0
Christ College ATM,2011-09-04,328700,sunday,H,6,4,9,1,0,0,300760.71428571426,378687.5
Christ College ATM,2011-09-05,542500,monday,W,0,5,9,1,0,0,301396.4285714286,260512.5
Christ College ATM,2011-09-06,476200,tuesday,W,1,6,9,1,0,0,311553.5714285714,313287.5
Christ College ATM,2011-09-07,359700,wednesday,W,2,7,9,1,0,0,320871.4285714286,289025.0
Christ College ATM,2011-09-08,345200,thursday,W,3,8,9,2,0,0,318335.71428571426,298875.0
Christ College ATM,2011-09-09,369400,friday,W,4,9,9,2,0,0,315500.0,308012.5
Christ College ATM,2011-09-10,393600,saturday,H,5,10,9,2,0,0,315482.14285714284,315287.5
Christ College ATM,2011-09-11,141100,sunday,H,6,11,9,2,0,0,319775.0,389650.0
Christ College ATM,2011-09-12,154400,monday,W,0,12,9,2,0,0,317039.28571428574,240000.0
Christ College ATM,2011-09-13,247800,tuesday,W,1,13,9,2,0,0,319153.5714285714,304775.0
Christ College ATM,2011-09-14,296200,wednesday,W,2,14,9,2,0,0,317478.5714285714,292587.5
Christ College ATM,2011-09-15,326900,thursday,W,3,15,9,3,0,0,319071.4285714286,307725.0
Christ College ATM,2011-09-16,370100,friday,W,4,16,9,3,0,0,321617.85714285716,299425.0
Christ College ATM,2011-09-17,257500,saturday,H,5,17,9,3,0,0,327135.71428571426,320125.0
Christ College ATM,2011-09-18,196500,sunday,H,6,18,9,3,0,0,324928.5714285714,380162.5
Christ College ATM,2011-09-19,214300,monday,W,0,19,9,3,0,0,324064.28571428574,237937.5
Christ College ATM,2011-09-20,293200,tuesday,W,1,20,9,3,0,0,317810.71428571426,301737.5
Christ College ATM,2011-09-21,282200,wednesday,W,2,21,9,3,0,0,321332.14285714284,314675.0
Christ College ATM,2011-09-22,257700,thursday,W,3,22,9,4,0,0,324107.14285714284,321350.0
Christ College ATM,2011-09-23,323300,friday,W,4,23,9,4,0,0,324978.5714285714,303950.0
Christ College ATM,2011-09-24,304900,saturday,H,5,24,9,4,0,0,326296.4285714286,317887.5
Christ College ATM,2011-09-25,168800,sunday,H,6,25,9,4,0,0,325007.14285714284,365162.5
Christ College ATM,2011-09-26,186600,monday,W,0,26,9,4,0,0,321764.28571428574,230500.0
Christ College ATM,2011-09-27,174500,tuesday,W,1,27,9,4,0,0,312571.4285714286,285562.5
Christ College ATM,2011-09-28,233600,wednesday,W,2,28,9,4,0,1,303217.85714285716,291587.5
Christ College ATM,2011-09-29,438400,thursday,W,3,29,9,5,0,1,291525.0,327437.5
Christ College ATM,2011-09-30,275100,friday,W,4,30,9,5,0,1,301089.28571428574,306537.5
Christ College ATM,2011-10-01,376100,saturday,H,5,1,10,1,1,0,300910.71428571426,311237.5
Christ College ATM,2011-10-02,263000,sunday,H,6,2,10,1,1,0,297660.71428571426,341612.5
Christ College ATM,2011-10-03,178100,monday,W,0,3,10,1,1,0,295314.28571428574,224512.5
Christ College ATM,2011-10-04,265500,tuesday,W,1,4,10,1,0,0,282300.0,275562.5
Christ College ATM,2011-10-05,123600,wednesday,H,2,5,10,1,0,0,274775.0,297862.5
Christ College ATM,2011-10-06,356100,thursday,H,3,6,10,1,0,0,266342.85714285716,289050.0
Christ College ATM,2011-10-07,360000,friday,W,4,7,10,1,0,0,266732.14285714284,297975.0
Christ College ATM,2011-10-08,582300,saturday,H,5,8,10,2,0,0,266396.4285714286,310000.0
Christ College ATM,2011-10-09,191800,sunday,H,6,9,10,2,0,0,273135.71428571426,380225.0
Christ College ATM,2011-10-10,590500,monday,W,0,10,10,2,0,0,274946.4285714286,221275.0
Christ College ATM,2011-10-11,423700,tuesday,W,1,11,10,2,0,0,290521.4285714286,337475.0
Christ College ATM,2011-10-12,474500,wednesday,W,2,12,10,2,0,0,296803.5714285714,313987.5
Christ College ATM,2011-10-13,297200,thursday,W,3,13,10,2,0,0,303171.4285714286,316912.5
Christ College ATM,2011-10-14,234600,friday,W,4,14,10,2,0,0,302110.71428571426,303175.0
Christ College ATM,2011-10-15,436600,saturday,H,5,15,10,3,0,0,297271.4285714286,312375.0
Christ College ATM,2011-10-16,206600,sunday,H,6,16,10,3,0,0,303667.85714285716,394887.5
Christ College ATM,2011-10-17,130300,monday,W,0,17,10,3,0,0,304028.5714285714,219512.5
Christ College ATM,2011-10-18,473900,tuesday,W,1,18,10,3,0,0,301028.5714285714,305087.5
Christ College ATM,2011-10-19,298800,wednesday,W,2,19,10,3,0,0,307482.14285714284,348900.0
Christ College ATM,2011-10-20,681500,thursday,W,3,20,10,3,0,0,308075.0,328700.0
Christ College ATM,2011-10-21,433800,friday,W,4,21,10,3,0,0,323210.71428571426,359200.0
Christ College ATM,2011-10-22,781500,saturday,H,5,22,10,4,0,0,327157.14285714284,330800.0
Christ College ATM,2011-10-23,380700,sunday,H,6,23,10,4,0,0,344178.5714285714,449950.0
Christ College ATM,2011-10-24,490400,monday,W,0,24,10,4,0,0,351746.4285714286,234650.0
Christ College ATM,2011-10-25,424600,tuesday,W,1,25,10,4,0,0,362596.4285714286,310887.5
Christ College ATM,2011-10-26,59900,wednesday,H,2,26,10,4,0,0,371528.5714285714,347425.0
Christ College ATM,2011-10-27,216400,thursday,W,3,27,10,4,0,0,365325.0,266062.5
Christ College ATM,2011-10-28,189000,friday,W,4,28,10,4,0,0,357396.4285714286,364925.0
Christ College ATM,2011-10-29,237900,saturday,H,5,29,10,5,0,1,354321.4285714286,319412.5
Christ College ATM,2011-10-30,105500,sunday,H,6,30,10,5,0,1,349385.71428571426,421300.0
Christ College ATM,2011-10-31,263900,monday,W,0,31,10,5,0,1,343760.71428571426,206750.0
Christ College ATM,2011-11-01,397000,tuesday,W,1,1,11,1,1,0,346825.0,276062.5
Christ College ATM,2011-11-02,417400,wednesday,W,2,2,11,1,1,0,351521.4285714286,337525.0
Christ College ATM,2011-11-03,473000,thursday,W,3,3,11,1,1,0,362014.28571428574,273275.0
Christ College ATM,2011-11-04,463400,friday,W,4,4,11,1,0,0,366189.28571428574,380900.0
Christ College ATM,2011-11-05,484500,saturday,H,5,5,11,1,0,0,369882.14285714284,331162.5
Christ College ATM,2011-11-06,326100,sunday,H,6,6,11,1,0,0,366389.28571428574,432662.5
Christ College ATM,2011-11-07,161400,monday,H,0,7,11,1,0,0,371185.71428571426,229875.0
Christ College ATM,2011-11-08,442500,tuesday,W,1,8,11,2,0,0,355860.71428571426,276937.5
Christ College ATM,2011-11-09,412700,wednesday,W,2,9,11,2,0,0,356532.14285714284,361862.5
Christ College ATM,2011-11-10,319000,thursday,W,3,10,11,2,0,0,354325.0,287837.5
Christ College ATM,2011-11-11,412300,friday,W,4,11,11,2,0,0,355103.5714285714,379912.5
Christ College ATM,2011-11-12,351100,saturday,H,5,12,11,2,0,0,361450.0,336437.5
Christ College ATM,2011-11-13,218200,sunday,H,6,13,11,2,0,0,358396.4285714286,444362.5
Christ College ATM,2011-11-14,359900,monday,W,0,14,11,2,0,0,358810.71428571426,232587.5
Christ College ATM,2011-11-15,421300,tuesday,W,1,15,11,3,0,0,367010.71428571426,295137.5
Christ College ATM,2011-11-16,243700,wednesday,W,2,16,11,3,0,0,365132.14285714284,377875.0
Christ College ATM,2011-11-17,355800,thursday,W,3,17,11,3,0,0,363164.28571428574,283025.0
Christ College ATM,2011-11-18,204700,friday,W,4,18,11,3,0,0,351532.14285714284,392175.0
Christ College ATM,2011-11-19,346900,saturday,H,5,19,11,3,0,0,343350.0,321612.5
Christ College ATM,2011-11-20,153700,sunday,H,6,20,11,3,0,0,327828.5714285714,449612.5
Christ College ATM,2011-11-21,225500,monday,W,0,21,11,3,0,0,319721.4285714286,230700.0
Christ College ATM,2011-11-22,351500,tuesday,W,1,22,11,4,0,0,310260.71428571426,300000.0
Christ College ATM,2011-11-23,247800,wednesday,W,2,23,11,4,0,0,307650.0,400000.0
Christ College ATM,2011-11-24,268100,thursday,W,3,24,11,4,0,0,314360.71428571426,284800.0
Christ College ATM,2011-11-25,240300,friday,W,4,25,11,4,0,0,316207.14285714284,370887.5
Christ College ATM,2011-11-26,283300,saturday,H,5,26,11,4,0,0,318039.28571428574,317262.5
Christ College ATM,2011-11-27,123000,sunday,H,6,27,11,4,0,0,319660.71428571426,438012.5
Christ College ATM,2011-11-28,298300,monday,W,0,28,11,4,0,1,320285.71428571426,213200.0
Christ College ATM,2011-11-29,458900,tuesday,W,1,29,11,5,0,1,321514.28571428574,315025.0
Christ College ATM,2011-11-30,340400,wednesday,W,2,30,11,5,0,1,323725.0,424175.0
Christ College ATM,2011-12-01,411900,thursday,W,3,1,12,1,1,0,320975.0,311900.0
Christ College ATM,2011-12-02,365500,friday,W,4,2,12,1,1,0,318792.85714285716,377862.5
Christ College ATM,2011-12-03,527700,saturday,H,5,3,12,1,1,0,315296.4285714286,317950.0
Christ College ATM,2011-12-04,294800,sunday,H,6,4,12,1,0,0,316839.28571428574,431187.5
Christ College ATM,2011-12-05,429600,monday,W,0,5,12,1,0,0,315721.4285714286,226075.0
Christ College ATM,2011-12-06,420800,tuesday,H,1,6,12,1,0,0,325300.0,294912.5
Christ College ATM,2011-12-07,493300,wednesday,W,2,7,12,1,0,0,324525.0,423812.5
Christ College ATM,2011-12-08,356500,thursday,W,3,8,12,2,0,0,327403.5714285714,314250.0
Christ College ATM,2011-12-09,414700,friday,W,4,9,12,2,0,0,328742.85714285716,385275.0
Christ College ATM,2011-12-10,384600,saturday,H,5,10,12,2,0,0,328828.5714285714,340462.5
Christ College ATM,2011-12-11,131400,sunday,H,6,11,12,2,0,0,330025.0,424687.5
Christ College ATM,2011-12-12,329000,monday,W,0,12,12,2,0,0,326925.0,216675.0
Christ College ATM,2011-12-13,398600,tuesday,W,1,13,12,2,0,0,325821.4285714286,319750.0
Christ College ATM,2011-12-14,281900,wednesday,W,2,14,12,2,0,0,325010.71428571426,414400.0
Christ College ATM,2011-12-15,319100,thursday,W,3,15,12,3,0,0,326375.0,312137.5
Christ College ATM,2011-12-16,279600,friday,W,4,16,12,3,0,0,325064.28571428574,339975.0
Christ College ATM,2011-12-17,279300,saturday,H,5,17,12,3,0,0,327739.28571428574,321187.5
Christ College ATM,2011-12-18,184300,sunday,H,6,18,12,3,0,0,325325.0,361912.5
Christ College ATM,2011-12-19,183500,monday,W,0,19,12,3,0,0,326417.85714285716,192125.0
Christ College ATM,2011-12-20,178600,tuesday,W,1,20,12,3,0,0,324917.85714285716,281387.5
Christ College ATM,2011-12-21,343100,wednesday,W,2,21,12,3,0,0,318742.85714285716,383650.0
Christ College ATM,2011-12-22,142900,thursday,W,3,22,12,4,0,0,322146.4285714286,347537.5
Christ College ATM,2011-12-23,321100,friday,W,4,23,12,4,0,0,317675.0,330787.5
Christ College ATM,2011-12-24,356700,saturday,H,5,24,12,4,0,0,320560.71428571426,337700.0
Christ College ATM,2011-12-25,254600,sunday,H,6,25,12,4,0,0,323182.14285714284,376762.5
Christ College ATM,2011-12-26,355800,monday,W,0,26,12,4,0,0,327882.14285714284,210762.5
Christ College ATM,2011-12-27,232500,tuesday,W,1,27,12,4,0,0,329935.71428571426,292875.0
Christ College ATM,2011-12-28,279900,wednesday,W,2,28,12,4,0,0,321850.0,363087.5
Christ College ATM,2011-12-29,334300,thursday,W,3,29,12,5,0,1,319689.28571428574,330350.0
Christ College ATM,2011-12-30,336200,friday,W,4,30,12,5,0,1,316917.85714285716,313450.0
Christ College ATM,2011-12-31,549000,saturday,H,5,31,12,5,0,1,315871.4285714286,321800.0
Christ College ATM,2012-01-01,356200,sunday,H,6,1,1,1,1,0,316632.14285714284,384825.0
Christ College ATM,2012-01-02,559700,sunday,H,0,2,1,1,1,0,318825.0,214525.0
Christ College ATM,2012-01-03,557100,sunday,H,1,3,1,1,1,0,323471.4285714286,342662.5
Christ College ATM,2012-01-04,430500,sunday,H,2,4,1,1,0,0,328339.28571428574,377412.5
Christ College ATM,2012-01-05,408000,sunday,H,3,5,1,1,0,0,326096.4285714286,332575.0
Christ College ATM,2012-01-06,592900,sunday,H,4,6,1,1,0,0,327935.71428571426,324575.0
Christ College ATM,2012-01-07,656600,saturday,H,5,7,1,1,0,0,334300.0,344375.0
Christ College ATM,2012-01-08,317000,sunday,H,6,8,1,2,0,0,344014.28571428574,423012.5
Christ College ATM,2012-01-09,569900,sunday,H,0,9,1,2,0,0,350642.85714285716,226875.0
Christ College ATM,2012-01-10,593300,sunday,H,1,10,1,2,0,0,359246.4285714286,368912.5
Christ College ATM,2012-01-11,412400,sunday,H,2,11,1,2,0,0,366200.0,398912.5
Christ College ATM,2012-01-12,524500,sunday,H,3,12,1,2,0,0,370860.71428571426,353662.5
Christ College ATM,2012-01-13,538100,sunday,H,4,13,1,2,0,0,378196.4285714286,345662.5
Christ College ATM,2012-01-14,623900,saturday,H,5,14,1,2,0,0,387428.5714285714,386050.0
Christ College ATM,2012-01-15,225700,sunday,H,6,15,1,3,0,0,399735.71428571426,457637.5
Christ College ATM,2012-01-16,114700,monday,H,0,16,1,3,0,0,401214.28571428574,235875.0
Christ College ATM,2012-01-17,194800,tuesday,H,1,17,1,3,0,0,398757.14285714284,355062.5
Christ College ATM,2012-01-18,537600,tuesday,H,2,18,1,3,0,0,399335.71428571426,379325.0
Christ College ATM,2012-01-19,402700,tuesday,H,3,19,1,3,0,0,406282.14285714284,389887.5
Christ College ATM,2012-01-20,392300,tuesday,H,4,20,1,3,0,0,415560.71428571426,362487.5
Christ College ATM,2012-01-21,481500,saturday,H,5,21,1,3,0,0,418103.5714285714,405050.0
Christ College ATM,2012-01-22,440500,sunday,H,6,22,1,4,0,0,422560.71428571426,482412.5
Christ College ATM,2012-01-23,321500,sunday,H,0,23,1,4,0,0,429200.0,275562.5
Christ College ATM,2012-01-24,341200,sunday,H,1,24,1,4,0,0,427975.0,357962.5
Christ College ATM,2012-01-25,370800,sunday,H,2,25,1,4,0,0,431857.14285714284,364612.5
Christ College ATM,2012-01-26,308700,thursday,H,3,26,1,4,0,0,435103.5714285714,393687.5
Christ College ATM,2012-01-27,484300,thursday,H,4,27,1,4,0,0,434189.28571428574,349587.5
Christ College ATM,2012-01-28,477400,saturday,H,5,28,1,4,0,0,439478.5714285714,419900.0
Christ College ATM,2012-01-29,429300,sunday,H,6,29,1,5,0,1,436921.4285714286,476125.0
Christ College ATM,2012-01-30,469200,sunday,H,0,30,1,5,0,1,439532.14285714284,292375.0
Christ College ATM,2012-01-31,376100,sunday,H,1,31,1,5,0,1,436300.0,362912.5
Christ College ATM,2012-02-01,499600,sunday,H,2,1,2,1,1,0,429835.71428571426,359025.0
Christ College ATM,2012-02-02,397300,sunday,H,3,2,2,1,1,0,432303.5714285714,394475.0
Christ College ATM,2012-02-03,547200,sunday,H,4,3,2,1,1,0,431921.4285714286,354687.5
Christ College ATM,2012-02-04,632400,saturday,H,5,4,2,1,0,0,430289.28571428574,436462.5
Christ College ATM,2012-02-05,279600,sunday,H,6,5,2,1,0,0,429425.0,507100.0
Christ College ATM,2012-02-06,511300,sunday,H,0,6,2,1,0,0,428089.28571428574,310900.0
Christ College ATM,2012-02-07,591400,sunday,H,1,7,2,1,0,0,425996.4285714286,385700.0
Christ College ATM,2012-02-08,594600,sunday,H,2,8,2,2,0,0,425928.5714285714,383125.0
Christ College ATM,2012-02-09,428300,sunday,H,3,9,2,2,0,0,432435.71428571426,433562.5
Christ College ATM,2012-02-10,694700,sunday,H,4,10,2,2,0,0,429000.0,368337.5
Christ College ATM,2012-02-11,482100,saturday,H,5,11,2,2,0,0,434592.85714285716,488350.0
Christ College ATM,2012-02-12,258900,sunday,H,6,12,2,2,0,0,429528.5714285714,532450.0
Christ College ATM,2012-02-13,581400,sunday,H,0,13,2,2,0,0,430714.28571428574,320225.0
Christ College ATM,2012-02-14,263500,sunday,H,1,14,2,2,0,0,447382.14285714284,435437.5
Christ College ATM,2012-02-15,362200,sunday,H,2,15,2,3,0,0,449835.71428571426,393737.5
Christ College ATM,2012-02-16,212600,sunday,H,3,16,2,3,0,0,443571.4285714286,435950.0
Christ College ATM,2012-02-17,358600,sunday,H,4,17,2,3,0,0,436782.14285714284,377050.0
Christ College ATM,2012-02-18,399600,saturday,H,5,18,2,3,0,0,435578.5714285714,493037.5
Christ College ATM,2012-02-19,225200,sunday,H,6,19,2,3,0,0,432653.5714285714,537812.5
Christ College ATM,2012-02-20,503400,sunday,H,0,20,2,3,0,0,424964.28571428574,316550.0
Christ College ATM,2012-02-21,345900,sunday,H,1,21,2,3,0,0,431460.71428571426,453887.5
Christ College ATM,2012-02-22,506800,sunday,H,2,22,2,4,0,0,431628.5714285714,407912.5
Christ College ATM,2012-02-23,613900,sunday,H,3,23,2,4,0,0,436485.71428571426,464312.5
Christ College ATM,2012-02-24,362000,sunday,H,4,24,2,4,0,0,447385.71428571426,412000.0
Christ College ATM,2012-02-25,456000,saturday,H,5,25,2,4,0,0,443017.85714285716,496262.5
Christ College ATM,2012-02-26,179400,sunday,H,6,26,2,4,0,0,442253.5714285714,526187.5
Christ College ATM,2012-02-27,360300,sunday,H,0,27,2,4,0,1,433328.5714285714,294450.0
Christ College ATM,2012-02-28,298700,sunday,H,1,28,2,4,0,1,429439.28571428574,428962.5
Christ College ATM,2012-02-29,367000,sunday,H,2,29,2,5,0,1,426675.0,375612.5
Christ College ATM,2012-03-01,386800,sunday,H,3,1,3,1,1,0,421939.28571428574,456375.0
Christ College ATM,2012-03-02,483200,sunday,H,4,2,3,1,1,0,421564.28571428574,409350.0
Christ College ATM,2012-03-03,428900,saturday,H,5,3,3,1,1,0,419278.5714285714,482550.0
Christ College ATM,2012-03-04,315500,sunday,H,6,4,3,1,0,0,412010.71428571426,497725.0
Christ College ATM,2012-03-05,928400,sunday,H,0,5,3,1,0,0,413292.85714285716,294262.5
Christ College ATM,2012-03-06,501000,sunday,H,1,6,3,1,0,0,428189.28571428574,473775.0
Christ College ATM,2012-03-07,600100,sunday,H,2,7,3,1,0,0,424960.71428571426,364075.0
Christ College ATM,2012-03-08,457000,sunday,H,3,8,3,2,0,0,425157.14285714284,479837.5
Christ College ATM,2012-03-09,362800,sunday,H,4,9,3,2,0,0,426182.14285714284,400912.5
Christ College ATM,2012-03-10,461200,saturday,H,5,10,3,2,0,0,414328.5714285714,460637.5
Christ College ATM,2012-03-11,235000,sunday,H,6,11,3,2,0,0,413582.14285714284,477387.5
Christ College ATM,2012-03-12,420500,sunday,H,0,12,3,2,0,0,412728.5714285714,295425.0
Christ College ATM,2012-03-13,452200,sunday,H,1,13,3,2,0,0,406982.14285714284,512000.0
Christ College ATM,2012-03-14,401300,sunday,H,2,14,3,2,0,0,413721.4285714286,396250.0
Christ College ATM,2012-03-15,451600,sunday,H,3,15,3,3,0,0,415117.85714285716,462800.0
Christ College ATM,2012-03-16,408700,sunday,H,4,16,3,3,0,0,423653.5714285714,407025.0
Christ College ATM,2012-03-17,588800,saturday,H,5,17,3,3,0,0,425442.85714285716,462687.5
Christ College ATM,2012-03-18,271300,sunday,H,6,18,3,3,0,0,432200.0,490800.0
Christ College ATM,2012-03-19,652400,sunday,H,0,19,3,3,0,0,433846.4285714286,274275.0
Christ College ATM,2012-03-20,449000,sunday,H,1,20,3,3,0,0,439167.85714285716,553362.5
Christ College ATM,2012-03-21,557800,sunday,H,2,21,3,3,0,0,442850.0,409725.0
Christ College ATM,2012-03-22,495600,sunday,H,3,22,3,4,0,0,444671.4285714286,486175.0
Christ College ATM,2012-03-23,368200,friday,H,4,23,3,4,0,0,440446.4285714286,430387.5
Christ College ATM,2012-03-24,451800,saturday,H,5,24,3,4,0,0,440667.85714285716,448175.0
Christ College ATM,2012-03-25,317600,sunday,H,6,25,3,4,0,0,440517.85714285716,487600.0
Christ College ATM,2012-03-26,614400,sunday,H,0,26,3,4,0,0,445453.5714285714,260312.5
Christ College ATM,2012-03-27,387500,sunday,H,1,27,3,4,0,0,454528.5714285714,571512.5
Christ College ATM,2012-03-28,441500,sunday,H,2,28,3,4,0,0,457700.0,411150.0
Christ College ATM,2012-03-29,378500,sunday,H,3,29,3,5,0,1,460360.71428571426,478912.5
Christ College ATM,2012-03-30,459000,sunday,H,4,30,3,5,0,1,460064.28571428574,428037.5
Christ College ATM,2012-03-31,505000,saturday,H,5,31,3,5,0,1,459200.0,437150.0
Christ College ATM,2012-04-01,511100,sunday,H,6,1,4,1,1,0,461917.85714285716,471675.0
Christ College ATM,2012-04-02,358300,sunday,H,0,2,4,1,1,0,468903.5714285714,289250.0
Christ College ATM,2012-04-03,647100,sunday,H,1,3,4,1,1,0,448542.85714285716,552387.5
Christ College ATM,2012-04-04,500000,sunday,H,2,4,4,1,0,0,453760.71428571426,418112.5
Christ College ATM,2012-04-05,273700,thursday,H,3,5,4,1,0,0,450185.71428571426,467087.5
Christ College ATM,2012-04-06,216200,friday,H,4,6,4,1,0,0,443639.28571428574,408712.5
Christ College ATM,2012-04-07,447700,saturday,H,5,7,4,1,0,0,438403.5714285714,377337.5
Christ College ATM,2012-04-08,457200,sunday,H,6,8,4,2,0,0,437921.4285714286,467375.0
Christ College ATM,2012-04-09,494100,sunday,H,0,9,4,2,0,0,445857.14285714284,314037.5
Christ College ATM,2012-04-10,444200,sunday,H,1,10,4,2,0,0,448485.71428571426,541475.0
Christ College ATM,2012-04-11,412400,sunday,H,2,11,4,2,0,0,448200.0,440700.0
Christ College ATM,2012-04-12,291500,sunday,H,3,12,4,2,0,0,448596.4285714286,473362.5
Christ College ATM,2012-04-13,431900,friday,H,4,13,4,2,0,0,442878.5714285714,418575.0
Christ College ATM,2012-04-14,424500,saturday,H,5,14,4,2,0,0,443707.14285714284,386500.0
Christ College ATM,2012-04-15,324000,sunday,H,6,15,4,3,0,0,437839.28571428574,470487.5
Christ College ATM,2012-04-16,177500,sunday,H,0,16,4,3,0,0,439721.4285714286,326387.5
Christ College ATM,2012-04-17,177300,sunday,H,1,17,4,3,0,0,422760.71428571426,500737.5
Christ College ATM,2012-04-18,177500,sunday,H,2,18,4,3,0,0,413057.14285714284,419625.0
Christ College ATM,2012-04-19,540800,sunday,H,3,19,4,3,0,0,399475.0,432200.0
Christ College ATM,2012-04-20,531200,sunday,H,4,20,4,3,0,0,401089.28571428574,409437.5
Christ College ATM,2012-04-21,587100,saturday,H,5,21,4,3,0,0,406910.71428571426,407650.0
Christ College ATM,2012-04-22,227100,sunday,H,6,22,4,4,0,0,411742.85714285716,486875.0
Christ College ATM,2012-04-23,122200,sunday,H,0,23,4,4,0,0,408510.71428571426,332350.0
Christ College ATM,2012-04-24,42700,sunday,H,1,24,4,4,0,0,390932.14285714284,470975.0
Christ College ATM,2012-04-25,36100,sunday,H,2,25,4,4,0,0,378617.85714285716,387625.0
Christ College ATM,2012-04-26,266600,sunday,H,3,26,4,4,0,0,364139.28571428574,390837.5
Christ College ATM,2012-04-27,337000,sunday,H,4,27,4,4,0,0,360142.85714285716,394412.5
Christ College ATM,2012-04-28,408400,saturday,H,5,28,4,4,0,1,355785.71428571426,389375.0
Christ College ATM,2012-04-29,95700,sunday,H,6,29,4,5,0,1,352335.71428571426,484312.5
Christ College ATM,2012-04-30,255600,sunday,H,0,30,4,5,0,1,337500.0,304875.0
Christ College ATM,2012-05-01,252900,tuesday,H,1,1,5,1,1,0,333832.14285714284,386875.0
Christ College ATM,2012-05-02,428300,tuesday,H,2,2,5,1,1,0,319753.5714285714,356612.5
Christ College ATM,2012-05-03,344800,tuesday,H,3,3,5,1,1,0,317192.85714285716,369362.5
Christ College ATM,2012-05-04,345400,tuesday,H,4,4,5,1,0,0,319732.14285714284,380387.5
Christ College ATM,2012-05-05,394700,saturday,H,5,5,5,1,0,0,324346.4285714286,387200.0
Christ College ATM,2012-05-06,219200,sunday,H,6,6,5,1,0,0,322453.5714285714,476000.0
Christ College ATM,2012-05-07,536000,sunday,H,0,7,5,1,0,0,313953.5714285714,302900.0
Christ College ATM,2012-05-08,489900,sunday,H,1,8,5,2,0,0,315450.0,401312.5
Christ College ATM,2012-05-09,396700,sunday,H,2,9,5,2,0,0,317082.14285714284,361325.0
Christ College ATM,2012-05-10,230800,sunday,H,3,10,5,2,0,0,316521.4285714286,368787.5
Christ College ATM,2012-05-11,310000,sunday,H,4,11,5,2,0,0,314353.5714285714,352787.5
Christ College ATM,2012-05-12,454900,saturday,H,5,12,5,2,0,0,310000.0,374862.5
Christ College ATM,2012-05-13,200500,sunday,H,6,13,5,2,0,0,311085.71428571426,459262.5
Christ College ATM,2012-05-14,394600,sunday,H,0,14,5,2,0,0,306675.0,294050.0
Christ College ATM,2012-05-15,567300,sunday,H,1,15,5,3,0,0,314428.5714285714,369087.5
Christ College ATM,2012-05-16,215600,sunday,H,2,16,5,3,0,0,328357.14285714284,376112.5
Christ College ATM,2012-05-17,259200,sunday,H,3,17,5,3,0,0,329717.85714285716,326012.5
Christ College ATM,2012-05-18,358200,sunday,H,4,18,5,3,0,0,319660.71428571426,323237.5
Christ College ATM,2012-05-19,384000,sunday,H,5,19,5,3,0,0,313482.14285714284,373612.5
Christ College ATM,2012-05-20,73600,sunday,H,6,20,5,3,0,0,306228.5714285714,450787.5
Christ College ATM,2012-05-21,257700,monday,H,0,21,5,3,0,0,300746.4285714286,263550.0
Christ College ATM,2012-05-22,214600,monday,H,1,22,5,4,0,0,305585.71428571426,324500.0
Christ College ATM,2012-05-23,206800,monday,H,2,23,5,4,0,0,311725.0,354500.0
Christ College ATM,2012-05-24,306400,monday,H,3,24,5,4,0,0,317821.4285714286,296675.0
Christ College ATM,2012-05-25,392200,monday,H,4,25,5,4,0,0,319242.85714285716,314225.0
Christ College ATM,2012-05-26,408100,saturday,H,5,26,5,4,0,0,321214.28571428574,365262.5
Christ College ATM,2012-05-27,249300,sunday,H,6,27,5,4,0,0,321203.5714285714,438675.0
Christ College ATM,2012-05-28,276100,sunday,H,0,28,5,4,0,0,326689.28571428574,230825.0
Christ College ATM,2012-05-29,391500,sunday,H,1,29,5,5,0,1,327421.4285714286,314225.0
Christ College ATM,2012-05-30,466500,sunday,H,2,30,5,5,0,1,332371.4285714286,322550.0
Christ College ATM,2012-05-31,339500,sunday,H,3,31,5,5,0,1,333735.71428571426,292487.5
Christ College ATM,2012-06-01,306000,sunday,H,4,1,6,1,1,0,333546.4285714286,322450.0
Christ College ATM,2012-06-02,440200,saturday,H,5,2,6,1,1,0,332139.28571428574,376487.5
Christ College ATM,2012-06-03,107700,sunday,H,6,3,6,1,1,0,333764.28571428574,437737.5
Christ College ATM,2012-06-04,81900,sunday,H,0,4,6,1,0,0,329782.14285714284,187137.5
Christ College ATM,2012-06-05,384100,sunday,H,1,5,6,1,0,0,313564.28571428574,262700.0
Christ College ATM,2012-06-06,388300,sunday,H,2,6,6,1,0,0,309785.71428571426,315037.5
Christ College ATM,2012-06-07,901400,sunday,H,3,7,6,1,0,0,309485.71428571426,289475.0
Christ College ATM,2012-06-08,154900,sunday,H,4,8,6,2,0,0,333435.71428571426,398687.5
Christ College ATM,2012-06-09,228600,saturday,H,5,9,6,2,0,0,327896.4285714286,341862.5
Christ College ATM,2012-06-10,175400,sunday,H,6,10,6,2,0,0,319814.28571428574,413250.0
Christ College ATM,2012-06-11,95900,sunday,H,0,11,6,2,0,0,318917.85714285716,168562.5
Christ College ATM,2012-06-12,468000,sunday,H,1,12,6,2,0,0,308250.0,252500.0
Christ College ATM,2012-06-13,141900,sunday,H,2,13,6,2,0,0,304703.5714285714,351375.0
Christ College ATM,2012-06-14,637000,sunday,H,3,14,6,2,0,0,302071.4285714286,285025.0
Christ College ATM,2012-06-15,426500,sunday,H,4,15,6,3,0,0,315564.28571428574,410712.5
Christ College ATM,2012-06-16,268800,saturday,H,5,16,6,3,0,0,318003.5714285714,328775.0
Christ College ATM,2012-06-17,288200,sunday,H,6,17,6,3,0,0,313889.28571428574,373462.5
Christ College ATM,2012-06-18,531400,sunday,H,0,18,6,3,0,0,321553.5714285714,176200.0
Christ College ATM,2012-06-19,425300,sunday,H,1,19,6,3,0,0,331328.5714285714,303650.0
Christ College ATM,2012-06-20,223700,sunday,H,2,20,6,3,0,0,338853.5714285714,399200.0
Christ College ATM,2012-06-21,435700,sunday,H,3,21,6,3,0,0,339457.14285714284,308475.0
Christ College ATM,2012-06-22,196400,sunday,H,4,22,6,4,0,0,344075.0,431850.0
Christ College ATM,2012-06-23,520400,saturday,H,5,23,6,4,0,0,337082.14285714284,311200.0
Christ College ATM,2012-06-24,247400,sunday,H,6,24,6,4,0,0,341092.85714285716,387462.5
Christ College ATM,2012-06-25,263700,sunday,H,0,25,6,4,0,0,341025.0,195162.5
Christ College ATM,2012-06-26,239700,sunday,H,1,26,6,4,0,0,340582.14285714284,304662.5
Christ College ATM,2012-06-27,326500,sunday,H,2,27,6,4,0,0,335160.71428571426,397550.0
Christ College ATM,2012-06-28,364500,sunday,H,3,28,6,4,0,1,330160.71428571426,295750.0
Christ College ATM,2012-06-29,199100,sunday,H,4,29,6,5,0,1,331053.5714285714,434312.5
Christ College ATM,2012-06-30,448000,saturday,H,5,30,6,5,0,1,327235.71428571426,292912.5
Christ College ATM,2012-07-01,446800,sunday,H,6,1,7,1,1,0,327514.28571428574,394125.0
Christ College ATM,2012-07-02,554000,sunday,H,0,2,7,1,1,0,339625.0,223612.5
Christ College ATM,2012-07-03,649700,sunday,H,1,3,7,1,1,0,356485.71428571426,306912.5
Christ College ATM,2012-07-04,491000,sunday,H,2,4,7,1,0,0,365971.4285714286,417525.0
Christ College ATM,2012-07-05,504000,sunday,H,3,5,7,1,0,0,369639.28571428574,307537.5
Christ College ATM,2012-07-06,505300,sunday,H,4,6,7,1,0,0,355446.4285714286,468462.5
Christ College ATM,2012-07-07,432100,saturday,H,5,7,7,1,0,0,367960.71428571426,317325.0
Christ College ATM,2012-07-08,423500,sunday,H,6,8,7,2,0,0,375228.5714285714,391275.0
Christ College ATM,2012-07-09,544200,sunday,H,0,9,7,2,0,0,384089.28571428574,251487.5
Christ College ATM,2012-07-10,298300,sunday,H,1,10,7,2,0,0,400100.0,325612.5
Christ College ATM,2012-07-11,373500,sunday,H,2,11,7,2,0,0,394039.28571428574,383900.0
Christ College ATM,2012-07-12,389300,sunday,H,3,12,7,2,0,0,402310.71428571426,327275.0
Christ College ATM,2012-07-13,373200,sunday,H,4,13,7,2,0,0,393464.28571428574,484725.0
Christ College ATM,2012-07-14,601600,saturday,H,5,14,7,2,0,0,391560.71428571426,319200.0
Christ College ATM,2012-07-15,129500,sunday,H,6,15,7,3,0,0,403446.4285714286,418475.0
Christ College ATM,2012-07-16,194600,sunday,H,0,16,7,3,0,0,397778.5714285714,258475.0
Christ College ATM,2012-07-17,313500,sunday,H,1,17,7,3,0,0,385750.0,317725.0
Christ College ATM,2012-07-18,401300,sunday,H,2,18,7,3,0,0,381757.14285714284,396262.5
Christ College ATM,2012-07-19,234300,sunday,H,3,19,7,3,0,0,388100.0,351587.5
Christ College ATM,2012-07-20,461700,sunday,H,4,20,7,3,0,0,380907.14285714284,475712.5
Christ College ATM,2012-07-21,502200,saturday,H,5,21,7,3,0,0,390382.14285714284,327887.5
Christ College ATM,2012-07-22,230700,sunday,H,6,22,7,4,0,0,389732.14285714284,430237.5
Christ College ATM,2012-07-23,565800,sunday,H,0,23,7,4,0,0,389135.71428571426,256150.0
Christ College ATM,2012-07-24,449600,sunday,H,1,24,7,4,0,0,399925.0,353937.5
Christ College ATM,2012-07-25,271400,sunday,H,2,25,7,4,0,0,407421.4285714286,403525.0
Christ College ATM,2012-07-26,363400,sunday,H,3,26,7,4,0,0,405453.5714285714,327200.0
Christ College ATM,2012-07-27,275500,sunday,H,4,27,7,4,0,0,405414.28571428574,478700.0
Christ College ATM,2012-07-28,511500,saturday,H,5,28,7,4,0,0,408142.85714285716,324075.0
Christ College ATM,2012-07-29,242500,sunday,H,6,29,7,5,0,1,410410.71428571426,439150.0
Christ College ATM,2012-07-30,299100,sunday,H,0,30,7,5,0,1,403114.28571428574,273000.0
Christ College ATM,2012-07-31,457100,sunday,H,1,31,7,5,0,1,394010.71428571426,381087.5
Christ College ATM,2012-08-01,646000,sunday,H,2,1,8,1,1,0,387132.14285714284,412650.0
Christ College ATM,2012-08-02,352700,sunday,H,3,2,8,1,1,0,392667.85714285716,359412.5
Christ College ATM,2012-08-03,519500,sunday,H,4,3,8,1,1,0,387264.28571428574,410112.5
Christ College ATM,2012-08-04,367400,saturday,H,5,4,8,1,0,0,387771.4285714286,369650.0
Christ College ATM,2012-08-05,406000,sunday,H,6,5,8,1,0,0,385460.71428571426,456500.0
Christ College ATM,2012-08-06,634900,sunday,H,0,6,8,1,0,0,384835.71428571426,301825.0
Christ College ATM,2012-08-07,580000,sunday,H,1,7,8,1,0,0,388075.0,448462.5
Christ College ATM,2012-08-08,592800,sunday,H,2,8,8,2,0,0,398135.71428571426,426650.0
Christ College ATM,2012-08-09,342700,sunday,H,3,9,8,2,0,0,405967.85714285716,415775.0
Christ College ATM,2012-08-10,319300,sunday,H,4,10,8,2,0,0,404303.5714285714,373325.0
Christ College ATM,2012-08-11,622200,saturday,H,5,11,8,2,0,0,402378.5714285714,356250.0
Christ College ATM,2012-08-12,212100,sunday,H,6,12,8,2,0,0,403114.28571428574,500675.0
Christ College ATM,2012-08-13,408200,sunday,H,0,13,8,2,0,0,406064.28571428574,292312.5
Christ College ATM,2012-08-14,319800,sunday,H,1,14,8,2,0,0,413692.85714285716,433062.5
Christ College ATM,2012-08-15,302400,wednesday,H,2,15,8,3,0,0,413917.85714285716,413462.5
Christ College ATM,2012-08-16,448500,wednesday,H,3,16,8,3,0,0,410385.71428571426,425612.5
Christ College ATM,2012-08-17,637800,wednesday,H,4,17,8,3,0,0,418035.71428571426,374925.0
Christ College ATM,2012-08-18,403800,saturday,H,5,18,8,3,0,0,424325.0,411425.0
Christ College ATM,2012-08-19,157900,sunday,H,6,19,8,3,0,0,420810.71428571426,486100.0
Christ College ATM,2012-08-20,291500,monday,H,0,20,8,3,0,0,418210.71428571426,281125.0
Christ College ATM,2012-08-21,426400,monday,H,1,21,8,3,0,0,408414.28571428574,436537.5
Christ College ATM,2012-08-22,314600,monday,H,2,22,8,4,0,0,407585.71428571426,436800.0
Christ College ATM,2012-08-23,383800,monday,H,3,23,8,4,0,0,409128.5714285714,424125.0
Christ College ATM,2012-08-24,540800,monday,H,4,24,8,4,0,0,409857.14285714284,377337.5
Christ College ATM,2012-08-25,343100,saturday,H,5,25,8,4,0,0,419332.14285714284,454137.5
Christ College ATM,2012-08-26,243900,sunday,H,6,26,8,4,0,0,413317.85714285716,472987.5
Christ College ATM,2012-08-27,433600,sunday,H,0,27,8,4,0,0,413367.85714285716,255762.5
Christ College ATM,2012-08-28,418500,sunday,H,1,28,8,4,0,0,418171.4285714286,421487.5
Christ College ATM,2012-08-29,414900,sunday,H,2,29,8,5,0,1,416792.85714285716,407900.0
Christ College ATM,2012-08-30,412400,sunday,H,3,30,8,5,0,1,408539.28571428574,414612.5
Christ College ATM,2012-08-31,473900,sunday,H,4,31,8,5,0,1,410671.4285714286,365887.5
Christ College ATM,2012-09-01,768100,saturday,H,5,1,9,1,1,0,409042.85714285716,450212.5
Christ College ATM,2012-09-02,555700,sunday,H,6,2,9,1,1,0,423353.5714285714,514987.5
Christ College ATM,2012-09-03,554700,sunday,H,0,3,9,1,1,0,428700.0,272287.5
Christ College ATM,2012-09-04,718900,sunday,H,1,4,9,1,0,0,425835.71428571426,422800.0
Christ College ATM,2012-09-05,648500,sunday,H,2,5,9,1,0,0,430796.4285714286,460475.0
Christ College ATM,2012-09-06,563900,sunday,H,3,6,9,1,0,0,432785.71428571426,448987.5
Christ College ATM,2012-09-07,556800,sunday,H,4,7,9,1,0,0,440685.71428571426,387712.5
Christ College ATM,2012-09-08,679300,saturday,H,5,8,9,2,0,0,449167.85714285716,473162.5
Christ College ATM,2012-09-09,430500,sunday,H,6,9,9,2,0,0,451207.14285714284,524700.0
Christ College ATM,2012-09-10,463600,sunday,H,0,10,9,2,0,0,459007.14285714284,309912.5
Christ College ATM,2012-09-11,654600,sunday,H,1,11,9,2,0,0,460985.71428571426,456425.0
Christ College ATM,2012-09-12,503600,sunday,H,2,12,9,2,0,0,472942.85714285716,503112.5
Christ College ATM,2012-09-13,569200,sunday,H,3,13,9,2,0,0,480128.5714285714,461775.0
Christ College ATM,2012-09-14,472300,sunday,H,4,14,9,2,0,0,484439.28571428574,429575.0
Christ College ATM,2012-09-15,441500,saturday,H,5,15,9,3,0,0,478528.5714285714,474487.5
Christ College ATM,2012-09-16,442800,sunday,H,6,16,9,3,0,0,479875.0,517112.5
Christ College ATM,2012-09-17,337400,sunday,H,0,17,9,3,0,0,490050.0,336425.0
Christ College ATM,2012-09-18,386300,sunday,H,1,18,9,3,0,0,491689.28571428574,427875.0
Christ College ATM,2012-09-19,368300,wednesday,H,2,19,9,3,0,0,490257.14285714284,495200.0
Christ College ATM,2012-09-20,342400,wednesday,H,3,20,9,3,0,0,492175.0,473887.5
Christ College ATM,2012-09-21,447100,wednesday,H,4,21,9,3,0,0,490696.4285714286,426950.0
Christ College ATM,2012-09-22,612100,saturday,H,5,22,9,4,0,0,487350.0,495937.5
Christ College ATM,2012-09-23,301200,sunday,H,6,23,9,4,0,0,496957.14285714284,529687.5
Christ College ATM,2012-09-24,442000,sunday,H,0,24,9,4,0,0,499003.5714285714,343762.5
Christ College ATM,2012-09-25,320300,sunday,H,1,25,9,4,0,0,499303.5714285714,445737.5
Christ College ATM,2012-09-26,320200,sunday,H,2,26,9,4,0,0,495796.4285714286,478100.0
Christ College ATM,2012-09-27,394800,sunday,H,3,27,9,4,0,0,492414.28571428574,433162.5
Christ College ATM,2012-09-28,696200,sunday,H,4,28,9,4,0,1,491785.71428571426,432212.5
Christ College ATM,2012-09-29,384400,saturday,H,5,29,9,5,0,1,499725.0,518025.0
Christ College ATM,2012-09-30,306500,sunday,H,6,30,9,5,0,1,486021.4285714286,531812.5
Christ College ATM,2012-10-01,308000,sunday,H,0,1,10,1,1,0,477121.4285714286,331325.0
Christ College ATM,2012-10-02,276700,tuesday,H,1,2,10,1,1,0,468310.71428571426,404875.0
Christ College ATM,2012-10-03,822700,tuesday,H,2,3,10,1,1,0,452517.85714285716,440187.5
Christ College ATM,2012-10-04,740800,tuesday,H,3,4,10,1,0,0,458739.28571428574,461900.0
Christ College ATM,2012-10-05,719600,tuesday,H,4,5,10,1,0,0,465057.14285714284,481975.0
Christ College ATM,2012-10-06,835500,saturday,H,5,6,10,1,0,0,470871.4285714286,568062.5
Christ College ATM,2012-10-07,401500,sunday,H,6,7,10,1,0,0,476450.0,558475.0
Christ College ATM,2012-10-08,729500,sunday,H,0,8,10,2,0,0,475414.28571428574,355000.0
Christ College ATM,2012-10-09,679300,sunday,H,1,9,10,2,0,0,484910.71428571426,445037.5
Christ College ATM,2012-10-10,703600,sunday,H,2,10,10,2,0,0,485792.85714285716,485125.0
Christ College ATM,2012-10-11,618400,sunday,H,3,11,10,2,0,0,492935.71428571426,512050.0
Christ College ATM,2012-10-12,564200,sunday,H,4,12,10,2,0,0,494692.85714285716,503212.5
Christ College ATM,2012-10-13,523800,saturday,H,5,13,10,2,0,0,497975.0,558862.5
Christ College ATM,2012-10-14,371500,sunday,H,6,14,10,2,0,0,500914.28571428574,573475.0
Christ College ATM,2012-10-15,683300,sunday,H,0,15,10,3,0,0,498367.85714285716,381700.0
Christ College ATM,2012-10-16,478800,sunday,H,1,16,10,3,0,0,510721.4285714286,494012.5
Christ College ATM,2012-10-17,464500,sunday,H,2,17,10,3,0,0,514025.0,491675.0
Christ College ATM,2012-10-18,380600,sunday,H,3,18,10,3,0,0,517460.71428571426,530787.5
Christ College ATM,2012-10-19,487800,sunday,H,4,19,10,3,0,0,518825.0,502812.5
Christ College ATM,2012-10-20,488800,saturday,H,5,20,10,3,0,0,520278.5714285714,552237.5
Christ College ATM,2012-10-21,250400,sunday,H,6,21,10,3,0,0,515875.0,591687.5
Christ College ATM,2012-10-22,530700,sunday,H,0,22,10,4,0,0,514060.71428571426,382512.5
Christ College ATM,2012-10-23,365700,tuesday,H,1,23,10,4,0,0,517228.5714285714,506150.0
Christ College ATM,2012-10-24,256000,wednesday,H,2,24,10,4,0,0,518850.0,485075.0
Christ College ATM,2012-10-25,448300,wednesday,H,3,25,10,4,0,0,516557.14285714284,510925.0
Christ College ATM,2012-10-26,227400,wednesday,H,4,26,10,4,0,0,518467.85714285716,507300.0
Christ College ATM,2012-10-27,308700,saturday,H,5,27,10,4,0,0,501725.0,521425.0
Christ College ATM,2012-10-28,317200,sunday,H,6,28,10,4,0,0,499021.4285714286,534262.5
Christ College ATM,2012-10-29,343200,sunday,H,0,29,10,5,0,1,499403.5714285714,352700.0
Christ College ATM,2012-10-30,368400,sunday,H,1,30,10,5,0,1,500660.71428571426,479712.5
Christ College ATM,2012-10-31,321000,sunday,H,2,31,10,5,0,1,503935.71428571426,441262.5
Christ College ATM,2012-11-01,647600,sunday,H,3,1,11,1,1,0,486017.85714285716,469987.5
Christ College ATM,2012-11-02,548300,sunday,H,4,2,11,1,1,0,482689.28571428574,517762.5
Christ College ATM,2012-11-03,622100,saturday,H,5,3,11,1,1,0,476571.4285714286,520362.5
Christ College ATM,2012-11-04,558700,sunday,H,6,4,11,1,0,0,468950.0,527112.5
Christ College ATM,2012-11-05,895300,sunday,H,0,5,11,1,0,0,474564.28571428574,368725.0
Christ College ATM,2012-11-06,578400,sunday,H,1,6,11,1,0,0,480485.71428571426,533675.0
Christ College ATM,2012-11-07,1094800,sunday,H,2,7,11,1,0,0,476882.14285714284,431737.5
Christ College ATM,2012-11-08,674200,sunday,H,3,8,11,2,0,0,490853.5714285714,543887.5
Christ College ATM,2012-11-09,560900,sunday,H,4,9,11,2,0,0,492846.4285714286,530887.5
Christ College ATM,2012-11-10,825100,saturday,H,5,10,11,2,0,0,492728.5714285714,531437.5
Christ College ATM,2012-11-11,583700,sunday,H,6,11,11,2,0,0,503489.28571428574,575062.5
Christ College ATM,2012-11-12,410500,sunday,H,0,12,11,2,0,0,511067.85714285716,386337.5
Christ College ATM,2012-11-13,179800,tuesday,H,1,13,11,2,0,0,501325.0,542812.5
Christ College ATM,2012-11-14,267100,tuesday,H,2,14,11,2,0,0,490646.4285714286,405925.0
Christ College ATM,2012-11-15,515600,tuesday,H,3,15,11,3,0,0,483596.4285714286,531237.5
Christ College ATM,2012-11-16,364600,tuesday,H,4,16,11,3,0,0,488417.85714285716,552537.5
Christ College ATM,2012-11-17,578800,saturday,H,5,17,11,3,0,0,484017.85714285716,521125.0
Christ College ATM,2012-11-18,239100,sunday,H,6,18,11,3,0,0,487232.14285714284,570900.0
Christ College ATM,2012-11-19,202500,sunday,H,0,19,11,3,0,0,486828.5714285714,378575.0
Christ College ATM,2012-11-20,336100,sunday,H,1,20,11,3,0,0,475107.14285714284,512875.0
Christ College ATM,2012-11-21,426700,sunday,H,2,21,11,3,0,0,474050.0,407900.0
Christ College ATM,2012-11-22,335900,sunday,H,3,22,11,4,0,0,480146.4285714286,544550.0
Christ College ATM,2012-11-23,427800,sunday,H,4,23,11,4,0,0,476132.14285714284,545175.0
Christ College ATM,2012-11-24,341900,saturday,H,5,24,11,4,0,0,483289.28571428574,487575.0
Christ College ATM,2012-11-25,237700,sunday,H,6,25,11,4,0,0,484475.0,565587.5
Christ College ATM,2012-11-26,359900,sunday,H,0,26,11,4,0,0,481635.71428571426,369975.0
Christ College ATM,2012-11-27,439800,sunday,H,1,27,11,4,0,0,482232.14285714284,519362.5
Christ College ATM,2012-11-28,475300,sunday,H,2,28,11,4,0,1,484782.14285714284,428287.5
Christ College ATM,2012-11-29,409600,sunday,H,3,29,11,5,0,1,490292.85714285716,501125.0
Christ College ATM,2012-11-30,511600,sunday,H,4,30,11,5,0,1,481792.85714285716,503775.0
Christ College ATM,2012-12-01,791300,saturday,H,5,1,12,1,1,0,480482.14285714284,461575.0
Christ College ATM,2012-12-02,810600,sunday,H,6,2,12,1,1,0,486525.0,560062.5
Christ College ATM,2012-12-03,538100,sunday,H,0,3,12,1,1,0,495521.4285714286,421112.5
Christ College ATM,2012-12-04,678500,sunday,H,1,4,12,1,0,0,482764.28571428574,495437.5
Christ College ATM,2012-12-05,800400,sunday,H,2,5,12,1,0,0,486339.28571428574,428187.5
Christ College ATM,2012-12-06,585300,sunday,H,3,6,12,1,0,0,475825.0,513225.0
Christ College ATM,2012-12-07,527900,sunday,H,4,7,12,1,0,0,472650.0,499637.5
Christ College ATM,2012-12-08,768900,saturday,H,5,8,12,2,0,0,471471.4285714286,457037.5
Christ College ATM,2012-12-09,439700,sunday,H,6,9,12,2,0,0,469464.28571428574,590700.0
Christ College ATM,2012-12-10,476500,sunday,H,0,10,12,2,0,0,464321.4285714286,429637.5
Christ College ATM,2012-12-11,582500,sunday,H,1,11,12,2,0,0,466678.5714285714,469587.5
Christ College ATM,2012-12-12,406900,sunday,H,2,12,12,2,0,0,481060.71428571426,441150.0
Christ College ATM,2012-12-13,512500,sunday,H,3,13,12,2,0,0,486053.5714285714,506025.0
Christ College ATM,2012-12-14,366100,sunday,H,4,14,12,2,0,0,485942.85714285716,516125.0
Christ College ATM,2012-12-15,568700,saturday,H,5,15,12,3,0,0,485996.4285714286,441825.0
Christ College ATM,2012-12-16,315200,sunday,H,6,16,12,3,0,0,485635.71428571426,600687.5
Christ College ATM,2012-12-17,277500,sunday,H,0,17,12,3,0,0,488353.5714285714,437737.5
Christ College ATM,2012-12-18,428800,sunday,H,1,18,12,3,0,0,491032.14285714284,437937.5
Christ College ATM,2012-12-19,324400,sunday,H,2,19,12,3,0,0,494342.85714285716,449037.5
Christ College ATM,2012-12-20,521500,sunday,H,3,20,12,3,0,0,490689.28571428574,514575.0
Christ College ATM,2012-12-21,353000,sunday,H,4,21,12,3,0,0,497317.85714285716,525275.0
Christ College ATM,2012-12-22,437200,saturday,H,5,22,12,4,0,0,494646.4285714286,457525.0
Christ College ATM,2012-12-23,358700,sunday,H,6,23,12,4,0,0,498050.0,616750.0
Christ College ATM,2012-12-24,359600,sunday,H,0,24,12,4,0,0,502371.4285714286,442925.0
Christ College ATM,2012-12-25,163000,tuesday,H,1,25,12,4,0,0,502360.71428571426,439987.5
Christ College ATM,2012-12-26,480700,tuesday,H,2,26,12,4,0,0,492475.0,423362.5
Christ College ATM,2012-12-27,430300,tuesday,H,3,27,12,4,0,0,492667.85714285716,534537.5
Christ College ATM,2012-12-28,244600,tuesday,H,4,28,12,4,0,0,493407.14285714284,498112.5
Christ College ATM,2012-12-29,549300,saturday,H,5,29,12,5,0,1,483871.4285714286,419562.5
Christ College ATM,2012-12-30,169600,sunday,H,6,30,12,5,0,1,475228.5714285714,607650.0
Christ College ATM,2012-12-31,381700,sunday,H,0,31,12,5,0,1,452335.71428571426,394287.5
Christ College ATM,2013-01-01,427100,tuesday,H,1,1,1,1,1,0,446750.0,375787.5
Christ College ATM,2013-01-02,452100,wednesday,W,2,2,1,1,1,0,437771.4285714286,404450.0
Christ College ATM,2013-01-03,671600,thursday,W,3,3,1,1,1,0,425332.14285714284,454200.0
Christ College ATM,2013-01-04,682900,friday,W,4,4,1,1,0,0,428414.28571428574,497787.5
Christ College ATM,2013-01-05,748100,saturday,H,5,5,1,1,0,0,433950.0,434812.5
Christ College ATM,2013-01-06,293200,sunday,H,6,6,1,1,0,0,433207.14285714284,598025.0
Christ College ATM,2013-01-07,763100,monday,W,0,7,1,1,0,0,427975.0,357975.0
Christ College ATM,2013-01-08,547900,tuesday,W,1,8,1,2,0,0,438210.71428571426,419862.5
Christ College ATM,2013-01-09,706900,wednesday,W,2,9,1,2,0,0,436975.0,450462.5
Christ College ATM,2013-01-10,568900,thursday,W,3,10,1,2,0,0,447689.28571428574,509175.0
Christ College ATM,2013-01-11,910800,friday,W,4,11,1,2,0,0,449703.5714285714,504450.0
Christ College ATM,2013-01-12,333000,saturday,H,5,12,1,2,0,0,469157.14285714284,503087.5
Christ College ATM,2013-01-13,318800,sunday,H,6,13,1,2,0,0,460739.28571428574,567300.0
Christ College ATM,2013-01-14,166000,monday,H,0,14,1,2,0,0,460867.85714285716,367937.5
Christ College ATM,2013-01-15,282700,tuesday,H,1,15,1,3,0,0,456885.71428571426,415300.0
Christ College ATM,2013-01-16,152900,wednesday,H,2,16,1,3,0,0,451667.85714285716,443787.5
Christ College ATM,2013-01-17,269100,thursday,W,3,17,1,3,0,0,445542.85714285716,474950.0
Christ College ATM,2013-01-18,411200,friday,W,4,18,1,3,0,0,436528.5714285714,496100.0
Christ College ATM,2013-01-19,475300,saturday,H,5,19,1,3,0,0,438607.14285714284,501012.5
Christ College ATM,2013-01-20,578800,sunday,H,6,20,1,3,0,0,439967.85714285716,583975.0
Christ College ATM,2013-01-21,554000,monday,W,0,21,1,3,0,0,447828.5714285714,410575.0
Christ College ATM,2013-01-22,369600,tuesday,W,1,22,1,4,0,0,454771.4285714286,439562.5
Christ College ATM,2013-01-23,336300,wednesday,W,2,23,1,4,0,0,462150.0,435012.5
Christ College ATM,2013-01-24,510300,thursday,W,3,24,1,4,0,0,456992.85714285716,457575.0
Christ College ATM,2013-01-25,263700,friday,H,4,25,1,4,0,0,459850.0,508687.5
Christ College ATM,2013-01-26,238900,saturday,H,5,26,1,4,0,0,460532.14285714284,470025.0
Christ College ATM,2013-01-27,420200,sunday,H,6,27,1,4,0,0,449446.4285714286,514925.0
Christ College ATM,2013-01-28,568500,monday,W,0,28,1,4,0,0,458396.4285714286,361775.0
Christ College ATM,2013-01-29,441500,tuesday,W,1,29,1,5,0,1,465067.85714285716,443362.5
Christ College ATM,2013-01-30,438900,wednesday,W,2,30,1,5,0,1,465582.14285714284,405387.5
Christ College ATM,2013-01-31,691300,thursday,W,3,31,1,5,0,1,465110.71428571426,412387.5
Christ College ATM,2013-02-01,628000,friday,W,4,1,2,1,1,0,465814.28571428574,521937.5
Christ College ATM,2013-02-02,767000,saturday,H,5,2,2,1,1,0,463853.5714285714,482537.5
Christ College ATM,2013-02-03,583500,sunday,H,6,3,2,1,1,0,464528.5714285714,514687.5
Christ College ATM,2013-02-04,909100,monday,W,0,4,2,1,0,0,474896.4285714286,379750.0
Christ College ATM,2013-02-05,800700,tuesday,W,1,5,2,1,0,0,480110.71428571426,497437.5
Christ College ATM,2013-02-06,804300,wednesday,W,2,6,2,1,0,0,489139.28571428574,432662.5
Christ College ATM,2013-02-07,395900,thursday,W,3,7,2,1,0,0,492617.85714285716,462062.5
Christ College ATM,2013-02-08,675100,friday,W,4,8,2,2,0,0,486439.28571428574,507362.5
Christ College ATM,2013-02-09,574500,saturday,H,5,9,2,2,0,0,478021.4285714286,521162.5
Christ College ATM,2013-02-10,333300,sunday,H,6,10,2,2,0,0,486646.4285714286,515412.5
Christ College ATM,2013-02-11,618200,monday,W,0,11,2,2,0,0,487164.28571428574,382012.5
Christ College ATM,2013-02-12,552000,tuesday,W,1,12,2,2,0,0,503314.28571428574,540025.0
Christ College ATM,2013-02-13,656900,wednesday,W,2,13,2,2,0,0,512932.14285714284,448062.5
Christ College ATM,2013-02-14,443400,thursday,W,3,14,2,2,0,0,530932.1428571428,503625.0
Christ College ATM,2013-02-15,425000,friday,W,4,15,2,3,0,0,537157.1428571428,497600.0
Christ College ATM,2013-02-16,410900,saturday,H,5,16,2,3,0,0,537650.0,530162.5
Christ College ATM,2013-02-17,277400,sunday,H,6,17,2,3,0,0,535350.0,512125.0
Christ College ATM,2013-02-18,569500,monday,W,0,18,2,3,0,0,524585.7142857143,371850.0
Christ College ATM,2013-02-19,634100,tuesday,W,1,19,2,3,0,0,525139.2857142857,566262.5
Christ College ATM,2013-02-20,237900,wednesday,W,2,20,2,3,0,0,534585.7142857143,506950.0
Christ College ATM,2013-02-21,436000,thursday,W,3,21,2,3,0,0,531071.4285714285,473275.0
Christ College ATM,2013-02-22,395500,friday,W,4,22,2,4,0,0,528417.8571428572,498312.5
Christ College ATM,2013-02-23,504800,saturday,H,5,23,2,4,0,0,533125.0,549025.0
Christ College ATM,2013-02-24,160400,sunday,H,6,24,2,4,0,0,542621.4285714285,506562.5
Christ College ATM,2013-02-25,532500,monday,W,0,25,2,4,0,0,533342.8571428572,370700.0
Christ College ATM,2013-02-26,514400,tuesday,W,1,26,2,4,0,1,532057.1428571428,585112.5
Christ College ATM,2013-02-27,513900,wednesday,W,2,27,2,4,0,1,534660.7142857143,517862.5
Christ College ATM,2013-02-28,492000,thursday,W,3,28,2,4,0,1,537339.2857142857,481000.0
Christ College ATM,2013-03-01,579900,friday,W,4,1,3,1,1,0,530221.4285714285,475862.5
Christ College ATM,2013-03-02,1229400,saturday,H,5,2,3,1,1,0,528503.5714285715,536150.0
Christ College ATM,2013-03-03,476100,sunday,H,6,3,3,1,1,0,545017.8571428572,566725.0
Christ College ATM,2013-03-04,620200,monday,W,0,4,3,1,0,0,541182.1428571428,393562.5
Christ College ATM,2013-03-05,717000,tuesday,W,1,5,3,1,0,0,530864.2857142857,567250.0
Christ College ATM,2013-03-06,631300,wednesday,W,2,6,3,1,0,0,527875.0,539000.0
Christ College ATM,2013-03-07,701400,thursday,W,3,7,3,1,0,0,521696.4285714286,471550.0
Christ College ATM,2013-03-08,746700,friday,W,4,8,3,2,0,0,532607.1428571428,492425.0
Christ College ATM,2013-03-09,659100,saturday,H,5,9,3,2,0,0,535164.2857142857,515637.5
Christ College ATM,2013-03-10,275400,sunday,H,6,10,3,2,0,0,538185.7142857143,607487.5
Christ College ATM,2013-03-11,694400,monday,W,0,11,3,2,0,0,536117.8571428572,388137.5
Christ College ATM,2013-03-12,455700,tuesday,W,1,12,3,2,0,0,538839.2857142857,633300.0
Christ College ATM,2013-03-13,398200,wednesday,W,2,13,3,2,0,0,535400.0,560625.0
Christ College ATM,2013-03-14,463400,thursday,W,3,14,3,2,0,0,526160.7142857143,502212.5
Christ College ATM,2013-03-15,359700,friday,W,4,15,3,3,0,0,526875.0,516712.5
Christ College ATM,2013-03-16,530600,saturday,H,5,16,3,3,0,0,524542.8571428572,509200.0
Christ College ATM,2013-03-17,293100,sunday,H,6,17,3,3,0,0,528817.8571428572,614400.0
Christ College ATM,2013-03-18,356900,monday,W,0,18,3,3,0,0,529378.5714285715,352425.0
Christ College ATM,2013-03-19,494600,tuesday,W,1,19,3,3,0,0,521785.71428571426,608662.5
Christ College ATM,2013-03-20,444900,wednesday,W,2,20,3,3,0,0,516803.5714285714,576250.0
Christ College ATM,2013-03-21,609700,thursday,W,3,21,3,3,0,0,524196.4285714286,515787.5
Christ College ATM,2013-03-22,580100,friday,W,4,22,3,4,0,0,530400.0,529137.5
Christ College ATM,2013-03-23,391100,saturday,H,5,23,3,4,0,0,536992.8571428572,548750.0
Christ College ATM,2013-03-24,294400,sunday,H,6,24,3,4,0,0,532932.1428571428,633425.0
Christ College ATM,2013-03-25,487600,monday,W,0,25,3,4,0,0,537717.8571428572,336700.0
Christ College ATM,2013-03-26,391200,tuesday,W,1,26,3,4,0,0,536114.2857142857,598550.0
Christ College ATM,2013-03-27,562500,wednesday,W,2,27,3,4,0,0,531714.2857142857,569962.5
Christ College ATM,2013-03-28,778100,thursday,W,3,28,3,4,0,0,533450.0,531237.5
Christ College ATM,2013-03-29,352800,friday,H,4,29,3,5,0,1,543667.8571428572,539987.5
Christ College ATM,2013-03-30,722900,saturday,H,5,30,3,5,0,1,535557.1428571428,514350.0
Christ College ATM,2013-03-31,343800,sunday,H,6,31,3,5,0,1,517467.85714285716,627912.5
Christ College ATM,2013-04-01,713100,monday,W,0,1,4,1,1,0,512742.85714285716,306737.5
Christ College ATM,2013-04-02,518600,tuesday,W,1,2,4,1,1,0,516060.71428571426,574050.0
Christ College ATM,2013-04-03,621700,wednesday,W,2,3,4,1,1,0,508975.0,534700.0
Christ College ATM,2013-04-04,456700,thursday,W,3,4,4,1,0,0,508632.14285714284,508412.5
Christ College ATM,2013-04-05,823300,friday,W,4,5,4,1,0,0,499892.85714285716,547587.5
Christ College ATM,2013-04-06,874400,saturday,H,5,6,4,1,0,0,502628.5714285714,532875.0
Christ College ATM,2013-04-07,419400,sunday,H,6,7,4,1,0,0,510317.85714285716,665400.0
Christ College ATM,2013-04-08,539400,monday,W,0,8,4,2,0,0,515460.71428571426,317500.0
Christ College ATM,2013-04-09,567300,tuesday,W,1,9,4,2,0,0,509925.0,564200.0
Christ College ATM,2013-04-10,329500,wednesday,W,2,10,4,2,0,0,513910.71428571426,536612.5
Christ College ATM,2013-04-11,342100,thursday,H,3,11,4,2,0,0,511457.14285714284,467487.5
Christ College ATM,2013-04-12,484900,friday,W,4,12,4,2,0,0,507125.0,534925.0
Christ College ATM,2013-04-13,618900,saturday,H,5,13,4,2,0,0,511596.4285714286,540362.5
Christ College ATM,2013-04-14,385100,sunday,H,6,14,4,2,0,0,514750.0,691400.0
Christ College ATM,2013-04-15,498600,monday,W,0,15,4,3,0,0,518035.71428571426,330962.5
Christ College ATM,2013-04-16,478700,tuesday,W,1,16,4,3,0,0,523096.4285714286,555337.5
Christ College ATM,2013-04-17,582400,wednesday,W,2,17,4,3,0,0,522528.5714285714,517187.5
Christ College ATM,2013-04-18,406800,thursday,W,3,18,4,3,0,0,527439.2857142857,510550.0
Christ College ATM,2013-04-19,569700,friday,W,4,19,4,3,0,0,520192.85714285716,531275.0
Christ College ATM,2013-04-20,525600,saturday,H,5,20,4,3,0,0,519821.4285714286,562137.5
Christ College ATM,2013-04-21,234500,sunday,H,6,21,4,3,0,0,524625.0,694000.0
Christ College ATM,2013-04-22,334300,monday,W,0,22,4,4,0,0,522485.71428571426,340225.0
Christ College ATM,2013-04-23,417000,tuesday,W,1,23,4,4,0,0,517010.71428571426,530562.5
Christ College ATM,2013-04-24,193800,wednesday,H,2,24,4,4,0,0,517932.14285714284,505012.5
Christ College ATM,2013-04-25,584400,thursday,W,3,25,4,4,0,0,504764.28571428574,470537.5
Christ College ATM,2013-04-26,480800,friday,W,4,26,4,4,0,0,497846.4285714286,542825.0
Christ College ATM,2013-04-27,550500,saturday,H,5,27,4,4,0,0,502417.85714285716,549750.0
Christ College ATM,2013-04-28,196200,sunday,H,6,28,4,4,0,1,496260.71428571426,609137.5
Christ College ATM,2013-04-29,490000,monday,W,0,29,4,5,0,1,490989.28571428574,305237.5
Christ College ATM,2013-04-30,631600,tuesday,W,1,30,4,5,0,1,483021.4285714286,514287.5
Christ College ATM,2013-05-01,461300,wednesday,H,2,1,5,1,1,0,487057.14285714284,494337.5
Christ College ATM,2013-05-02,825600,thursday,W,3,2,5,1,1,0,481328.5714285714,449287.5
Christ College ATM,2013-05-03,780300,friday,W,4,3,5,1,1,0,494503.5714285714,558350.0
Christ College ATM,2013-05-04,721100,saturday,H,5,4,5,1,0,0,492967.85714285716,553950.0
Christ College ATM,2013-05-05,527300,sunday,H,6,5,5,1,0,0,487492.85714285716,616887.5
Christ College ATM,2013-05-06,528900,monday,W,0,6,5,1,0,0,491346.4285714286,336725.0
Christ College ATM,2013-05-07,729100,tuesday,W,1,7,5,1,0,0,490971.4285714286,493600.0
Christ College ATM,2013-05-08,794000,wednesday,W,2,8,5,2,0,0,496750.0,528512.5
Christ College ATM,2013-05-09,497700,thursday,W,3,9,5,2,0,0,513339.28571428574,498762.5
Christ College ATM,2013-05-10,159200,friday,W,4,10,5,2,0,0,518896.4285714286,562637.5
Christ College ATM,2013-05-11,668200,saturday,H,5,11,5,2,0,0,507264.28571428574,528887.5
Christ College ATM,2013-05-12,544100,sunday,H,6,12,5,2,0,0,509025.0,634087.5
Christ College ATM,2013-05-13,890100,monday,W,0,13,5,2,0,0,514703.5714285714,368100.0
Christ College ATM,2013-05-14,470500,tuesday,W,1,14,5,2,0,0,528685.7142857143,560250.0
Christ College ATM,2013-05-15,616700,wednesday,W,2,15,5,3,0,0,528392.8571428572,525500.0
Christ College ATM,2013-05-16,507500,thursday,W,3,16,5,3,0,0,529617.8571428572,520237.5
Christ College ATM,2013-05-17,419400,friday,W,4,17,5,3,0,0,533214.2857142857,549862.5
Christ College ATM,2013-05-18,415700,saturday,H,5,18,5,3,0,0,527846.4285714285,508800.0
Christ College ATM,2013-05-19,248700,sunday,H,6,19,5,3,0,0,523921.4285714286,637162.5
Christ College ATM,2013-05-20,425100,monday,W,0,20,5,3,0,0,524428.5714285715,362387.5
Christ College ATM,2013-05-21,597000,tuesday,W,1,21,5,3,0,0,527671.4285714285,552437.5
Christ College ATM,2013-05-22,489200,wednesday,W,2,22,5,4,0,0,534100.0,551225.0
Christ College ATM,2013-05-23,524300,thursday,W,3,23,5,4,0,0,544650.0,511075.0
Christ College ATM,2013-05-24,309200,friday,W,4,24,5,4,0,0,542503.5714285715,518137.5
Christ College ATM,2013-05-25,605900,saturday,H,5,25,5,4,0,0,536375.0,503350.0
Christ College ATM,2013-05-26,293400,sunday,H,6,26,5,4,0,0,538353.5714285715,622537.5
Christ College ATM,2013-05-27,875800,monday,W,0,27,5,4,0,0,541825.0,356087.5
Christ College ATM,2013-05-28,590300,tuesday,W,1,28,5,4,0,0,555603.5714285715,572775.0
Christ College ATM,2013-05-29,645100,wednesday,W,2,29,5,5,0,1,554128.5714285715,560187.5
Christ College ATM,2013-05-30,445700,thursday,W,3,30,5,5,0,1,560692.8571428572,514000.0
Christ College ATM,2013-05-31,756300,friday,W,4,31,5,5,0,1,547125.0,516762.5
Christ College ATM,2013-06-01,757500,saturday,H,5,1,6,1,1,0,546267.8571428572,494975.0
Christ College ATM,2013-06-02,894700,sunday,H,6,2,6,1,1,0,547567.8571428572,607925.0
Christ College ATM,2013-06-03,784500,monday,W,0,3,6,1,1,0,560689.2857142857,415500.0
Christ College ATM,2013-06-04,958100,tuesday,W,1,4,6,1,0,0,569817.8571428572,603412.5
Christ College ATM,2013-06-05,955400,wednesday,W,2,5,6,1,0,0,577996.4285714285,609037.5
Christ College ATM,2013-06-06,597400,thursday,W,3,6,6,1,0,0,583760.7142857143,592237.5
Christ College ATM,2013-06-07,526900,friday,W,4,7,6,1,0,0,587321.4285714285,548675.0
Christ College ATM,2013-06-08,652100,saturday,H,5,8,6,2,0,0,600453.5714285715,500225.0
Christ College ATM,2013-06-09,363600,sunday,H,6,9,6,2,0,0,599878.5714285715,612075.0
Christ College ATM,2013-06-10,521800,monday,W,0,10,6,2,0,0,593432.1428571428,412812.5
Christ College ATM,2013-06-11,584900,tuesday,W,1,11,6,2,0,0,580278.5714285715,606312.5
Christ College ATM,2013-06-12,528100,wednesday,W,2,12,6,2,0,0,584364.2857142857,622312.5
Christ College ATM,2013-06-13,335000,thursday,W,3,13,6,2,0,0,581200.0,585450.0
Christ College ATM,2013-06-14,477100,friday,W,4,14,6,2,0,0,575039.2857142857,539700.0
Christ College ATM,2013-06-15,562000,saturday,H,5,15,6,3,0,0,577100.0,488650.0
Christ College ATM,2013-06-16,307000,sunday,H,6,16,6,3,0,0,582325.0,616625.0
Christ College ATM,2013-06-17,532700,monday,W,0,17,6,3,0,0,584407.1428571428,421875.0
Christ College ATM,2013-06-18,323700,tuesday,W,1,18,6,3,0,0,588250.0,631112.5
Christ College ATM,2013-06-19,615700,wednesday,W,2,19,6,3,0,0,578489.2857142857,610650.0
Christ College ATM,2013-06-20,263800,thursday,W,3,20,6,3,0,0,583007.1428571428,638187.5
Christ College ATM,2013-06-21,447900,friday,W,4,21,6,3,0,0,573703.5714285715,499625.0
Christ College ATM,2013-06-22,780500,saturday,H,5,22,6,4,0,0,578657.1428571428,484537.5
Christ College ATM,2013-06-23,298200,sunday,H,6,23,6,4,0,0,584892.8571428572,645375.0
Christ College ATM,2013-06-24,332200,monday,W,0,24,6,4,0,0,585064.2857142857,434625.0
Christ College ATM,2013-06-25,550200,tuesday,W,1,25,6,4,0,0,565650.0,611387.5
Christ College ATM,2013-06-26,506000,wednesday,W,2,26,6,4,0,0,564217.8571428572,600475.0
Christ College ATM,2013-06-27,451400,thursday,W,3,27,6,4,0,0,559250.0,643775.0
Christ College ATM,2013-06-28,446100,friday,W,4,28,6,4,0,1,559453.5714285715,452850.0
Christ College ATM,2013-06-29,802000,saturday,H,5,29,6,5,0,1,548375.0,442762.5
Christ College ATM,2013-06-30,477200,sunday,H,6,30,6,5,0,1,549964.2857142857,655487.5
Christ College ATM,2013-07-01,679100,monday,W,0,1,7,1,1,0,535053.5714285715,428362.5
Christ College ATM,2013-07-02,875100,tuesday,W,1,2,7,1,1,0,531289.2857142857,630162.5
Christ College ATM,2013-07-03,867000,wednesday,W,2,3,7,1,1,0,528325.0,618725.0
Christ College ATM,2013-07-04,1042900,thursday,W,3,4,7,1,0,0,525167.8571428572,652900.0
Christ College ATM,2013-07-05,1202700,friday,W,4,5,7,1,0,0,541078.5714285715,521000.0
Christ College ATM,2013-07-06,696200,saturday,H,5,6,7,1,0,0,565214.2857142857,573200.0
Christ College ATM,2013-07-07,328900,sunday,H,6,7,7,1,0,0,566789.2857142857,658987.5
Christ College ATM,2013-07-08,812500,monday,W,0,8,7,2,0,0,565550.0,401462.5
Christ College ATM,2013-07-09,617900,tuesday,W,1,9,7,2,0,0,575932.1428571428,620462.5
Christ College ATM,2013-07-10,689900,wednesday,W,2,10,7,2,0,0,577110.7142857143,637150.0
Christ College ATM,2013-07-11,666400,thursday,W,3,11,7,2,0,0,582889.2857142857,662050.0
Christ College ATM,2013-07-12,547800,friday,W,4,12,7,2,0,0,594725.0,540862.5
Christ College ATM,2013-07-13,415200,saturday,H,5,13,7,2,0,0,597250.0,589250.0
Christ College ATM,2013-07-14,138800,sunday,H,6,14,7,2,0,0,592007.1428571428,658925.0
Christ College ATM,2013-07-15,588600,monday,W,0,15,7,3,0,0,586000.0,387725.0
Christ College ATM,2013-07-16,450100,tuesday,W,1,16,7,3,0,0,587996.4285714285,640900.0
Christ College ATM,2013-07-17,792800,wednesday,W,2,17,7,3,0,0,592510.7142857143,618787.5
Christ College ATM,2013-07-18,886900,thursday,W,3,18,7,3,0,0,598835.7142857143,700000.0
Christ College ATM,2013-07-19,527900,friday,W,4,19,7,3,0,0,621089.2857142857,586187.5
Christ College ATM,2013-07-20,583100,saturday,H,5,20,7,3,0,0,623946.4285714285,616587.5
Christ College ATM,2013-07-21,203700,sunday,H,6,21,7,3,0,0,616896.4285714285,656075.0
Christ College ATM,2013-07-22,356900,monday,W,0,22,7,4,0,0,613521.4285714285,376512.5
Christ College ATM,2013-07-23,546400,tuesday,W,1,23,7,4,0,0,614403.5714285715,576037.5
Christ College ATM,2013-07-24,254200,wednesday,W,2,24,7,4,0,0,614267.8571428572,613300.0
Christ College ATM,2013-07-25,511700,thursday,W,3,25,7,4,0,0,605275.0,651137.5
Christ College ATM,2013-07-26,486800,friday,W,4,26,7,4,0,0,607428.5714285715,594437.5
Christ College ATM,2013-07-27,628800,saturday,H,5,27,7,4,0,0,608882.1428571428,582900.0
Christ College ATM,2013-07-28,291900,sunday,H,6,28,7,4,0,0,602696.4285714285,639987.5
Christ College ATM,2013-07-29,606600,monday,W,0,29,7,5,0,1,596078.5714285715,301162.5
Christ College ATM,2013-07-30,401200,tuesday,W,1,30,7,5,0,1,593489.2857142857,553800.0
Christ College ATM,2013-07-31,821800,wednesday,W,2,31,7,5,0,1,576564.2857142857,543687.5
Christ College ATM,2013-08-01,750600,thursday,W,3,1,8,1,1,0,574950.0,634437.5
Christ College ATM,2013-08-02,956800,friday,W,4,2,8,1,1,0,564510.7142857143,613587.5
Christ College ATM,2013-08-03,740200,saturday,H,5,3,8,1,1,0,555728.5714285715,636637.5
Christ College ATM,2013-08-04,283000,sunday,H,6,4,8,1,0,0,557300.0,651000.0
Christ College ATM,2013-08-05,950000,monday,W,0,5,8,1,0,0,555660.7142857143,291087.5
Christ College ATM,2013-08-06,747000,tuesday,W,1,6,8,1,0,0,560571.4285714285,607325.0
Christ College ATM,2013-08-07,180400,wednesday,W,2,7,8,1,0,0,565182.1428571428,563950.0
Christ College ATM,2013-08-08,922300,thursday,W,3,8,8,2,0,0,546985.7142857143,590975.0
Christ College ATM,2013-08-09,363800,friday,W,4,9,8,2,0,0,556125.0,687000.0
Christ College ATM,2013-08-10,449700,saturday,H,5,10,8,2,0,0,549553.5714285715,622475.0
Christ College ATM,2013-08-11,473400,sunday,H,6,11,8,2,0,0,550785.7142857143,636962.5
Christ College ATM,2013-08-12,808200,monday,W,0,12,8,2,0,0,562735.7142857143,311887.5
Christ College ATM,2013-08-13,897400,tuesday,W,1,13,8,2,0,0,570578.5714285715,641762.5
Christ College ATM,2013-08-14,554300,wednesday,W,2,14,8,2,0,0,586553.5714285715,635662.5
Christ College ATM,2013-08-15,198600,thursday,H,3,15,8,3,0,0,578035.7142857143,583300.0
Christ College ATM,2013-08-16,627900,friday,W,4,16,8,3,0,0,553453.5714285715,678850.0
Christ College ATM,2013-08-17,671000,saturday,H,5,17,8,3,0,0,557025.0,644975.0
Christ College ATM,2013-08-18,196500,sunday,H,6,18,8,3,0,0,560164.2857142857,623275.0
Christ College ATM,2013-08-19,546400,monday,W,0,19,8,3,0,0,559907.1428571428,299175.0
Christ College ATM,2013-08-20,507500,tuesday,W,1,20,8,3,0,0,566675.0,668537.5
Christ College ATM,2013-08-21,564100,wednesday,W,2,21,8,3,0,0,565285.7142857143,630325.0
Christ College ATM,2013-08-22,572600,thursday,W,3,22,8,4,0,0,576353.5714285715,590562.5
Christ College ATM,2013-08-23,683900,friday,W,4,23,8,4,0,0,578528.5714285715,694000.0
Christ College ATM,2013-08-24,286200,saturday,H,5,24,8,4,0,0,585567.8571428572,674700.0
Christ College ATM,2013-08-26,233300,monday,W,0,26,8,4,0,0,573332.1428571428,275300.0
Christ College ATM,2013-08-27,734500,tuesday,W,1,27,8,4,0,0,571239.2857142857,612812.5
Christ College ATM,2013-08-28,376000,wednesday,W,2,28,8,4,0,0,575807.1428571428,612750.0
Christ College ATM,2013-08-29,608400,thursday,W,3,29,8,5,0,1,574907.1428571428,529187.5
Christ College ATM,2013-08-30,673800,friday,W,4,30,8,5,0,1,567285.7142857143,639687.5
Christ College ATM,2013-08-31,736400,saturday,H,5,31,8,5,0,1,564542.8571428572,608587.5
Christ College ATM,2013-09-01,619100,sunday,H,6,1,9,1,1,0,556671.4285714285,615075.0
Christ College ATM,2013-09-02,817800,monday,W,0,2,9,1,1,0,552346.4285714285,311575.0
Christ College ATM,2013-09-03,838200,tuesday,W,1,3,9,1,1,0,571446.4285714285,613475.0
Christ College ATM,2013-09-04,964500,wednesday,W,2,4,9,1,0,0,567453.5714285715,640287.5
Christ College ATM,2013-09-05,828100,thursday,W,3,5,9,1,0,0,575221.4285714285,563512.5
Christ College ATM,2013-09-06,494200,friday,W,4,6,9,1,0,0,598353.5714285715,659900.0
Christ College ATM,2013-09-07,782400,saturday,H,5,7,9,1,0,0,583064.2857142857,601887.5
Christ College ATM,2013-09-08,345700,sunday,H,6,8,9,2,0,0,598014.2857142857,625850.0
Christ College ATM,2013-09-09,532900,monday,H,0,9,9,2,0,0,594300.0,337437.5
Christ College ATM,2013-09-10,932000,tuesday,W,1,10,9,2,0,0,596425.0,606512.5
Christ College ATM,2013-09-11,617000,wednesday,W,2,11,9,2,0,0,600846.4285714285,700525.0
Christ College ATM,2013-09-12,562800,thursday,W,3,12,9,2,0,0,590832.1428571428,541537.5
Christ College ATM,2013-09-13,753900,friday,W,4,13,9,2,0,0,591135.7142857143,619387.5
Christ College ATM,2013-09-14,650400,saturday,H,5,14,9,2,0,0,610967.8571428572,630137.5
Christ College ATM,2013-09-15,519900,sunday,H,6,15,9,3,0,0,611771.4285714285,655250.0
Christ College ATM,2013-09-16,411400,monday,W,0,16,9,3,0,0,606375.0,376962.5
Christ College ATM,2013-09-17,825300,tuesday,W,1,17,9,3,0,0,614050.0,613325.0
Christ College ATM,2013-09-18,498800,wednesday,W,2,18,9,3,0,0,624010.7142857143,735387.5
Christ College ATM,2013-09-19,530800,thursday,W,3,19,9,3,0,0,623700.0,572112.5
Christ College ATM,2013-09-20,584100,friday,W,4,20,9,3,0,0,622510.7142857143,621775.0
Christ College ATM,2013-09-21,523800,saturday,H,5,21,9,3,0,0,622921.4285714285,642300.0
Christ College ATM,2013-09-22,262400,sunday,H,6,22,9,4,0,0,617203.5714285715,647837.5
Christ College ATM,2013-09-23,499300,monday,W,0,23,9,4,0,0,616353.5714285715,373275.0
Christ College ATM,2013-09-24,575300,tuesday,W,1,24,9,4,0,0,625853.5714285715,599912.5
Christ College ATM,2013-09-25,472000,wednesday,W,2,25,9,4,0,0,620167.8571428572,757150.0
Christ College ATM,2013-09-26,774200,thursday,W,3,26,9,4,0,0,623596.4285714285,528387.5
Christ College ATM,2013-09-27,346200,friday,W,4,27,9,4,0,0,629517.8571428572,624725.0
Christ College ATM,2013-09-28,773300,saturday,H,5,28,9,4,0,1,617817.8571428572,565975.0
Christ College ATM,2013-09-29,517200,sunday,H,6,29,9,5,0,1,619135.7142857143,665900.0
Christ College ATM,2013-09-30,515100,monday,W,0,30,9,5,0,1,615496.4285714285,402550.0
Christ College ATM,2013-10-01,674500,tuesday,W,1,1,10,1,1,0,604685.7142857143,545550.0
Christ College ATM,2013-10-02,868500,wednesday,H,2,2,10,1,1,0,598839.2857142857,748087.5
Christ College ATM,2013-10-03,713600,thursday,W,3,3,10,1,1,0,595410.7142857143,614400.0
Christ College ATM,2013-10-04,823700,friday,W,4,4,10,1,0,0,591321.4285714285,598637.5
Christ College ATM,2013-10-05,996000,saturday,H,5,5,10,1,0,0,603089.2857142857,623462.5
Christ College ATM,2013-10-06,526300,sunday,H,6,6,10,1,0,0,610717.8571428572,697875.0
Christ College ATM,2013-10-07,864900,monday,W,0,7,10,1,0,0,617167.8571428572,409162.5
Christ College ATM,2013-10-08,538200,tuesday,W,1,8,10,2,0,0,629025.0,552637.5
Christ College ATM,2013-10-09,1035000,wednesday,W,2,9,10,2,0,0,614960.7142857143,703187.5
Christ College ATM,2013-10-10,881300,thursday,W,3,10,10,2,0,0,629889.2857142857,674487.5
Christ College ATM,2013-10-11,509300,friday,W,4,11,10,2,0,0,641264.2857142857,683975.0
Christ College ATM,2013-10-12,489200,saturday,H,5,12,10,2,0,0,632528.5714285715,608637.5
Christ College ATM,2013-10-13,595600,sunday,H,6,13,10,2,0,0,626771.4285714285,702812.5
Christ College ATM,2013-10-14,488900,monday,H,0,14,10,2,0,0,629475.0,459050.0
Christ College ATM,2013-10-15,530300,tuesday,W,1,15,10,3,0,0,632242.8571428572,545450.0
Christ College ATM,2013-10-16,369900,wednesday,W,2,16,10,3,0,0,621707.1428571428,706037.5
Christ College ATM,2013-10-17,567600,thursday,W,3,17,10,3,0,0,617103.5714285715,650212.5
Christ College ATM,2013-10-18,397200,friday,W,4,18,10,3,0,0,618417.8571428572,683350.0
Christ College ATM,2013-10-19,568500,saturday,H,5,19,10,3,0,0,611742.8571428572,572800.0
Christ College ATM,2013-10-20,424800,sunday,H,6,20,10,3,0,0,613339.2857142857,690000.0
Christ College ATM,2013-10-21,562700,monday,W,0,21,10,3,0,0,619139.2857142857,476375.0
Christ College ATM,2013-10-22,611900,tuesday,W,1,22,10,4,0,0,621403.5714285715,586625.0
Christ College ATM,2013-10-23,356000,wednesday,W,2,23,10,4,0,0,622710.7142857143,690712.5
Christ College ATM,2013-10-24,455600,thursday,W,3,24,10,4,0,0,618567.8571428572,647712.5
Christ College ATM,2013-10-25,520800,friday,W,4,25,10,4,0,0,607189.2857142857,664250.0
Christ College ATM,2013-10-26,560700,saturday,H,5,26,10,4,0,0,613425.0,553675.0
Christ College ATM,2013-10-27,389700,sunday,H,6,27,10,4,0,0,605832.1428571428,668037.5
Christ College ATM,2013-10-28,471000,monday,W,0,28,10,4,0,0,601278.5714285715,447700.0
Christ College ATM,2013-10-29,772300,tuesday,W,1,29,10,5,0,1,599703.5714285715,543275.0
Christ College ATM,2013-10-30,1096400,wednesday,W,2,30,10,5,0,1,603196.4285714285,682475.0
Christ College ATM,2013-10-31,912000,thursday,W,3,31,10,5,0,1,611335.7142857143,664200.0
Christ College ATM,2013-11-01,820600,friday,W,4,1,11,1,1,0,618421.4285714285,674737.5
Christ College ATM,2013-11-02,349900,saturday,H,5,2,11,1,1,0,618310.7142857143,594475.0
Christ College ATM,2013-11-03,191400,sunday,H,6,3,11,1,1,0,595235.7142857143,613975.0
Christ College ATM,2013-11-04,914500,monday,W,0,4,11,1,0,0,583275.0,428412.5
Christ College ATM,2013-11-05,834500,tuesday,H,1,5,11,1,0,0,585046.4285714285,590975.0
Christ College ATM,2013-11-06,724400,wednesday,W,2,6,11,1,0,0,595628.5714285715,670287.5
Christ College ATM,2013-11-07,686800,thursday,W,3,7,11,1,0,0,584535.7142857143,677625.0
Christ College ATM,2013-11-08,664500,friday,W,4,8,11,2,0,0,577589.2857142857,690237.5
Christ College ATM,2013-11-09,956500,saturday,H,5,9,11,2,0,0,583132.1428571428,583300.0
Christ College ATM,2013-11-10,709000,sunday,H,6,10,11,2,0,0,599821.4285714285,652237.5
Christ College ATM,2013-11-11,899900,monday,W,0,11,11,2,0,0,603871.4285714285,452050.0
Christ College ATM,2013-11-12,666700,tuesday,W,1,12,11,2,0,0,618550.0,652037.5
Christ College ATM,2013-11-13,548600,wednesday,W,2,13,11,2,0,0,623421.4285714285,650462.5
Christ College ATM,2013-11-14,610100,thursday,W,3,14,11,2,0,0,629803.5714285715,683850.0
Christ College ATM,2013-11-15,756800,friday,W,4,15,11,3,0,0,631321.4285714285,700150.0
Christ College ATM,2013-11-16,572800,saturday,H,5,16,11,3,0,0,644164.2857142857,604887.5
Christ College ATM,2013-11-17,694200,sunday,H,6,17,11,3,0,0,644317.8571428572,658362.5
Christ College ATM,2013-11-18,406300,monday,W,0,18,11,3,0,0,653939.2857142857,506025.0
Christ College ATM,2013-11-19,464600,tuesday,W,1,19,11,3,0,0,648353.5714285715,640412.5
Christ College ATM,2013-11-20,652800,wednesday,W,2,20,11,3,0,0,643092.8571428572,636625.0
Christ College ATM,2013-11-21,562400,thursday,W,3,21,11,3,0,0,653692.8571428572,706450.0
Christ College ATM,2013-11-22,473300,friday,W,4,22,11,4,0,0,657507.1428571428,673675.0
Christ College ATM,2013-11-23,728600,saturday,H,5,23,11,4,0,0,655810.7142857143,620775.0
Christ College ATM,2013-11-24,416000,sunday,H,6,24,11,4,0,0,661807.1428571428,652775.0
Christ College ATM,2013-11-25,793400,monday,W,0,25,11,4,0,0,662746.4285714285,493375.0
Christ College ATM,2013-11-26,547200,tuesday,W,1,26,11,4,0,0,674260.7142857143,675200.0
Christ College ATM,2013-11-27,651300,wednesday,W,2,27,11,4,0,0,666221.4285714285,620712.5
Christ College ATM,2013-11-28,769600,thursday,W,3,28,11,4,0,1,650325.0,679300.0
Christ College ATM,2013-11-29,638900,friday,W,4,29,11,5,0,1,645239.2857142857,680675.0
Christ College ATM,2013-11-30,787400,saturday,H,5,30,11,5,0,1,638750.0,597675.0
Christ College ATM,2013-12-01,800100,sunday,H,6,1,12,1,1,0,654375.0,626700.0
Christ College ATM,2013-12-02,898300,monday,W,0,2,12,1,1,0,676114.2857142857,527600.0
Christ College ATM,2013-12-03,1044200,tuesday,W,1,3,12,1,1,0,675535.7142857143,679375.0
Christ College ATM,2013-12-04,1050900,wednesday,W,2,4,12,1,0,0,683025.0,683962.5
Christ College ATM,2013-12-05,855200,thursday,W,3,5,12,1,0,0,694685.7142857143,681287.5
Christ College ATM,2013-12-06,508000,friday,W,4,6,12,1,0,0,700700.0,677412.5
Christ College ATM,2013-12-07,683600,saturday,H,5,7,12,1,0,0,695110.7142857143,597512.5
Christ College ATM,2013-12-08,320700,sunday,H,6,8,12,2,0,0,685364.2857142857,651000.0
Christ College ATM,2013-12-09,734900,monday,W,0,9,12,2,0,0,671496.4285714285,493237.5
Christ College ATM,2013-12-10,452600,tuesday,W,1,10,12,2,0,0,665603.5714285715,710125.0
Christ College ATM,2013-12-11,726500,wednesday,W,2,11,12,2,0,0,657957.1428571428,674250.0
Christ College ATM,2013-12-12,510500,thursday,W,3,12,12,2,0,0,664310.7142857143,725862.5
Christ College ATM,2013-12-23,104000,monday,W,0,23,12,4,0,0,660753.5714285715,503950.0
Christ College ATM,2013-12-24,522200,tuesday,W,1,24,12,4,0,0,637439.2857142857,652787.5
Christ College ATM,2013-12-25,233100,wednesday,H,2,25,12,4,0,0,635632.1428571428,663037.5
Christ College ATM,2013-12-26,520800,thursday,W,3,26,12,4,0,0,619164.2857142857,710500.0
Christ College ATM,2013-12-27,82400,friday,W,4,27,12,4,0,0,623253.5714285715,671562.5
Christ College ATM,2013-12-28,525600,saturday,H,5,28,12,4,0,0,609603.5714285715,558162.5
Christ College ATM,2013-12-29,233300,sunday,H,6,29,12,5,0,1,605060.7142857143,645637.5
Christ College ATM,2013-12-30,576800,monday,W,0,30,12,5,0,1,593307.1428571428,484400.0
Christ College ATM,2013-12-31,376400,tuesday,W,1,31,12,5,0,1,597003.5714285715,666012.5
Christ College ATM,2014-01-01,318400,wednesday,H,2,1,1,1,1,0,584425.0,613550.0
Christ College ATM,2014-01-02,836100,thursday,W,3,2,1,1,1,0,580939.2857142857,613250.0
Christ College ATM,2014-01-03,831500,friday,W,4,3,1,1,1,0,582464.2857142857,719125.0
Christ College ATM,2014-01-04,960600,saturday,H,5,4,1,1,0,0,592617.8571428572,597000.0
Christ College ATM,2014-01-05,523900,sunday,H,6,5,1,1,0,0,603664.2857142857,695625.0
Christ College ATM,2014-01-06,1087000,monday,W,0,6,1,1,0,0,594889.2857142857,525962.5
Christ College ATM,2014-01-07,760600,tuesday,W,1,7,1,1,0,0,610892.8571428572,687575.0
Christ College ATM,2014-01-08,1028300,wednesday,W,2,8,1,2,0,0,609935.7142857143,604312.5
Christ College ATM,2014-01-09,577000,thursday,W,3,9,1,2,0,0,618085.7142857143,651237.5
Christ College ATM,2014-01-10,785300,friday,W,4,10,1,2,0,0,606610.7142857143,677250.0
Christ College ATM,2014-01-11,710000,saturday,H,5,11,1,2,0,0,597364.2857142857,592587.5
Christ College ATM,2014-01-12,353600,sunday,H,6,12,1,2,0,0,585189.2857142857,740637.5
Christ College ATM,2014-01-13,664000,monday,W,0,13,1,2,0,0,567275.0,481537.5
Christ College ATM,2014-01-14,294400,tuesday,H,1,14,1,2,0,0,572846.4285714285,658087.5
Christ College ATM,2014-01-15,313800,wednesday,H,2,15,1,3,0,0,558946.4285714285,557775.0
Christ College ATM,2014-01-16,354500,thursday,H,3,16,1,3,0,0,558700.0,621887.5
Christ College ATM,2014-01-17,1042800,friday,W,4,17,1,3,0,0,545114.2857142857,635712.5
Christ College ATM,2014-01-18,741600,saturday,H,5,18,1,3,0,0,566192.8571428572,639875.0
Christ College ATM,2014-01-19,461600,sunday,H,6,19,1,3,0,0,566732.1428571428,713775.0
Christ College ATM,2014-01-20,762100,monday,W,0,20,1,3,0,0,564985.7142857143,452462.5
Christ College ATM,2014-01-21,801900,tuesday,W,1,21,1,3,0,0,588489.2857142857,702562.5
Christ College ATM,2014-01-22,705700,wednesday,W,2,22,1,4,0,0,598478.5714285715,599937.5
Christ College ATM,2014-01-23,461800,thursday,W,3,23,1,4,0,0,615357.1428571428,628500.0
Christ College ATM,2014-01-24,362700,friday,W,4,24,1,4,0,0,613250.0,617175.0
Christ College ATM,2014-01-25,636700,saturday,H,5,25,1,4,0,0,623260.7142857143,590612.5
Christ College ATM,2014-01-26,349900,sunday,H,6,26,1,4,0,0,627228.5714285715,721762.5
Christ College ATM,2014-01-27,467400,monday,W,0,27,1,4,0,0,631392.8571428572,444200.0
Christ College ATM,2014-01-28,444200,tuesday,W,1,28,1,4,0,0,627485.7142857143,661812.5
Christ College ATM,2014-01-29,549600,wednesday,W,2,29,1,5,0,1,629907.1428571428,587062.5
Christ College ATM,2014-01-30,592100,thursday,W,3,30,1,5,0,1,638164.2857142857,615787.5
Christ College ATM,2014-01-31,980200,friday,W,4,31,1,5,0,1,629450.0,620887.5
Christ College ATM,2014-02-01,937600,saturday,H,5,1,2,1,1,0,634760.7142857143,653975.0
Christ College ATM,2014-02-02,1201400,sunday,H,6,2,2,1,1,0,633939.2857142857,747887.5
Christ College ATM,2014-02-03,498600,monday,W,0,3,2,1,1,0,658135.7142857143,494362.5
Christ College ATM,2014-02-04,981600,tuesday,W,1,4,2,1,0,0,637121.4285714285,611850.0
Christ College ATM,2014-02-05,708600,wednesday,W,2,5,2,1,0,0,645014.2857142857,579237.5
Christ College ATM,2014-02-06,866200,thursday,W,3,6,2,1,0,0,633596.4285714285,573000.0
Christ College ATM,2014-02-07,643800,friday,W,4,7,2,1,0,0,643925.0,632962.5
Christ College ATM,2014-02-08,1087300,saturday,H,5,8,2,2,0,0,638871.4285714285,654587.5
Christ College ATM,2014-02-09,357400,sunday,H,6,9,2,2,0,0,652346.4285714285,785375.0
Christ College ATM,2014-02-10,1127700,monday,W,0,10,2,2,0,0,652482.1428571428,498950.0
Christ College ATM,2014-02-11,841100,tuesday,W,1,11,2,2,0,0,669042.8571428572,660950.0
Christ College ATM,2014-02-12,933600,wednesday,W,2,12,2,2,0,0,688567.8571428572,627800.0
Christ College ATM,2014-02-13,613800,thursday,W,3,13,2,2,0,0,710703.5714285715,598887.5
Christ College ATM,2014-02-14,768100,friday,W,4,14,2,2,0,0,719964.2857142857,602787.5
Christ College ATM,2014-02-15,658000,saturday,H,5,15,2,3,0,0,710153.5714285715,687100.0
Christ College ATM,2014-02-16,525000,sunday,H,6,16,2,3,0,0,707167.8571428572,782175.0
Christ College ATM,2014-02-17,378700,monday,W,0,17,2,3,0,0,709432.1428571428,500762.5
Christ College ATM,2014-02-18,484000,tuesday,W,1,18,2,3,0,0,695739.2857142857,695287.5
Christ College ATM,2014-02-19,666100,wednesday,W,2,19,2,3,0,0,684385.7142857143,623025.0
Christ College ATM,2014-02-20,680200,thursday,W,3,20,2,3,0,0,682971.4285714285,653012.5
Christ College ATM,2014-02-21,731200,friday,W,4,21,2,3,0,0,690771.4285714285,622712.5
Christ College ATM,2014-02-22,582700,saturday,H,5,22,2,4,0,0,703932.1428571428,768200.0
Christ College ATM,2014-02-23,482700,sunday,H,6,23,2,4,0,0,702003.5714285715,789312.5
Christ College ATM,2014-02-24,639800,monday,W,0,24,2,4,0,0,706746.4285714285,531937.5
Christ College ATM,2014-02-25,867100,tuesday,W,1,25,2,4,0,0,712903.5714285715,703162.5
Christ College ATM,2014-02-26,693700,wednesday,W,2,26,2,4,0,1,728007.1428571428,684362.5
Christ College ATM,2014-02-27,824500,thursday,W,3,27,2,4,0,1,733153.5714285715,699925.0
Christ College ATM,2014-02-28,747200,friday,W,4,28,2,4,0,1,741453.5714285715,621262.5
Christ College ATM,2014-03-01,1119600,saturday,H,5,1,3,1,1,0,733132.1428571428,757662.5
Christ College ATM,2014-03-02,1017100,sunday,H,6,2,3,1,1,0,739632.1428571428,809187.5
Christ College ATM,2014-03-03,1670800,monday,W,0,3,3,1,1,0,733050.0,593587.5
Christ College ATM,2014-03-04,1487000,tuesday,W,1,4,3,1,0,0,774914.2857142857,776137.5
Christ College ATM,2014-03-05,1447400,wednesday,W,2,5,3,1,0,0,792964.2857142857,775162.5
Christ College ATM,2014-03-06,945900,thursday,W,3,6,3,1,0,0,819350.0,752312.5
Christ College ATM,2014-03-07,908700,friday,W,4,7,3,1,0,0,822196.4285714285,667375.0
Christ College ATM,2014-03-08,1252500,saturday,H,5,8,3,2,0,0,831657.1428571428,773087.5
Christ College ATM,2014-03-09,529800,sunday,H,6,9,3,2,0,0,837557.1428571428,877000.0
Christ College ATM,2014-03-10,994200,monday,W,0,10,3,2,0,0,843714.2857142857,615612.5
Christ College ATM,2014-03-11,762800,tuesday,W,1,11,3,2,0,0,838946.4285714285,817412.5
Christ College ATM,2014-03-12,685700,wednesday,W,2,12,3,2,0,0,836150.0,833712.5
Christ College ATM,2014-03-13,530100,thursday,W,3,13,3,2,0,0,827296.4285714285,798800.0
Christ College ATM,2014-03-14,442200,friday,W,4,14,3,2,0,0,824307.1428571428,689325.0
Christ College ATM,2014-03-15,582300,saturday,H,5,15,3,3,0,0,812667.8571428572,698012.5
Christ College ATM,2014-03-16,586200,sunday,H,6,16,3,3,0,0,809964.2857142857,857087.5
Christ College ATM,2014-03-17,819800,monday,W,0,17,3,3,0,0,812150.0,631187.5
Christ College ATM,2014-03-18,924000,tuesday,W,1,18,3,3,0,0,827903.5714285715,824625.0
Christ College ATM,2014-03-19,699700,wednesday,W,2,19,3,3,0,0,843617.8571428572,848975.0
Christ College ATM,2014-03-20,474400,thursday,W,3,20,3,3,0,0,844817.8571428572,798050.0
Christ College ATM,2014-03-21,591900,friday,W,4,21,3,3,0,0,837467.8571428572,690900.0
Christ College ATM,2014-03-22,737000,saturday,H,5,22,3,4,0,0,832492.8571428572,726662.5
Christ College ATM,2014-03-23,465700,sunday,H,6,23,3,4,0,0,838003.5714285715,869625.0
Christ College ATM,2014-03-24,468100,monday,W,0,24,3,4,0,0,837396.4285714285,645662.5
Christ College ATM,2014-03-25,732500,tuesday,W,1,25,3,4,0,0,831264.2857142857,824712.5
Christ College ATM,2014-03-26,701200,wednesday,W,2,26,3,4,0,0,826457.1428571428,885012.5
Christ College ATM,2014-03-27,506800,thursday,W,3,27,3,4,0,0,826725.0,817000.0
Christ College ATM,2014-03-28,773000,friday,W,4,28,3,4,0,0,815378.5714285715,680237.5
Christ College ATM,2014-03-29,1086100,saturday,H,5,29,3,5,0,1,816300.0,700762.5
Christ College ATM,2014-03-30,439800,sunday,H,6,30,3,5,0,1,815103.5714285715,888187.5
Christ College ATM,2014-03-31,581100,monday,H,0,31,3,5,0,1,794485.7142857143,550462.5
Christ College ATM,2014-04-02,820300,wednesday,W,2,2,4,1,1,0,755567.8571428572,834950.0
Christ College ATM,2014-04-03,1153500,thursday,W,3,3,4,1,1,0,731757.1428571428,830962.5
Christ College ATM,2014-04-04,605800,friday,W,4,4,4,1,0,0,721260.7142857143,716150.0
Christ College ATM,2014-04-05,831700,saturday,H,5,5,4,1,0,0,709114.2857142857,696012.5
Christ College ATM,2014-04-06,735300,sunday,H,6,6,4,1,0,0,706364.2857142857,856237.5
Christ College ATM,2014-04-07,1154300,monday,W,0,7,4,1,0,0,687892.8571428572,597700.0
Christ College ATM,2014-04-08,1163100,tuesday,W,1,8,4,2,0,0,710196.4285714285,906675.0
Christ College ATM,2014-04-09,803400,wednesday,W,2,9,4,2,0,0,716228.5714285715,875200.0
Christ College ATM,2014-04-10,910400,thursday,W,3,10,4,2,0,0,717678.5714285715,814687.5
Christ College ATM,2014-04-11,916200,friday,W,4,11,4,2,0,0,725703.5714285715,753225.0
Christ College ATM,2014-04-12,915700,saturday,H,5,12,4,2,0,0,739492.8571428572,714525.0
Christ College ATM,2014-04-13,458200,sunday,H,6,13,4,2,0,0,756403.5714285715,888450.0
Christ College ATM,2014-04-14,314100,monday,H,0,14,4,2,0,0,751971.4285714285,589350.0
Christ College ATM,2014-04-15,449100,tuesday,W,1,15,4,3,0,0,742253.5714285715,804975.0
Christ College ATM,2014-04-16,1102200,wednesday,W,2,16,4,3,0,0,729014.2857142857,870837.5
Christ College ATM,2014-04-17,770000,thursday,W,3,17,4,3,0,0,735378.5714285715,869200.0
Christ College ATM,2014-04-18,457600,friday,H,4,18,4,3,0,0,737889.2857142857,764450.0
Christ College ATM,2014-04-19,630200,saturday,H,5,19,4,3,0,0,737289.2857142857,680325.0
Christ College ATM,2014-04-20,214700,sunday,H,6,20,4,3,0,0,738657.1428571428,894387.5
Christ College ATM,2014-04-21,469100,monday,W,0,21,4,3,0,0,720003.5714285715,555850.0
Christ College ATM,2014-04-22,510700,tuesday,W,1,22,4,4,0,0,720125.0,816275.0
Christ College ATM,2014-04-23,618700,wednesday,W,2,23,4,4,0,0,721646.4285714285,826287.5
Christ College ATM,2014-04-24,143400,thursday,W,3,24,4,4,0,0,717582.1428571428,859825.0
Christ College ATM,2014-04-25,502200,friday,W,4,25,4,4,0,0,697660.7142857143,679312.5
Christ College ATM,2014-04-26,619000,saturday,H,5,26,4,4,0,0,697496.4285714285,649700.0
Christ College ATM,2014-04-27,248300,sunday,H,6,27,4,4,0,0,691996.4285714285,831812.5
Christ College ATM,2014-04-28,703700,monday,W,0,28,4,4,0,1,662075.0,459750.0
Christ College ATM,2014-04-29,419900,tuesday,W,1,29,4,5,0,1,671500.0,824262.5
Christ College ATM,2014-04-30,880100,wednesday,W,2,30,4,5,0,1,665742.8571428572,692900.0
Christ College ATM,2014-05-01,478600,thursday,H,3,1,5,1,1,0,667878.5714285715,788912.5
Christ College ATM,2014-05-02,718600,friday,W,4,2,5,1,1,0,643775.0,620900.0
Christ College ATM,2014-05-03,797800,saturday,H,5,3,5,1,1,0,647803.5714285715,625937.5
Christ College ATM,2014-05-04,533700,sunday,H,6,4,5,1,0,0,646592.8571428572,774975.0
Christ College ATM,2014-05-05,676900,monday,W,0,5,5,1,0,0,639392.8571428572,460237.5
Christ College ATM,2014-05-06,821400,tuesday,W,1,6,5,1,0,0,622342.8571428572,700025.0
Christ College ATM,2014-05-07,626000,wednesday,W,2,7,5,1,0,0,610139.2857142857,700225.0
Christ College ATM,2014-05-08,684200,thursday,W,3,8,5,2,0,0,603803.5714285715,781450.0
Christ College ATM,2014-05-09,675100,friday,W,4,9,5,2,0,0,595725.0,640162.5
Christ College ATM,2014-05-10,619400,saturday,H,5,10,5,2,0,0,587114.2857142857,655050.0
Christ College ATM,2014-05-11,254600,sunday,H,6,11,5,2,0,0,576532.1428571428,779612.5
Christ College ATM,2014-05-12,570800,monday,W,0,12,5,2,0,0,569260.7142857143,418787.5
Christ College ATM,2014-05-13,684000,tuesday,W,1,13,5,2,0,0,578428.5714285715,647100.0
Christ College ATM,2014-05-14,689300,wednesday,W,2,14,5,2,0,0,586817.8571428572,670225.0
Christ College ATM,2014-05-15,901200,thursday,W,3,15,5,3,0,0,572071.4285714285,780150.0
Christ College ATM,2014-05-16,591000,friday,W,4,16,5,3,0,0,576757.1428571428,693512.5
Christ College ATM,2014-05-17,782600,saturday,H,5,17,5,3,0,0,581521.4285714285,654937.5
Christ College ATM,2014-05-18,477200,sunday,H,6,18,5,3,0,0,586964.2857142857,785312.5
Christ College ATM,2014-05-19,861200,monday,W,0,19,5,3,0,0,596339.2857142857,420225.0
Christ College ATM,2014-05-20,881000,tuesday,W,1,20,5,3,0,0,610342.8571428572,652275.0
Christ College ATM,2014-05-21,827000,wednesday,W,2,21,5,3,0,0,623567.8571428572,688787.5
Christ College ATM,2014-05-22,882000,thursday,W,3,22,5,4,0,0,631007.1428571428,795875.0
Christ College ATM,2014-05-23,627800,friday,W,4,23,5,4,0,0,657385.7142857143,740412.5
Christ College ATM,2014-05-24,619000,saturday,H,5,24,5,4,0,0,661871.4285714285,636787.5
Christ College ATM,2014-05-25,368900,sunday,H,6,25,5,4,0,0,661871.4285714285,726925.0
Christ College ATM,2014-05-26,1085600,monday,W,0,26,5,4,0,0,666178.5714285715,411362.5
Christ College ATM,2014-05-27,574300,tuesday,W,1,27,5,4,0,0,679817.8571428572,729462.5
Christ College ATM,2014-05-28,733600,wednesday,W,2,28,5,4,0,0,685332.1428571428,687937.5
Christ College ATM,2014-05-29,1269500,thursday,W,3,29,5,5,0,1,680100.0,785037.5
Christ College ATM,2014-05-30,676300,friday,W,4,30,5,5,0,1,708346.4285714285,754912.5
Christ College ATM,2014-05-31,1025200,saturday,H,5,31,5,5,0,1,706835.7142857143,645600.0
Christ College ATM,2014-06-01,934400,sunday,H,6,1,6,1,1,0,714957.1428571428,751112.5
Christ College ATM,2014-06-02,951900,monday,W,0,2,6,1,1,0,729267.8571428572,436250.0
Christ College ATM,2014-06-03,1082200,tuesday,W,1,3,6,1,1,0,739089.2857142857,704162.5
Christ College ATM,2014-06-04,1238700,wednesday,W,2,4,6,1,0,0,748403.5714285715,677825.0
Christ College ATM,2014-06-05,1132200,thursday,W,3,5,6,1,0,0,770285.7142857143,839450.0
Christ College ATM,2014-06-06,1091900,friday,W,4,6,6,1,0,0,786285.7142857143,782637.5
Christ College ATM,2014-06-07,1221000,saturday,H,5,7,6,1,0,0,801171.4285714285,667562.5
Christ College ATM,2014-06-08,569700,sunday,H,6,8,6,2,0,0,822657.1428571428,789275.0
Christ College ATM,2014-06-09,844400,monday,W,0,9,6,2,0,0,833910.7142857143,450187.5
Christ College ATM,2014-06-10,617600,tuesday,W,1,10,6,2,0,0,843682.1428571428,770450.0
Christ College ATM,2014-06-11,839200,wednesday,W,2,11,6,2,0,0,841310.7142857143,698887.5
Christ College ATM,2014-06-12,466200,thursday,W,3,12,6,2,0,0,846664.2857142857,806575.0
Christ College ATM,2014-06-13,396000,friday,W,4,13,6,2,0,0,831128.5714285715,744662.5
Christ College ATM,2014-06-14,453400,saturday,H,5,14,6,2,0,0,824164.2857142857,659862.5
Christ College ATM,2014-06-15,400700,sunday,H,6,15,6,3,0,0,812407.1428571428,767175.0
Christ College ATM,2014-06-16,972000,monday,W,0,16,6,3,0,0,809675.0,473437.5
Christ College ATM,2014-06-17,626200,tuesday,W,1,17,6,3,0,0,813632.1428571428,833312.5
Christ College ATM,2014-06-18,580800,wednesday,W,2,18,6,3,0,0,804532.1428571428,713325.0
Christ College ATM,2014-06-19,471700,thursday,W,3,19,6,3,0,0,795739.2857142857,801837.5
Christ College ATM,2014-06-20,560600,friday,W,4,20,6,3,0,0,781085.7142857143,785700.0
Christ College ATM,2014-06-21,714800,saturday,H,5,21,6,3,0,0,778685.7142857143,667162.5
Christ College ATM,2014-06-22,380100,sunday,H,6,22,6,4,0,0,782107.1428571428,779150.0
Christ College ATM,2014-06-23,402300,monday,W,0,23,6,4,0,0,782507.1428571428,489912.5
Christ College ATM,2014-06-24,413900,tuesday,W,1,24,6,4,0,0,758103.5714285715,795637.5
Christ College ATM,2014-06-25,346200,wednesday,W,2,25,6,4,0,0,752375.0,712575.0
Christ College ATM,2014-06-26,621800,thursday,W,3,26,6,4,0,0,738539.2857142857,735100.0
Christ College ATM,2014-06-27,339400,friday,W,4,27,6,4,0,0,715407.1428571428,803600.0
Christ College ATM,2014-06-28,536200,saturday,H,5,28,6,4,0,1,703375.0,619762.5
Christ College ATM,2014-06-29,347100,sunday,H,6,29,6,5,0,1,685910.7142857143,746450.0
Christ College ATM,2014-06-30,627400,monday,W,0,30,6,5,0,1,664935.7142857143,466587.5
Christ College ATM,2014-07-01,1208500,tuesday,W,1,1,7,1,1,0,653346.4285714285,789450.0
Christ College ATM,2014-07-02,650500,wednesday,W,2,2,7,1,1,0,657857.1428571428,760962.5
Christ College ATM,2014-07-03,1330000,thursday,W,3,3,7,1,1,0,636850.0,738162.5
Christ College ATM,2014-07-04,799900,friday,W,4,4,7,1,0,0,643914.2857142857,884325.0
Christ College ATM,2014-07-05,1076100,saturday,H,5,5,7,1,0,0,633485.7142857143,635362.5
Christ College ATM,2014-07-06,735600,sunday,H,6,6,7,1,0,0,628310.7142857143,803537.5
Christ College ATM,2014-07-07,1273700,monday,W,0,7,7,1,0,0,634235.7142857143,526712.5
Christ College ATM,2014-07-08,872500,tuesday,W,1,8,7,2,0,0,649567.8571428572,877312.5
Christ College ATM,2014-07-09,726200,wednesday,W,2,9,7,2,0,0,658671.4285714285,784525.0
Christ College ATM,2014-07-10,471200,thursday,W,3,10,7,2,0,0,654635.7142857143,742775.0
Christ College ATM,2014-07-11,721000,friday,W,4,11,7,2,0,0,654814.2857142857,830575.0
Christ College ATM,2014-07-12,956700,saturday,H,5,12,7,2,0,0,666421.4285714285,651612.5
Christ College ATM,2014-07-13,200500,sunday,H,6,13,7,2,0,0,684396.4285714285,825300.0
Christ College ATM,2014-07-14,854000,monday,W,0,14,7,2,0,0,677246.4285714285,492125.0
Christ College ATM,2014-07-15,818300,tuesday,W,1,15,7,3,0,0,673032.1428571428,876412.5
Christ College ATM,2014-07-16,641400,wednesday,W,2,16,7,3,0,0,679892.8571428572,776687.5
Christ College ATM,2014-07-17,548900,thursday,W,3,17,7,3,0,0,682057.1428571428,719575.0
Christ College ATM,2014-07-18,553300,friday,W,4,18,7,3,0,0,684814.2857142857,788937.5
Christ College ATM,2014-07-19,862600,saturday,H,5,19,7,3,0,0,684553.5714285715,642300.0
Christ College ATM,2014-07-20,424000,sunday,H,6,20,7,3,0,0,689832.1428571428,855750.0
Christ College ATM,2014-07-21,483000,monday,W,0,21,7,3,0,0,691400.0,499012.5
Christ College ATM,2014-07-22,436000,tuesday,W,1,22,7,4,0,0,694282.1428571428,801087.5
Christ College ATM,2014-07-23,472200,wednesday,W,2,23,7,4,0,0,695071.4285714285,759400.0
Christ College ATM,2014-07-24,470000,thursday,W,3,24,7,4,0,0,699571.4285714285,686900.0
Christ College ATM,2014-07-25,504600,friday,W,4,25,7,4,0,0,694150.0,689000.0
Christ College ATM,2014-07-26,369300,saturday,H,5,26,7,4,0,0,700050.0,620837.5
Christ College ATM,2014-07-27,167700,sunday,H,6,27,7,4,0,0,694089.2857142857,773762.5
Christ College ATM,2014-07-28,496100,monday,W,0,28,7,4,0,0,687682.1428571428,403175.0
Christ College ATM,2014-07-29,231100,tuesday,H,1,29,7,5,0,1,682992.8571428572,744112.5
Christ College ATM,2014-07-30,386800,wednesday,W,2,30,7,5,0,1,648085.7142857143,653012.5
Christ College ATM,2014-07-31,735500,thursday,W,3,31,7,5,0,1,638667.8571428572,580412.5
Christ College ATM,2014-08-01,865300,friday,W,4,1,8,1,1,0,617435.7142857143,639412.5
Christ College ATM,2014-08-02,1162600,saturday,H,5,2,8,1,1,0,619771.4285714285,592512.5
Christ College ATM,2014-08-03,877900,sunday,H,6,3,8,1,1,0,622860.7142857143,766462.5
Christ College ATM,2014-08-04,1230000,monday,W,0,4,8,1,0,0,627942.8571428572,441700.0
Christ College ATM,2014-08-05,781900,tuesday,W,1,5,8,1,0,0,626382.1428571428,792312.5
Christ College ATM,2014-08-06,687400,wednesday,W,2,6,8,1,0,0,623146.4285714285,673550.0
Christ College ATM,2014-08-07,1025400,thursday,W,3,7,8,1,0,0,621760.7142857143,561437.5
Christ College ATM,2014-08-08,661600,friday,W,4,8,8,2,0,0,641553.5714285715,709312.5
Christ College ATM,2014-08-09,822000,saturday,H,5,9,8,2,0,0,639432.1428571428,625712.5
Christ College ATM,2014-08-10,638900,sunday,H,6,10,8,2,0,0,634621.4285714285,812537.5
Christ College ATM,2014-08-11,596800,monday,W,0,11,8,2,0,0,650278.5714285715,471475.0
Christ College ATM,2014-08-12,466700,tuesday,W,1,12,8,2,0,0,641092.8571428572,745412.5
Christ College ATM,2014-08-13,535300,wednesday,W,2,13,8,2,0,0,628535.7142857143,653612.5
Christ College ATM,2014-08-14,905200,thursday,W,3,14,8,2,0,0,624746.4285714285,555750.0
Christ College ATM,2014-08-15,365300,friday,H,4,15,8,3,0,0,637471.4285714285,763500.0
Christ College ATM,2014-08-16,991500,saturday,H,5,16,8,3,0,0,630757.1428571428,601300.0
Christ College ATM,2014-08-17,463400,sunday,H,6,17,8,3,0,0,635360.7142857143,847125.0
Christ College ATM,2014-08-18,592600,monday,W,0,18,8,3,0,0,636767.8571428572,481887.5
Christ College ATM,2014-08-19,441500,tuesday,W,1,19,8,3,0,0,640682.1428571428,769200.0
Christ College ATM,2014-08-20,593100,wednesday,W,2,20,8,3,0,0,640878.5714285715,657062.5
Christ College ATM,2014-08-21,707900,thursday,W,3,21,8,3,0,0,645196.4285714285,586612.5
Christ College ATM,2014-08-22,609800,friday,W,4,22,8,4,0,0,653692.8571428572,774262.5
Christ College ATM,2014-08-23,785100,saturday,H,5,23,8,4,0,0,657450.0,635100.0
Christ College ATM,2014-08-24,361800,sunday,H,6,24,8,4,0,0,672300.0,878237.5
Christ College ATM,2014-08-25,570700,monday,W,0,25,8,4,0,0,679232.1428571428,483725.0
Christ College ATM,2014-08-26,635500,tuesday,W,1,26,8,4,0,0,681896.4285714285,762112.5
Christ College ATM,2014-08-27,635500,wednesday,W,2,27,8,4,0,0,696339.2857142857,585437.5
Christ College ATM,2014-08-28,974000,thursday,W,3,28,8,4,0,0,705221.4285714285,584737.5
Christ College ATM,2014-08-29,502800,friday,H,4,29,8,5,0,1,713739.2857142857,729762.5
Christ College ATM,2014-08-30,1220000,saturday,H,5,30,8,5,0,1,700792.8571428572,597962.5
Christ College ATM,2014-08-31,599400,sunday,H,6,31,8,5,0,1,702842.8571428572,896225.0
Christ College ATM,2014-09-01,957100,monday,W,0,1,9,1,1,0,692896.4285714285,466700.0
Christ College ATM,2014-09-02,845300,tuesday,W,1,2,9,1,1,0,683150.0,722537.5
Christ College ATM,2014-09-03,904100,wednesday,W,2,3,9,1,1,0,685414.2857142857,582037.5
Christ College ATM,2014-09-04,1212100,thursday,W,3,4,9,1,0,0,693153.5714285715,606975.0
Christ College ATM,2014-09-05,778400,friday,W,4,5,9,1,0,0,699821.4285714285,822375.0
Christ College ATM,2014-09-06,1107800,saturday,H,5,6,9,1,0,0,703992.8571428572,605137.5
Christ College ATM,2014-09-07,921600,sunday,H,6,7,9,1,0,0,714200.0,915112.5
Christ College ATM,2014-09-08,1103600,monday,W,0,8,9,2,0,0,724296.4285714285,556837.5
Christ College ATM,2014-09-09,668100,tuesday,W,1,9,9,2,0,0,742396.4285714285,753737.5
Christ College ATM,2014-09-10,622700,wednesday,W,2,10,9,2,0,0,749589.2857142857,563262.5
Christ College ATM,2014-09-11,483400,thursday,W,3,11,9,2,0,0,752710.7142857143,604637.5
Christ College ATM,2014-09-12,684600,friday,W,4,12,9,2,0,0,737646.4285714285,814187.5
Christ College ATM,2014-09-13,888800,saturday,H,5,13,9,2,0,0,749050.0,621550.0
Christ College ATM,2014-09-14,569900,sunday,H,6,14,9,2,0,0,745382.1428571428,918387.5
Christ College ATM,2014-09-15,844000,monday,W,0,15,9,3,0,0,749185.7142857143,575075.0
Christ College ATM,2014-09-16,373800,tuesday,W,1,16,9,3,0,0,758164.2857142857,798862.5
Christ College ATM,2014-09-17,747300,wednesday,W,2,17,9,3,0,0,755746.4285714285,555487.5
Christ College ATM,2014-09-18,556200,thursday,W,3,18,9,3,0,0,761253.5714285715,639025.0
Christ College ATM,2014-09-19,624100,friday,W,4,19,9,3,0,0,755835.7142857143,824962.5
Christ College ATM,2014-09-20,762000,saturday,H,5,20,9,3,0,0,756346.4285714285,636487.5
Christ College ATM,2014-09-21,169600,sunday,H,6,21,9,3,0,0,755521.4285714285,967475.0
Christ College ATM,2014-09-22,497000,monday,W,0,22,9,4,0,0,748657.1428571428,575312.5
Christ College ATM,2014-09-23,384400,tuesday,W,1,23,9,4,0,0,746025.0,798975.0
Christ College ATM,2014-09-24,394100,wednesday,W,2,24,9,4,0,0,737057.1428571428,574650.0
Christ College ATM,2014-09-25,405800,thursday,W,3,25,9,4,0,0,728435.7142857143,639937.5
Christ College ATM,2014-09-26,348100,friday,W,4,26,9,4,0,0,708142.8571428572,783750.0
Christ College ATM,2014-09-27,514900,saturday,H,5,27,9,4,0,0,702617.8571428572,571837.5
Christ College ATM,2014-09-28,823700,sunday,H,6,28,9,4,0,1,677435.7142857143,886512.5
Christ College ATM,2014-09-29,1123200,monday,W,0,29,9,5,0,1,685446.4285714285,568537.5
Christ College ATM,2014-09-30,1065000,tuesday,W,1,30,9,5,0,1,691378.5714285715,785625.0
Christ College ATM,2014-10-01,1314700,wednesday,W,2,1,10,1,1,0,699225.0,610037.5
Christ College ATM,2014-10-02,906200,thursday,H,3,2,10,1,1,0,713889.2857142857,718350.0
Christ College ATM,2014-10-03,81300,friday,H,4,3,10,1,1,0,702964.2857142857,768850.0
Christ College ATM,2014-10-04,764900,saturday,H,5,4,10,1,0,0,678067.8571428572,499300.0
Christ College ATM,2014-10-05,831600,sunday,H,6,5,10,1,0,0,665821.4285714285,879375.0
Christ College ATM,2014-10-06,947500,monday,W,0,6,10,1,0,0,662607.1428571428,592625.0
Christ College ATM,2014-10-07,1391800,tuesday,W,1,7,10,1,0,0,657032.1428571428,829462.5
Christ College ATM,2014-10-08,1699000,wednesday,W,2,8,10,2,0,0,682878.5714285715,725675.0
Christ College ATM,2014-10-09,1194100,thursday,W,3,9,10,2,0,0,721317.8571428572,863812.5
Christ College ATM,2014-10-10,1205800,friday,W,4,10,10,2,0,0,746700.0,804962.5
Christ College ATM,2014-10-11,1339400,saturday,H,5,11,10,2,0,0,765314.2857142857,604362.5
Christ College ATM,2014-10-12,405200,sunday,H,6,12,10,2,0,0,781407.1428571428,922862.5
Christ College ATM,2014-10-13,874400,monday,W,0,13,10,2,0,0,775525.0,585350.0
Christ College ATM,2014-10-14,587400,tuesday,W,1,14,10,2,0,0,776610.7142857143,864687.5
Christ College ATM,2014-10-15,518800,wednesday,W,2,15,10,3,0,0,784239.2857142857,743912.5
Christ College ATM,2014-10-16,660300,thursday,W,3,16,10,3,0,0,776078.5714285715,854525.0
Christ College ATM,2014-10-17,824600,friday,W,4,17,10,3,0,0,779796.4285714285,799012.5
Christ College ATM,2014-10-18,1203400,saturday,H,5,18,10,3,0,0,786957.1428571428,631212.5
Christ College ATM,2014-10-19,680100,sunday,H,6,19,10,3,0,0,802721.4285714285,975150.0
Christ College ATM,2014-10-20,1235000,monday,W,0,20,10,3,0,0,820953.5714285715,625137.5
Christ College ATM,2014-10-21,1203800,tuesday,W,1,21,10,3,0,0,847310.7142857143,947725.0
Christ College ATM,2014-10-22,356700,wednesday,H,2,22,10,4,0,0,876575.0,814950.0
Christ College ATM,2014-10-23,540600,thursday,W,3,23,10,4,0,0,875239.2857142857,819675.0
Christ College ATM,2014-10-24,648900,friday,W,4,24,10,4,0,0,880053.5714285715,744837.5
Christ College ATM,2014-10-25,767500,saturday,H,5,25,10,4,0,0,890796.4285714285,649475.0
Christ College ATM,2014-10-26,531400,sunday,H,6,26,10,4,0,0,899817.8571428572,918587.5
Christ College ATM,2014-10-27,537900,monday,W,0,27,10,4,0,0,889378.5714285715,616637.5
Christ College ATM,2014-10-28,333500,tuesday,W,1,28,10,4,0,0,868475.0,895325.0
Christ College ATM,2014-10-29,481600,wednesday,W,2,29,10,5,0,1,842350.0,750975.0
Christ College ATM,2014-10-30,465100,thursday,W,3,30,10,5,0,1,812596.4285714285,766862.5
Christ College ATM,2014-10-31,510900,friday,W,4,31,10,5,0,1,796842.8571428572,651462.5
Christ College ATM,2014-11-01,800000,saturday,H,5,1,11,1,1,0,812185.7142857143,616037.5
Christ College ATM,2014-11-02,888700,sunday,H,6,2,11,1,1,0,813439.2857142857,880112.5
Christ College ATM,2014-11-03,1178000,monday,W,0,3,11,1,1,0,815478.5714285715,612525.0
Christ College ATM,2014-11-04,592700,tuesday,H,1,4,11,1,0,0,823710.7142857143,904625.0
Christ College ATM,2014-11-05,929900,wednesday,W,2,5,11,1,0,0,795171.4285714285,741550.0
Christ College ATM,2014-11-06,804800,thursday,W,3,6,11,1,0,0,767703.5714285715,805262.5
Christ College ATM,2014-11-07,786200,friday,W,4,7,11,1,0,0,753800.0,691637.5
Christ College ATM,2014-11-08,1292800,saturday,H,5,8,11,2,0,0,738814.2857142857,628737.5
Christ College ATM,2014-11-09,311500,sunday,H,6,9,11,2,0,0,737150.0,930612.5
Christ College ATM,2014-11-10,780000,monday,W,0,10,11,2,0,0,733803.5714285715,580225.0
Christ College ATM,2014-11-11,987100,tuesday,W,1,11,11,2,0,0,730432.1428571428,896625.0
Christ College ATM,2014-11-12,856000,wednesday,W,2,12,11,2,0,0,744707.1428571428,818212.5
Christ College ATM,2014-11-13,623800,thursday,W,3,13,11,2,0,0,756750.0,818850.0
Christ College ATM,2014-11-14,486200,friday,W,4,14,11,2,0,0,755446.4285714285,700087.5
Christ College ATM,2014-11-15,710700,saturday,H,5,15,11,3,0,0,743360.7142857143,611500.0
Christ College ATM,2014-11-16,416300,sunday,H,6,16,11,3,0,0,725764.2857142857,924200.0
Christ College ATM,2014-11-17,690500,monday,W,0,17,11,3,0,0,716342.8571428572,611062.5
Christ College ATM,2014-11-18,674600,tuesday,W,1,18,11,3,0,0,696896.4285714285,920812.5
Christ College ATM,2014-11-19,485400,wednesday,W,2,19,11,3,0,0,677996.4285714285,854487.5
Christ College ATM,2014-11-20,641300,thursday,W,3,20,11,3,0,0,682592.8571428572,830262.5
Christ College ATM,2014-11-21,392600,friday,W,4,21,11,3,0,0,686189.2857142857,729525.0
Christ College ATM,2014-11-22,662600,saturday,H,5,22,11,4,0,0,677035.7142857143,617062.5
Christ College ATM,2014-11-23,277900,sunday,H,6,23,11,4,0,0,673289.2857142857,942662.5
Christ College ATM,2014-11-24,439700,monday,W,0,24,11,4,0,0,664235.7142857143,542837.5
Christ College ATM,2014-11-25,495300,tuesday,W,1,25,11,4,0,0,660728.5714285715,835375.0
Christ College ATM,2014-11-26,479300,wednesday,W,2,26,11,4,0,0,666507.1428571428,783275.0
Christ College ATM,2014-11-27,481200,thursday,W,3,27,11,4,0,0,666425.0,725837.5
Christ College ATM,2014-11-28,517600,friday,W,4,28,11,4,0,1,667000.0,676400.0
Christ College ATM,2014-11-29,990900,saturday,H,5,29,11,5,0,1,667239.2857142857,671600.0
Christ College ATM,2014-11-30,726600,sunday,H,6,30,11,5,0,1,674057.1428571428,970912.5
Christ College ATM,2014-12-01,1004600,monday,W,0,1,12,1,1,0,668267.8571428572,529712.5
Christ College ATM,2014-12-02,848500,tuesday,W,1,2,12,1,1,0,662075.0,842512.5
Christ College ATM,2014-12-03,1039900,wednesday,W,2,3,12,1,1,0,671210.7142857143,715362.5
Christ College ATM,2014-12-04,725900,thursday,W,3,4,12,1,0,0,675139.2857142857,643450.0
Christ College ATM,2014-12-05,844200,friday,W,4,5,12,1,0,0,672321.4285714285,617875.0
Christ College ATM,2014-12-06,958800,saturday,H,5,6,12,1,0,0,674392.8571428572,626400.0
Christ College ATM,2014-12-07,447000,sunday,H,6,7,12,1,0,0,662464.2857142857,923337.5
Christ College ATM,2014-12-08,526100,monday,W,0,8,12,2,0,0,667303.5714285715,534937.5
Christ College ATM,2014-12-09,742500,tuesday,W,1,9,12,2,0,0,658235.7142857143,798975.0
Christ College ATM,2014-12-10,627600,wednesday,W,2,10,12,2,0,0,649500.0,734750.0
Christ College ATM,2014-12-11,514400,thursday,W,3,11,12,2,0,0,641342.8571428572,657050.0
Christ College ATM,2014-12-12,456600,friday,W,4,12,12,2,0,0,637435.7142857143,599637.5
Christ College ATM,2014-12-13,531500,saturday,H,5,13,12,2,0,0,636378.5714285715,580400.0
Christ College ATM,2014-12-14,265200,sunday,H,6,14,12,2,0,0,629978.5714285715,839350.0
Christ College ATM,2014-12-15,500500,monday,W,0,15,12,3,0,0,624582.1428571428,483075.0
Christ College ATM,2014-12-16,369900,tuesday,W,1,16,12,3,0,0,617796.4285714285,707162.5
Christ College ATM,2014-12-17,553000,wednesday,W,2,17,12,3,0,0,606914.2857142857,630512.5
Christ College ATM,2014-12-18,435500,thursday,W,3,18,12,3,0,0,609328.5714285715,681587.5
Christ College ATM,2014-12-19,337100,friday,W,4,19,12,3,0,0,601978.5714285715,586500.0
Christ College ATM,2014-12-20,502100,saturday,H,5,20,12,3,0,0,599996.4285714285,541425.0
Christ College ATM,2014-12-21,416900,sunday,H,6,21,12,3,0,0,594264.2857142857,806175.0
Christ College ATM,2014-12-22,556300,monday,W,0,22,12,4,0,0,599228.5714285715,468762.5
Christ College ATM,2014-12-23,320200,tuesday,W,1,23,12,4,0,0,603392.8571428572,709462.5
Christ College ATM,2014-12-24,760900,wednesday,W,2,24,12,4,0,0,597139.2857142857,628850.0
Christ College ATM,2014-12-25,433900,thursday,H,3,25,12,4,0,0,607196.4285714285,716500.0
Christ College ATM,2014-12-26,288400,friday,W,4,26,12,4,0,0,605507.1428571428,582600.0
Christ College ATM,2014-12-27,487700,saturday,H,5,27,12,4,0,0,597321.4285714285,513612.5
Christ College ATM,2014-12-28,317000,sunday,H,6,28,12,4,0,0,579350.0,767137.5
Christ College ATM,2014-12-29,512300,monday,W,0,29,12,5,0,1,564721.4285714285,397300.0
Christ College ATM,2014-12-30,557400,tuesday,W,1,30,12,5,0,1,547139.2857142857,626250.0
Christ College ATM,2014-12-31,698100,wednesday,W,2,31,12,5,0,1,536742.8571428572,624437.5
Christ College ATM,2015-01-01,722600,thursday,H,3,1,1,1,1,0,524535.7142857143,687525.0
Christ College ATM,2015-01-02,832900,friday,W,4,2,1,1,1,0,524417.8571428572,572325.0
Christ College ATM,2015-01-03,877200,saturday,H,5,3,1,1,1,0,524014.28571428574,519450.0
Christ College ATM,2015-01-04,198700,sunday,H,6,4,1,1,0,0,521100.0,715187.5
Christ College ATM,2015-01-05,1153800,monday,W,0,5,1,1,0,0,512232.14285714284,383200.0
Christ College ATM,2015-01-06,607900,tuesday,W,1,6,1,1,0,0,534650.0,672975.0
Christ College ATM,2015-01-07,563900,wednesday,W,2,7,1,1,0,0,529842.8571428572,577037.5
Christ College ATM,2015-01-08,770200,thursday,W,3,8,1,2,0,0,527567.8571428572,651012.5
Christ College ATM,2015-01-09,697000,friday,W,4,9,1,2,0,0,536703.5714285715,590625.0
Christ College ATM,2015-01-10,1066100,saturday,H,5,10,1,2,0,0,545289.2857142857,545800.0
Christ College ATM,2015-01-11,492000,sunday,H,6,11,1,2,0,0,564382.1428571428,759612.5
Christ College ATM,2015-01-12,564300,monday,W,0,12,1,2,0,0,572482.1428571428,392662.5
Christ College ATM,2015-01-13,765000,tuesday,W,1,13,1,2,0,0,574760.7142857143,657200.0
Christ College ATM,2015-01-14,678400,wednesday,W,2,14,1,2,0,0,588871.4285714285,588337.5
Christ College ATM,2015-01-15,176800,thursday,H,3,15,1,3,0,0,593350.0,675137.5
Christ College ATM,2015-01-16,235800,friday,H,4,16,1,3,0,0,584110.7142857143,532562.5
Christ College ATM,2015-01-17,236000,saturday,H,5,17,1,3,0,0,580492.8571428572,526200.0
Christ College ATM,2015-01-18,375000,sunday,H,6,18,1,3,0,0,570989.2857142857,706287.5
Christ College ATM,2015-01-19,811100,monday,W,0,19,1,3,0,0,569492.8571428572,404800.0
Christ College ATM,2015-01-20,501600,tuesday,W,1,20,1,3,0,0,578592.8571428572,703625.0
Christ College ATM,2015-01-21,391400,wednesday,W,2,21,1,3,0,0,585071.4285714285,589125.0
Christ College ATM,2015-01-22,602900,thursday,W,3,22,1,4,0,0,571875.0,664150.0
Christ College ATM,2015-01-23,540100,friday,W,4,23,1,4,0,0,577910.7142857143,547775.0
Christ College ATM,2015-01-24,691700,saturday,H,5,24,1,4,0,0,586900.0,529012.5
Christ College ATM,2015-01-25,329200,sunday,H,6,25,1,4,0,0,594185.7142857143,668887.5
Christ College ATM,2015-01-26,244800,monday,H,0,26,1,4,0,0,594621.4285714285,355125.0
Christ College ATM,2015-01-27,411100,tuesday,W,1,27,1,4,0,0,585067.8571428572,608650.0
Christ College ATM,2015-01-28,551700,wednesday,W,2,28,1,4,0,0,579842.8571428572,534450.0
Christ College ATM,2015-01-29,395700,thursday,W,3,29,1,5,0,1,574614.2857142857,603125.0
Christ College ATM,2015-01-30,402700,friday,W,4,30,1,5,0,1,562939.2857142857,506500.0
Christ College ATM,2015-01-31,938500,saturday,H,5,31,1,5,0,1,547575.0,473825.0
Christ College ATM,2015-02-01,775200,sunday,H,6,1,2,1,1,0,549764.2857142857,666350.0
Christ College ATM,2015-02-02,788900,monday,W,0,2,2,1,1,0,570353.5714285715,396150.0
Christ College ATM,2015-02-03,1001800,tuesday,W,1,3,2,1,1,0,557321.4285714285,641500.0
Christ College ATM,2015-02-04,552200,wednesday,W,2,4,2,1,0,0,571389.2857142857,566862.5
Christ College ATM,2015-02-05,691900,thursday,W,3,5,2,1,0,0,570971.4285714285,593700.0
Christ College ATM,2015-02-06,636900,friday,W,4,6,2,1,0,0,568175.0,528687.5
Christ College ATM,2015-02-07,676000,saturday,H,5,7,2,1,0,0,566028.5714285715,496362.5
Christ College ATM,2015-02-08,620800,sunday,H,6,8,2,2,0,0,552096.4285714285,684412.5
Christ College ATM,2015-02-09,781000,monday,W,0,9,2,2,0,0,556696.4285714285,440600.0
Christ College ATM,2015-02-10,527400,tuesday,W,1,10,2,2,0,0,564435.7142857143,676562.5
Christ College ATM,2015-02-11,588900,wednesday,W,2,11,2,2,0,0,555950.0,586550.0
Christ College ATM,2015-02-12,644700,thursday,W,3,12,2,2,0,0,552753.5714285715,598187.5
Christ College ATM,2015-02-13,575500,friday,W,4,13,2,2,0,0,569464.2857142857,554837.5
Christ College ATM,2015-02-14,981800,saturday,H,5,14,2,2,0,0,581596.4285714285,526162.5
Christ College ATM,2015-02-15,754400,sunday,H,6,15,2,3,0,0,608232.1428571428,744375.0
Christ College ATM,2015-02-16,602900,monday,W,0,16,2,3,0,0,621782.1428571428,482787.5
Christ College ATM,2015-02-18,115900,wednesday,W,2,18,2,3,0,0,614346.4285714285,621887.5
Christ College ATM,2015-02-19,385200,thursday,W,3,19,2,3,0,0,600571.4285714285,517562.5
Christ College ATM,2015-02-20,434500,friday,W,4,20,2,3,0,0,600350.0,548750.0
Christ College ATM,2015-02-21,662800,saturday,H,5,21,2,3,0,0,594335.7142857143,544425.0
Christ College ATM,2015-02-22,269700,sunday,H,6,22,2,4,0,0,598717.8571428572,766262.5
Christ College ATM,2015-02-23,340900,monday,W,0,23,2,4,0,0,583646.4285714285,476875.0
Christ College ATM,2015-02-24,317400,tuesday,W,1,24,2,4,0,0,584064.2857142857,649637.5
Christ College ATM,2015-02-25,466000,wednesday,W,2,25,2,4,0,0,586657.1428571428,591887.5
Christ College ATM,2015-02-26,402300,thursday,W,3,26,2,4,0,1,588617.8571428572,488550.0
Christ College ATM,2015-02-27,620100,friday,W,4,27,2,4,0,1,583282.1428571428,508712.5
Christ College ATM,2015-02-28,641400,saturday,H,5,28,2,4,0,1,591296.4285714285,517825.0
Christ College ATM,2015-03-01,473800,sunday,H,6,1,3,1,1,0,599821.4285714285,736787.5
Christ College ATM,2015-03-02,606900,monday,W,0,2,3,1,1,0,583225.0,511262.5
Christ College ATM,2015-03-03,632600,tuesday,W,1,3,3,1,1,0,577214.2857142857,661462.5
Christ College ATM,2015-03-04,737900,wednesday,W,2,4,3,1,0,0,571632.1428571428,594975.0
Christ College ATM,2015-03-05,896500,thursday,W,3,5,3,1,0,0,562207.1428571428,510300.0
Christ College ATM,2015-03-06,653000,friday,W,4,6,3,1,0,0,574503.5714285715,524500.0
Christ College ATM,2015-03-07,712000,saturday,H,5,7,3,1,0,0,573114.2857142857,512325.0
Christ College ATM,2015-03-08,490800,sunday,H,6,8,3,2,0,0,575796.4285714285,692525.0
Christ College ATM,2015-03-09,561800,monday,W,0,9,3,2,0,0,569182.1428571428,511112.5
Christ College ATM,2015-03-10,631900,tuesday,W,1,10,3,2,0,0,567075.0,587462.5
Christ College ATM,2015-03-11,456900,wednesday,W,2,11,3,2,0,0,561750.0,578337.5
Christ College ATM,2015-03-12,682800,thursday,W,3,12,3,2,0,0,559232.1428571428,482612.5
Christ College ATM,2015-03-13,856400,friday,W,4,13,3,2,0,0,562585.7142857143,587750.0
Christ College ATM,2015-03-14,769000,saturday,H,5,14,3,2,0,0,570146.4285714285,589900.0
Christ College ATM,2015-03-15,209300,sunday,H,6,15,3,3,0,0,577057.1428571428,759150.0
Christ College ATM,2015-03-16,618200,monday,W,0,16,3,3,0,0,549467.8571428572,490400.0
Christ College ATM,2015-03-17,373600,tuesday,W,1,17,3,3,0,0,544603.5714285715,594200.0
Christ College ATM,2015-03-18,449700,wednesday,W,2,18,3,3,0,0,536414.2857142857,562337.5
Christ College ATM,2015-03-19,462500,thursday,W,3,19,3,3,0,0,548335.7142857143,489900.0
Christ College ATM,2015-03-20,427900,friday,W,4,20,3,3,0,0,551096.4285714285,570200.0
Christ College ATM,2015-03-21,765000,saturday,H,5,21,3,3,0,0,550860.7142857143,575875.0
Christ College ATM,2015-03-22,508600,sunday,H,6,22,3,4,0,0,554510.7142857143,768312.5
Christ College ATM,2015-03-23,568900,monday,W,0,23,3,4,0,0,563042.8571428572,512825.0
Christ College ATM,2015-03-24,448500,tuesday,W,1,24,3,4,0,0,571185.7142857143,563925.0
Christ College ATM,2015-03-25,529200,wednesday,W,2,25,3,4,0,0,575867.8571428572,567012.5
Christ College ATM,2015-03-26,496000,thursday,W,3,26,3,4,0,0,578125.0,487087.5
Christ College ATM,2015-03-27,701000,friday,W,4,27,3,4,0,0,581471.4285714285,582737.5
Christ College ATM,2015-03-28,527200,saturday,H,5,28,3,4,0,0,584360.7142857143,613162.5
Christ College ATM,2015-03-29,321500,sunday,H,6,29,3,5,0,1,580282.1428571428,716900.0
Christ College ATM,2015-03-30,534100,monday,W,0,30,3,5,0,1,574842.8571428572,456112.5
Christ College ATM,2015-03-31,452700,tuesday,W,1,31,3,5,0,1,572242.8571428572,600087.5
Christ College ATM,2015-04-01,645100,wednesday,W,2,1,4,1,1,0,565817.8571428572,498375.0
Christ College ATM,2015-04-02,661300,thursday,H,3,2,4,1,1,0,562503.5714285715,498700.0
Christ College ATM,2015-04-03,597400,friday,H,4,3,4,1,1,0,554103.5714285715,578912.5
Christ College ATM,2015-04-04,398800,saturday,H,5,4,4,1,0,0,552117.8571428572,608225.0
Christ College ATM,2015-04-05,390600,sunday,H,6,5,4,1,0,0,540932.1428571428,682250.0
Christ College ATM,2015-04-06,1052900,monday,W,0,6,4,1,0,0,537353.5714285715,427337.5
Christ College ATM,2015-04-07,602300,tuesday,W,1,7,4,1,0,0,554892.8571428572,633087.5
Christ College ATM,2015-04-08,661200,wednesday,W,2,8,4,2,0,0,553835.7142857143,507737.5
Christ College ATM,2015-04-09,725300,thursday,W,3,9,4,2,0,0,561132.1428571428,507737.5
Christ College ATM,2015-04-10,572900,friday,W,4,10,4,2,0,0,562650.0,588987.5
Christ College ATM,2015-04-11,686600,saturday,H,5,11,4,2,0,0,552525.0,607900.0
Christ College ATM,2015-04-12,509100,sunday,H,6,12,4,2,0,0,549582.1428571428,645350.0
Christ College ATM,2015-04-13,902600,monday,W,0,13,4,2,0,0,560289.2857142857,396675.0
Christ College ATM,2015-04-14,399200,tuesday,H,1,14,4,2,0,0,570446.4285714285,648287.5
Christ College ATM,2015-04-15,800600,wednesday,W,2,15,4,3,0,0,571360.7142857143,482275.0
Christ College ATM,2015-04-16,668300,thursday,W,3,16,4,3,0,0,583892.8571428572,593325.0
Christ College ATM,2015-04-17,380700,friday,W,4,17,4,3,0,0,591242.8571428572,624375.0
Christ College ATM,2015-04-18,555800,saturday,H,5,18,4,3,0,0,589557.1428571428,601175.0
Christ College ATM,2015-04-19,263200,sunday,H,6,19,4,3,0,0,582085.7142857143,631975.0
Christ College ATM,2015-04-20,539900,monday,W,0,20,4,3,0,0,573321.4285714285,395862.5
Christ College ATM,2015-04-21,468700,tuesday,W,1,21,4,3,0,0,572285.7142857143,673162.5
Christ College ATM,2015-04-22,483200,wednesday,W,2,22,4,4,0,0,573007.1428571428,501187.5
Christ College ATM,2015-04-23,666900,thursday,W,3,23,4,4,0,0,571364.2857142857,595475.0
Christ College ATM,2015-04-24,652600,friday,W,4,24,4,4,0,0,577467.8571428572,657450.0
Christ College ATM,2015-04-25,825400,saturday,H,5,25,4,4,0,0,575739.2857142857,605237.5
Christ College ATM,2015-04-26,659600,sunday,H,6,26,4,4,0,0,586389.2857142857,654975.0
Christ College ATM,2015-04-27,796600,monday,W,0,27,4,4,0,0,598464.2857142857,419087.5
Christ College ATM,2015-04-28,804200,tuesday,W,1,28,4,4,0,1,607839.2857142857,696875.0
Christ College ATM,2015-04-29,567700,wednesday,W,2,29,4,5,0,1,620392.8571428572,522637.5
Christ College ATM,2015-04-30,608700,thursday,W,3,30,4,5,0,1,617628.5714285715,574200.0
Christ College ATM,2015-05-01,445100,friday,H,4,1,5,1,1,0,615750.0,621475.0
Christ College ATM,2015-05-02,1569200,saturday,H,5,2,5,1,1,0,610310.7142857143,579250.0
Christ College ATM,2015-05-03,560800,sunday,H,6,3,5,1,1,0,652110.7142857143,762125.0
Christ College ATM,2015-05-04,1002800,monday,W,0,4,5,1,0,0,658189.2857142857,427837.5
Christ College ATM,2015-05-05,856200,tuesday,W,1,5,5,1,0,0,656400.0,752000.0
Christ College ATM,2015-05-06,708100,wednesday,W,2,6,5,1,0,0,665467.8571428572,550675.0
Christ College ATM,2015-05-07,883100,thursday,W,3,7,5,1,0,0,667142.8571428572,605600.0
Christ College ATM,2015-05-08,638600,friday,W,4,8,5,2,0,0,672778.5714285715,646512.5
Christ College ATM,2015-05-09,719200,saturday,H,5,9,5,2,0,0,675125.0,552025.0
Christ College ATM,2015-05-10,472000,sunday,H,6,10,5,2,0,0,676289.2857142857,755900.0
Christ College ATM,2015-05-11,663300,monday,W,0,11,5,2,0,0,674964.2857142857,460675.0
Christ College ATM,2015-05-12,498000,tuesday,W,1,12,5,2,0,0,666417.8571428572,757637.5
Christ College ATM,2015-05-13,583400,wednesday,W,2,13,5,2,0,0,669946.4285714285,566225.0
Christ College ATM,2015-05-14,312600,thursday,W,3,14,5,2,0,0,662189.2857142857,622312.5
Christ College ATM,2015-05-15,660900,friday,W,4,15,5,3,0,0,649485.7142857143,627775.0
Christ College ATM,2015-05-16,462000,saturday,H,5,16,5,3,0,0,659492.8571428572,581150.0
Christ College ATM,2015-05-17,237900,sunday,H,6,17,5,3,0,0,656142.8571428572,718025.0
Christ College ATM,2015-05-18,591600,monday,W,0,18,5,3,0,0,655239.2857142857,426837.5
Christ College ATM,2015-05-19,557800,tuesday,W,1,19,5,3,0,0,657085.7142857143,760475.0
Christ College ATM,2015-05-20,612300,wednesday,W,2,20,5,3,0,0,660267.8571428572,579887.5
Christ College ATM,2015-05-21,529400,thursday,W,3,21,5,3,0,0,664878.5714285715,632700.0
Christ College ATM,2015-05-22,495400,friday,W,4,22,5,4,0,0,659967.8571428572,631950.0
Christ College ATM,2015-05-23,713200,saturday,H,5,23,5,4,0,0,654353.5714285715,555450.0
Christ College ATM,2015-05-24,490000,sunday,H,6,24,5,4,0,0,650346.4285714285,741275.0
Christ College ATM,2015-05-25,500200,monday,W,0,25,5,4,0,0,644289.2857142857,447900.0
Christ College ATM,2015-05-26,485400,tuesday,W,1,26,5,4,0,0,633703.5714285715,756237.5
Christ College ATM,2015-05-27,602900,wednesday,W,2,27,5,4,0,0,622317.8571428572,583975.0
Christ College ATM,2015-05-28,569500,thursday,W,3,28,5,4,0,0,623575.0,627425.0
Christ College ATM,2015-05-29,509900,friday,W,4,29,5,5,0,1,622175.0,620475.0
Christ College ATM,2015-05-30,582800,saturday,H,5,30,5,5,0,1,624489.2857142857,544512.5
Christ College ATM,2015-05-31,477900,sunday,H,6,31,5,5,0,1,589260.7142857143,764275.0
Christ College ATM,2015-06-01,237300,monday,W,0,1,6,1,1,0,586300.0,458812.5
Christ College ATM,2015-06-02,467500,tuesday,W,1,2,6,1,1,0,558960.7142857143,654287.5
Christ College ATM,2015-06-03,731900,wednesday,W,2,3,6,1,1,0,545078.5714285715,567125.0
Christ College ATM,2015-06-04,1072900,thursday,W,3,4,6,1,0,0,545928.5714285715,636262.5
Christ College ATM,2015-06-05,664200,friday,W,4,5,6,1,0,0,552707.1428571428,663925.0
Christ College ATM,2015-06-06,955900,saturday,H,5,6,6,1,0,0,553621.4285714285,555925.0
Christ College ATM,2015-06-07,71100,sunday,H,6,7,6,1,0,0,562075.0,797937.5
Christ College ATM,2015-06-08,560900,monday,W,0,8,6,2,0,0,547757.1428571428,404062.5
Christ College ATM,2015-06-09,668200,tuesday,W,1,9,6,2,0,0,544100.0,611575.0
Christ College ATM,2015-06-10,489000,wednesday,W,2,10,6,2,0,0,550178.5714285715,600750.0
Christ College ATM,2015-06-11,430700,thursday,W,3,11,6,2,0,0,546807.1428571428,597312.5
Christ College ATM,2015-06-12,413200,friday,W,4,12,6,2,0,0,551025.0,634225.0
Christ College ATM,2015-06-13,762200,saturday,H,5,13,6,2,0,0,542178.5714285715,559987.5
Christ College ATM,2015-06-14,239800,sunday,H,6,14,6,2,0,0,552900.0,823737.5
Christ College ATM,2015-06-15,654300,monday,W,0,15,6,3,0,0,552967.8571428572,401137.5
Christ College ATM,2015-06-16,407000,tuesday,W,1,16,6,3,0,0,555207.1428571428,625875.0
Christ College ATM,2015-06-17,573900,wednesday,W,2,17,6,3,0,0,549821.4285714285,593037.5
Christ College ATM,2015-06-18,558500,thursday,W,3,18,6,3,0,0,548450.0,608650.0
Christ College ATM,2015-06-19,554400,friday,W,4,19,6,3,0,0,549489.2857142857,620675.0
Christ College ATM,2015-06-20,637600,saturday,H,5,20,6,3,0,0,551596.4285714285,547712.5
Christ College ATM,2015-06-21,484400,sunday,H,6,21,6,3,0,0,548896.4285714285,800262.5
Christ College ATM,2015-06-22,569500,monday,W,0,22,6,4,0,0,548696.4285714285,379237.5
Christ College ATM,2015-06-23,369900,tuesday,W,1,23,6,4,0,0,551171.4285714285,597487.5
Christ College ATM,2015-06-24,827700,wednesday,W,2,24,6,4,0,0,547046.4285714285,538750.0
Christ College ATM,2015-06-25,566800,thursday,W,3,25,6,4,0,0,555075.0,641150.0
Christ College ATM,2015-06-26,394800,friday,W,4,26,6,4,0,0,554978.5714285715,615437.5
Christ College ATM,2015-06-27,713200,saturday,H,5,27,6,4,0,0,550867.8571428572,541425.0
Christ College ATM,2015-06-28,339400,sunday,H,6,28,6,4,0,1,555525.0,693262.5
Christ College ATM,2015-06-29,473000,monday,W,0,29,6,5,0,1,550578.5714285715,351562.5
Christ College ATM,2015-06-30,733300,tuesday,W,1,30,6,5,0,1,558996.4285714285,531262.5
Christ College ATM,2015-07-01,870000,wednesday,W,2,1,7,1,1,0,568489.2857142857,523387.5
Christ College ATM,2015-07-02,902700,thursday,W,3,2,7,1,1,0,573421.4285714285,661387.5
Christ College ATM,2015-07-03,642800,friday,W,4,3,7,1,1,0,567342.8571428572,617887.5
Christ College ATM,2015-07-04,175100,saturday,H,5,4,7,1,0,0,566578.5714285715,541950.0
Christ College ATM,2015-07-06,707700,monday,W,0,6,7,1,0,0,538692.8571428572,314450.0
Christ College ATM,2015-07-07,687300,tuesday,W,1,7,7,1,0,0,561428.5714285715,536812.5
Christ College ATM,2015-07-08,555300,wednesday,W,2,8,7,2,0,0,565942.8571428572,547050.0
Christ College ATM,2015-07-09,500700,thursday,W,3,9,7,2,0,0,561910.7142857143,657875.0
Christ College ATM,2015-07-10,671900,friday,W,4,10,7,2,0,0,562328.5714285715,641400.0
Christ College ATM,2015-07-11,870000,saturday,H,5,11,7,2,0,0,570942.8571428572,543325.0
Christ College ATM,2015-07-12,258700,sunday,H,6,12,7,2,0,0,587257.1428571428,712112.5
Christ College ATM,2015-07-13,452000,monday,W,0,13,7,2,0,0,569275.0,317050.0
Christ College ATM,2015-07-14,608600,tuesday,W,1,14,7,2,0,0,576853.5714285715,519362.5
Christ College ATM,2015-07-15,709600,wednesday,W,2,15,7,3,0,0,575221.4285714285,553400.0
Christ College ATM,2015-07-16,676100,thursday,W,3,16,7,3,0,0,586028.5714285715,670037.5
Christ College ATM,2015-07-17,372400,friday,W,4,17,7,3,0,0,589678.5714285715,659737.5
Christ College ATM,2015-07-20,907800,monday,W,0,20,7,3,0,0,583032.1428571428,302350.0
Christ College ATM,2015-07-21,521500,tuesday,W,1,21,7,3,0,0,595653.5714285715,570312.5
Christ College ATM,2015-07-22,410300,wednesday,W,2,22,7,4,0,0,591507.1428571428,557912.5
Christ College ATM,2015-07-23,589800,thursday,W,3,23,7,4,0,0,588860.7142857143,645962.5
Christ College ATM,2015-07-24,307900,friday,W,4,24,7,4,0,0,589585.7142857143,662275.0
Christ College ATM,2015-07-25,653200,saturday,H,5,25,7,4,0,0,587371.4285714285,519887.5
Christ College ATM,2015-07-26,370800,sunday,H,6,26,7,4,0,0,581139.2857142857,736012.5
Christ College ATM,2015-07-27,332500,monday,W,0,27,7,4,0,0,574139.2857142857,288962.5
Christ College ATM,2015-07-28,478300,tuesday,W,1,28,7,4,0,0,571914.2857142857,582212.5
Christ College ATM,2015-07-29,568800,wednesday,W,2,29,7,5,0,1,563525.0,559262.5
Christ College ATM,2015-07-30,241100,thursday,W,3,30,7,5,0,1,571717.8571428572,625575.0
Christ College ATM,2015-07-31,647100,friday,W,4,31,7,5,0,1,563435.7142857143,558300.0
Christ College ATM,2015-08-01,990400,saturday,H,5,1,8,1,1,0,560357.1428571428,537037.5
Christ College ATM,2015-08-02,110600,sunday,H,6,2,8,1,1,0,564657.1428571428,770662.5
Christ College ATM,2015-08-03,393600,monday,W,0,3,8,1,1,0,536367.8571428572,293900.0
Christ College ATM,2015-08-04,688700,tuesday,W,1,4,8,1,0,0,527467.8571428572,561300.0
Christ College ATM,2015-08-05,229600,wednesday,W,2,5,8,1,0,0,545810.7142857143,561825.0
Christ College ATM,2015-08-06,140100,thursday,W,3,6,8,1,0,0,528735.7142857143,593150.0
Christ College ATM,2015-08-07,540900,friday,W,4,7,8,1,0,0,509192.85714285716,521975.0
Christ College ATM,2015-08-08,950300,saturday,H,5,8,8,2,0,0,508678.5714285714,521625.0
Christ College ATM,2015-08-09,121400,sunday,H,6,9,8,2,0,0,524735.7142857143,816600.0
Christ College ATM,2015-08-10,489300,monday,W,0,10,8,2,0,0,505075.0,279100.0
Christ College ATM,2015-08-11,579400,tuesday,W,1,11,8,2,0,0,491478.5714285714,540675.0
Christ College ATM,2015-08-12,499800,wednesday,W,2,12,8,2,0,0,502932.14285714284,583375.0
Christ College ATM,2015-08-13,457100,thursday,W,3,13,8,2,0,0,504639.28571428574,583887.5
Christ College ATM,2015-08-14,595600,friday,W,4,14,8,2,0,0,499228.5714285714,509300.0
Christ College ATM,2015-08-15,275400,saturday,H,5,15,8,3,0,0,495157.14285714284,544425.0
Christ College ATM,2015-08-16,232600,sunday,H,6,16,8,3,0,0,480846.4285714286,731537.5
Christ College ATM,2015-08-17,552200,monday,W,0,17,8,3,0,0,475853.5714285714,247625.0
Christ College ATM,2015-08-18,599500,tuesday,W,1,18,8,3,0,0,463153.5714285714,538512.5
Christ College ATM,2015-08-19,574600,wednesday,W,2,19,8,3,0,0,465939.28571428574,612075.0
Christ College ATM,2015-08-20,498900,thursday,W,3,20,8,3,0,0,471807.14285714284,552250.0
Christ College ATM,2015-08-21,741600,friday,W,4,21,8,3,0,0,468560.71428571426,500812.5
Christ College ATM,2015-08-22,571600,saturday,H,5,22,8,4,0,0,484050.0,567825.0
Christ College ATM,2015-08-23,239800,sunday,H,6,23,8,4,0,0,481135.71428571426,707712.5
Christ College ATM,2015-08-24,273600,monday,W,0,24,8,4,0,0,476457.14285714284,235175.0
Christ College ATM,2015-08-25,411400,tuesday,W,1,25,8,4,0,0,474353.5714285714,513587.5
Christ College ATM,2015-08-26,423800,wednesday,W,2,26,8,4,0,0,471964.28571428574,571837.5
Christ College ATM,2015-08-27,537300,thursday,W,3,27,8,4,0,0,466785.71428571426,496475.0
Christ College ATM,2015-08-28,371900,friday,W,4,28,8,4,0,0,477364.28571428574,455137.5
Christ College ATM,2015-08-29,495800,saturday,H,5,29,8,5,0,1,467535.71428571426,564962.5
Christ College ATM,2015-08-30,346900,sunday,H,6,30,8,5,0,1,449871.4285714286,689987.5
Christ College ATM,2015-08-31,473900,monday,W,0,31,8,5,0,1,458310.71428571426,256650.0
Christ College ATM,2015-09-01,783000,tuesday,W,1,1,9,1,1,0,461178.5714285714,484362.5
Christ College ATM,2015-09-02,828800,wednesday,W,2,2,9,1,1,0,464546.4285714286,583800.0
Christ College ATM,2015-09-03,799000,thursday,W,3,3,9,1,1,0,485946.4285714286,530662.5
Christ College ATM,2015-09-04,823800,friday,W,4,4,9,1,0,0,509478.5714285714,492425.0
Christ College ATM,2015-09-05,1235900,saturday,H,5,5,9,1,0,0,519582.14285714284,587587.5
Christ College ATM,2015-09-06,211800,sunday,H,6,6,9,1,0,0,529782.1428571428,755325.0
Christ College ATM,2015-09-07,598200,monday,W,0,7,9,1,0,0,533010.7142857143,250787.5
Christ College ATM,2015-09-08,978100,tuesday,W,1,8,9,2,0,0,536900.0,502637.5
Christ College ATM,2015-09-09,657300,wednesday,W,2,9,9,2,0,0,551139.2857142857,629987.5
Christ College ATM,2015-09-10,762300,thursday,W,3,10,9,2,0,0,556764.2857142857,524125.0
Christ College ATM,2015-09-11,695700,friday,W,4,11,9,2,0,0,567664.2857142857,503200.0
Christ College ATM,2015-09-12,687300,saturday,H,5,12,9,2,0,0,571239.2857142857,590562.5
Christ College ATM,2015-09-13,661100,sunday,H,6,13,9,2,0,0,585950.0,732487.5
Christ College ATM,2015-09-14,225100,monday,W,0,14,9,2,0,0,601253.5714285715,286875.0
Christ College ATM,2015-09-15,600300,tuesday,W,1,15,9,3,0,0,589571.4285714285,417300.0
Christ College ATM,2015-09-16,426100,wednesday,W,2,16,9,3,0,0,589600.0,639837.5
Christ College ATM,2015-09-17,283900,thursday,H,3,17,9,3,0,0,584296.4285714285,526100.0
Christ College ATM,2015-09-18,429200,friday,W,4,18,9,3,0,0,576617.8571428572,464962.5
Christ College ATM,2015-09-19,512800,saturday,H,5,19,9,3,0,0,565460.7142857143,605725.0
Christ College ATM,2015-09-20,338500,sunday,H,6,20,9,3,0,0,563360.7142857143,714937.5
Christ College ATM,2015-09-21,574200,monday,W,0,21,9,3,0,0,566885.7142857143,282837.5
Christ College ATM,2015-09-22,557000,tuesday,W,1,22,9,4,0,0,577621.4285714285,447512.5
Christ College ATM,2015-09-23,325100,wednesday,W,2,23,9,4,0,0,582821.4285714285,649675.0
Christ College ATM,2015-09-24,343500,thursday,H,3,24,9,4,0,0,579296.4285714285,495637.5
Christ College ATM,2015-09-25,380700,friday,W,4,25,9,4,0,0,572375.0,477762.5
Christ College ATM,2015-09-26,525100,saturday,H,5,26,9,4,0,0,572689.2857142857,572425.0
Christ College ATM,2015-09-27,190100,sunday,H,6,27,9,4,0,0,573735.7142857143,656775.0
Christ College ATM,2015-09-28,597100,monday,W,0,28,9,4,0,1,568135.7142857143,292775.0
Christ College ATM,2015-09-29,603500,tuesday,W,1,29,9,5,0,1,572535.7142857143,472950.0
Christ College ATM,2015-09-30,674800,wednesday,W,2,30,9,5,0,1,566125.0,639025.0
Christ College ATM,2015-10-01,917200,thursday,W,3,1,10,1,1,0,560625.0,551287.5
Christ College ATM,2015-10-02,520700,friday,H,4,2,10,1,1,0,564846.4285714285,574900.0
Christ College ATM,2015-10-03,739200,saturday,H,5,3,10,1,1,0,554021.4285714285,569900.0
Christ College ATM,2015-10-04,633600,sunday,H,6,4,10,1,0,0,536282.1428571428,630387.5
Christ College ATM,2015-10-05,845100,monday,W,0,5,10,1,0,0,551346.4285714285,356800.0
Christ College ATM,2015-10-06,960500,tuesday,W,1,6,10,1,0,0,560164.2857142857,517425.0
Christ College ATM,2015-10-07,1024600,wednesday,W,2,7,10,1,0,0,559535.7142857143,686662.5
Christ College ATM,2015-10-08,540400,thursday,W,3,8,10,2,0,0,572653.5714285715,616887.5
Christ College ATM,2015-10-09,580100,friday,W,4,9,10,2,0,0,564728.5714285715,585312.5
Christ College ATM,2015-10-10,516000,saturday,H,5,10,10,2,0,0,560600.0,567962.5
Christ College ATM,2015-10-11,342000,sunday,H,6,11,10,2,0,0,554482.1428571428,660462.5
Christ College ATM,2015-10-12,565400,monday,W,0,12,10,2,0,0,543085.7142857143,370475.0
Christ College ATM,2015-10-13,51500,tuesday,W,1,13,10,2,0,0,555239.2857142857,519075.0
Christ College ATM,2015-10-14,645400,wednesday,W,2,14,10,2,0,0,535639.2857142857,618162.5
Christ College ATM,2015-10-15,735200,thursday,W,3,15,10,3,0,0,543471.4285714285,625737.5
Christ College ATM,2015-10-16,415400,friday,W,4,16,10,3,0,0,559589.2857142857,614850.0
Christ College ATM,2015-10-17,858900,saturday,H,5,17,10,3,0,0,559096.4285714285,527187.5
Christ College ATM,2015-10-18,121500,sunday,H,6,18,10,3,0,0,571457.1428571428,696375.0
Christ College ATM,2015-10-19,381800,monday,W,0,19,10,3,0,0,563707.1428571428,355687.5
Christ College ATM,2015-10-20,786900,tuesday,W,1,20,10,3,0,0,556835.7142857143,532600.0
Christ College ATM,2015-10-21,300000,wednesday,H,2,21,10,3,0,0,565046.4285714285,665100.0
Christ College ATM,2015-10-22,69600,thursday,H,3,22,10,4,0,0,564150.0,610262.5
Christ College ATM,2015-10-23,397900,friday,H,4,23,10,4,0,0,554367.8571428572,556387.5
Christ College ATM,2015-10-24,502600,saturday,H,5,24,10,4,0,0,554982.1428571428,530437.5
Christ College ATM,2015-10-25,248900,sunday,H,6,25,10,4,0,0,554178.5714285715,697225.0
Christ College ATM,2015-10-26,380500,monday,W,0,26,10,4,0,0,556278.5714285715,343437.5
Christ College ATM,2015-10-27,343000,tuesday,W,1,27,10,4,0,0,548542.8571428572,520925.0
Christ College ATM,2015-10-28,549500,wednesday,W,2,28,10,4,0,0,539239.2857142857,610100.0
Christ College ATM,2015-10-29,454200,thursday,W,3,29,10,5,0,1,534764.2857142857,575350.0
Christ College ATM,2015-10-30,717000,friday,W,4,30,10,5,0,1,518228.5714285714,513287.5
Christ College ATM,2015-10-31,607900,saturday,H,5,31,10,5,0,1,525239.2857142857,517087.5
Christ College ATM,2015-11-01,3200,sunday,H,6,1,11,1,1,0,520550.0,618725.0
Christ College ATM,2015-11-02,670800,monday,W,0,2,11,1,1,0,498035.71428571426,317362.5
Christ College ATM,2015-11-03,946600,tuesday,W,1,3,11,1,1,0,491810.71428571426,530000.0
Christ College ATM,2015-11-04,747800,wednesday,W,2,4,11,1,0,0,491314.28571428574,606162.5
Christ College ATM,2015-11-05,655200,thursday,W,3,5,11,1,0,0,481428.5714285714,586662.5
Christ College ATM,2015-11-06,739300,friday,W,4,6,11,1,0,0,485528.5714285714,499900.0
Christ College ATM,2015-11-07,1096200,saturday,H,5,7,11,1,0,0,491214.28571428574,522537.5
Christ College ATM,2015-11-08,106900,sunday,H,6,8,11,2,0,0,511935.71428571426,669837.5
Christ College ATM,2015-11-09,469700,monday,W,0,9,11,2,0,0,503539.28571428574,248087.5
Christ College ATM,2015-11-10,284600,tuesday,H,1,10,11,2,0,0,500121.4285714286,560575.0
Christ College ATM,2015-11-11,524400,wednesday,W,2,11,11,2,0,0,508446.4285714286,566700.0
Christ College ATM,2015-11-12,559200,thursday,W,3,12,11,2,0,0,504125.0,598950.0
Christ College ATM,2015-11-13,513300,friday,W,4,13,11,2,0,0,497839.28571428574,534312.5
Christ College ATM,2015-11-14,474000,saturday,H,5,14,11,2,0,0,501335.71428571426,533050.0
Christ College ATM,2015-11-15,179400,sunday,H,6,15,11,3,0,0,487589.28571428574,664987.5
Christ College ATM,2015-11-16,336700,monday,W,0,16,11,3,0,0,489657.14285714284,228200.0
Christ College ATM,2015-11-17,749700,tuesday,W,1,17,11,3,0,0,488046.4285714286,530887.5
Christ College ATM,2015-11-18,497400,wednesday,W,2,18,11,3,0,0,486717.85714285716,590787.5
Christ College ATM,2015-11-19,501500,thursday,W,3,19,11,3,0,0,493767.85714285716,620487.5
Christ College ATM,2015-11-20,434600,friday,W,4,20,11,3,0,0,509192.85714285716,554062.5
Christ College ATM,2015-11-21,758200,saturday,H,5,21,11,3,0,0,510503.5714285714,539787.5
Christ College ATM,2015-11-22,320700,sunday,H,6,22,11,4,0,0,519632.14285714284,694125.0
Christ College ATM,2015-11-23,605000,monday,H,0,23,11,4,0,0,522196.4285714286,244525.0
Christ College ATM,2015-11-24,458800,tuesday,W,1,24,11,4,0,0,530214.2857142857,531875.0
Christ College ATM,2015-11-25,592500,wednesday,W,2,25,11,4,0,0,534350.0,572700.0
Christ College ATM,2015-11-26,666800,thursday,W,3,26,11,4,0,0,535885.7142857143,610200.0
Christ College ATM,2015-11-27,743500,friday,W,4,27,11,4,0,0,543478.5714285715,522762.5
Christ College ATM,2015-11-28,385200,saturday,H,5,28,11,4,0,1,544425.0,567637.5
Christ College ATM,2015-11-29,1400,sunday,H,6,29,11,5,0,1,536471.4285714285,649875.0
Christ College ATM,2015-11-30,784500,monday,W,0,30,11,5,0,1,536407.1428571428,165500.0
Christ College ATM,2015-12-01,990900,tuesday,W,1,1,12,1,1,0,540467.8571428572,524300.0
Christ College ATM,2015-12-02,980700,wednesday,W,2,2,12,1,1,0,542050.0,576500.0
Christ College ATM,2015-12-03,758400,thursday,W,3,3,12,1,1,0,550367.8571428572,604712.5
Christ College ATM,2015-12-04,782000,friday,W,4,4,12,1,0,0,554053.5714285715,550012.5
Christ College ATM,2015-12-05,978600,saturday,H,5,5,12,1,0,0,555578.5714285715,592875.0
Christ College ATM,2015-12-06,34000,sunday,H,6,6,12,1,0,0,551378.5714285715,707700.0
Christ College ATM,2015-12-07,694500,monday,W,0,7,12,1,0,0,548775.0,127000.0
Christ College ATM,2015-12-08,596900,tuesday,W,1,8,12,2,0,0,556803.5714285715,540437.5
Christ College ATM,2015-12-09,634900,wednesday,W,2,9,12,2,0,0,567957.1428571428,644675.0
Christ College ATM,2015-12-10,595000,thursday,W,3,10,12,2,0,0,571903.5714285715,603400.0
Christ College ATM,2015-12-11,461700,friday,W,4,11,12,2,0,0,573182.1428571428,532487.5
Christ College ATM,2015-12-12,590400,saturday,H,5,12,12,2,0,0,571339.2857142857,598662.5
Christ College ATM,2015-12-13,445800,sunday,H,6,13,12,2,0,0,575496.4285714285,674137.5
Christ College ATM,2015-12-14,490300,monday,W,0,14,12,2,0,0,585010.7142857143,167537.5
Christ College ATM,2015-12-15,673300,tuesday,W,1,15,12,3,0,0,590496.4285714285,554000.0
Christ College ATM,2015-12-16,693400,wednesday,W,2,16,12,3,0,0,587767.8571428572,630475.0
Christ College ATM,2015-12-17,442500,thursday,W,3,17,12,3,0,0,594767.8571428572,652575.0
Christ College ATM,2015-12-18,563100,friday,W,4,18,12,3,0,0,592660.7142857143,579100.0
Christ College ATM,2015-12-19,550800,saturday,H,5,19,12,3,0,0,597250.0,619312.5
Christ College ATM,2015-12-20,422200,sunday,H,6,20,12,3,0,0,589842.8571428572,680162.5
Christ College ATM,2015-12-21,520100,monday,W,0,21,12,3,0,0,593467.8571428572,189200.0
Christ College ATM,2015-12-22,549900,tuesday,W,1,22,12,4,0,0,590435.7142857143,571450.0
Christ College ATM,2015-12-23,648400,wednesday,W,2,23,12,4,0,0,593689.2857142857,656337.5
Christ College ATM,2015-12-24,488100,thursday,W,3,24,12,4,0,0,595685.7142857143,664937.5
Christ College ATM,2015-12-25,244800,friday,H,4,25,12,4,0,0,589303.5714285715,583337.5
Christ College ATM,2015-12-26,191100,saturday,H,5,26,12,4,0,0,571492.8571428572,560287.5
Christ College ATM,2015-12-27,300,sunday,H,6,27,12,4,0,0,564560.7142857143,628062.5
Christ College ATM,2015-12-28,507000,monday,W,0,28,12,4,0,0,564521.4285714285,188837.5
Christ College ATM,2015-12-29,504600,tuesday,W,1,29,12,5,0,1,554610.7142857143,550975.0
Christ College ATM,2015-12-30,703700,wednesday,W,2,30,12,5,0,1,537242.8571428572,601087.5
Christ College ATM,2015-12-31,558400,thursday,W,3,31,12,5,0,1,527350.0,659425.0
Christ College ATM,2016-01-01,9100,friday,H,4,1,1,1,1,0,520207.14285714284,571237.5
Christ College ATM,2016-01-02,866800,saturday,H,5,2,1,1,1,0,492603.5714285714,469012.5
Christ College ATM,2016-01-03,710300,sunday,H,6,3,1,1,1,0,488610.71428571426,599387.5
Christ College ATM,2016-01-04,990300,monday,W,0,4,1,1,0,0,512764.28571428574,264262.5
Christ College ATM,2016-01-05,682100,tuesday,W,1,5,1,1,0,0,523328.5714285714,616050.0
Christ College ATM,2016-01-06,1009700,wednesday,W,2,6,1,1,0,0,526371.4285714285,650775.0
Christ College ATM,2016-01-07,795700,thursday,W,3,7,1,1,0,0,539757.1428571428,720087.5
Christ College ATM,2016-01-08,541200,friday,W,4,8,1,2,0,0,546925.0,600800.0
Christ College ATM,2016-01-09,740600,saturday,H,5,9,1,2,0,0,549764.2857142857,472500.0
Christ College ATM,2016-01-10,92000,sunday,H,6,10,1,2,0,0,555128.5714285715,632712.5
Christ College ATM,2016-01-11,1031800,monday,W,0,11,1,2,0,0,542492.8571428572,253337.5
Christ College ATM,2016-01-12,811100,tuesday,W,1,12,1,2,0,0,561832.1428571428,702937.5
Christ College ATM,2016-01-13,839300,wednesday,W,2,13,1,2,0,0,566753.5714285715,658450.0
Christ College ATM,2016-01-14,670800,thursday,W,3,14,1,2,0,0,571964.2857142857,762825.0
Christ College ATM,2016-01-15,269100,friday,H,4,15,1,3,0,0,580117.8571428572,621962.5
Christ College ATM,2016-01-16,273200,saturday,H,5,16,1,3,0,0,569617.8571428572,451812.5
Christ College ATM,2016-01-17,135700,sunday,H,6,17,1,3,0,0,559703.5714285715,572087.5
Christ College ATM,2016-01-18,479400,monday,W,0,18,1,3,0,0,549471.4285714285,230212.5
Christ College ATM,2016-01-19,654400,tuesday,W,1,19,1,3,0,0,548017.8571428572,687237.5
Christ College ATM,2016-01-20,652400,wednesday,W,2,20,1,3,0,0,551750.0,682900.0
Christ College ATM,2016-01-21,713100,thursday,W,3,21,1,3,0,0,551892.8571428572,770312.5
Christ College ATM,2016-01-22,431700,friday,W,4,22,1,4,0,0,559928.5714285715,627750.0
Christ College ATM,2016-01-23,581200,saturday,H,5,23,1,4,0,0,566603.5714285715,412837.5
Christ College ATM,2016-01-24,259500,sunday,H,6,24,1,4,0,0,580535.7142857143,596587.5
Christ College ATM,2016-01-25,487400,monday,W,0,25,1,4,0,0,589792.8571428572,262475.0
Christ College ATM,2016-01-26,387200,tuesday,H,1,26,1,4,0,0,589092.8571428572,650100.0
Christ College ATM,2016-01-27,447100,wednesday,W,2,27,1,4,0,0,584900.0,607437.5
Christ College ATM,2016-01-28,559900,thursday,W,3,28,1,4,0,0,575735.7142857143,703612.5
Christ College ATM,2016-01-29,486400,friday,W,4,29,1,5,0,1,575789.2857142857,602937.5
Christ College ATM,2016-01-30,783200,saturday,H,5,30,1,5,0,1,592835.7142857143,375887.5
Christ College ATM,2016-01-31,456300,sunday,H,6,31,1,5,0,1,589850.0,572162.5
Christ College ATM,2016-02-01,655000,monday,W,0,1,2,1,1,0,580778.5714285715,315262.5
Christ College ATM,2016-02-02,711100,tuesday,W,1,2,2,1,1,0,568803.5714285715,645162.5
Christ College ATM,2016-02-03,1010700,wednesday,W,2,3,2,1,1,0,569839.2857142857,621712.5
Christ College ATM,2016-02-04,731100,thursday,W,3,4,2,1,0,0,569875.0,750587.5
Christ College ATM,2016-02-05,875100,friday,W,4,5,2,1,0,0,567567.8571428572,619950.0
Christ College ATM,2016-02-06,1011500,saturday,H,5,6,2,1,0,0,579492.8571428572,427562.5
Christ College ATM,2016-02-07,581000,sunday,H,6,7,2,1,0,0,589167.8571428572,624800.0
Christ College ATM,2016-02-08,579000,monday,W,0,8,2,2,0,0,606632.1428571428,332162.5
Christ College ATM,2016-02-09,662400,tuesday,W,1,9,2,2,0,0,590460.7142857143,656250.0
Christ College ATM,2016-02-10,719000,wednesday,W,2,10,2,2,0,0,585150.0,620350.0
Christ College ATM,2016-02-11,783000,thursday,W,3,11,2,2,0,0,580853.5714285715,753787.5
Christ College ATM,2016-02-12,785800,friday,W,4,12,2,2,0,0,584860.7142857143,662512.5
Christ College ATM,2016-02-13,443800,saturday,H,5,13,2,2,0,0,603314.2857142857,455400.0
Christ College ATM,2016-02-14,366800,sunday,H,6,14,2,2,0,0,609407.1428571428,611425.0
Christ College ATM,2016-02-15,213900,monday,W,0,15,2,3,0,0,617660.7142857143,325237.5
Christ College ATM,2016-02-16,507400,tuesday,W,1,16,2,3,0,0,608178.5714285715,617975.0
Christ College ATM,2016-02-17,795500,wednesday,W,2,17,2,3,0,0,602928.5714285715,615037.5
Christ College ATM,2016-02-18,512400,thursday,W,3,18,2,3,0,0,608039.2857142857,772175.0
Christ College ATM,2016-02-19,734500,friday,W,4,19,2,3,0,0,600871.4285714285,665550.0
Christ College ATM,2016-02-20,812100,saturday,H,5,20,2,3,0,0,611685.7142857143,516612.5
Christ College ATM,2016-02-22,957400,monday,W,0,22,2,4,0,0,619932.1428571428,426712.5
Christ College ATM,2016-02-23,759800,tuesday,W,1,23,2,4,0,0,644857.1428571428,674275.0
Christ College ATM,2016-02-24,331200,wednesday,W,2,24,2,4,0,0,654585.7142857143,646937.5
Christ College ATM,2016-02-25,647600,thursday,W,3,25,2,4,0,0,652585.7142857143,725612.5
Christ College ATM,2016-02-26,616100,friday,W,4,26,2,4,0,0,659746.4285714285,676700.0
Christ College ATM,2016-02-27,661300,saturday,H,5,27,2,4,0,1,661753.5714285715,592487.5
Christ College ATM,2016-02-28,316400,sunday,H,6,28,2,4,0,1,668000.0,670200.0
Christ College ATM,2016-02-29,601500,monday,W,0,29,2,5,0,1,651328.5714285715,377475.0
Christ College ATM,2016-03-01,514300,tuesday,W,1,1,3,1,1,0,656514.2857142857,625675.0
Christ College ATM,2016-03-02,279800,wednesday,W,2,2,3,1,1,0,651489.2857142857,625962.5
Christ College ATM,2016-03-03,742200,thursday,W,3,3,3,1,1,0,636085.7142857143,634375.0
Christ College ATM,2016-03-04,800300,friday,W,4,4,3,1,0,0,626496.4285714285,670012.5
Christ College ATM,2016-03-05,963200,saturday,H,5,5,3,1,0,0,628967.8571428572,624875.0
Christ College ATM,2016-03-06,421000,sunday,H,6,6,3,1,0,0,632114.2857142857,682250.0
Christ College ATM,2016-03-07,876700,monday,W,0,7,3,1,0,0,611025.0,418600.0
Christ College ATM,2016-03-08,628200,tuesday,W,1,8,3,2,0,0,621585.7142857143,606287.5
Christ College ATM,2016-03-09,814800,wednesday,W,2,9,3,2,0,0,623342.8571428572,603100.0
Christ College ATM,2016-03-10,760900,thursday,W,3,10,3,2,0,0,628785.7142857143,631312.5
Christ College ATM,2016-03-11,590300,friday,W,4,11,3,2,0,0,630282.1428571428,681275.0
Christ College ATM,2016-03-12,780100,saturday,H,5,12,3,2,0,0,623400.0,665025.0
Christ College ATM,2016-03-13,513300,sunday,H,6,13,3,2,0,0,623196.4285714285,687187.5
Christ College ATM,2016-03-14,754200,monday,W,0,14,3,2,0,0,625678.5714285715,465800.0
Christ College ATM,2016-03-15,602200,tuesday,W,1,15,3,3,0,0,639514.2857142857,640637.5
Christ College ATM,2016-03-16,569800,wednesday,W,2,16,3,3,0,0,653382.1428571428,596575.0
Christ College ATM,2016-03-17,729700,thursday,W,3,17,3,3,0,0,655610.7142857143,620987.5
Christ College ATM,2016-03-18,462500,friday,W,4,18,3,3,0,0,653260.7142857143,683350.0
Christ College ATM,2016-03-19,611800,saturday,H,5,19,3,3,0,0,651478.5714285715,668875.0
Christ College ATM,2016-03-20,308500,sunday,H,6,20,3,3,0,0,647096.4285714285,729512.5
Christ College ATM,2016-03-21,740600,monday,W,0,21,3,3,0,0,629110.7142857143,471925.0
Christ College ATM,2016-03-22,650000,tuesday,W,1,22,3,4,0,0,621367.8571428572,672287.5
Christ College ATM,2016-03-23,505900,wednesday,W,2,23,3,4,0,0,617446.4285714285,629425.0
Christ College ATM,2016-03-24,675900,thursday,W,3,24,3,4,0,0,623685.7142857143,628337.5
Christ College ATM,2016-03-25,103100,friday,H,4,25,3,4,0,0,624696.4285714285,697850.0
Christ College ATM,2016-03-28,592600,monday,W,0,28,3,4,0,0,606375.0,427775.0
Christ College ATM,2016-03-29,424900,tuesday,W,1,29,3,5,0,1,603921.4285714285,664487.5
Christ College ATM,2016-03-30,713100,wednesday,W,2,30,3,5,0,1,607796.4285714285,593650.0
Christ College ATM,2016-03-31,662700,thursday,W,3,31,3,5,0,1,611782.1428571428,591137.5
Christ College ATM,2016-04-01,294100,friday,W,4,1,4,1,1,0,617082.1428571428,689300.0
Christ College ATM,2016-04-02,387200,saturday,H,5,2,4,1,1,0,617592.8571428572,644837.5
Christ College ATM,2016-04-03,638600,sunday,H,6,3,4,1,1,0,604914.2857142857,705262.5
Christ College ATM,2016-04-04,982000,monday,W,0,4,4,1,0,0,599139.2857142857,434975.0
Christ College ATM,2016-04-05,591300,tuesday,W,1,5,4,1,0,0,599810.7142857143,714862.5
Christ College ATM,2016-04-06,1262600,wednesday,W,2,6,4,1,0,0,605892.8571428572,584762.5
Christ College ATM,2016-04-07,455200,thursday,W,3,7,4,1,0,0,619675.0,659087.5
Christ College ATM,2016-04-11,827600,monday,W,0,11,4,2,0,0,613496.4285714285,446025.0
Christ College ATM,2016-04-12,773100,tuesday,W,1,12,4,2,0,0,613953.5714285715,791575.0
Christ College ATM,2016-04-13,1005600,wednesday,W,2,13,4,2,0,0,614389.2857142857,617975.0
Christ College ATM,2016-04-14,348300,thursday,H,3,14,4,2,0,0,629221.4285714285,685350.0
Christ College ATM,2016-04-15,905000,friday,W,4,15,4,3,0,0,613800.0,634962.5
Christ College ATM,2016-04-16,882500,saturday,H,5,16,4,3,0,0,627789.2857142857,648575.0
Christ College ATM,2016-04-17,900,sunday,H,6,17,4,3,0,0,632371.4285714285,717675.0
Christ College ATM,2016-04-18,351700,monday,W,0,18,4,3,0,0,610896.4285714285,344625.0
Christ College ATM,2016-04-19,529200,tuesday,H,1,19,4,3,0,0,603107.1428571428,715862.5
Christ College ATM,2016-04-20,629900,wednesday,W,2,20,4,3,0,0,595946.4285714285,589150.0
Christ College ATM,2016-04-21,63200,thursday,W,3,21,4,3,0,0,601925.0,722687.5
Christ College ATM,2016-04-22,451100,friday,W,4,22,4,4,0,0,582332.1428571428,578812.5
Christ College ATM,2016-04-23,710700,saturday,H,5,23,4,4,0,0,587425.0,606737.5
Christ College ATM,2016-04-24,318000,sunday,H,6,24,4,4,0,0,586357.1428571428,680075.0
Christ College ATM,2016-04-25,533900,monday,W,0,25,4,4,0,0,574500.0,344825.0
Christ College ATM,2016-04-26,470600,tuesday,W,1,26,4,4,0,0,575500.0,707412.5
Christ College ATM,2016-04-27,446800,wednesday,W,2,27,4,4,0,0,568167.8571428572,583687.5
Christ College ATM,2016-04-28,328000,thursday,W,3,28,4,4,0,1,580442.8571428572,743562.5
Christ College ATM,2016-04-29,772700,friday,W,4,29,4,5,0,1,570992.8571428572,538862.5
Christ College ATM,2016-04-30,1062700,saturday,H,5,30,4,5,0,1,583414.2857142857,611512.5
Christ College ATM,2016-05-01,23700,sunday,H,6,1,5,1,1,0,595900.0,757437.5
Christ College ATM,2016-05-02,673900,monday,W,0,2,5,1,1,0,573078.5714285715,295162.5
Christ College ATM,2016-05-03,626200,tuesday,W,1,3,5,1,1,0,586642.8571428572,682062.5
Christ College ATM,2016-05-04,672300,wednesday,W,2,4,5,1,0,0,595178.5714285715,583437.5
Christ College ATM,2016-05-05,521000,thursday,W,3,5,5,1,0,0,596382.1428571428,725750.0
Christ College ATM,2016-05-06,633800,friday,W,4,6,5,1,0,0,579917.8571428572,511212.5
Christ College ATM,2016-05-07,865900,saturday,H,5,7,5,1,0,0,581435.7142857143,613725.0
Christ College ATM,2016-05-08,4500,sunday,H,6,8,5,2,0,0,567267.8571428572,783012.5
Christ College ATM,2016-05-09,485000,monday,W,0,9,5,2,0,0,551171.4285714285,231562.5
Christ College ATM,2016-05-10,934600,tuesday,W,1,10,5,2,0,0,538935.7142857143,648412.5
Christ College ATM,2016-05-11,867800,wednesday,W,2,11,5,2,0,0,544703.5714285715,624987.5
Christ College ATM,2016-05-12,600500,thursday,W,3,12,5,2,0,0,539782.1428571428,763000.0
Christ College ATM,2016-05-13,602200,friday,W,4,13,5,2,0,0,548789.2857142857,491162.5
Christ College ATM,2016-05-14,388300,saturday,H,5,14,5,2,0,0,537975.0,588962.5
Christ College ATM,2016-05-17,374800,tuesday,W,1,17,5,3,0,0,520325.0,604375.0
Christ College ATM,2016-05-18,553800,wednesday,W,2,18,5,3,0,0,533678.5714285715,590587.5
Christ College ATM,2016-05-19,652900,thursday,W,3,19,5,3,0,0,540896.4285714285,768987.5
Christ College ATM,2016-05-20,607800,friday,W,4,20,5,3,0,0,545314.2857142857,481562.5
Christ College ATM,2016-05-21,667700,saturday,H,5,21,5,3,0,0,544525.0,591150.0
Christ College ATM,2016-05-22,225800,sunday,H,6,22,5,4,0,0,566114.2857142857,746075.0
Christ College ATM,2016-05-23,207900,monday,W,0,23,5,4,0,0,558067.8571428572,221225.0
Christ College ATM,2016-05-24,61600,tuesday,W,1,24,5,4,0,0,540110.7142857143,556287.5
Christ College ATM,2016-05-25,295400,wednesday,W,2,25,5,4,0,0,530953.5714285715,545175.0
Christ College ATM,2016-05-26,567800,thursday,W,3,26,5,4,0,0,522435.71428571426,716775.0
Christ College ATM,2016-05-27,494200,friday,W,4,27,5,4,0,0,525907.1428571428,468050.0
Christ College ATM,2016-05-28,416800,saturday,H,5,28,5,4,0,0,527600.0,595112.5
Christ College ATM,2016-05-30,669500,monday,W,0,30,5,5,0,1,530771.4285714285,260437.5
Christ College ATM,2016-05-31,811000,tuesday,W,1,31,5,5,0,1,527085.7142857143,517225.0
Christ College ATM,2016-06-01,999100,wednesday,W,2,1,6,1,1,0,518096.4285714286,572637.5
Christ College ATM,2016-06-02,1214200,thursday,W,3,2,6,1,1,0,552932.1428571428,683837.5
Christ College ATM,2016-06-03,501800,friday,W,4,3,6,1,1,0,572228.5714285715,536987.5
Christ College ATM,2016-06-04,754300,saturday,H,5,4,6,1,0,0,567785.7142857143,621075.0
Christ College ATM,2016-06-05,644500,sunday,H,6,5,6,1,0,0,570714.2857142857,742850.0
Christ College ATM,2016-06-06,193100,monday,W,0,6,6,1,0,0,575125.0,261175.0
Christ College ATM,2016-06-07,411600,tuesday,W,1,7,6,1,0,0,559385.7142857143,437912.5
Christ College ATM,2016-06-08,919000,wednesday,W,2,8,6,2,0,0,543160.7142857143,527450.0
Christ College ATM,2016-06-09,915700,thursday,W,3,9,6,2,0,0,575821.4285714285,673012.5
Christ College ATM,2016-06-10,642600,friday,W,4,10,6,2,0,0,591203.5714285715,607912.5
Christ College ATM,2016-06-11,61500,saturday,H,5,11,6,2,0,0,580775.0,588275.0
Christ College ATM,2016-06-13,663800,monday,W,0,13,6,2,0,0,551978.5714285715,211962.5
Christ College ATM,2016-06-14,718800,tuesday,W,1,14,6,2,0,0,554239.2857142857,476925.0
Christ College ATM,2016-06-15,743600,wednesday,W,2,15,6,3,0,0,558403.5714285715,551150.0
Christ College ATM,2016-06-16,869500,thursday,W,3,16,6,3,0,0,571092.8571428572,687225.0
Christ College ATM,2016-06-17,538400,friday,W,4,17,6,3,0,0,588760.7142857143,708700.0
Christ College ATM,2016-06-18,765500,saturday,H,5,18,6,3,0,0,588210.7142857143,599187.5
Christ College ATM,2016-06-19,615500,sunday,H,6,19,6,3,0,0,592232.1428571428,762062.5
Christ College ATM,2016-06-20,762800,monday,W,0,20,6,3,0,0,592507.1428571428,288787.5
Christ College ATM,2016-06-21,564800,tuesday,W,1,21,6,3,0,0,595903.5714285715,505537.5
Christ College ATM,2016-06-22,605100,wednesday,W,2,22,6,4,0,0,608010.7142857143,562925.0
Christ College ATM,2016-06-23,612800,thursday,W,3,23,6,4,0,0,622196.4285714285,707012.5
Christ College ATM,2016-06-24,681600,friday,W,4,24,6,4,0,0,641882.1428571428,744300.0
Christ College ATM,2016-06-25,862300,saturday,H,5,25,6,4,0,0,655675.0,587800.0
Christ College ATM,2016-06-26,447200,sunday,H,6,26,6,4,0,0,666192.8571428572,821450.0
Christ College ATM,2016-06-27,614600,monday,W,0,27,6,4,0,0,664514.2857142857,304937.5
Christ College ATM,2016-06-28,519400,tuesday,W,1,28,6,4,0,1,671578.5714285715,498125.0
Christ College ATM,2016-06-29,649100,wednesday,W,2,29,6,5,0,1,666217.8571428572,549575.0
Christ College ATM,2016-06-30,648900,thursday,W,3,30,6,5,0,1,660435.7142857143,704112.5
Christ College ATM,2016-07-01,1155400,friday,W,4,1,7,1,1,0,647928.5714285715,760287.5
Christ College ATM,2016-07-02,1056900,saturday,H,5,2,7,1,1,0,645828.5714285715,653000.0
Christ College ATM,2016-07-04,1007800,monday,W,0,4,7,1,0,0,665653.5714285715,434087.5
Christ College ATM,2016-07-05,765800,tuesday,W,1,5,7,1,0,0,674707.1428571428,563475.0
Christ College ATM,2016-07-06,1207600,wednesday,W,2,6,7,1,0,0,679039.2857142857,528475.0
Christ College ATM,2016-07-07,762700,thursday,H,3,7,7,1,0,0,715271.4285714285,746587.5
Christ College ATM,2016-07-08,1062900,friday,W,4,8,7,2,0,0,727810.7142857143,780562.5
Christ College ATM,2016-07-09,745300,saturday,H,5,9,7,2,0,0,732950.0,710587.5
Christ College ATM,2016-07-11,556800,monday,W,0,11,7,2,0,0,726864.2857142857,526687.5
Christ College ATM,2016-07-12,585100,tuesday,W,1,12,7,2,0,0,723800.0,584537.5
Christ College ATM,2016-07-13,1031200,wednesday,W,2,13,7,2,0,0,742500.0,554762.5
Christ College ATM,2016-07-14,922500,thursday,W,3,14,7,2,0,0,755621.4285714285,806262.5
Christ College ATM,2016-07-15,783700,friday,W,4,15,7,3,0,0,762896.4285714285,814262.5
Christ College ATM,2016-07-16,780300,saturday,H,5,16,7,3,0,0,764328.5714285715,732575.0
Christ College ATM,2016-07-17,434200,sunday,H,6,17,7,3,0,0,761142.8571428572,808675.0
Christ College ATM,2016-07-18,974100,monday,W,0,18,7,3,0,0,757421.4285714285,552737.5
Christ College ATM,2016-07-19,961200,tuesday,W,1,19,7,3,0,0,764871.4285714285,680312.5
Christ College ATM,2016-07-20,818800,wednesday,W,2,20,7,3,0,0,777217.8571428572,667212.5
Christ College ATM,2016-07-21,593300,thursday,W,3,21,7,3,0,0,779217.8571428572,871687.5
Christ College ATM,2016-07-22,665300,friday,W,4,22,7,4,0,0,780235.7142857143,817450.0
Christ College ATM,2016-07-23,735500,saturday,H,5,23,7,4,0,0,782385.7142857143,753962.5
Christ College ATM,2016-07-24,98400,sunday,H,6,24,7,4,0,0,786767.8571428572,811775.0
Christ College ATM,2016-07-25,535600,monday,W,0,25,7,4,0,0,765939.2857142857,512937.5
Christ College ATM,2016-07-26,360400,tuesday,W,1,26,7,4,0,0,754271.4285714285,663575.0
Christ College ATM,2016-07-27,626700,wednesday,W,2,27,7,4,0,0,751171.4285714285,610887.5
Christ College ATM,2016-07-28,264300,thursday,W,3,28,7,4,0,0,751603.5714285715,825137.5
Christ College ATM,2016-07-29,460100,friday,W,4,29,7,5,0,1,742492.8571428572,698712.5
Christ College ATM,2016-07-30,994100,saturday,H,5,30,7,5,0,1,735742.8571428572,748750.0
Christ College ATM,2016-07-31,399600,sunday,H,6,31,7,5,0,1,748071.4285714285,803200.0
Christ College ATM,2016-08-01,479100,monday,W,0,1,8,1,1,0,721078.5714285715,482325.0
Christ College ATM,2016-08-02,419000,tuesday,W,1,2,8,1,1,0,700442.8571428572,699325.0
Christ College ATM,2016-08-03,1165100,wednesday,W,2,3,8,1,1,0,679414.2857142857,611812.5
Christ College ATM,2016-08-04,871300,thursday,W,3,4,8,1,0,0,693675.0,855900.0
Christ College ATM,2016-08-05,994300,friday,W,4,5,8,1,0,0,681664.2857142857,693162.5
Christ College ATM,2016-08-06,1322800,saturday,H,5,6,8,1,0,0,689935.7142857143,792712.5
Christ College ATM,2016-08-08,301000,monday,W,0,8,8,2,0,0,699217.8571428572,639987.5
Christ College ATM,2016-08-09,679800,tuesday,W,1,9,8,2,0,0,683350.0,653975.0
Christ College ATM,2016-08-10,679500,wednesday,W,2,10,8,2,0,0,687742.8571428572,606937.5
Christ College ATM,2016-08-11,909400,thursday,W,3,11,8,2,0,0,691114.2857142857,847887.5
Christ College ATM,2016-08-12,757100,friday,W,4,12,8,2,0,0,686764.2857142857,698150.0
Christ College ATM,2016-08-13,929500,saturday,H,5,13,8,2,0,0,680857.1428571428,820050.0
Christ College ATM,2016-08-14,385000,sunday,H,6,14,8,2,0,0,686064.2857142857,811150.0
Christ College ATM,2016-08-15,456600,monday,H,0,15,8,3,0,0,671946.4285714285,611175.0
Christ College ATM,2016-08-16,543200,tuesday,W,1,16,8,3,0,0,672746.4285714285,615700.0
Christ College ATM,2016-08-17,529000,wednesday,W,2,17,8,3,0,0,657357.1428571428,604237.5
Christ College ATM,2016-08-18,259600,thursday,W,3,18,8,3,0,0,641921.4285714285,838375.0
Christ College ATM,2016-08-19,799000,friday,W,4,19,8,3,0,0,621950.0,654000.0
Christ College ATM,2016-08-20,843100,saturday,H,5,20,8,3,0,0,629296.4285714285,834725.0
Christ College ATM,2016-08-21,474100,sunday,H,6,21,8,3,0,0,635646.4285714285,833075.0
Christ College ATM,2016-08-22,547800,monday,W,0,22,8,4,0,0,626310.7142857143,614537.5
Christ College ATM,2016-08-23,553500,tuesday,W,1,23,8,4,0,0,642360.7142857143,607350.0
Christ College ATM,2016-08-24,604100,wednesday,W,2,24,8,4,0,0,643000.0,608500.0
Christ College ATM,2016-08-25,655100,thursday,H,3,25,8,4,0,0,651703.5714285715,832750.0
Christ College ATM,2016-08-26,567500,friday,W,4,26,8,4,0,0,652717.8571428572,654775.0
Christ College ATM,2016-08-27,554800,saturday,H,5,27,8,4,0,0,663546.4285714285,761237.5
Christ College ATM,2016-08-28,287600,sunday,H,6,28,8,4,0,0,666928.5714285715,808137.5
Christ College ATM,2016-08-29,548300,monday,W,0,29,8,5,0,1,641696.4285714285,518375.0
Christ College ATM,2016-08-30,561600,tuesday,W,1,30,8,5,0,1,647007.1428571428,549912.5
Christ College ATM,2016-08-31,873300,wednesday,W,2,31,8,5,0,1,649953.5714285715,582975.0
Christ College ATM,2016-09-01,1332600,thursday,W,3,1,9,1,1,0,666178.5714285715,790962.5
Christ College ATM,2016-09-02,1073300,friday,W,4,2,9,1,1,0,672160.7142857143,726012.5
Christ College ATM,2016-09-03,1095700,saturday,H,5,3,9,1,1,0,679375.0,762537.5
Christ College ATM,2016-09-04,778900,sunday,H,6,4,9,1,0,0,682996.4285714285,849412.5
Christ College ATM,2016-09-05,1125600,monday,H,0,5,9,1,0,0,663571.4285714285,522575.0
Christ College ATM,2016-09-06,1020200,tuesday,W,1,6,9,1,0,0,693021.4285714285,621012.5
Christ College ATM,2016-09-07,817600,wednesday,W,2,7,9,1,0,0,705178.5714285715,637362.5
Christ College ATM,2016-09-08,879900,thursday,W,3,8,9,2,0,0,710110.7142857143,764262.5
Christ College ATM,2016-09-09,868800,friday,W,4,9,9,2,0,0,709057.1428571428,720687.5
Christ College ATM,2016-09-10,1011100,saturday,H,5,10,9,2,0,0,713046.4285714285,773175.0
Christ College ATM,2016-09-11,503900,sunday,H,6,11,9,2,0,0,715960.7142857143,868012.5
Christ College ATM,2016-09-12,988700,monday,W,0,12,9,2,0,0,720207.1428571428,531287.5
Christ College ATM,2016-09-13,812900,tuesday,H,1,13,9,2,0,0,739210.7142857143,622837.5
Christ College ATM,2016-09-14,762400,wednesday,W,2,14,9,2,0,0,748842.8571428572,618825.0
Christ College ATM,2016-09-15,730100,thursday,W,3,15,9,3,0,0,757178.5714285715,757212.5
Christ College ATM,2016-09-16,412500,friday,W,4,16,9,3,0,0,773982.1428571428,737787.5
Christ College ATM,2016-09-17,1001300,saturday,H,5,17,9,3,0,0,760178.5714285715,741575.0
Christ College ATM,2016-09-18,556500,sunday,H,6,18,9,3,0,0,765828.5714285715,895637.5
Christ College ATM,2016-09-19,707300,monday,W,0,19,9,3,0,0,768771.4285714285,588550.0
Christ College ATM,2016-09-20,812600,tuesday,W,1,20,9,3,0,0,774467.8571428572,644300.0
Christ College ATM,2016-09-21,737100,wednesday,W,2,21,9,3,0,0,783721.4285714285,675350.0
Christ College ATM,2016-09-22,463300,thursday,W,3,22,9,4,0,0,788471.4285714285,771012.5
Christ College ATM,2016-09-23,699600,friday,W,4,23,9,4,0,0,781621.4285714285,762662.5
Christ College ATM,2016-09-24,762800,saturday,H,5,24,9,4,0,0,786339.2857142857,771512.5
Christ College ATM,2016-09-25,468700,sunday,H,6,25,9,4,0,0,793767.8571428572,899050.0
Christ College ATM,2016-09-26,798800,monday,W,0,26,9,4,0,0,800235.7142857143,597187.5
Christ College ATM,2016-09-27,876700,tuesday,W,1,27,9,4,0,0,809182.1428571428,684262.5
Christ College ATM,2016-09-28,641600,wednesday,W,2,28,9,4,0,1,820435.7142857143,732562.5
Christ College ATM,2016-09-29,648900,thursday,W,3,29,9,5,0,1,812160.7142857143,705575.0
Christ College ATM,2016-09-30,971700,friday,W,4,30,9,5,0,1,787742.8571428572,734862.5
Christ College ATM,2016-10-01,1207300,saturday,H,5,1,10,1,1,0,784114.2857142857,768687.5
Christ College ATM,2016-10-02,876500,sunday,H,6,2,10,1,1,0,788100.0,925700.0
Christ College ATM,2016-10-03,444600,monday,W,0,3,10,1,1,0,791585.7142857143,541400.0
Christ College ATM,2016-10-04,639300,tuesday,W,1,4,10,1,0,0,767264.2857142857,702212.5
Christ College ATM,2016-10-05,90800,wednesday,W,2,5,10,1,0,0,753660.7142857143,727500.0
Christ College ATM,2016-10-06,997400,thursday,W,3,6,10,1,0,0,727703.5714285715,631987.5
Christ College ATM,2016-10-07,1132900,friday,W,4,7,10,1,0,0,731900.0,745862.5
Christ College ATM,2016-10-08,781600,saturday,H,5,8,10,2,0,0,741332.1428571428,815662.5
Christ College ATM,2016-10-09,304900,sunday,H,6,9,10,2,0,0,733135.7142857143,907212.5
Christ College ATM,2016-10-10,338500,monday,H,0,10,10,2,0,0,726028.5714285715,531387.5
Christ College ATM,2016-10-13,901500,thursday,W,3,13,10,2,0,0,702807.1428571428,608175.0
Christ College ATM,2016-10-14,821000,friday,W,4,14,10,2,0,0,705971.4285714285,826100.0
Christ College ATM,2016-10-15,948700,saturday,H,5,15,10,3,0,0,708064.2857142857,818412.5
Christ College ATM,2016-10-16,437500,sunday,H,6,16,10,3,0,0,715871.4285714285,920412.5
Christ College ATM,2016-10-17,1152300,monday,W,0,17,10,3,0,0,716764.2857142857,526812.5
Christ College ATM,2016-10-18,761100,tuesday,W,1,18,10,3,0,0,722157.1428571428,789175.0
Christ College ATM,2016-10-19,1182600,wednesday,W,2,19,10,3,0,0,729464.2857142857,754737.5
Christ College ATM,2016-10-20,769400,thursday,W,3,20,10,3,0,0,746439.2857142857,680487.5
Christ College ATM,2016-10-21,462400,friday,W,4,21,10,3,0,0,744896.4285714285,840387.5
Christ College ATM,2016-10-22,821800,saturday,H,5,22,10,4,0,0,735085.7142857143,805275.0
Christ College ATM,2016-10-23,650300,sunday,H,6,23,10,4,0,0,747889.2857142857,953787.5
Christ College ATM,2016-10-24,1126300,monday,W,0,24,10,4,0,0,746128.5714285715,572150.0
Christ College ATM,2016-10-25,848800,tuesday,W,1,25,10,4,0,0,759110.7142857143,861487.5
Christ College ATM,2016-10-26,940800,wednesday,W,2,26,10,4,0,0,772685.7142857143,791650.0
Christ College ATM,2016-10-27,1291100,thursday,W,3,27,10,4,0,0,777757.1428571428,688925.0
Christ College ATM,2016-10-28,728500,friday,W,4,28,10,4,0,0,792557.1428571428,835200.0
Christ College ATM,2016-10-29,295900,saturday,H,5,29,10,5,0,1,795660.7142857143,762175.0
Christ College ATM,2016-10-30,253300,sunday,H,6,30,10,5,0,1,783053.5714285715,853812.5
Christ College ATM,2016-10-31,1022100,monday,W,0,31,10,5,0,1,757396.4285714285,506450.0
Christ College ATM,2016-11-01,697000,tuesday,W,1,1,11,1,1,0,750782.1428571428,920712.5
Christ College ATM,2016-11-02,808400,wednesday,W,2,2,11,1,1,0,744371.4285714285,808575.0
Christ College ATM,2016-11-03,309700,thursday,W,3,3,11,1,1,0,757364.2857142857,687775.0
Christ College ATM,2016-11-04,2000,friday,W,4,4,11,1,0,0,745592.8571428572,763925.0
Christ College ATM,2016-11-05,760900,saturday,H,5,5,11,1,0,0,742421.4285714285,653825.0
Christ College ATM,2016-11-06,535000,sunday,H,6,6,11,1,0,0,733975.0,822537.5
Christ College ATM,2016-11-07,545700,monday,W,0,7,11,1,0,0,712621.4285714285,510337.5
Christ College ATM,2016-11-08,966400,tuesday,W,1,8,11,2,0,0,704196.4285714285,848225.0
Christ College ATM,2016-11-13,7000,sunday,H,6,13,11,2,0,0,727821.4285714285,818175.0
Christ College ATM,2016-11-22,30000,tuesday,W,1,22,11,4,0,0,715982.1428571428,725512.5
Christ College ATM,2016-11-28,100,monday,W,0,28,11,4,0,1,684857.1428571428,444525.0
Christ College ATM,2016-11-29,30700,tuesday,W,1,29,11,5,0,1,655539.2857142857,637112.5
Christ College ATM,2016-11-30,8200,wednesday,W,2,30,11,5,0,1,622753.5714285715,684887.5
Christ College ATM,2016-12-01,1500,thursday,W,3,1,12,1,1,0,607421.4285714285,593500.0
Christ College ATM,2016-12-07,2600,wednesday,W,2,7,12,1,0,0,566321.4285714285,583462.5
Christ College ATM,2017-01-20,6000,friday,W,4,20,1,3,0,0,539232.1428571428,672987.5
Christ College ATM,2017-01-21,471300,saturday,H,5,21,1,3,0,0,497210.71428571426,603012.5
Christ College ATM,2017-01-22,721700,sunday,H,6,22,1,4,0,0,486564.28571428574,781737.5
Christ College ATM,2017-01-23,587200,monday,W,0,23,1,4,0,0,495825.0,476150.0
Christ College ATM,2017-01-24,695100,tuesday,W,1,24,1,4,0,0,487446.4285714286,610662.5
Christ College ATM,2017-01-25,620700,wednesday,W,2,25,1,4,0,0,489046.4285714286,568775.0
Christ College ATM,2017-01-26,891000,thursday,H,3,26,1,4,0,0,470989.28571428574,578950.0
Christ College ATM,2017-01-27,1238100,friday,W,4,27,1,4,0,0,472496.4285714286,726450.0
Christ College ATM,2017-01-28,1189000,saturday,H,5,28,1,4,0,0,483114.28571428574,670325.0
Christ College ATM,2017-01-29,42300,sunday,H,6,29,1,5,0,1,479467.85714285716,779450.0
Christ College ATM,2017-01-30,487500,monday,W,0,30,1,5,0,1,454960.71428571426,371875.0
Christ College ATM,2017-01-31,1201600,tuesday,W,1,31,1,5,0,1,461803.5714285714,616025.0
Christ College ATM,2017-02-01,1909500,wednesday,W,2,1,2,1,1,0,495671.4285714286,609387.5
Christ College ATM,2017-02-02,1617200,thursday,W,3,2,2,1,1,0,527364.2857142857,737437.5
Christ College ATM,2017-02-03,1006300,friday,W,4,3,2,1,1,0,560228.5714285715,847487.5
Christ College ATM,2017-02-04,810600,saturday,H,5,4,2,1,0,0,567296.4285714285,674650.0
Christ College ATM,2017-02-05,1243000,sunday,H,6,5,2,1,0,0,585185.7142857143,783075.0
Christ College ATM,2017-02-06,694000,monday,W,0,6,2,1,0,0,629507.1428571428,489137.5
Christ College ATM,2017-02-07,1145700,tuesday,W,1,7,2,1,0,0,627117.8571428572,558737.5
Christ College ATM,2017-02-08,1149500,wednesday,W,2,8,2,2,0,0,648928.5714285715,672687.5
Christ College ATM,2017-02-09,403900,thursday,W,3,9,2,2,0,0,670492.8571428572,869775.0
Christ College ATM,2017-02-10,395700,friday,W,4,10,2,2,0,0,650403.5714285715,773300.0
Christ College ATM,2017-02-11,96300,saturday,H,5,11,2,2,0,0,664285.7142857143,582500.0
Christ College ATM,2017-02-13,520500,monday,W,0,13,2,2,0,0,666653.5714285715,446487.5
Christ College ATM,2017-02-14,845500,tuesday,W,1,14,2,2,0,0,685239.2857142857,483012.5
Christ College ATM,2017-02-15,989800,wednesday,W,2,15,2,3,0,0,714339.2857142857,683237.5
Christ College ATM,2017-02-16,555000,thursday,W,3,16,2,3,0,0,749396.4285714285,951187.5
Christ College ATM,2017-02-17,748200,friday,W,4,17,2,3,0,0,769164.2857142857,729987.5
Christ College ATM,2017-02-18,1037300,saturday,H,5,18,2,3,0,0,795792.8571428572,573400.0
Christ College ATM,2017-02-19,614100,sunday,H,6,19,2,3,0,0,832625.0,794150.0
Christ College ATM,2017-02-20,671200,monday,W,0,20,2,3,0,0,837725.0,441962.5
Christ College ATM,2017-02-21,707100,tuesday,W,1,21,2,3,0,0,835921.4285714285,439150.0
Christ College ATM,2017-02-22,661100,wednesday,W,2,22,2,4,0,0,840203.5714285715,665525.0
Christ College ATM,2017-02-23,686300,thursday,W,3,23,2,4,0,0,838989.2857142857,886000.0
Christ College ATM,2017-02-24,631100,friday,W,4,24,2,4,0,0,841332.1428571428,719600.0
Christ College ATM,2017-02-25,792600,saturday,H,5,25,2,4,0,0,832050.0,594487.5
Christ College ATM,2017-02-26,640000,sunday,H,6,26,2,4,0,1,816139.2857142857,790500.0
Christ College ATM,2017-02-27,362600,monday,W,0,27,2,4,0,1,796532.1428571428,490300.0
Christ College ATM,2017-02-28,1021500,tuesday,W,1,28,2,4,0,1,807971.4285714285,416262.5
Christ College ATM,2017-03-01,1539900,wednesday,W,2,1,3,1,1,0,827042.8571428572,706087.5
Christ College ATM,2017-03-02,1614300,thursday,W,3,2,3,1,1,0,839125.0,960887.5
Christ College ATM,2017-03-03,673200,friday,W,4,3,3,1,1,0,828582.1428571428,760000.0
Christ College ATM,2017-03-04,1462500,saturday,H,5,4,3,1,0,0,794867.8571428572,587575.0
Christ College ATM,2017-03-05,511500,sunday,H,6,5,3,1,0,0,811160.7142857143,936325.0
Christ College ATM,2017-03-06,936100,monday,W,0,6,3,1,0,0,800478.5714285715,487362.5
Christ College ATM,2017-03-07,1090500,tuesday,W,1,7,3,1,0,0,789517.8571428572,532400.0
Christ College ATM,2017-03-08,843000,wednesday,W,2,8,3,2,0,0,803678.5714285715,838562.5
Christ College ATM,2017-03-09,1175700,thursday,W,3,9,3,2,0,0,792867.8571428572,965212.5
Christ College ATM,2017-03-10,734500,friday,W,4,10,3,2,0,0,793803.5714285715,868250.0
Christ College ATM,2017-03-13,1255800,monday,W,0,13,3,2,0,0,805610.7142857143,575425.0
Christ College ATM,2017-03-14,1189300,tuesday,W,1,14,3,2,0,0,836328.5714285715,689362.5
Christ College ATM,2017-03-15,1231100,wednesday,W,2,15,3,3,0,0,875364.2857142857,987037.5
Christ College ATM,2017-03-16,957500,thursday,W,3,16,3,3,0,0,900742.8571428572,1118075.0
Christ College ATM,2017-03-17,808200,friday,W,4,17,3,3,0,0,904742.8571428572,987612.5
Christ College ATM,2017-03-18,940600,saturday,H,5,18,3,3,0,0,898257.1428571428,688350.0
Christ College ATM,2017-03-19,965500,sunday,H,6,19,3,3,0,0,912028.5714285715,958787.5
Christ College ATM,2017-03-20,854500,monday,W,0,20,3,3,0,0,919789.2857142857,605900.0
Christ College ATM,2017-03-21,593400,tuesday,W,1,21,3,3,0,0,913260.7142857143,722775.0
Christ College ATM,2017-03-22,407600,wednesday,W,2,22,3,4,0,0,912521.4285714285,974325.0
Christ College ATM,2017-03-23,640800,thursday,W,3,23,3,4,0,0,903107.1428571428,1091437.5
Christ College ATM,2017-03-24,631900,friday,W,4,24,3,4,0,0,900739.2857142857,956337.5
Christ College ATM,2017-03-25,820800,saturday,H,5,25,3,4,0,0,899696.4285714285,766587.5
Christ College ATM,2017-03-26,22000,sunday,H,6,26,3,4,0,0,904500.0,940587.5
Christ College ATM,2017-03-27,1043800,monday,W,0,27,3,4,0,0,882746.4285714285,603362.5
Christ College ATM,2017-03-28,942500,tuesday,W,1,28,3,4,0,0,891717.8571428572,792312.5
Christ College ATM,2017-03-29,1023000,wednesday,H,2,29,3,5,0,1,902521.4285714285,941937.5
Christ College ATM,2017-03-30,842000,thursday,W,3,30,3,5,0,1,926107.1428571428,980625.0
Christ College ATM,2017-03-31,1300300,friday,W,4,31,3,5,0,1,919696.4285714285,859437.5
Christ College ATM,2017-04-01,459000,saturday,H,5,1,4,1,1,0,911139.2857142857,774362.5
Christ College ATM,2017-04-02,67300,sunday,H,6,2,4,1,1,0,869878.5714285715,939050.0
Christ College ATM,2017-04-03,46900,monday,W,0,3,4,1,1,0,848239.2857142857,456400.0
Christ College ATM,2017-04-04,536100,tuesday,W,1,4,4,1,0,0,797682.1428571428,711425.0
Christ College ATM,2017-04-05,1048900,wednesday,W,2,5,4,1,0,0,798560.7142857143,865737.5
Christ College ATM,2017-04-06,977100,thursday,W,3,6,4,1,0,0,802589.2857142857,968050.0
Christ College ATM,2017-04-07,1025400,friday,W,4,7,4,1,0,0,798539.2857142857,931087.5
Christ College ATM,2017-04-08,169600,saturday,H,5,8,4,2,0,0,805053.5714285715,776750.0
Christ College ATM,2017-04-09,543300,sunday,H,6,9,4,2,0,0,769121.4285714285,811625.0
Christ College ATM,2017-04-10,942800,monday,W,0,10,4,2,0,0,762292.8571428572,512275.0
Christ College ATM,2017-04-11,462100,tuesday,W,1,11,4,2,0,0,751114.2857142857,764212.5
Christ College ATM,2017-04-12,1164200,wednesday,W,2,12,4,2,0,0,725142.8571428572,817812.5
Christ College ATM,2017-04-13,989000,thursday,W,3,13,4,2,0,0,722753.5714285715,989850.0
Christ College ATM,2017-04-15,1266600,saturday,H,5,15,4,3,0,0,723878.5714285715,850912.5
Christ College ATM,2017-04-16,1028200,sunday,H,6,16,4,3,0,0,740250.0,868625.0
Christ College ATM,2017-04-17,1052300,monday,W,0,17,4,3,0,0,743378.5714285715,564037.5
Christ College ATM,2017-04-18,565200,tuesday,W,1,18,4,3,0,0,746478.5714285715,811850.0
Christ College ATM,2017-04-19,5100,wednesday,W,2,19,4,3,0,0,736146.4285714285,800075.0
Christ College ATM,2017-04-20,818800,thursday,W,3,20,4,3,0,0,715135.7142857143,907850.0
Christ College ATM,2017-04-21,807000,friday,W,4,21,4,3,0,0,729821.4285714285,964062.5
Christ College ATM,2017-04-22,813700,saturday,H,5,22,4,4,0,0,735757.1428571428,858262.5
Christ College ATM,2017-04-23,159100,sunday,H,6,23,4,4,0,0,742250.0,840675.0
Christ College ATM,2017-04-24,904000,monday,W,0,24,4,4,0,0,718617.8571428572,503925.0
Christ College ATM,2017-04-25,756700,tuesday,W,1,25,4,4,0,0,750117.8571428572,879525.0
Christ College ATM,2017-04-26,782300,wednesday,W,2,26,4,4,0,0,739864.2857142857,766975.0
Christ College ATM,2017-04-27,688300,thursday,W,3,27,4,4,0,0,734142.8571428572,813150.0
Christ College ATM,2017-04-28,152200,friday,W,4,28,4,4,0,1,722189.2857142857,964312.5
Christ College ATM,2017-04-29,585600,saturday,H,5,29,4,5,0,1,697553.5714285715,798400.0
Christ College ATM,2017-04-30,691100,sunday,H,6,30,4,5,0,1,672028.5714285715,814800.0
Christ College ATM,2017-05-01,1251800,monday,H,0,1,5,1,1,0,680317.8571428572,526375.0
Christ College ATM,2017-05-02,1082700,tuesday,W,1,2,5,1,1,0,722621.4285714285,918987.5
Christ College ATM,2017-05-03,1283300,wednesday,W,2,3,5,1,1,0,759614.2857142857,766000.0
Christ College ATM,2017-05-04,804000,thursday,W,3,4,5,1,0,0,786300.0,868187.5
Christ College ATM,2017-05-05,1340300,friday,W,4,5,5,1,0,0,777553.5714285715,863025.0
Christ College ATM,2017-05-06,1004800,saturday,H,5,6,5,1,0,0,790525.0,881787.5
Christ College ATM,2017-05-07,588700,sunday,H,6,7,5,1,0,0,789789.2857142857,757587.5
Christ College ATM,2017-05-08,1398700,monday,W,0,8,5,2,0,0,804757.1428571428,508150.0
Christ College ATM,2017-05-09,1115600,tuesday,W,1,9,5,2,0,0,835307.1428571428,936850.0
Christ College ATM,2017-05-10,1242600,wednesday,W,2,10,5,2,0,0,841478.5714285715,756787.5
Christ College ATM,2017-05-11,569000,thursday,W,3,11,5,2,0,0,869353.5714285715,869625.0
Christ College ATM,2017-05-12,1073600,friday,W,4,12,5,2,0,0,848096.4285714285,787187.5
Christ College ATM,2017-05-13,1058800,saturday,H,5,13,5,2,0,0,851117.8571428572,914962.5
Christ College ATM,2017-05-14,12000,sunday,H,6,14,5,2,0,0,843696.4285714285,772362.5
Christ College ATM,2017-05-17,533300,wednesday,W,2,17,5,3,0,0,807403.5714285715,684112.5
Christ College ATM,2017-05-18,859500,thursday,W,3,18,5,3,0,0,788867.8571428572,885337.5
Christ College ATM,2017-05-19,1249600,friday,W,4,19,5,3,0,0,799378.5714285715,774937.5
Christ College ATM,2017-05-20,1307800,saturday,H,5,20,5,3,0,0,843825.0,992175.0
Christ College ATM,2017-05-21,974100,sunday,H,6,21,5,3,0,0,861289.2857142857,833237.5
Christ College ATM,2017-05-22,851100,monday,W,0,22,5,4,0,0,867257.1428571428,509225.0
Christ College ATM,2017-05-23,632700,tuesday,W,1,23,5,4,0,0,868592.8571428572,936425.0
Christ College ATM,2017-05-24,1077000,wednesday,W,2,24,5,4,0,0,885507.1428571428,645387.5
Christ College ATM,2017-05-25,1012500,thursday,W,3,25,5,4,0,0,891685.7142857143,892087.5
Christ College ATM,2017-05-26,843700,friday,W,4,26,5,4,0,0,900821.4285714285,821400.0
Christ College ATM,2017-05-27,1328900,saturday,H,5,27,5,4,0,0,903014.2857142857,935100.0
Christ College ATM,2017-05-28,116200,sunday,H,6,28,5,4,0,0,925892.8571428572,941975.0
Christ College ATM,2017-05-29,468700,monday,W,0,29,5,5,0,1,924607.1428571428,521000.0
Christ College ATM,2017-05-30,884600,tuesday,W,1,30,5,5,0,1,920432.1428571428,864537.5
Christ College ATM,2017-05-31,1173900,wednesday,W,2,31,5,5,0,1,927342.8571428572,688950.0
Christ College ATM,2017-06-01,1787800,thursday,W,3,1,6,1,1,0,924560.7142857143,907712.5
Christ College ATM,2017-06-02,1111500,friday,W,4,2,6,1,1,0,949742.8571428572,939625.0
Christ College ATM,2017-06-03,1331000,saturday,H,5,3,6,1,1,0,943607.1428571428,945862.5
Christ College ATM,2017-06-04,173000,sunday,H,6,4,6,1,0,0,962428.5714285715,1087150.0
Christ College ATM,2017-06-05,1423200,monday,W,0,5,6,1,0,0,920739.2857142857,534212.5
Christ College ATM,2017-06-06,663400,tuesday,W,1,6,6,1,0,0,935682.1428571428,1036575.0
Christ College ATM,2017-06-07,1304100,wednesday,W,2,7,6,1,0,0,938350.0,714112.5
Christ College ATM,2017-06-08,1300500,thursday,W,3,8,6,2,0,0,934971.4285714285,925200.0
Christ College ATM,2017-06-09,1188600,friday,W,4,9,6,2,0,0,941575.0,980050.0
Christ College ATM,2017-06-10,1183800,saturday,H,5,10,6,2,0,0,939646.4285714285,970812.5
Christ College ATM,2017-06-11,637300,sunday,H,6,11,6,2,0,0,961603.5714285715,1076800.0
Christ College ATM,2017-06-12,197300,monday,W,0,12,6,2,0,0,946021.4285714285,545962.5
Christ College ATM,2017-06-13,1067500,tuesday,W,1,13,6,2,0,0,915253.5714285715,943387.5
Christ College ATM,2017-06-14,598900,wednesday,W,2,14,6,2,0,0,952950.0,776900.0
Christ College ATM,2017-06-15,690600,thursday,W,3,15,6,3,0,0,955292.8571428572,999425.0
Christ College ATM,2017-06-16,578600,friday,W,4,16,6,3,0,0,949260.7142857143,964025.0
Christ College ATM,2017-06-17,654400,saturday,H,5,17,6,3,0,0,925296.4285714285,942262.5
Christ College ATM,2017-06-18,445800,sunday,H,6,18,6,3,0,0,901960.7142857143,1056887.5
Christ College ATM,2017-06-19,622900,monday,W,0,19,6,3,0,0,883092.8571428572,473162.5
Christ College ATM,2017-06-20,549500,tuesday,W,1,20,6,3,0,0,874942.8571428572,889712.5
Christ College ATM,2017-06-21,316300,wednesday,W,2,21,6,3,0,0,871971.4285714285,751000.0
Christ College ATM,2017-06-23,309800,friday,W,4,23,6,4,0,0,844803.5714285715,917525.0
Christ College ATM,2017-06-24,778700,saturday,H,5,24,6,4,0,0,819707.1428571428,961962.5
Christ College ATM,2017-06-25,455200,sunday,H,6,25,6,4,0,0,817385.7142857143,1081025.0
Christ College ATM,2017-06-26,591800,monday,H,0,26,6,4,0,0,786182.1428571428,510175.0
Christ College ATM,2017-06-27,532800,tuesday,W,1,27,6,4,0,0,803167.8571428572,850687.5
Christ College ATM,2017-06-28,293700,wednesday,W,2,28,6,4,0,1,805457.1428571428,682262.5
Christ College ATM,2017-06-29,585200,thursday,W,3,29,6,5,0,1,784353.5714285715,938350.0
Christ College ATM,2017-06-30,964100,friday,W,4,30,6,5,0,1,763328.5714285715,890175.0
Christ College ATM,2017-07-01,1530000,saturday,H,5,1,7,1,1,0,733910.7142857143,914937.5
Christ College ATM,2017-07-02,510900,sunday,H,6,2,7,1,1,0,748857.1428571428,1146675.0
Christ College ATM,2017-07-03,1017700,monday,W,0,3,7,1,1,0,719567.8571428572,487650.0
Christ College ATM,2017-07-04,743100,tuesday,W,1,4,7,1,0,0,749735.7142857143,821425.0
Christ College ATM,2017-07-05,1408000,wednesday,W,2,5,7,1,0,0,725446.4285714285,635700.0
Christ College ATM,2017-07-06,1035400,thursday,W,3,6,7,1,0,0,752039.2857142857,953937.5
Christ College ATM,2017-07-07,642500,friday,W,4,7,7,1,0,0,742442.8571428572,948475.0
Christ College ATM,2017-07-08,1379300,saturday,H,5,8,7,2,0,0,718942.8571428572,861050.0
Christ College ATM,2017-07-09,389000,sunday,H,6,9,7,2,0,0,725753.5714285715,1186737.5
Christ College ATM,2017-07-10,986500,monday,W,0,10,7,2,0,0,697367.8571428572,462687.5
Christ College ATM,2017-07-11,747100,tuesday,W,1,11,7,2,0,0,709839.2857142857,769900.0
Christ College ATM,2017-07-12,484100,wednesday,W,2,12,7,2,0,0,729475.0,727587.5
Christ College ATM,2017-07-13,790000,thursday,W,3,13,7,2,0,0,708639.2857142857,859125.0
Christ College ATM,2017-07-14,505300,friday,W,4,14,7,2,0,0,715464.2857142857,939787.5
Christ College ATM,2017-07-15,876000,saturday,H,5,15,7,3,0,0,708846.4285714285,768012.5
Christ College ATM,2017-07-16,438600,sunday,H,6,16,7,3,0,0,719467.8571428572,1132762.5
Christ College ATM,2017-07-17,783400,monday,W,0,17,7,3,0,0,711760.7142857143,395750.0
Christ College ATM,2017-07-18,549100,tuesday,W,1,18,7,3,0,0,723817.8571428572,761437.5
Christ College ATM,2017-07-19,257900,wednesday,W,2,19,7,3,0,0,721182.1428571428,717137.5
Christ College ATM,2017-07-20,483700,thursday,W,3,20,7,3,0,0,710767.8571428572,824700.0
Christ College ATM,2017-07-21,550900,friday,W,4,21,7,3,0,0,716746.4285714285,873687.5
Christ College ATM,2017-07-22,987800,saturday,H,5,22,7,4,0,0,725357.1428571428,731412.5
Christ College ATM,2017-07-23,184100,sunday,H,6,23,7,4,0,0,732825.0,1090125.0
Christ College ATM,2017-07-24,532900,monday,W,0,24,7,4,0,0,723142.8571428572,404237.5
Christ College ATM,2017-07-25,692700,tuesday,W,1,25,7,4,0,0,721039.2857142857,769462.5
Christ College ATM,2017-07-26,326500,wednesday,W,2,26,7,4,0,0,726750.0,693150.0
Christ College ATM,2017-07-27,523700,thursday,W,3,27,7,4,0,0,727921.4285714285,730887.5
Christ College ATM,2017-07-28,586500,friday,W,4,28,7,4,0,0,725725.0,715675.0
Christ College ATM,2017-07-29,765700,saturday,H,5,29,7,5,0,1,712239.2857142857,665787.5
Christ College ATM,2017-07-30,391300,sunday,H,6,30,7,5,0,1,684942.8571428572,1019462.5
Christ College ATM,2017-07-31,892000,monday,W,0,31,7,5,0,1,680671.4285714285,431525.0
Christ College ATM,2017-08-01,701500,tuesday,W,1,1,8,1,1,0,676182.1428571428,703062.5
Christ College ATM,2017-08-02,380600,wednesday,W,2,2,8,1,1,0,674696.4285714285,697912.5
Christ College ATM,2017-08-03,357100,thursday,W,3,3,8,1,1,0,638003.5714285715,631725.0
Christ College ATM,2017-08-04,758400,friday,W,4,4,8,1,0,0,613778.5714285715,597750.0
Christ College ATM,2017-08-05,739100,saturday,H,5,5,8,1,0,0,617917.8571428572,612012.5
Christ College ATM,2017-08-06,655400,sunday,H,6,6,8,1,0,0,595053.5714285715,963875.0
Christ College ATM,2017-08-07,305500,monday,W,0,7,8,1,0,0,604567.8571428572,433787.5
Christ College ATM,2017-08-08,159800,tuesday,W,1,8,8,2,0,0,580246.4285714285,716587.5
Christ College ATM,2017-08-09,440600,wednesday,W,2,9,8,2,0,0,559271.4285714285,584450.0
Christ College ATM,2017-08-10,776400,thursday,W,3,10,8,2,0,0,557717.8571428572,523787.5
Christ College ATM,2017-08-11,845600,friday,W,4,11,8,2,0,0,557232.1428571428,608475.0
Christ College ATM,2017-08-12,97200,saturday,H,5,12,8,2,0,0,569385.7142857143,645387.5
Christ College ATM,2017-08-18,338300,friday,W,4,18,8,3,0,0,541571.4285714285,581087.5
Christ College ATM,2017-08-19,746300,saturday,H,5,19,8,3,0,0,537989.2857142857,648950.0
Christ College ATM,2017-08-20,459700,sunday,H,6,20,8,3,0,0,536664.2857142857,975362.5
Christ College ATM,2017-08-21,586100,monday,W,0,21,8,3,0,0,533471.4285714285,435525.0
Christ College ATM,2017-08-22,671400,tuesday,W,1,22,8,4,0,0,545192.8571428572,711987.5
Christ College ATM,2017-08-23,541300,wednesday,W,2,23,8,4,0,0,551896.4285714285,599687.5
Christ College ATM,2017-08-24,617100,thursday,W,3,24,8,4,0,0,551553.5714285715,516587.5
Christ College ATM,2017-08-25,594800,friday,H,4,25,8,4,0,0,538314.2857142857,585075.0
Christ College ATM,2017-08-26,189200,saturday,H,5,26,8,4,0,0,552982.1428571428,602787.5
Christ College ATM,2017-08-28,690700,monday,W,0,28,8,4,0,0,540707.1428571428,402275.0
Christ College ATM,2017-08-29,789600,tuesday,W,1,29,8,5,0,1,540635.7142857143,724350.0
Christ College ATM,2017-08-30,941600,wednesday,W,2,30,8,5,0,1,557175.0,631787.5
Christ College ATM,2017-08-31,841100,thursday,W,3,31,8,5,0,1,572100.0,597575.0
Christ College ATM,2017-09-01,1663200,friday,W,4,1,9,1,1,0,581192.8571428572,560787.5
KK Nagar ATM,2011-01-16,274100,sunday,H,6,16,1,3,0,0,829806.6666666666,682933.3333333334
KK Nagar ATM,2011-01-17,524800,monday,H,0,17,1,3,0,0,795075.0,507166.6666666667
KK Nagar ATM,2011-01-18,831200,tuesday,W,1,18,1,3,0,0,779176.4705882353,935866.6666666666
KK Nagar ATM,2011-01-19,649200,wednesday,W,2,19,1,3,0,0,782066.6666666666,889500.0
KK Nagar ATM,2011-01-20,445900,thursday,W,3,20,1,3,0,0,775073.6842105263,792666.6666666666
KK Nagar ATM,2011-01-21,581500,friday,W,4,21,1,3,0,0,758615.0,679333.3333333334
KK Nagar ATM,2011-01-22,683300,saturday,H,5,22,1,4,0,0,750180.9523809524,763800.0
KK Nagar ATM,2011-01-23,290000,sunday,H,6,23,1,4,0,0,747140.9090909091,683025.0
KK Nagar ATM,2011-01-24,800500,monday,W,0,24,1,4,0,0,727265.2173913043,452875.0
KK Nagar ATM,2011-01-25,617000,tuesday,W,1,25,1,4,0,0,730316.6666666666,902025.0
KK Nagar ATM,2011-01-26,485900,wednesday,H,2,26,1,4,0,0,725784.0,821375.0
KK Nagar ATM,2011-01-27,722900,thursday,W,3,27,1,4,0,0,716557.6923076923,715975.0
KK Nagar ATM,2011-01-28,874200,friday,W,4,28,1,4,0,0,716792.5925925926,690225.0
KK Nagar ATM,2011-01-29,1082200,saturday,H,5,29,1,5,0,1,722414.2857142857,791400.0
KK Nagar ATM,2011-01-30,517100,sunday,H,6,30,1,5,0,1,727303.5714285715,762860.0
KK Nagar ATM,2011-01-31,1310300,monday,W,0,31,1,5,0,1,716864.2857142857,465720.0
KK Nagar ATM,2011-02-01,958300,tuesday,W,1,1,2,1,1,0,716050.0,983680.0
KK Nagar ATM,2011-02-02,1159900,wednesday,W,2,2,2,1,1,0,714582.1428571428,848760.0
KK Nagar ATM,2011-02-03,823400,thursday,W,3,3,2,1,1,0,721750.0,804760.0
KK Nagar ATM,2011-02-04,919100,friday,W,4,4,2,1,0,0,721846.4285714285,716860.0
KK Nagar ATM,2011-02-05,767500,saturday,H,5,5,2,1,0,0,724903.5714285715,816940.0
KK Nagar ATM,2011-02-06,387400,sunday,H,6,6,2,1,0,0,724382.1428571428,763633.3333333334
KK Nagar ATM,2011-02-07,849600,monday,W,0,7,2,1,0,0,722575.0,452666.6666666667
KK Nagar ATM,2011-02-08,798000,tuesday,W,1,8,2,2,0,0,719000.0,961333.3333333334
KK Nagar ATM,2011-02-09,1003900,wednesday,W,2,9,2,2,0,0,717575.0,840300.0
KK Nagar ATM,2011-02-10,767000,thursday,W,3,10,2,2,0,0,725942.8571428572,837950.0
KK Nagar ATM,2011-02-11,615500,friday,W,4,11,2,2,0,0,725785.7142857143,725216.6666666666
KK Nagar ATM,2011-02-12,802500,saturday,H,5,12,2,2,0,0,716467.8571428572,783366.6666666666
KK Nagar ATM,2011-02-13,370700,sunday,H,6,13,2,2,0,0,733650.0,769185.7142857143
KK Nagar ATM,2011-02-14,791300,monday,W,0,14,2,2,0,0,737100.0,440957.14285714284
KK Nagar ATM,2011-02-15,890100,tuesday,W,1,15,2,3,0,0,746617.8571428572,937042.8571428572
KK Nagar ATM,2011-02-16,482200,wednesday,H,2,16,2,3,0,0,748721.4285714285,847414.2857142857
KK Nagar ATM,2011-02-17,998300,thursday,W,3,17,2,3,0,0,742757.1428571428,787128.5714285715
KK Nagar ATM,2011-02-18,543000,friday,W,4,18,2,3,0,0,762485.7142857143,764228.5714285715
KK Nagar ATM,2011-02-19,858300,saturday,H,5,19,2,3,0,0,761110.7142857143,749028.5714285715
KK Nagar ATM,2011-02-20,302100,sunday,H,6,20,2,3,0,0,767360.7142857143,780325.0
KK Nagar ATM,2011-02-21,659200,monday,W,0,21,2,3,0,0,767792.8571428572,423600.0
KK Nagar ATM,2011-02-22,624300,tuesday,W,1,22,2,4,0,0,762746.4285714285,902312.5
KK Nagar ATM,2011-02-23,704500,wednesday,W,2,23,2,4,0,0,763007.1428571428,819525.0
KK Nagar ATM,2011-02-24,647400,thursday,W,3,24,2,4,0,0,770814.2857142857,776800.0
KK Nagar ATM,2011-02-25,552700,friday,W,4,25,2,4,0,0,768117.8571428572,749625.0
KK Nagar ATM,2011-02-26,780100,saturday,H,5,26,2,4,0,1,756635.7142857143,724487.5
KK Nagar ATM,2011-02-27,191700,sunday,H,6,27,2,4,0,1,745846.4285714285,759675.0
KK Nagar ATM,2011-02-28,960900,monday,W,0,28,2,4,0,1,734225.0,346387.5
KK Nagar ATM,2011-03-01,1041900,tuesday,W,1,1,3,1,1,0,721746.4285714285,855787.5
KK Nagar ATM,2011-03-02,1043200,wednesday,W,2,2,3,1,1,0,724732.1428571428,824837.5
KK Nagar ATM,2011-03-03,1043500,thursday,W,3,3,3,1,1,0,720564.2857142857,787300.0
KK Nagar ATM,2011-03-04,718600,friday,W,4,4,3,1,0,0,728425.0,777475.0
KK Nagar ATM,2011-03-05,751600,saturday,H,5,5,3,1,0,0,721264.2857142857,710125.0
KK Nagar ATM,2011-03-06,637800,sunday,H,6,6,3,1,0,0,720696.4285714285,755862.5
KK Nagar ATM,2011-03-07,667100,monday,W,0,7,3,1,0,0,729639.2857142857,371362.5
KK Nagar ATM,2011-03-08,813100,tuesday,W,1,8,3,2,0,0,723121.4285714285,820462.5
KK Nagar ATM,2011-03-09,1375800,wednesday,W,2,9,3,2,0,0,723660.7142857143,821737.5
KK Nagar ATM,2011-03-10,759900,thursday,W,3,10,3,2,0,0,736942.8571428572,863075.0
KK Nagar ATM,2011-03-11,514400,friday,W,4,11,3,2,0,0,736689.2857142857,776037.5
KK Nagar ATM,2011-03-12,583700,saturday,H,5,12,3,2,0,0,733078.5714285715,664875.0
KK Nagar ATM,2011-03-13,282000,sunday,H,6,13,3,2,0,0,725264.2857142857,788650.0
KK Nagar ATM,2011-03-14,804300,monday,W,0,14,3,2,0,0,722096.4285714285,372350.0
KK Nagar ATM,2011-03-15,758300,tuesday,W,1,15,3,3,0,0,722560.7142857143,855400.0
KK Nagar ATM,2011-03-16,835800,wednesday,W,2,16,3,3,0,0,717853.5714285715,812625.0
KK Nagar ATM,2011-03-17,579700,thursday,W,3,17,3,3,0,0,730482.1428571428,886400.0
KK Nagar ATM,2011-03-18,670000,friday,W,4,18,3,3,0,0,715532.1428571428,792762.5
KK Nagar ATM,2011-03-19,567600,saturday,H,5,19,3,3,0,0,720067.8571428572,675937.5
KK Nagar ATM,2011-03-20,278000,sunday,H,6,20,3,3,0,0,709685.7142857143,774187.5
KK Nagar ATM,2011-03-21,725500,monday,W,0,21,3,3,0,0,708825.0,370850.0
KK Nagar ATM,2011-03-22,747100,tuesday,W,1,22,3,4,0,0,711192.8571428572,846025.0
KK Nagar ATM,2011-03-23,798500,wednesday,W,2,23,3,4,0,0,715578.5714285715,828887.5
KK Nagar ATM,2011-03-24,561300,thursday,W,3,24,3,4,0,0,718935.7142857143,925475.0
KK Nagar ATM,2011-03-25,592900,friday,W,4,25,3,4,0,0,715860.7142857143,772562.5
KK Nagar ATM,2011-03-26,812800,saturday,H,5,26,3,4,0,0,717296.4285714285,640775.0
KK Nagar ATM,2011-03-27,333100,sunday,H,6,27,3,4,0,0,718464.2857142857,740512.5
KK Nagar ATM,2011-03-28,578100,monday,W,0,28,3,4,0,0,723514.2857142857,347850.0
KK Nagar ATM,2011-03-29,832200,tuesday,W,1,29,3,5,0,1,709842.8571428572,754500.0
KK Nagar ATM,2011-03-30,849400,wednesday,W,2,30,3,5,0,1,702353.5714285715,813125.0
KK Nagar ATM,2011-03-31,962300,thursday,W,3,31,3,5,0,1,695432.1428571428,886662.5
KK Nagar ATM,2011-04-01,557300,friday,W,4,1,4,1,1,0,692532.1428571428,789925.0
KK Nagar ATM,2011-04-02,728200,saturday,H,5,2,4,1,1,0,686771.4285714285,595550.0
KK Nagar ATM,2011-04-03,571200,sunday,H,6,3,4,1,1,0,685935.7142857143,735600.0
KK Nagar ATM,2011-04-04,690500,monday,W,0,4,4,1,0,0,683557.1428571428,370825.0
KK Nagar ATM,2011-04-05,1013600,tuesday,W,1,5,4,1,0,0,684392.8571428572,734612.5
KK Nagar ATM,2011-04-06,1007100,wednesday,W,2,6,4,1,0,0,691553.5714285715,840075.0
KK Nagar ATM,2011-04-07,1028000,thursday,W,3,7,4,1,0,0,678385.7142857143,887062.5
KK Nagar ATM,2011-04-08,914800,friday,W,4,8,4,2,0,0,687960.7142857143,822550.0
KK Nagar ATM,2011-04-09,759100,saturday,H,5,9,4,2,0,0,702260.7142857143,632962.5
KK Nagar ATM,2011-04-10,370100,sunday,H,6,10,4,2,0,0,708525.0,730175.0
KK Nagar ATM,2011-04-11,893300,monday,W,0,11,4,2,0,0,711671.4285714285,370750.0
KK Nagar ATM,2011-04-12,739500,tuesday,H,1,12,4,2,0,0,714850.0,747362.5
KK Nagar ATM,2011-04-13,399900,wednesday,W,2,13,4,2,0,0,714178.5714285715,821250.0
KK Nagar ATM,2011-04-14,727800,thursday,H,3,14,4,2,0,0,698610.7142857143,876775.0
KK Nagar ATM,2011-04-15,428100,friday,W,4,15,4,3,0,0,703900.0,788737.5
KK Nagar ATM,2011-04-16,468000,saturday,H,5,16,4,3,0,0,695260.7142857143,618600.0
KK Nagar ATM,2011-04-17,481400,sunday,H,6,17,4,3,0,0,691703.5714285715,681387.5
KK Nagar ATM,2011-04-18,315100,monday,W,0,18,4,3,0,0,698967.8571428572,393162.5
KK Nagar ATM,2011-04-19,447600,tuesday,W,1,19,4,3,0,0,684310.7142857143,704350.0
KK Nagar ATM,2011-04-20,638600,wednesday,W,2,20,4,3,0,0,673614.2857142857,799162.5
KK Nagar ATM,2011-04-21,742500,thursday,W,3,21,4,3,0,0,667903.5714285715,868537.5
KK Nagar ATM,2011-04-22,536400,friday,H,4,22,4,4,0,0,674375.0,800625.0
KK Nagar ATM,2011-04-23,568100,saturday,H,5,23,4,4,0,0,672357.1428571428,616562.5
KK Nagar ATM,2011-04-24,277200,sunday,H,6,24,4,4,0,0,663617.8571428572,654887.5
KK Nagar ATM,2011-04-25,462800,monday,W,0,25,4,4,0,0,661621.4285714285,403850.0
KK Nagar ATM,2011-04-26,536900,tuesday,W,1,26,4,4,0,0,657503.5714285715,642087.5
KK Nagar ATM,2011-04-27,766000,wednesday,W,2,27,4,4,0,0,646957.1428571428,736037.5
KK Nagar ATM,2011-04-28,512900,thursday,W,3,28,4,4,0,1,643978.5714285715,833887.5
KK Nagar ATM,2011-04-29,740200,friday,W,4,29,4,5,0,1,627928.5714285715,734300.0
KK Nagar ATM,2011-04-30,1128700,saturday,H,5,30,4,5,0,1,634460.7142857143,619262.5
KK Nagar ATM,2011-05-01,577100,sunday,H,6,1,5,1,1,0,648764.2857142857,702025.0
KK Nagar ATM,2011-05-02,1245600,monday,W,0,2,5,1,1,0,648975.0,396262.5
KK Nagar ATM,2011-05-03,870800,tuesday,W,1,3,5,1,1,0,668800.0,714400.0
KK Nagar ATM,2011-05-04,992200,wednesday,W,2,4,5,1,0,0,663700.0,743250.0
KK Nagar ATM,2011-05-05,1053100,thursday,W,3,5,5,1,0,0,663167.8571428572,785937.5
KK Nagar ATM,2011-05-06,951900,friday,W,4,6,5,1,0,0,664064.2857142857,770950.0
KK Nagar ATM,2011-05-07,1039600,saturday,H,5,7,5,1,0,0,665389.2857142857,673950.0
KK Nagar ATM,2011-05-08,392500,sunday,H,6,8,5,2,0,0,675407.1428571428,759012.5
KK Nagar ATM,2011-05-09,591300,monday,W,0,9,5,2,0,0,676207.1428571428,410075.0
KK Nagar ATM,2011-05-10,560100,tuesday,W,1,10,5,2,0,0,665421.4285714285,687775.0
KK Nagar ATM,2011-05-11,837300,wednesday,W,2,11,5,2,0,0,659014.2857142857,718475.0
KK Nagar ATM,2011-05-12,678800,thursday,W,3,12,5,2,0,0,674635.7142857143,786125.0
KK Nagar ATM,2011-05-13,507200,friday,W,4,13,5,2,0,0,672885.7142857143,783337.5
KK Nagar ATM,2011-05-14,632800,saturday,H,5,14,5,2,0,0,675710.7142857143,653600.0
KK Nagar ATM,2011-05-15,369300,sunday,H,6,15,5,3,0,0,681596.4285714285,767162.5
KK Nagar ATM,2011-05-16,922700,monday,W,0,16,5,3,0,0,677592.8571428572,421487.5
KK Nagar ATM,2011-05-17,617000,tuesday,H,1,17,5,3,0,0,699292.8571428572,712425.0
KK Nagar ATM,2011-05-18,788600,wednesday,W,2,18,5,3,0,0,705342.8571428572,702212.5
KK Nagar ATM,2011-05-19,681300,thursday,W,3,19,5,3,0,0,710700.0,784887.5
KK Nagar ATM,2011-05-20,854200,friday,W,4,20,5,3,0,0,708514.2857142857,798337.5
KK Nagar ATM,2011-05-21,679800,saturday,H,5,21,5,3,0,0,719864.2857142857,686262.5
KK Nagar ATM,2011-05-22,401200,sunday,H,6,22,5,4,0,0,723853.5714285715,750537.5
KK Nagar ATM,2011-05-23,668500,monday,W,0,23,5,4,0,0,728282.1428571428,430000.0
KK Nagar ATM,2011-05-24,606400,tuesday,W,1,24,5,4,0,0,735628.5714285715,723725.0
KK Nagar ATM,2011-05-25,619800,wednesday,W,2,25,5,4,0,0,738110.7142857143,673987.5
KK Nagar ATM,2011-05-26,766500,thursday,W,3,26,5,4,0,0,732889.2857142857,756187.5
KK Nagar ATM,2011-05-27,681300,friday,W,4,27,5,4,0,0,741946.4285714285,773862.5
KK Nagar ATM,2011-05-28,503100,saturday,H,5,28,5,4,0,0,739842.8571428572,701762.5
KK Nagar ATM,2011-05-29,313400,sunday,H,6,29,5,5,0,1,717500.0,722400.0
KK Nagar ATM,2011-05-30,534200,monday,W,0,30,5,5,0,1,708082.1428571428,397775.0
KK Nagar ATM,2011-05-31,805700,tuesday,W,1,31,5,5,0,1,682675.0,704187.5
KK Nagar ATM,2011-06-01,1260100,wednesday,W,2,1,6,1,1,0,680350.0,648000.0
KK Nagar ATM,2011-06-02,1152400,thursday,W,3,2,6,1,1,0,689917.8571428572,787812.5
KK Nagar ATM,2011-06-03,822500,friday,W,4,3,6,1,1,0,693464.2857142857,789412.5
KK Nagar ATM,2011-06-04,875500,saturday,H,5,4,6,1,0,0,688842.8571428572,690225.0
KK Nagar ATM,2011-06-05,455500,sunday,H,6,5,6,1,0,0,682982.1428571428,736950.0
KK Nagar ATM,2011-06-06,648300,monday,W,0,6,6,1,0,0,685232.1428571428,408450.0
KK Nagar ATM,2011-06-07,887500,tuesday,W,1,7,6,1,0,0,687267.8571428572,673562.5
KK Nagar ATM,2011-06-08,884200,wednesday,W,2,8,6,2,0,0,698960.7142857143,666500.0
KK Nagar ATM,2011-06-09,781200,thursday,W,3,9,6,2,0,0,700635.7142857143,848350.0
KK Nagar ATM,2011-06-10,636800,friday,W,4,10,6,2,0,0,704292.8571428572,796087.5
KK Nagar ATM,2011-06-11,727600,saturday,H,5,11,6,2,0,0,708921.4285714285,716312.5
KK Nagar ATM,2011-06-12,363100,sunday,H,6,12,6,2,0,0,712307.1428571428,769400.0
KK Nagar ATM,2011-06-13,683900,monday,W,0,13,6,2,0,0,712085.7142857143,393662.5
KK Nagar ATM,2011-06-14,781200,tuesday,W,1,14,6,2,0,0,703557.1428571428,719662.5
KK Nagar ATM,2011-06-15,657800,wednesday,W,2,15,6,3,0,0,709421.4285714285,708200.0
KK Nagar ATM,2011-06-16,843500,thursday,W,3,16,6,3,0,0,704750.0,850750.0
KK Nagar ATM,2011-06-17,463500,friday,W,4,17,6,3,0,0,710542.8571428572,808712.5
KK Nagar ATM,2011-06-18,612900,saturday,H,5,18,6,3,0,0,696589.2857142857,707200.0
KK Nagar ATM,2011-06-19,254000,sunday,H,6,19,6,3,0,0,694200.0,775000.0
KK Nagar ATM,2011-06-20,646000,monday,W,0,20,6,3,0,0,688942.8571428572,390762.5
KK Nagar ATM,2011-06-21,510600,tuesday,W,1,21,6,3,0,0,688139.2857142857,742562.5
KK Nagar ATM,2011-06-22,706600,wednesday,W,2,22,6,4,0,0,684717.8571428572,704912.5
KK Nagar ATM,2011-06-23,485400,thursday,W,3,23,6,4,0,0,687817.8571428572,843325.0
KK Nagar ATM,2011-06-24,320000,friday,W,4,24,6,4,0,0,677778.5714285715,805275.0
KK Nagar ATM,2011-06-25,619900,saturday,H,5,25,6,4,0,0,664875.0,654675.0
KK Nagar ATM,2011-06-26,143600,sunday,H,6,26,6,4,0,0,669046.4285714285,711400.0
KK Nagar ATM,2011-06-27,758100,monday,W,0,27,6,4,0,0,662982.1428571428,336575.0
KK Nagar ATM,2011-06-28,658300,tuesday,W,1,28,6,4,0,1,670978.5714285715,681625.0
KK Nagar ATM,2011-06-29,594700,wednesday,W,2,29,6,5,0,1,665714.2857142857,678350.0
KK Nagar ATM,2011-06-30,713100,thursday,W,3,30,6,5,0,1,641950.0,793637.5
KK Nagar ATM,2011-07-01,794200,friday,W,4,1,7,1,1,0,626260.7142857143,762775.0
KK Nagar ATM,2011-07-02,896900,saturday,H,5,2,7,1,1,0,625250.0,634962.5
KK Nagar ATM,2011-07-03,477300,sunday,H,6,3,7,1,1,0,626014.2857142857,693562.5
KK Nagar ATM,2011-07-04,754000,monday,W,0,4,7,1,0,0,626792.8571428572,347175.0
KK Nagar ATM,2011-07-05,1075600,tuesday,W,1,5,7,1,0,0,630567.8571428572,701962.5
KK Nagar ATM,2011-07-06,873600,wednesday,W,2,6,7,1,0,0,637285.7142857143,742787.5
KK Nagar ATM,2011-07-07,762400,thursday,W,3,7,7,1,0,0,636907.1428571428,798175.0
KK Nagar ATM,2011-07-08,538000,friday,W,4,8,7,2,0,0,636235.7142857143,773225.0
KK Nagar ATM,2011-07-09,855200,saturday,H,5,9,7,2,0,0,632707.1428571428,638812.5
KK Nagar ATM,2011-07-10,407500,sunday,H,6,10,7,2,0,0,637264.2857142857,721362.5
KK Nagar ATM,2011-07-11,951400,monday,W,0,11,7,2,0,0,638850.0,351950.0
KK Nagar ATM,2011-07-12,762000,tuesday,W,1,12,7,2,0,0,648403.5714285715,705550.0
KK Nagar ATM,2011-07-13,735300,wednesday,W,2,13,7,2,0,0,647717.8571428572,760912.5
KK Nagar ATM,2011-07-14,736500,thursday,W,3,14,7,2,0,0,650485.7142857143,791512.5
KK Nagar ATM,2011-07-15,474700,friday,W,4,15,7,3,0,0,646664.2857142857,780125.0
KK Nagar ATM,2011-07-16,667600,saturday,H,5,16,7,3,0,0,647064.2857142857,591375.0
KK Nagar ATM,2011-07-17,290100,sunday,H,6,17,7,3,0,0,649017.8571428572,719837.5
KK Nagar ATM,2011-07-18,777400,monday,W,0,18,7,3,0,0,650307.1428571428,338062.5
KK Nagar ATM,2011-07-19,493000,tuesday,W,1,19,7,3,0,0,655000.0,719162.5
KK Nagar ATM,2011-07-20,589400,wednesday,W,2,20,7,3,0,0,654371.4285714285,746737.5
KK Nagar ATM,2011-07-21,628300,thursday,W,3,21,7,3,0,0,650185.7142857143,787712.5
KK Nagar ATM,2011-07-22,584300,friday,W,4,22,7,4,0,0,655289.2857142857,762850.0
KK Nagar ATM,2011-07-23,903900,saturday,H,5,23,7,4,0,0,664728.5714285715,579250.0
KK Nagar ATM,2011-07-24,422800,sunday,H,6,24,7,4,0,0,674871.4285714285,769937.5
KK Nagar ATM,2011-07-25,700400,monday,W,0,25,7,4,0,0,684842.8571428572,351737.5
KK Nagar ATM,2011-07-26,604900,tuesday,W,1,26,7,4,0,0,682782.1428571428,739937.5
KK Nagar ATM,2011-07-27,638800,wednesday,W,2,27,7,4,0,0,680875.0,721637.5
KK Nagar ATM,2011-07-28,518600,thursday,W,3,28,7,4,0,0,682450.0,710050.0
KK Nagar ATM,2011-07-29,336900,friday,W,4,29,7,5,0,1,675503.5714285715,683625.0
KK Nagar ATM,2011-07-30,1040300,saturday,H,5,30,7,5,0,1,659171.4285714285,518550.0
KK Nagar ATM,2011-07-31,366300,sunday,H,6,31,7,5,0,1,664292.8571428572,790537.5
KK Nagar ATM,2011-08-01,1064300,monday,W,0,1,8,1,1,0,660328.5714285715,340587.5
KK Nagar ATM,2011-08-02,936300,tuesday,W,1,2,8,1,1,0,671410.7142857143,791937.5
KK Nagar ATM,2011-08-03,905000,wednesday,W,2,3,8,1,1,0,666435.7142857143,727737.5
KK Nagar ATM,2011-08-04,783700,thursday,W,3,4,8,1,0,0,667557.1428571428,712650.0
KK Nagar ATM,2011-08-05,726200,friday,W,4,5,8,1,0,0,668317.8571428572,683937.5
KK Nagar ATM,2011-08-06,771800,saturday,H,5,6,8,1,0,0,675039.2857142857,529725.0
KK Nagar ATM,2011-08-07,297100,sunday,H,6,7,8,1,0,0,672060.7142857143,796062.5
KK Nagar ATM,2011-08-08,729200,monday,W,0,8,8,2,0,0,668117.8571428572,332337.5
KK Nagar ATM,2011-08-09,668500,tuesday,W,1,9,8,2,0,0,660182.1428571428,797600.0
KK Nagar ATM,2011-08-10,694200,wednesday,W,2,10,8,2,0,0,656842.8571428572,713650.0
KK Nagar ATM,2011-08-11,698000,thursday,W,3,11,8,2,0,0,655375.0,717200.0
KK Nagar ATM,2011-08-12,781300,friday,W,4,12,8,2,0,0,654000.0,665750.0
KK Nagar ATM,2011-08-13,628300,saturday,H,5,13,8,2,0,0,664950.0,569450.0
KK Nagar ATM,2011-08-14,430300,sunday,H,6,14,8,2,0,0,663546.4285714285,797987.5
KK Nagar ATM,2011-08-15,425500,monday,H,0,15,8,3,0,0,668553.5714285715,354375.0
KK Nagar ATM,2011-08-16,676700,tuesday,W,1,16,8,3,0,0,655985.7142857143,770037.5
KK Nagar ATM,2011-08-17,956700,wednesday,W,2,17,8,3,0,0,662546.4285714285,734412.5
KK Nagar ATM,2011-08-18,608300,thursday,W,3,18,8,3,0,0,675664.2857142857,748462.5
KK Nagar ATM,2011-08-19,660000,friday,W,4,19,8,3,0,0,674950.0,681112.5
KK Nagar ATM,2011-08-20,723500,saturday,H,5,20,8,3,0,0,677653.5714285715,611950.0
KK Nagar ATM,2011-08-21,310800,sunday,H,6,21,8,3,0,0,671210.7142857143,810937.5
KK Nagar ATM,2011-08-22,853000,monday,W,0,22,8,4,0,0,667210.7142857143,375275.0
KK Nagar ATM,2011-08-23,654000,tuesday,W,1,23,8,4,0,0,672660.7142857143,781900.0
KK Nagar ATM,2011-08-24,826400,wednesday,W,2,24,8,4,0,0,674414.2857142857,733875.0
KK Nagar ATM,2011-08-25,834700,thursday,W,3,25,8,4,0,0,681114.2857142857,777425.0
KK Nagar ATM,2011-08-26,625600,friday,W,4,26,8,4,0,0,692403.5714285715,696312.5
KK Nagar ATM,2011-08-27,607600,saturday,H,5,27,8,4,0,0,702714.2857142857,590875.0
KK Nagar ATM,2011-08-28,223500,sunday,H,6,28,8,4,0,0,687260.7142857143,774775.0
KK Nagar ATM,2011-08-29,777100,monday,W,0,29,8,5,0,1,682160.7142857143,343550.0
KK Nagar ATM,2011-08-30,793600,tuesday,W,1,30,8,5,0,1,671903.5714285715,784787.5
KK Nagar ATM,2011-08-31,689700,wednesday,H,2,31,8,5,0,1,666807.1428571428,698625.0
KK Nagar ATM,2011-09-01,821800,thursday,H,3,1,9,1,1,0,659117.8571428572,754437.5
KK Nagar ATM,2011-09-02,866800,friday,W,4,2,9,1,1,0,660478.5714285715,703737.5
KK Nagar ATM,2011-09-03,899000,saturday,H,5,3,9,1,1,0,665500.0,631975.0
KK Nagar ATM,2011-09-04,509300,sunday,H,6,4,9,1,0,0,670042.8571428572,780250.0
KK Nagar ATM,2011-09-05,845700,monday,W,0,5,9,1,0,0,677621.4285714285,356275.0
KK Nagar ATM,2011-09-06,960200,tuesday,W,1,6,9,1,0,0,681782.1428571428,771575.0
KK Nagar ATM,2011-09-07,883900,wednesday,W,2,7,9,1,0,0,692200.0,723400.0
KK Nagar ATM,2011-09-08,674100,thursday,W,3,8,9,2,0,0,698975.0,773012.5
KK Nagar ATM,2011-09-09,415000,friday,W,4,9,9,2,0,0,698121.4285714285,695937.5
KK Nagar ATM,2011-09-10,864500,saturday,H,5,10,9,2,0,0,685039.2857142857,624512.5
KK Nagar ATM,2011-09-11,260900,sunday,H,6,11,9,2,0,0,693475.0,804862.5
KK Nagar ATM,2011-09-12,950500,monday,W,0,12,9,2,0,0,687425.0,352625.0
KK Nagar ATM,2011-09-13,631100,tuesday,W,1,13,9,2,0,0,706175.0,793212.5
KK Nagar ATM,2011-09-14,549900,wednesday,W,2,14,9,2,0,0,704546.4285714285,740662.5
KK Nagar ATM,2011-09-15,750100,thursday,W,3,15,9,3,0,0,690017.8571428572,768075.0
KK Nagar ATM,2011-09-16,799800,friday,W,4,16,9,3,0,0,695082.1428571428,711162.5
KK Nagar ATM,2011-09-17,652000,saturday,H,5,17,9,3,0,0,700075.0,651450.0
KK Nagar ATM,2011-09-18,287200,sunday,H,6,18,9,3,0,0,697521.4285714285,773375.0
KK Nagar ATM,2011-09-19,551500,monday,W,0,19,9,3,0,0,696678.5714285715,335675.0
KK Nagar ATM,2011-09-20,442600,tuesday,W,1,20,9,3,0,0,685910.7142857143,774600.0
KK Nagar ATM,2011-09-21,564600,wednesday,W,2,21,9,3,0,0,678360.7142857143,720375.0
KK Nagar ATM,2011-09-22,615300,thursday,W,3,22,9,4,0,0,669010.7142857143,758800.0
KK Nagar ATM,2011-09-23,598900,friday,W,4,23,9,4,0,0,661175.0,723250.0
KK Nagar ATM,2011-09-24,660700,saturday,H,5,24,9,4,0,0,660221.4285714285,684200.0
KK Nagar ATM,2011-09-25,327900,sunday,H,6,25,9,4,0,0,662117.8571428572,725925.0
KK Nagar ATM,2011-09-26,739600,monday,W,0,26,9,4,0,0,665846.4285714285,330875.0
KK Nagar ATM,2011-09-27,824900,tuesday,W,1,27,9,4,0,0,664507.1428571428,734012.5
KK Nagar ATM,2011-09-28,843700,wednesday,W,2,28,9,4,0,1,665625.0,706450.0
KK Nagar ATM,2011-09-29,994200,thursday,W,3,29,9,5,0,1,671125.0,751137.5
KK Nagar ATM,2011-09-30,641900,friday,W,4,30,9,5,0,1,677282.1428571428,749562.5
KK Nagar ATM,2011-10-01,822800,saturday,H,5,1,10,1,1,0,669250.0,673662.5
KK Nagar ATM,2011-10-02,470400,sunday,H,6,2,10,1,1,0,666528.5714285715,732300.0
KK Nagar ATM,2011-10-03,464500,monday,W,0,3,10,1,1,0,665139.2857142857,352537.5
KK Nagar ATM,2011-10-04,808500,tuesday,W,1,4,10,1,0,0,651525.0,700925.0
KK Nagar ATM,2011-10-05,654400,wednesday,H,2,5,10,1,0,0,646107.1428571428,723950.0
KK Nagar ATM,2011-10-06,1195700,thursday,H,3,6,10,1,0,0,637910.7142857143,746162.5
KK Nagar ATM,2011-10-07,588400,friday,W,4,7,10,1,0,0,656539.2857142857,811775.0
KK Nagar ATM,2011-10-08,952300,saturday,H,5,8,10,2,0,0,662732.1428571428,649550.0
KK Nagar ATM,2011-10-09,558100,sunday,H,6,9,10,2,0,0,665867.8571428572,772800.0
KK Nagar ATM,2011-10-10,1136600,monday,W,0,10,10,2,0,0,676482.1428571428,368512.5
KK Nagar ATM,2011-10-11,765800,tuesday,W,1,11,10,2,0,0,683128.5714285715,789812.5
KK Nagar ATM,2011-10-12,545700,wednesday,W,2,12,10,2,0,0,687939.2857142857,735087.5
KK Nagar ATM,2011-10-13,810900,thursday,W,3,13,10,2,0,0,687789.2857142857,694787.5
KK Nagar ATM,2011-10-14,712700,friday,W,4,14,10,2,0,0,689960.7142857143,837100.0
KK Nagar ATM,2011-10-15,645900,saturday,H,5,15,10,3,0,0,686850.0,656137.5
KK Nagar ATM,2011-10-16,556400,sunday,H,6,16,10,3,0,0,686632.1428571428,763100.0
KK Nagar ATM,2011-10-17,561500,monday,W,0,17,10,3,0,0,696246.4285714285,399212.5
KK Nagar ATM,2011-10-18,802000,tuesday,W,1,18,10,3,0,0,696603.5714285715,753375.0
KK Nagar ATM,2011-10-19,822800,wednesday,W,2,19,10,3,0,0,709439.2857142857,753587.5
KK Nagar ATM,2011-10-20,819800,thursday,W,3,20,10,3,0,0,718660.7142857143,694337.5
KK Nagar ATM,2011-10-21,912700,friday,W,4,21,10,3,0,0,725964.2857142857,835237.5
KK Nagar ATM,2011-10-22,1006100,saturday,H,5,22,10,4,0,0,737171.4285714285,692025.0
KK Nagar ATM,2011-10-23,653600,sunday,H,6,23,10,4,0,0,749507.1428571428,812912.5
KK Nagar ATM,2011-10-24,1021300,monday,W,0,24,10,4,0,0,761139.2857142857,452975.0
KK Nagar ATM,2011-10-25,926800,tuesday,W,1,25,10,4,0,0,771200.0,783900.0
KK Nagar ATM,2011-10-26,226300,wednesday,H,2,26,10,4,0,0,774839.2857142857,770237.5
KK Nagar ATM,2011-10-27,577400,thursday,W,3,27,10,4,0,0,752789.2857142857,636412.5
KK Nagar ATM,2011-10-28,590600,friday,W,4,28,10,4,0,0,737903.5714285715,804687.5
KK Nagar ATM,2011-10-29,788000,saturday,H,5,29,10,5,0,1,736071.4285714285,657500.0
KK Nagar ATM,2011-10-30,278600,sunday,H,6,30,10,5,0,1,734828.5714285715,799037.5
KK Nagar ATM,2011-10-31,800700,monday,W,0,31,10,5,0,1,727978.5714285715,424137.5
KK Nagar ATM,2011-11-01,861900,tuesday,W,1,1,11,1,1,0,739985.7142857143,778275.0
KK Nagar ATM,2011-11-02,1120400,wednesday,W,2,2,11,1,1,0,741892.8571428572,757950.0
KK Nagar ATM,2011-11-03,721400,thursday,W,3,3,11,1,1,0,758535.7142857143,665975.0
KK Nagar ATM,2011-11-04,705200,friday,W,4,4,11,1,0,0,741596.4285714285,810600.0
KK Nagar ATM,2011-11-05,965700,saturday,H,5,5,11,1,0,0,745767.8571428572,693775.0
KK Nagar ATM,2011-11-06,500600,sunday,H,6,6,11,1,0,0,746246.4285714285,811687.5
KK Nagar ATM,2011-11-07,581800,monday,H,0,7,11,1,0,0,744192.8571428572,454100.0
KK Nagar ATM,2011-11-08,795200,tuesday,W,1,8,11,2,0,0,724378.5714285715,732187.5
KK Nagar ATM,2011-11-09,863500,wednesday,W,2,9,11,2,0,0,725428.5714285715,778462.5
KK Nagar ATM,2011-11-10,619400,thursday,W,3,10,11,2,0,0,736778.5714285715,705175.0
KK Nagar ATM,2011-11-11,500600,friday,W,4,11,11,2,0,0,729939.2857142857,794262.5
KK Nagar ATM,2011-11-12,594700,saturday,H,5,12,11,2,0,0,722364.2857142857,656375.0
KK Nagar ATM,2011-11-13,346900,sunday,H,6,13,11,2,0,0,720535.7142857143,804525.0
KK Nagar ATM,2011-11-14,864000,monday,W,0,14,11,2,0,0,713053.5714285715,461562.5
KK Nagar ATM,2011-11-15,703100,tuesday,W,1,15,11,3,0,0,723857.1428571428,771250.0
KK Nagar ATM,2011-11-16,680200,wednesday,W,2,16,11,3,0,0,720325.0,811025.0
KK Nagar ATM,2011-11-17,676200,thursday,W,3,17,11,3,0,0,715232.1428571428,719625.0
KK Nagar ATM,2011-11-18,679400,friday,W,4,18,11,3,0,0,710103.5714285715,801875.0
KK Nagar ATM,2011-11-19,828300,saturday,H,5,19,11,3,0,0,701771.4285714285,666437.5
KK Nagar ATM,2011-11-20,264500,sunday,H,6,20,11,3,0,0,695421.4285714285,825475.0
KK Nagar ATM,2011-11-21,671000,monday,W,0,21,11,3,0,0,681525.0,453637.5
KK Nagar ATM,2011-11-22,587000,tuesday,W,1,22,11,4,0,0,669014.2857142857,762675.0
KK Nagar ATM,2011-11-23,615900,wednesday,W,2,23,11,4,0,0,656878.5714285715,781287.5
KK Nagar ATM,2011-11-24,539800,thursday,W,3,24,11,4,0,0,670792.8571428572,691150.0
KK Nagar ATM,2011-11-25,459400,friday,W,4,25,11,4,0,0,669450.0,745075.0
KK Nagar ATM,2011-11-26,717200,saturday,H,5,26,11,4,0,0,664764.2857142857,643625.0
KK Nagar ATM,2011-11-27,334900,sunday,H,6,27,11,4,0,0,662235.7142857143,812275.0
KK Nagar ATM,2011-11-28,772900,monday,W,0,28,11,4,0,1,664246.4285714285,436700.0
KK Nagar ATM,2011-11-29,656900,tuesday,W,1,29,11,5,0,1,663253.5714285715,801225.0
KK Nagar ATM,2011-11-30,664700,wednesday,W,2,30,11,5,0,1,655932.1428571428,762337.5
KK Nagar ATM,2011-12-01,1016100,thursday,W,3,1,12,1,1,0,639657.1428571428,692437.5
KK Nagar ATM,2011-12-02,1159400,friday,W,4,2,12,1,1,0,650182.1428571428,722625.0
KK Nagar ATM,2011-12-03,889000,saturday,H,5,3,12,1,1,0,666403.5714285715,715000.0
KK Nagar ATM,2011-12-04,560800,sunday,H,6,4,12,1,0,0,663664.2857142857,804362.5
KK Nagar ATM,2011-12-05,1254100,monday,W,0,5,12,1,0,0,665814.2857142857,437037.5
KK Nagar ATM,2011-12-06,570300,tuesday,H,1,6,12,1,0,0,689825.0,815912.5
KK Nagar ATM,2011-12-07,817700,wednesday,W,2,7,12,1,0,0,681792.8571428572,737900.0
KK Nagar ATM,2011-12-08,747900,thursday,W,3,8,12,2,0,0,680157.1428571428,726437.5
KK Nagar ATM,2011-12-09,816600,friday,W,4,9,12,2,0,0,684746.4285714285,714750.0
KK Nagar ATM,2011-12-10,769200,saturday,H,5,10,12,2,0,0,696032.1428571428,727987.5
KK Nagar ATM,2011-12-11,318700,sunday,H,6,11,12,2,0,0,702264.2857142857,819775.0
KK Nagar ATM,2011-12-12,671300,monday,W,0,12,12,2,0,0,701257.1428571428,407325.0
KK Nagar ATM,2011-12-13,598700,tuesday,W,1,13,12,2,0,0,694375.0,829637.5
KK Nagar ATM,2011-12-14,450400,wednesday,W,2,14,12,2,0,0,690646.4285714285,712487.5
KK Nagar ATM,2011-12-15,633900,thursday,W,3,15,12,3,0,0,682439.2857142857,679887.5
KK Nagar ATM,2011-12-16,654100,friday,W,4,16,12,3,0,0,680928.5714285715,691512.5
KK Nagar ATM,2011-12-17,644100,saturday,H,5,17,12,3,0,0,680025.0,695662.5
KK Nagar ATM,2011-12-18,267000,sunday,H,6,18,12,3,0,0,673446.4285714285,774525.0
KK Nagar ATM,2011-12-19,951400,monday,W,0,19,12,3,0,0,673535.7142857143,359000.0
KK Nagar ATM,2011-12-20,616500,tuesday,W,1,20,12,3,0,0,683550.0,820900.0
KK Nagar ATM,2011-12-21,596100,wednesday,W,2,21,12,3,0,0,684603.5714285715,673700.0
KK Nagar ATM,2011-12-22,405400,thursday,W,3,22,12,4,0,0,683896.4285714285,726112.5
KK Nagar ATM,2011-12-23,389700,friday,W,4,23,12,4,0,0,679096.4285714285,670012.5
KK Nagar ATM,2011-12-24,599300,saturday,H,5,24,12,4,0,0,676607.1428571428,670550.0
KK Nagar ATM,2011-12-25,272600,sunday,H,6,25,12,4,0,0,672396.4285714285,750937.5
KK Nagar ATM,2011-12-26,594600,monday,W,0,26,12,4,0,0,670171.4285714285,358250.0
KK Nagar ATM,2011-12-27,549100,tuesday,W,1,27,12,4,0,0,663803.5714285715,795137.5
KK Nagar ATM,2011-12-28,523400,wednesday,W,2,28,12,4,0,0,659953.5714285715,634600.0
KK Nagar ATM,2011-12-29,449800,thursday,W,3,29,12,5,0,1,654907.1428571428,651487.5
KK Nagar ATM,2011-12-30,491100,friday,W,4,30,12,5,0,1,634682.1428571428,636062.5
KK Nagar ATM,2011-12-31,1117600,saturday,H,5,31,12,5,0,1,610814.2857142857,643787.5
KK Nagar ATM,2012-01-01,957400,sunday,H,6,1,1,1,1,0,618978.5714285715,769925.0
KK Nagar ATM,2012-01-02,1055300,sunday,H,0,2,1,1,1,0,633142.8571428572,415350.0
KK Nagar ATM,2012-01-03,858500,sunday,H,1,3,1,1,1,0,626042.8571428572,854325.0
KK Nagar ATM,2012-01-04,764400,sunday,H,2,4,1,1,0,0,636335.7142857143,642512.5
KK Nagar ATM,2012-01-05,753200,sunday,H,3,5,1,1,0,0,634432.1428571428,639100.0
KK Nagar ATM,2012-01-06,854000,sunday,H,4,6,1,1,0,0,634621.4285714285,652787.5
KK Nagar ATM,2012-01-07,802800,saturday,H,5,7,1,1,0,0,635957.1428571428,687962.5
KK Nagar ATM,2012-01-08,410200,sunday,H,6,8,1,2,0,0,637157.1428571428,795937.5
KK Nagar ATM,2012-01-09,885200,sunday,H,0,9,1,2,0,0,640425.0,423262.5
KK Nagar ATM,2012-01-10,1182400,sunday,H,1,10,1,2,0,0,648064.2857142857,856975.0
KK Nagar ATM,2012-01-11,849500,sunday,H,2,11,1,2,0,0,668910.7142857143,702425.0
KK Nagar ATM,2012-01-12,933600,sunday,H,3,12,1,2,0,0,683164.2857142857,660262.5
KK Nagar ATM,2012-01-13,602400,sunday,H,4,13,1,2,0,0,693867.8571428572,684962.5
KK Nagar ATM,2012-01-14,730200,saturday,H,5,14,1,2,0,0,692021.4285714285,678337.5
KK Nagar ATM,2012-01-15,322700,sunday,H,6,15,1,3,0,0,695096.4285714285,783675.0
KK Nagar ATM,2012-01-16,262600,monday,H,0,16,1,3,0,0,697085.7142857143,430537.5
KK Nagar ATM,2012-01-17,363600,tuesday,H,1,17,1,3,0,0,672485.7142857143,805925.0
KK Nagar ATM,2012-01-18,641900,tuesday,H,2,18,1,3,0,0,663453.5714285715,674500.0
KK Nagar ATM,2012-01-19,655700,tuesday,H,3,19,1,3,0,0,665089.2857142857,663512.5
KK Nagar ATM,2012-01-20,674300,tuesday,H,4,20,1,3,0,0,674028.5714285715,699450.0
KK Nagar ATM,2012-01-21,717800,saturday,H,5,21,1,3,0,0,684192.8571428572,705200.0
KK Nagar ATM,2012-01-22,340200,sunday,H,6,22,1,4,0,0,688425.0,783750.0
KK Nagar ATM,2012-01-23,673300,sunday,H,0,23,1,4,0,0,690839.2857142857,431200.0
KK Nagar ATM,2012-01-24,604600,sunday,H,1,24,1,4,0,0,693650.0,793475.0
KK Nagar ATM,2012-01-25,451600,sunday,H,2,25,1,4,0,0,695632.1428571428,667962.5
KK Nagar ATM,2012-01-26,469800,thursday,H,3,26,1,4,0,0,693067.8571428572,636875.0
KK Nagar ATM,2012-01-27,565900,thursday,H,4,27,1,4,0,0,693782.1428571428,631162.5
KK Nagar ATM,2012-01-28,513700,saturday,H,5,28,1,4,0,0,696453.5714285715,631012.5
KK Nagar ATM,2012-01-29,298500,sunday,H,6,29,1,5,0,1,674885.7142857143,736837.5
KK Nagar ATM,2012-01-30,732800,sunday,H,0,30,1,5,0,1,651353.5714285715,398412.5
KK Nagar ATM,2012-01-31,758900,sunday,H,1,31,1,5,0,1,639835.7142857143,728312.5
KK Nagar ATM,2012-02-01,967300,sunday,H,2,1,2,1,1,0,636278.5714285715,691537.5
KK Nagar ATM,2012-02-02,1044300,sunday,H,3,2,2,1,1,0,643525.0,655575.0
KK Nagar ATM,2012-02-03,663100,sunday,H,4,3,2,1,1,0,653921.4285714285,668212.5
KK Nagar ATM,2012-02-04,1155300,saturday,H,5,4,2,1,0,0,647103.5714285715,611825.0
KK Nagar ATM,2012-02-05,494900,sunday,H,6,5,2,1,0,0,659692.8571428572,785100.0
KK Nagar ATM,2012-02-06,1069600,sunday,H,0,6,2,1,0,0,662717.8571428572,420437.5
KK Nagar ATM,2012-02-07,777700,sunday,H,1,7,2,1,0,0,669303.5714285715,778100.0
KK Nagar ATM,2012-02-08,939100,sunday,H,2,8,2,2,0,0,654850.0,713912.5
KK Nagar ATM,2012-02-09,986000,sunday,H,3,9,2,2,0,0,658050.0,716662.5
KK Nagar ATM,2012-02-10,907600,sunday,H,4,10,2,2,0,0,659921.4285714285,712225.0
KK Nagar ATM,2012-02-11,590200,saturday,H,5,11,2,2,0,0,670821.4285714285,643512.5
KK Nagar ATM,2012-02-12,344600,sunday,H,6,12,2,2,0,0,665821.4285714285,778362.5
KK Nagar ATM,2012-02-13,677000,sunday,H,0,13,2,2,0,0,666603.5714285715,430137.5
KK Nagar ATM,2012-02-14,686700,sunday,H,1,14,2,2,0,0,681403.5714285715,743800.0
KK Nagar ATM,2012-02-15,667600,sunday,H,2,15,2,3,0,0,692942.8571428572,722687.5
KK Nagar ATM,2012-02-16,809000,sunday,H,3,16,2,3,0,0,693860.7142857143,725600.0
KK Nagar ATM,2012-02-17,434900,sunday,H,4,17,2,3,0,0,699335.7142857143,762675.0
KK Nagar ATM,2012-02-18,281300,saturday,H,5,18,2,3,0,0,690785.7142857143,649162.5
KK Nagar ATM,2012-02-19,259500,sunday,H,6,19,2,3,0,0,675196.4285714285,738612.5
KK Nagar ATM,2012-02-20,761700,sunday,H,0,20,2,3,0,0,672314.2857142857,428500.0
KK Nagar ATM,2012-02-21,525000,sunday,H,1,21,2,3,0,0,675471.4285714285,764687.5
KK Nagar ATM,2012-02-22,695400,sunday,H,2,22,2,4,0,0,672628.5714285715,719675.0
KK Nagar ATM,2012-02-23,503800,sunday,H,3,23,2,4,0,0,681335.7142857143,747100.0
KK Nagar ATM,2012-02-24,766000,sunday,H,4,24,2,4,0,0,682550.0,769425.0
KK Nagar ATM,2012-02-25,629200,saturday,H,5,25,2,4,0,0,689696.4285714285,683525.0
KK Nagar ATM,2012-02-26,227200,sunday,H,6,26,2,4,0,0,693821.4285714285,677562.5
KK Nagar ATM,2012-02-27,500500,sunday,H,0,27,2,4,0,1,691275.0,337225.0
KK Nagar ATM,2012-02-28,409300,sunday,H,1,28,2,4,0,1,682978.5714285715,695337.5
KK Nagar ATM,2012-02-29,619500,sunday,H,2,29,2,5,0,1,670492.8571428572,663525.0
KK Nagar ATM,2012-03-01,755000,sunday,H,3,1,3,1,1,0,658071.4285714285,728987.5
KK Nagar ATM,2012-03-02,639600,sunday,H,4,2,3,1,1,0,647739.2857142857,769650.0
KK Nagar ATM,2012-03-03,634600,saturday,H,5,3,3,1,1,0,646900.0,656725.0
KK Nagar ATM,2012-03-04,504300,sunday,H,6,4,3,1,0,0,628303.5714285715,656537.5
KK Nagar ATM,2012-03-05,790200,sunday,H,0,5,3,1,0,0,628639.2857142857,348987.5
KK Nagar ATM,2012-03-06,1060200,sunday,H,1,6,3,1,0,0,618660.7142857143,683462.5
KK Nagar ATM,2012-03-07,700100,sunday,H,2,7,3,1,0,0,628750.0,648250.0
KK Nagar ATM,2012-03-08,786300,sunday,H,3,8,3,2,0,0,620214.2857142857,710312.5
KK Nagar ATM,2012-03-09,574300,sunday,H,4,9,3,2,0,0,613082.1428571428,751237.5
KK Nagar ATM,2012-03-10,698400,saturday,H,5,10,3,2,0,0,601178.5714285715,653212.5
KK Nagar ATM,2012-03-11,302700,sunday,H,6,11,3,2,0,0,605042.8571428572,652562.5
KK Nagar ATM,2012-03-12,680000,sunday,H,0,12,3,2,0,0,603546.4285714285,346487.5
KK Nagar ATM,2012-03-13,624000,sunday,H,1,13,3,2,0,0,603653.5714285715,735637.5
KK Nagar ATM,2012-03-14,858400,sunday,H,2,14,3,2,0,0,601414.2857142857,680800.0
KK Nagar ATM,2012-03-15,877500,sunday,H,3,15,3,3,0,0,608228.5714285715,737375.0
KK Nagar ATM,2012-03-16,739300,sunday,H,4,16,3,3,0,0,610675.0,778962.5
KK Nagar ATM,2012-03-17,563100,saturday,H,5,17,3,3,0,0,621546.4285714285,661337.5
KK Nagar ATM,2012-03-18,225100,sunday,H,6,18,3,3,0,0,631610.7142857143,633225.0
KK Nagar ATM,2012-03-19,575000,sunday,H,0,19,3,3,0,0,630382.1428571428,332100.0
KK Nagar ATM,2012-03-20,661700,sunday,H,1,20,3,3,0,0,623714.2857142857,723350.0
KK Nagar ATM,2012-03-21,628400,sunday,H,2,21,3,3,0,0,628596.4285714285,687937.5
KK Nagar ATM,2012-03-22,703600,sunday,H,3,22,3,4,0,0,626203.5714285715,759475.0
KK Nagar ATM,2012-03-23,485800,friday,H,4,23,3,4,0,0,633339.2857142857,808187.5
KK Nagar ATM,2012-03-24,840200,saturday,H,5,24,3,4,0,0,623332.1428571428,651325.0
KK Nagar ATM,2012-03-25,367300,sunday,H,6,25,3,4,0,0,630867.8571428572,674037.5
KK Nagar ATM,2012-03-26,857300,sunday,H,0,26,3,4,0,0,635871.4285714285,340700.0
KK Nagar ATM,2012-03-27,590300,sunday,H,1,27,3,4,0,0,648614.2857142857,738912.5
KK Nagar ATM,2012-03-28,674800,sunday,H,2,28,3,4,0,0,655078.5714285715,666862.5
KK Nagar ATM,2012-03-29,739000,sunday,H,3,29,3,5,0,1,657053.5714285715,722912.5
KK Nagar ATM,2012-03-30,734900,sunday,H,4,30,3,5,0,1,656482.1428571428,770025.0
KK Nagar ATM,2012-03-31,909600,saturday,H,5,31,3,5,0,1,659885.7142857143,660300.0
KK Nagar ATM,2012-04-01,333800,sunday,H,6,1,4,1,1,0,669707.1428571428,643325.0
KK Nagar ATM,2012-04-02,753500,sunday,H,0,2,4,1,1,0,663617.8571428572,320562.5
KK Nagar ATM,2012-04-03,730200,sunday,H,1,3,4,1,1,0,662307.1428571428,699400.0
KK Nagar ATM,2012-04-04,909000,sunday,H,2,4,4,1,0,0,650521.4285714285,660925.0
KK Nagar ATM,2012-04-05,659600,thursday,H,3,5,4,1,0,0,657982.1428571428,719150.0
KK Nagar ATM,2012-04-06,513400,friday,H,4,6,4,1,0,0,653457.1428571428,729225.0
KK Nagar ATM,2012-04-07,814900,saturday,H,5,7,4,1,0,0,651282.1428571428,611025.0
KK Nagar ATM,2012-04-08,431300,sunday,H,6,8,4,2,0,0,655442.8571428572,671412.5
KK Nagar ATM,2012-04-09,561200,sunday,H,0,9,4,2,0,0,660035.7142857143,331400.0
KK Nagar ATM,2012-04-10,757000,sunday,H,1,10,4,2,0,0,655792.8571428572,684925.0
KK Nagar ATM,2012-04-11,503800,sunday,H,2,11,4,2,0,0,660542.8571428572,669712.5
KK Nagar ATM,2012-04-12,795800,sunday,H,3,12,4,2,0,0,647878.5714285715,698675.0
KK Nagar ATM,2012-04-13,428100,friday,H,4,13,4,2,0,0,644960.7142857143,727575.0
KK Nagar ATM,2012-04-14,421200,saturday,H,5,14,4,2,0,0,633846.4285714285,610175.0
KK Nagar ATM,2012-04-15,372800,sunday,H,6,15,4,3,0,0,628778.5714285715,688900.0
KK Nagar ATM,2012-04-16,159900,sunday,H,0,16,4,3,0,0,634053.5714285715,345562.5
KK Nagar ATM,2012-04-17,150300,sunday,H,1,17,4,3,0,0,619228.5714285715,609700.0
KK Nagar ATM,2012-04-18,603500,sunday,H,2,18,4,3,0,0,600964.2857142857,622875.0
KK Nagar ATM,2012-04-19,780600,sunday,H,3,19,4,3,0,0,600075.0,687187.5
KK Nagar ATM,2012-04-20,730600,sunday,H,4,20,4,3,0,0,602825.0,762175.0
KK Nagar ATM,2012-04-21,811800,saturday,H,5,21,4,3,0,0,611567.8571428572,605750.0
KK Nagar ATM,2012-04-22,350700,sunday,H,6,22,4,4,0,0,610553.5714285715,711725.0
KK Nagar ATM,2012-04-23,354100,sunday,H,0,23,4,4,0,0,609960.7142857143,361000.0
KK Nagar ATM,2012-04-24,743900,sunday,H,1,24,4,4,0,0,591989.2857142857,591400.0
KK Nagar ATM,2012-04-25,998100,sunday,H,2,25,4,4,0,0,597475.0,664700.0
KK Nagar ATM,2012-04-26,1069300,sunday,H,3,26,4,4,0,0,609021.4285714285,734512.5
KK Nagar ATM,2012-04-27,825900,sunday,H,4,27,4,4,0,0,620817.8571428572,801462.5
KK Nagar ATM,2012-04-28,749800,saturday,H,5,28,4,4,0,1,624067.8571428572,629037.5
KK Nagar ATM,2012-04-29,265500,sunday,H,6,29,4,5,0,1,618360.7142857143,726125.0
KK Nagar ATM,2012-04-30,859800,sunday,H,0,30,4,5,0,1,615921.4285714285,331150.0
KK Nagar ATM,2012-05-01,772500,tuesday,H,1,1,5,1,1,0,619717.8571428572,600100.0
KK Nagar ATM,2012-05-02,1169400,tuesday,H,2,2,5,1,1,0,621228.5714285715,628737.5
KK Nagar ATM,2012-05-03,1336800,tuesday,H,3,3,5,1,1,0,630528.5714285715,793175.0
KK Nagar ATM,2012-05-04,848700,tuesday,H,4,4,5,1,0,0,654714.2857142857,870275.0
KK Nagar ATM,2012-05-05,697300,saturday,H,5,5,5,1,0,0,666689.2857142857,663337.5
KK Nagar ATM,2012-05-06,331000,sunday,H,6,6,5,1,0,0,662489.2857142857,725987.5
KK Nagar ATM,2012-05-07,718600,sunday,H,0,7,5,1,0,0,658907.1428571428,334687.5
KK Nagar ATM,2012-05-08,729000,sunday,H,1,8,5,2,0,0,664528.5714285715,604925.0
KK Nagar ATM,2012-05-09,783500,sunday,H,2,9,5,2,0,0,663528.5714285715,641862.5
KK Nagar ATM,2012-05-10,922800,sunday,H,3,10,5,2,0,0,673517.8571428572,783812.5
KK Nagar ATM,2012-05-11,708600,sunday,H,4,11,5,2,0,0,678053.5714285715,875937.5
KK Nagar ATM,2012-05-12,1043500,saturday,H,5,12,5,2,0,0,688071.4285714285,659500.0
KK Nagar ATM,2012-05-13,473900,sunday,H,6,13,5,2,0,0,710296.4285714285,786037.5
KK Nagar ATM,2012-05-14,961100,sunday,H,0,14,5,2,0,0,713907.1428571428,365787.5
KK Nagar ATM,2012-05-15,942800,sunday,H,1,15,5,3,0,0,742521.4285714285,653187.5
KK Nagar ATM,2012-05-16,905700,sunday,H,2,16,5,3,0,0,770825.0,677000.0
KK Nagar ATM,2012-05-17,927100,sunday,H,3,17,5,3,0,0,781617.8571428572,818475.0
KK Nagar ATM,2012-05-18,795300,sunday,H,4,18,5,3,0,0,786850.0,903875.0
KK Nagar ATM,2012-05-19,827000,sunday,H,5,19,5,3,0,0,789160.7142857143,698187.5
KK Nagar ATM,2012-05-20,307800,sunday,H,6,20,5,3,0,0,789703.5714285715,784387.5
KK Nagar ATM,2012-05-21,773900,monday,H,0,21,5,3,0,0,788171.4285714285,358350.0
KK Nagar ATM,2012-05-22,991800,monday,H,1,22,5,4,0,0,803164.2857142857,642762.5
KK Nagar ATM,2012-05-23,936000,monday,H,2,23,5,4,0,0,812017.8571428572,727187.5
KK Nagar ATM,2012-05-24,743500,monday,H,3,24,5,4,0,0,809800.0,851125.0
KK Nagar ATM,2012-05-25,1153700,monday,H,4,25,5,4,0,0,798164.2857142857,904437.5
KK Nagar ATM,2012-05-26,954100,saturday,H,5,26,5,4,0,0,809871.4285714285,750537.5
KK Nagar ATM,2012-05-27,469700,sunday,H,6,27,5,4,0,0,817167.8571428572,789950.0
KK Nagar ATM,2012-05-28,1026600,sunday,H,0,28,5,4,0,0,824460.7142857143,375337.5
KK Nagar ATM,2012-05-29,1205600,sunday,H,1,29,5,5,0,1,830417.8571428572,676900.0
KK Nagar ATM,2012-05-30,1280800,sunday,H,2,30,5,5,0,1,845885.7142857143,786612.5
KK Nagar ATM,2012-05-31,1673300,sunday,H,3,31,5,5,0,1,849864.2857142857,897600.0
KK Nagar ATM,2012-06-01,1281800,sunday,H,4,1,6,1,1,0,861882.1428571428,1031150.0
KK Nagar ATM,2012-06-02,1320400,saturday,H,5,2,6,1,1,0,877350.0,846587.5
KK Nagar ATM,2012-06-03,506900,sunday,H,6,3,6,1,1,0,899603.5714285715,853137.5
KK Nagar ATM,2012-06-04,904900,sunday,H,0,4,6,1,0,0,905885.7142857143,384787.5
KK Nagar ATM,2012-06-05,866800,sunday,H,1,5,6,1,0,0,912539.2857142857,719862.5
KK Nagar ATM,2012-06-06,1153200,sunday,H,2,6,6,1,0,0,917460.7142857143,800337.5
KK Nagar ATM,2012-06-07,1402500,sunday,H,3,7,6,1,0,0,930664.2857142857,978775.0
KK Nagar ATM,2012-06-08,1584600,sunday,H,4,8,6,2,0,0,947796.4285714285,1106987.5
KK Nagar ATM,2012-06-09,1645200,saturday,H,5,9,6,2,0,0,979082.1428571428,991150.0
KK Nagar ATM,2012-06-10,760900,sunday,H,6,10,6,2,0,0,1000571.4285714285,1006137.5
KK Nagar ATM,2012-06-11,1052000,sunday,H,0,11,6,2,0,0,1010821.4285714285,433300.0
KK Nagar ATM,2012-06-12,1223100,sunday,H,1,12,6,2,0,0,1014067.8571428572,831375.0
KK Nagar ATM,2012-06-13,1101100,sunday,H,2,13,6,2,0,0,1024078.5714285715,934437.5
KK Nagar ATM,2012-06-14,1447300,sunday,H,3,14,6,2,0,0,1031057.1428571428,1040975.0
KK Nagar ATM,2012-06-15,663300,sunday,H,4,15,6,3,0,0,1049635.7142857143,1190325.0
KK Nagar ATM,2012-06-16,826000,saturday,H,5,16,6,3,0,0,1044921.4285714285,982737.5
KK Nagar ATM,2012-06-17,285800,sunday,H,6,17,6,3,0,0,1044885.7142857143,1007912.5
KK Nagar ATM,2012-06-18,913700,sunday,H,0,18,6,3,0,0,1044100.0,425187.5
KK Nagar ATM,2012-06-19,1111000,sunday,H,1,19,6,3,0,0,1049092.857142857,901325.0
KK Nagar ATM,2012-06-20,813400,sunday,H,2,20,6,3,0,0,1053350.0,980325.0
KK Nagar ATM,2012-06-21,855800,sunday,H,3,21,6,3,0,0,1048971.4285714286,1017887.5
KK Nagar ATM,2012-06-22,965700,sunday,H,4,22,6,4,0,0,1052982.142857143,1163637.5
KK Nagar ATM,2012-06-23,856100,saturday,H,5,23,6,4,0,0,1046267.8571428572,1000212.5
KK Nagar ATM,2012-06-24,401300,sunday,H,6,24,6,4,0,0,1042767.8571428572,1021200.0
KK Nagar ATM,2012-06-25,858000,sunday,H,0,25,6,4,0,0,1040325.0,442162.5
KK Nagar ATM,2012-06-26,881800,sunday,H,1,26,6,4,0,0,1034303.5714285715,901100.0
KK Nagar ATM,2012-06-27,769600,sunday,H,2,27,6,4,0,0,1022739.2857142857,993987.5
KK Nagar ATM,2012-06-28,867900,sunday,H,3,28,6,4,0,1,1004482.1428571428,967912.5
KK Nagar ATM,2012-06-29,878700,sunday,H,4,29,6,5,0,1,975717.8571428572,1105025.0
KK Nagar ATM,2012-06-30,1879500,saturday,H,5,30,6,5,0,1,961321.4285714285,1003962.5
KK Nagar ATM,2012-07-01,775000,sunday,H,6,1,7,1,1,0,981289.2857142857,1168975.0
KK Nagar ATM,2012-07-02,2118600,sunday,H,0,2,7,1,1,0,990864.2857142857,497662.5
KK Nagar ATM,2012-07-03,1304500,sunday,H,1,3,7,1,1,0,1034210.7142857143,1076100.0
KK Nagar ATM,2012-07-04,1338800,sunday,H,2,4,7,1,0,0,1049842.857142857,1065925.0
KK Nagar ATM,2012-07-05,1364800,sunday,H,3,5,7,1,0,0,1056471.4285714286,1037325.0
KK Nagar ATM,2012-07-06,1360100,sunday,H,4,6,7,1,0,0,1055125.0,1160275.0
KK Nagar ATM,2012-07-07,1321400,saturday,H,5,7,7,1,0,0,1047107.1428571428,1085400.0
KK Nagar ATM,2012-07-08,351400,sunday,H,6,8,7,2,0,0,1035542.8571428572,1203712.5
KK Nagar ATM,2012-07-09,1295700,sunday,H,0,9,7,2,0,0,1020917.8571428572,482350.0
KK Nagar ATM,2012-07-10,865700,sunday,H,1,10,7,2,0,0,1029621.4285714285,1117925.0
KK Nagar ATM,2012-07-11,658200,sunday,H,2,11,7,2,0,0,1016857.1428571428,1056287.5
KK Nagar ATM,2012-07-12,1037500,sunday,H,3,12,7,2,0,0,1001039.2857142857,1006387.5
KK Nagar ATM,2012-07-13,1168200,sunday,H,4,13,7,2,0,0,986403.5714285715,1174075.0
KK Nagar ATM,2012-07-14,1190100,saturday,H,5,14,7,2,0,0,1004435.7142857143,1132012.5
KK Nagar ATM,2012-07-15,584900,sunday,H,6,15,7,3,0,0,1017439.2857142857,1249100.0
KK Nagar ATM,2012-07-16,1039800,sunday,H,0,16,7,3,0,0,1028121.4285714285,516987.5
KK Nagar ATM,2012-07-17,1149700,sunday,H,1,17,7,3,0,0,1032625.0,1151162.5
KK Nagar ATM,2012-07-18,1223900,sunday,H,2,18,7,3,0,0,1034007.1428571428,1076025.0
KK Nagar ATM,2012-07-19,851200,sunday,H,3,19,7,3,0,0,1048667.857142857,1042375.0
KK Nagar ATM,2012-07-20,878800,sunday,H,4,20,7,3,0,0,1048503.5714285715,1187537.5
KK Nagar ATM,2012-07-21,867800,saturday,H,5,21,7,3,0,0,1045400.0,1097650.0
KK Nagar ATM,2012-07-22,193600,sunday,H,6,22,7,4,0,0,1045817.8571428572,1238312.5
KK Nagar ATM,2012-07-23,1075700,sunday,H,0,23,7,4,0,0,1038400.0,482475.0
KK Nagar ATM,2012-07-24,885600,sunday,H,1,24,7,4,0,0,1046175.0,1157300.0
KK Nagar ATM,2012-07-25,995500,sunday,H,2,25,7,4,0,0,1046310.7142857143,1036025.0
KK Nagar ATM,2012-07-26,942000,sunday,H,3,26,7,4,0,0,1054378.5714285714,1006712.5
KK Nagar ATM,2012-07-27,658900,sunday,H,4,27,7,4,0,0,1057025.0,1096125.0
KK Nagar ATM,2012-07-28,903000,saturday,H,5,28,7,4,0,0,1049175.0,1019787.5
KK Nagar ATM,2012-07-29,392400,sunday,H,6,29,7,5,0,1,1014300.0,1186137.5
KK Nagar ATM,2012-07-30,1169400,sunday,H,0,30,7,5,0,1,1000635.7142857143,468162.5
KK Nagar ATM,2012-07-31,1525100,sunday,H,1,31,7,5,0,1,966735.7142857143,1190362.5
KK Nagar ATM,2012-08-01,1630900,sunday,H,2,1,8,1,1,0,974614.2857142857,1118312.5
KK Nagar ATM,2012-08-02,1254300,sunday,H,3,2,8,1,1,0,985046.4285714285,1066425.0
KK Nagar ATM,2012-08-03,1337000,sunday,H,4,3,8,1,1,0,981100.0,1077600.0
KK Nagar ATM,2012-08-04,1498100,saturday,H,5,4,8,1,0,0,980275.0,988837.5
KK Nagar ATM,2012-08-05,572400,sunday,H,6,5,8,1,0,0,986585.7142857143,1167750.0
KK Nagar ATM,2012-08-06,1496900,sunday,H,0,6,8,1,0,0,994478.5714285715,444600.0
KK Nagar ATM,2012-08-07,1181700,sunday,H,1,7,8,1,0,0,1001664.2857142857,1245975.0
KK Nagar ATM,2012-08-08,1119600,sunday,H,2,8,8,2,0,0,1012950.0,1113137.5
KK Nagar ATM,2012-08-09,815500,sunday,H,3,9,8,2,0,0,1029428.5714285715,1068737.5
KK Nagar ATM,2012-08-10,1198300,sunday,H,4,10,8,2,0,0,1021500.0,998625.0
KK Nagar ATM,2012-08-11,1293000,saturday,H,5,11,8,2,0,0,1022575.0,1055712.5
KK Nagar ATM,2012-08-12,352300,sunday,H,6,12,8,2,0,0,1026250.0,1226125.0
KK Nagar ATM,2012-08-13,1246800,sunday,H,0,13,8,2,0,0,1017942.8571428572,452912.5
KK Nagar ATM,2012-08-14,855200,sunday,H,1,14,8,2,0,0,1025335.7142857143,1287612.5
KK Nagar ATM,2012-08-15,668300,wednesday,H,2,15,8,3,0,0,1014817.8571428572,1081162.5
KK Nagar ATM,2012-08-16,1060700,wednesday,H,3,16,8,3,0,0,994975.0,1050600.0
KK Nagar ATM,2012-08-17,1052800,wednesday,H,4,17,8,3,0,0,1002457.1428571428,1024237.5
KK Nagar ATM,2012-08-18,747500,saturday,H,5,18,8,3,0,0,1008671.4285714285,1066600.0
KK Nagar ATM,2012-08-19,512000,sunday,H,6,19,8,3,0,0,1004375.0,1212550.0
KK Nagar ATM,2012-08-20,1093400,monday,H,0,20,8,3,0,0,1015746.4285714285,466750.0
KK Nagar ATM,2012-08-21,1225500,monday,H,1,21,8,3,0,0,1016378.5714285715,1317037.5
KK Nagar ATM,2012-08-22,1083600,monday,H,2,22,8,4,0,0,1028517.8571428572,1124125.0
KK Nagar ATM,2012-08-23,780300,monday,H,3,23,8,4,0,0,1031664.2857142857,1089850.0
KK Nagar ATM,2012-08-24,729500,monday,H,4,24,8,4,0,0,1025889.2857142857,1013287.5
KK Nagar ATM,2012-08-25,1156000,saturday,H,5,25,8,4,0,0,1028410.7142857143,1047950.0
KK Nagar ATM,2012-08-26,322800,sunday,H,6,26,8,4,0,0,1037446.4285714285,1122112.5
KK Nagar ATM,2012-08-27,1110500,sunday,H,0,27,8,4,0,0,1034960.7142857143,410225.0
KK Nagar ATM,2012-08-28,700700,sunday,H,1,28,8,4,0,0,1032857.1428571428,1191025.0
KK Nagar ATM,2012-08-29,792800,sunday,H,2,29,8,5,0,1,1003414.2857142857,1048650.0
KK Nagar ATM,2012-08-30,874600,sunday,H,3,30,8,5,0,1,973482.1428571428,1021600.0
KK Nagar ATM,2012-08-31,1095200,sunday,H,4,31,8,5,0,1,959921.4285714285,952012.5
KK Nagar ATM,2012-09-01,2169400,saturday,H,5,1,9,1,1,0,951285.7142857143,1014837.5
KK Nagar ATM,2012-09-02,819700,sunday,H,6,2,9,1,1,0,975260.7142857143,1228112.5
KK Nagar ATM,2012-09-03,1707100,sunday,H,0,3,9,1,1,0,984092.8571428572,468762.5
KK Nagar ATM,2012-09-04,1127100,sunday,H,1,4,9,1,0,0,991600.0,1242450.0
KK Nagar ATM,2012-09-05,1449600,sunday,H,2,5,9,1,0,0,989650.0,1081325.0
KK Nagar ATM,2012-09-06,1099200,sunday,H,3,6,9,1,0,0,1001435.7142857143,1120525.0
KK Nagar ATM,2012-09-07,808400,sunday,H,4,7,9,1,0,0,1011567.8571428572,959725.0
KK Nagar ATM,2012-09-08,1053900,saturday,H,5,8,9,2,0,0,997642.8571428572,969862.5
KK Nagar ATM,2012-09-09,537700,sunday,H,6,9,9,2,0,0,989103.5714285715,1211087.5
KK Nagar ATM,2012-09-10,1182500,sunday,H,0,10,9,2,0,0,995725.0,462862.5
KK Nagar ATM,2012-09-11,1163300,sunday,H,1,11,9,2,0,0,993428.5714285715,1260287.5
KK Nagar ATM,2012-09-12,1040300,sunday,H,2,12,9,2,0,0,1004432.1428571428,1083025.0
KK Nagar ATM,2012-09-13,1112900,sunday,H,3,13,9,2,0,0,1017717.8571428572,1097575.0
KK Nagar ATM,2012-09-14,899800,sunday,H,4,14,9,2,0,0,1019582.1428571428,992437.5
KK Nagar ATM,2012-09-15,825600,saturday,H,5,15,9,3,0,0,1014117.8571428572,972487.5
KK Nagar ATM,2012-09-16,356900,sunday,H,6,16,9,3,0,0,1016907.1428571428,1205812.5
KK Nagar ATM,2012-09-17,1123900,sunday,H,0,17,9,3,0,0,1011367.8571428572,483275.0
KK Nagar ATM,2012-09-18,1023500,sunday,H,1,18,9,3,0,0,1012457.1428571428,1266312.5
KK Nagar ATM,2012-09-19,715500,wednesday,H,2,19,9,3,0,0,1005242.8571428572,1100262.5
KK Nagar ATM,2012-09-20,786000,wednesday,H,3,20,9,3,0,0,992096.4285714285,1062575.0
KK Nagar ATM,2012-09-21,1033900,wednesday,H,4,21,9,3,0,0,992300.0,972937.5
KK Nagar ATM,2012-09-22,947100,saturday,H,5,22,9,4,0,0,1003171.4285714285,1019362.5
KK Nagar ATM,2012-09-23,350100,sunday,H,6,23,9,4,0,0,995710.7142857143,1211325.0
KK Nagar ATM,2012-09-24,990400,sunday,H,0,24,9,4,0,0,996685.7142857143,477987.5
KK Nagar ATM,2012-09-25,1024300,sunday,H,1,25,9,4,0,0,992396.4285714285,1243937.5
KK Nagar ATM,2012-09-26,752100,sunday,H,2,26,9,4,0,0,1003953.5714285715,1037662.5
KK Nagar ATM,2012-09-27,825000,sunday,H,3,27,9,4,0,0,1002500.0,952725.0
KK Nagar ATM,2012-09-28,1239900,sunday,H,4,28,9,4,0,1,1000728.5714285715,919275.0
KK Nagar ATM,2012-09-29,1008000,saturday,H,5,29,9,5,0,1,1005896.4285714285,1007225.0
KK Nagar ATM,2012-09-30,468500,sunday,H,6,30,9,5,0,1,964417.8571428572,1150062.5
KK Nagar ATM,2012-10-01,1580700,sunday,H,0,1,10,1,1,0,951875.0,465000.0
KK Nagar ATM,2012-10-02,550500,tuesday,H,1,2,10,1,1,0,947360.7142857143,1254412.5
KK Nagar ATM,2012-10-03,1679600,tuesday,H,2,3,10,1,1,0,926767.8571428572,958762.5
KK Nagar ATM,2012-10-04,1587800,tuesday,H,3,4,10,1,0,0,934982.1428571428,1022725.0
KK Nagar ATM,2012-10-05,1338200,tuesday,H,4,5,10,1,0,0,952432.1428571428,1015812.5
KK Nagar ATM,2012-10-06,1332200,saturday,H,5,6,10,1,0,0,971353.5714285715,1024712.5
KK Nagar ATM,2012-10-07,542300,sunday,H,6,7,10,1,0,0,981292.8571428572,1154962.5
KK Nagar ATM,2012-10-08,1393300,sunday,H,0,8,10,2,0,0,981457.1428571428,488750.0
KK Nagar ATM,2012-10-09,1117400,sunday,H,1,9,10,2,0,0,988985.7142857143,1272725.0
KK Nagar ATM,2012-10-10,1278600,sunday,H,2,10,10,2,0,0,987346.4285714285,991537.5
KK Nagar ATM,2012-10-11,1215000,sunday,H,3,11,10,2,0,0,995857.1428571428,1099012.5
KK Nagar ATM,2012-10-12,923100,sunday,H,4,12,10,2,0,0,999503.5714285715,1035100.0
KK Nagar ATM,2012-10-13,1159100,saturday,H,5,13,10,2,0,0,1000335.7142857143,1008500.0
KK Nagar ATM,2012-10-14,849900,sunday,H,6,14,10,2,0,0,1012246.4285714285,1206412.5
KK Nagar ATM,2012-10-15,1449500,sunday,H,0,15,10,3,0,0,1029853.5714285715,530987.5
KK Nagar ATM,2012-10-16,1168300,sunday,H,1,16,10,3,0,0,1041482.1428571428,1317237.5
KK Nagar ATM,2012-10-17,1379900,sunday,H,2,17,10,3,0,0,1046653.5714285715,984387.5
KK Nagar ATM,2012-10-18,748400,sunday,H,3,18,10,3,0,0,1070382.142857143,1136050.0
KK Nagar ATM,2012-10-19,752700,sunday,H,4,19,10,3,0,0,1069039.2857142857,1031112.5
KK Nagar ATM,2012-10-20,1088600,saturday,H,5,20,10,3,0,0,1058996.4285714286,1011400.0
KK Nagar ATM,2012-10-21,547100,sunday,H,6,21,10,3,0,0,1064050.0,1197987.5
KK Nagar ATM,2012-10-22,1437700,sunday,H,0,22,10,4,0,0,1071085.7142857143,559025.0
KK Nagar ATM,2012-10-23,408700,tuesday,H,1,23,10,4,0,0,1087060.7142857143,1358137.5
KK Nagar ATM,2012-10-24,853800,wednesday,H,2,24,10,4,0,0,1065075.0,947887.5
KK Nagar ATM,2012-10-25,1496700,wednesday,H,3,25,10,4,0,0,1068707.142857143,1143675.0
KK Nagar ATM,2012-10-26,1260000,wednesday,H,4,26,10,4,0,0,1092696.4285714286,1108875.0
KK Nagar ATM,2012-10-27,1051000,saturday,H,5,27,10,4,0,0,1093414.2857142857,1032000.0
KK Nagar ATM,2012-10-28,722600,sunday,H,6,28,10,4,0,0,1094950.0,1058187.5
KK Nagar ATM,2012-10-29,1001800,sunday,H,0,29,10,5,0,1,1104025.0,546887.5
KK Nagar ATM,2012-10-30,639000,sunday,H,1,30,10,5,0,1,1083350.0,1269975.0
KK Nagar ATM,2012-10-31,803600,sunday,H,2,31,10,5,0,1,1086510.7142857143,886875.0
KK Nagar ATM,2012-11-01,2382700,sunday,H,3,1,11,1,1,0,1055225.0,1062925.0
KK Nagar ATM,2012-11-02,2010400,sunday,H,4,2,11,1,1,0,1083614.2857142857,1269312.5
KK Nagar ATM,2012-11-03,1745000,saturday,H,5,3,11,1,1,0,1107621.4285714286,1182250.0
KK Nagar ATM,2012-11-04,973500,sunday,H,6,4,11,1,0,0,1122364.2857142857,1144575.0
KK Nagar ATM,2012-11-05,761000,sunday,H,0,5,11,1,0,0,1137764.2857142857,601362.5
KK Nagar ATM,2012-11-06,1236600,sunday,H,1,6,11,1,0,0,1115182.142857143,1217287.5
KK Nagar ATM,2012-11-07,1433600,sunday,H,2,7,11,1,0,0,1119439.2857142857,896037.5
KK Nagar ATM,2012-11-08,1720300,sunday,H,3,8,11,2,0,0,1124975.0,1112087.5
KK Nagar ATM,2012-11-09,1492600,sunday,H,4,9,11,2,0,0,1143021.4285714286,1345237.5
KK Nagar ATM,2012-11-10,1628800,saturday,H,5,10,11,2,0,0,1163360.7142857143,1256350.0
KK Nagar ATM,2012-11-11,1276700,sunday,H,6,11,11,2,0,0,1180135.7142857143,1244975.0
KK Nagar ATM,2012-11-12,1466400,sunday,H,0,12,11,2,0,0,1195378.5714285714,716337.5
KK Nagar ATM,2012-11-13,169800,tuesday,H,1,13,11,2,0,0,1195982.142857143,1260100.0
KK Nagar ATM,2012-11-14,1017500,tuesday,H,2,14,11,2,0,0,1160321.4285714286,789325.0
KK Nagar ATM,2012-11-15,908700,tuesday,H,3,15,11,3,0,0,1147378.5714285714,1149837.5
KK Nagar ATM,2012-11-16,1065700,tuesday,H,4,16,11,3,0,0,1153103.5714285714,1360575.0
KK Nagar ATM,2012-11-17,1120800,saturday,H,5,17,11,3,0,0,1164282.142857143,1260325.0
KK Nagar ATM,2012-11-18,349200,sunday,H,6,18,11,3,0,0,1165432.142857143,1266687.5
KK Nagar ATM,2012-11-19,980500,sunday,H,0,19,11,3,0,0,1158364.2857142857,716225.0
KK Nagar ATM,2012-11-20,844200,sunday,H,1,20,11,3,0,0,1142035.7142857143,1258862.5
KK Nagar ATM,2012-11-21,874400,sunday,H,2,21,11,3,0,0,1157589.2857142857,766812.5
KK Nagar ATM,2012-11-22,948100,sunday,H,3,22,11,4,0,0,1158325.0,1165125.0
KK Nagar ATM,2012-11-23,832700,sunday,H,4,23,11,4,0,0,1138732.142857143,1375962.5
KK Nagar ATM,2012-11-24,1453800,saturday,H,5,24,11,4,0,0,1123471.4285714286,1209425.0
KK Nagar ATM,2012-11-25,467400,sunday,H,6,25,11,4,0,0,1137857.142857143,1322412.5
KK Nagar ATM,2012-11-26,1213000,sunday,H,0,26,11,4,0,0,1128742.857142857,716087.5
KK Nagar ATM,2012-11-27,635800,sunday,H,1,27,11,4,0,0,1136285.7142857143,1212900.0
KK Nagar ATM,2012-11-28,1120100,sunday,H,2,28,11,4,0,1,1136171.4285714286,777475.0
KK Nagar ATM,2012-11-29,972400,sunday,H,3,29,11,5,0,1,1147475.0,1095187.5
KK Nagar ATM,2012-11-30,1187300,sunday,H,4,30,11,5,0,1,1097107.142857143,1299037.5
KK Nagar ATM,2012-12-01,1617000,saturday,H,5,1,12,1,1,0,1067710.7142857143,1190562.5
KK Nagar ATM,2012-12-02,1009800,sunday,H,6,2,12,1,1,0,1063139.2857142857,1358012.5
KK Nagar ATM,2012-12-03,1142600,sunday,H,0,3,12,1,1,0,1064435.7142857143,774525.0
KK Nagar ATM,2012-12-04,1177700,sunday,H,1,4,12,1,0,0,1078064.2857142857,1181562.5
KK Nagar ATM,2012-12-05,1472200,sunday,H,2,5,12,1,0,0,1075960.7142857143,785012.5
KK Nagar ATM,2012-12-06,1266700,sunday,H,3,6,12,1,0,0,1077339.2857142857,1119387.5
KK Nagar ATM,2012-12-07,893100,sunday,H,4,7,12,1,0,0,1061139.2857142857,1305500.0
KK Nagar ATM,2012-12-08,1357900,saturday,H,5,8,12,2,0,0,1039728.5714285715,1186812.5
KK Nagar ATM,2012-12-09,194100,sunday,H,6,9,12,2,0,0,1030053.5714285715,1382862.5
KK Nagar ATM,2012-12-10,1091500,sunday,H,0,10,12,2,0,0,991389.2857142857,692550.0
KK Nagar ATM,2012-12-11,1441600,sunday,H,1,11,12,2,0,0,978000.0,1136812.5
KK Nagar ATM,2012-12-12,1160200,sunday,H,2,12,12,2,0,0,1023421.4285714285,819175.0
KK Nagar ATM,2012-12-13,879100,sunday,H,3,13,12,2,0,0,1028517.8571428572,1091925.0
KK Nagar ATM,2012-12-14,863000,sunday,H,4,14,12,2,0,0,1027460.7142857143,1321837.5
KK Nagar ATM,2012-12-15,1336600,saturday,H,5,15,12,3,0,0,1020221.4285714285,1200600.0
KK Nagar ATM,2012-12-16,355700,sunday,H,6,16,12,3,0,0,1027928.5714285715,1413862.5
KK Nagar ATM,2012-12-17,1172300,sunday,H,0,17,12,3,0,0,1028160.7142857143,668625.0
KK Nagar ATM,2012-12-18,936700,sunday,H,1,18,12,3,0,0,1035010.7142857143,1103637.5
KK Nagar ATM,2012-12-19,1014400,sunday,H,2,19,12,3,0,0,1038314.2857142857,885175.0
KK Nagar ATM,2012-12-20,869000,sunday,H,3,20,12,3,0,0,1043314.2857142857,1112000.0
KK Nagar ATM,2012-12-21,1092000,sunday,H,4,21,12,3,0,0,1040489.2857142857,1243375.0
KK Nagar ATM,2012-12-22,1196900,saturday,H,5,22,12,4,0,0,1049750.0,1179600.0
KK Nagar ATM,2012-12-23,457000,sunday,H,6,23,12,4,0,0,1040575.0,1432100.0
KK Nagar ATM,2012-12-24,1175200,sunday,H,0,24,12,4,0,0,1040203.5714285715,635425.0
KK Nagar ATM,2012-12-25,384700,tuesday,H,1,25,12,4,0,0,1038853.5714285715,1125312.5
KK Nagar ATM,2012-12-26,969400,tuesday,H,2,26,12,4,0,0,1029885.7142857143,853387.5
KK Nagar ATM,2012-12-27,1088600,tuesday,H,3,27,12,4,0,0,1024503.5714285715,1132725.0
KK Nagar ATM,2012-12-28,854200,tuesday,H,4,28,12,4,0,0,1028653.5714285715,1081612.5
KK Nagar ATM,2012-12-29,991400,saturday,H,5,29,12,5,0,1,1016757.1428571428,1035075.0
KK Nagar ATM,2012-12-30,449800,sunday,H,6,30,12,5,0,1,994414.2857142857,1337900.0
KK Nagar ATM,2012-12-31,1587700,sunday,H,0,31,12,5,0,1,974414.2857142857,569962.5
KK Nagar ATM,2013-01-01,1290200,tuesday,H,1,1,1,1,1,0,990310.7142857143,1228650.0
KK Nagar ATM,2013-01-02,1710500,wednesday,W,2,2,1,1,1,0,994328.5714285715,860087.5
KK Nagar ATM,2013-01-03,1524200,thursday,W,3,3,1,1,1,0,1002839.2857142857,1167337.5
KK Nagar ATM,2013-01-04,1697700,friday,W,4,4,1,1,0,0,1012035.7142857143,1057100.0
KK Nagar ATM,2013-01-05,1032200,saturday,H,5,5,1,1,0,0,1040771.4285714285,1060712.5
KK Nagar ATM,2013-01-06,542800,sunday,H,6,6,1,1,0,0,1029139.2857142857,1263325.0
KK Nagar ATM,2013-01-07,1368800,monday,W,0,7,1,1,0,0,1041592.8571428572,478225.0
KK Nagar ATM,2013-01-08,1127300,tuesday,W,1,8,1,2,0,0,1051496.4285714286,1216450.0
KK Nagar ATM,2013-01-09,1129900,wednesday,W,2,9,1,2,0,0,1040271.4285714285,979775.0
KK Nagar ATM,2013-01-10,1544700,thursday,W,3,10,1,2,0,0,1039189.2857142857,1181387.5
KK Nagar ATM,2013-01-11,1578700,friday,W,4,11,1,2,0,0,1062960.7142857143,1136600.0
KK Nagar ATM,2013-01-12,1088400,saturday,H,5,12,1,2,0,0,1088521.4285714286,1124837.5
KK Nagar ATM,2013-01-13,842200,sunday,H,6,13,1,2,0,0,1079657.142857143,1259275.0
KK Nagar ATM,2013-01-14,399100,monday,H,0,14,1,2,0,0,1097032.142857143,539850.0
KK Nagar ATM,2013-01-15,442900,tuesday,H,1,15,1,3,0,0,1069417.857142857,1143775.0
KK Nagar ATM,2013-01-16,603300,wednesday,H,2,16,1,3,0,0,1051782.142857143,929612.5
KK Nagar ATM,2013-01-17,1517300,thursday,W,3,17,1,3,0,0,1037100.0,1147500.0
KK Nagar ATM,2013-01-18,1157200,friday,W,4,18,1,3,0,0,1060253.5714285714,1207750.0
KK Nagar ATM,2013-01-19,858000,saturday,H,5,19,1,3,0,0,1062582.142857143,1165400.0
KK Nagar ATM,2013-01-20,354800,sunday,H,6,20,1,3,0,0,1050478.5714285714,1184800.0
KK Nagar ATM,2013-01-21,1095900,monday,W,0,21,1,3,0,0,1046828.5714285715,525775.0
KK Nagar ATM,2013-01-22,1105500,tuesday,W,1,22,1,4,0,0,1043996.4285714285,1129137.5
KK Nagar ATM,2013-01-23,1141300,wednesday,W,2,23,1,4,0,0,1069739.2857142857,988325.0
KK Nagar ATM,2013-01-24,933800,thursday,W,3,24,1,4,0,0,1075878.5714285714,1150150.0
KK Nagar ATM,2013-01-25,642700,friday,H,4,25,1,4,0,0,1070350.0,1202925.0
KK Nagar ATM,2013-01-26,843800,saturday,H,5,26,1,4,0,0,1062796.4285714286,1097325.0
KK Nagar ATM,2013-01-27,382200,sunday,H,6,27,1,4,0,0,1057525.0,1088150.0
KK Nagar ATM,2013-01-28,1231100,monday,W,0,28,1,4,0,0,1055110.7142857143,447325.0
KK Nagar ATM,2013-01-29,1145800,tuesday,W,1,29,1,5,0,1,1042375.0,1140200.0
KK Nagar ATM,2013-01-30,1251400,wednesday,W,2,30,1,5,0,1,1037217.8571428572,984337.5
KK Nagar ATM,2013-01-31,1257800,thursday,W,3,31,1,5,0,1,1020821.4285714285,1122550.0
KK Nagar ATM,2013-02-01,1399300,friday,W,4,1,2,1,1,0,1011307.1428571428,1201812.5
KK Nagar ATM,2013-02-02,1765600,saturday,H,5,2,2,1,1,0,1000650.0,1160600.0
KK Nagar ATM,2013-02-03,640600,sunday,H,6,3,2,1,1,0,1026842.8571428572,1139112.5
KK Nagar ATM,2013-02-04,1709900,monday,W,0,4,2,1,0,0,1030335.7142857143,503137.5
KK Nagar ATM,2013-02-05,1156400,tuesday,W,1,5,2,1,0,0,1042517.8571428572,1217500.0
KK Nagar ATM,2013-02-06,1389400,wednesday,W,2,6,2,1,0,0,1043557.1428571428,948687.5
KK Nagar ATM,2013-02-07,1253800,thursday,W,3,7,2,1,0,0,1052825.0,1151200.0
KK Nagar ATM,2013-02-08,1235700,friday,W,4,8,2,2,0,0,1042435.7142857143,1248650.0
KK Nagar ATM,2013-02-09,1504600,saturday,H,5,9,2,2,0,0,1030185.7142857143,1207187.5
KK Nagar ATM,2013-02-10,587300,sunday,H,6,10,2,2,0,0,1045050.0,1160112.5
KK Nagar ATM,2013-02-11,1109900,monday,W,0,11,2,2,0,0,1035946.4285714285,532087.5
KK Nagar ATM,2013-02-12,1093500,tuesday,W,1,12,2,2,0,0,1061332.142857143,1209700.0
KK Nagar ATM,2013-02-13,1107200,wednesday,W,2,13,2,2,0,0,1084567.857142857,968287.5
KK Nagar ATM,2013-02-14,889000,thursday,W,3,14,2,2,0,0,1102564.2857142857,1162800.0
KK Nagar ATM,2013-02-15,952300,friday,W,4,15,2,3,0,0,1080125.0,1251150.0
KK Nagar ATM,2013-02-16,1123200,saturday,H,5,16,2,3,0,0,1072807.142857143,1189725.0
KK Nagar ATM,2013-02-17,389000,sunday,H,6,17,2,3,0,0,1082278.5714285714,1150900.0
KK Nagar ATM,2013-02-18,1144700,monday,W,0,18,2,3,0,0,1083500.0,523587.5
KK Nagar ATM,2013-02-19,898100,tuesday,W,1,19,2,3,0,0,1085242.857142857,1205887.5
KK Nagar ATM,2013-02-20,1004700,wednesday,W,2,20,2,3,0,0,1077835.7142857143,1032462.5
KK Nagar ATM,2013-02-21,760100,thursday,W,3,21,2,3,0,0,1072957.142857143,1167212.5
KK Nagar ATM,2013-02-22,833600,friday,W,4,22,2,4,0,0,1066753.5714285714,1210087.5
KK Nagar ATM,2013-02-23,920200,saturday,H,5,23,2,4,0,0,1073571.4285714286,1187150.0
KK Nagar ATM,2013-02-24,215100,sunday,H,6,24,2,4,0,0,1076300.0,1142000.0
KK Nagar ATM,2013-02-25,1641500,monday,W,0,25,2,4,0,0,1070332.142857143,494250.0
KK Nagar ATM,2013-02-26,923100,tuesday,W,1,26,2,4,0,1,1084989.2857142857,1212612.5
KK Nagar ATM,2013-02-27,703800,wednesday,W,2,27,2,4,0,1,1077035.7142857143,986575.0
KK Nagar ATM,2013-02-28,1370900,thursday,W,3,28,2,4,0,1,1057478.5714285714,1041375.0
KK Nagar ATM,2013-03-01,1191800,friday,W,4,1,3,1,1,0,1061517.857142857,1190925.0
KK Nagar ATM,2013-03-02,1385600,saturday,H,5,2,3,1,1,0,1054107.142857143,1123912.5
KK Nagar ATM,2013-03-03,517200,sunday,H,6,3,3,1,1,0,1040535.7142857143,1186175.0
KK Nagar ATM,2013-03-04,1867700,monday,W,0,4,3,1,0,0,1036128.5714285715,491050.0
KK Nagar ATM,2013-03-05,1743600,tuesday,W,1,5,3,1,0,0,1041764.2857142857,1274975.0
KK Nagar ATM,2013-03-06,1141000,wednesday,W,2,6,3,1,0,0,1062735.7142857143,1063612.5
KK Nagar ATM,2013-03-07,1061700,thursday,W,3,7,3,1,0,0,1053864.2857142857,1042762.5
KK Nagar ATM,2013-03-08,1110000,friday,W,4,8,3,2,0,0,1047003.5714285715,1130550.0
KK Nagar ATM,2013-03-09,1073200,saturday,H,5,9,3,2,0,0,1042514.2857142857,1065325.0
KK Nagar ATM,2013-03-10,547300,sunday,H,6,10,3,2,0,0,1027107.1428571428,1184275.0
KK Nagar ATM,2013-03-11,1376800,monday,W,0,11,3,2,0,0,1025678.5714285715,454187.5
KK Nagar ATM,2013-03-12,1101700,tuesday,W,1,12,3,2,0,0,1035210.7142857143,1397187.5
KK Nagar ATM,2013-03-13,1175100,wednesday,W,2,13,3,2,0,0,1035503.5714285715,1145962.5
KK Nagar ATM,2013-03-14,971600,thursday,W,3,14,3,2,0,0,1037928.5714285715,1114237.5
KK Nagar ATM,2013-03-15,1068100,friday,W,4,15,3,3,0,0,1040878.5714285715,1062337.5
KK Nagar ATM,2013-03-16,1171900,saturday,H,5,16,3,3,0,0,1045014.2857142857,1054187.5
KK Nagar ATM,2013-03-17,439700,sunday,H,6,17,3,3,0,0,1046753.5714285715,1223512.5
KK Nagar ATM,2013-03-18,1015600,monday,W,0,18,3,3,0,0,1048564.2857142857,464800.0
KK Nagar ATM,2013-03-19,1190400,tuesday,W,1,19,3,3,0,0,1043953.5714285715,1387150.0
KK Nagar ATM,2013-03-20,1298000,wednesday,W,2,20,3,3,0,0,1054392.857142857,1156575.0
KK Nagar ATM,2013-03-21,1027900,thursday,W,3,21,3,3,0,0,1064867.857142857,1133825.0
KK Nagar ATM,2013-03-22,978600,friday,W,4,22,3,4,0,0,1074432.142857143,1074100.0
KK Nagar ATM,2013-03-23,1274800,saturday,H,5,23,3,4,0,0,1079610.7142857143,1096175.0
KK Nagar ATM,2013-03-24,352500,sunday,H,6,24,3,4,0,0,1092275.0,1277387.5
KK Nagar ATM,2013-03-25,954500,monday,W,0,25,3,4,0,0,1097182.142857143,461087.5
KK Nagar ATM,2013-03-26,1281500,tuesday,W,1,26,3,4,0,0,1072646.4285714286,1352575.0
KK Nagar ATM,2013-03-27,914300,wednesday,W,2,27,3,4,0,0,1085446.4285714286,1173537.5
KK Nagar ATM,2013-03-28,1219300,thursday,W,3,28,3,4,0,0,1092964.2857142857,1091687.5
KK Nagar ATM,2013-03-29,901300,friday,H,4,29,3,5,0,1,1087550.0,1069287.5
KK Nagar ATM,2013-03-30,1339300,saturday,H,5,30,3,5,0,1,1077175.0,1033925.0
KK Nagar ATM,2013-03-31,338600,sunday,H,6,31,3,5,0,1,1075521.4285714286,1224100.0
KK Nagar ATM,2013-04-01,1191400,monday,W,0,1,4,1,1,0,1069142.857142857,423337.5
KK Nagar ATM,2013-04-02,1473400,tuesday,W,1,2,4,1,1,0,1044989.2857142857,1287762.5
KK Nagar ATM,2013-04-03,1595000,wednesday,W,2,3,4,1,1,0,1035339.2857142857,1213162.5
KK Nagar ATM,2013-04-04,1899200,thursday,W,3,4,4,1,0,0,1051553.5714285714,1117387.5
KK Nagar ATM,2013-04-05,1848400,friday,W,4,5,4,1,0,0,1081464.2857142857,1149962.5
KK Nagar ATM,2013-04-06,1913700,saturday,H,5,6,4,1,0,0,1107835.7142857143,1110512.5
KK Nagar ATM,2013-04-07,749300,sunday,H,6,7,4,1,0,0,1137853.5714285714,1275237.5
KK Nagar ATM,2013-04-08,1157500,monday,W,0,8,4,2,0,0,1145067.857142857,443587.5
KK Nagar ATM,2013-04-09,1074600,tuesday,W,1,9,4,2,0,0,1137235.7142857143,1293712.5
KK Nagar ATM,2013-04-10,1178100,wednesday,W,2,10,4,2,0,0,1136267.857142857,1210800.0
KK Nagar ATM,2013-04-11,743200,thursday,H,3,11,4,2,0,0,1136375.0,1126250.0
KK Nagar ATM,2013-04-12,1192800,friday,W,4,12,4,2,0,0,1128217.857142857,1131737.5
KK Nagar ATM,2013-04-13,1176100,saturday,H,5,13,4,2,0,0,1132671.4285714286,1140575.0
KK Nagar ATM,2013-04-14,686800,sunday,H,6,14,4,2,0,0,1132821.4285714286,1281850.0
KK Nagar ATM,2013-04-15,1370300,monday,W,0,15,4,3,0,0,1141646.4285714286,480812.5
KK Nagar ATM,2013-04-16,987100,tuesday,W,1,16,4,3,0,0,1154314.2857142857,1321912.5
KK Nagar ATM,2013-04-17,493100,wednesday,W,2,17,4,3,0,0,1147053.5714285714,1221925.0
KK Nagar ATM,2013-04-18,1435700,thursday,W,3,18,4,3,0,0,1118307.142857143,1062300.0
KK Nagar ATM,2013-04-19,1356100,friday,W,4,19,4,3,0,0,1132871.4285714286,1216187.5
KK Nagar ATM,2013-04-20,1800300,saturday,H,5,20,4,3,0,0,1146353.5714285714,1205887.5
KK Nagar ATM,2013-04-21,901500,sunday,H,6,21,4,3,0,0,1165121.4285714286,1391862.5
KK Nagar ATM,2013-04-22,1235000,monday,W,0,22,4,4,0,0,1184728.5714285714,566612.5
KK Nagar ATM,2013-04-23,1536900,tuesday,W,1,23,4,4,0,0,1194746.4285714286,1271100.0
KK Nagar ATM,2013-04-24,853800,wednesday,H,2,24,4,4,0,0,1203867.857142857,1298650.0
KK Nagar ATM,2013-04-25,1064500,thursday,W,3,25,4,4,0,0,1201707.142857143,1081050.0
KK Nagar ATM,2013-04-26,1152400,friday,W,4,26,4,4,0,0,1196178.5714285714,1177887.5
KK Nagar ATM,2013-04-27,1472900,saturday,H,5,27,4,4,0,0,1205146.4285714286,1200962.5
KK Nagar ATM,2013-04-28,390000,sunday,H,6,28,4,4,0,1,1209917.857142857,1402775.0
KK Nagar ATM,2013-04-29,1166300,monday,W,0,29,4,5,0,1,1211753.5714285714,550712.5
KK Nagar ATM,2013-04-30,1783600,tuesday,W,1,30,4,5,0,1,1210857.142857143,1183425.0
KK Nagar ATM,2013-05-01,1235000,wednesday,H,2,1,5,1,1,0,1221935.7142857143,1303650.0
KK Nagar ATM,2013-05-02,2325000,thursday,W,3,2,5,1,1,0,1209078.5714285714,1092800.0
KK Nagar ATM,2013-05-03,1642300,friday,W,4,3,5,1,1,0,1224285.7142857143,1335800.0
KK Nagar ATM,2013-05-04,1703100,saturday,H,5,4,5,1,0,0,1216925.0,1267500.0
KK Nagar ATM,2013-05-05,540100,sunday,H,6,5,5,1,0,0,1209403.5714285714,1481512.5
KK Nagar ATM,2013-05-06,1668400,monday,W,0,6,5,1,0,0,1201932.142857143,549812.5
KK Nagar ATM,2013-05-07,1194200,tuesday,W,1,7,5,1,0,0,1220178.5714285714,1219875.0
KK Nagar ATM,2013-05-08,1412400,wednesday,W,2,8,5,2,0,0,1224450.0,1315212.5
KK Nagar ATM,2013-05-09,770400,thursday,W,3,9,5,2,0,0,1232817.857142857,1122462.5
KK Nagar ATM,2013-05-10,1309900,friday,W,4,10,5,2,0,0,1233789.2857142857,1310650.0
KK Nagar ATM,2013-05-11,1430400,saturday,H,5,11,5,2,0,0,1237971.4285714286,1297725.0
KK Nagar ATM,2013-05-12,686900,sunday,H,6,12,5,2,0,0,1247053.5714285714,1513825.0
KK Nagar ATM,2013-05-13,2459200,monday,W,0,13,5,2,0,0,1247057.142857143,580712.5
KK Nagar ATM,2013-05-14,1250600,tuesday,W,1,14,5,2,0,0,1285946.4285714286,1400325.0
KK Nagar ATM,2013-05-15,1066100,wednesday,W,2,15,5,3,0,0,1295357.142857143,1322737.5
KK Nagar ATM,2013-05-16,1180100,thursday,W,3,16,5,3,0,0,1315821.4285714286,1093475.0
KK Nagar ATM,2013-05-17,1162000,friday,W,4,17,5,3,0,0,1306692.857142857,1329675.0
KK Nagar ATM,2013-05-18,1194300,saturday,H,5,18,5,3,0,0,1299760.7142857143,1320650.0
KK Nagar ATM,2013-05-19,797200,sunday,H,6,19,5,3,0,0,1278117.857142857,1503762.5
KK Nagar ATM,2013-05-20,1293000,monday,W,0,20,5,3,0,0,1274392.857142857,636300.0
KK Nagar ATM,2013-05-21,1325800,tuesday,W,1,21,5,3,0,0,1276464.2857142857,1442637.5
KK Nagar ATM,2013-05-22,1404000,wednesday,W,2,22,5,4,0,0,1268925.0,1328275.0
KK Nagar ATM,2013-05-23,973200,thursday,W,3,23,5,4,0,0,1288575.0,1154687.5
KK Nagar ATM,2013-05-24,1083700,friday,W,4,24,5,4,0,0,1285314.2857142857,1298912.5
KK Nagar ATM,2013-05-25,1034000,saturday,H,5,25,5,4,0,0,1282860.7142857143,1343450.0
KK Nagar ATM,2013-05-26,428600,sunday,H,6,26,5,4,0,0,1267185.7142857143,1465600.0
KK Nagar ATM,2013-05-27,1288300,monday,W,0,27,5,4,0,0,1268564.2857142857,647550.0
KK Nagar ATM,2013-05-28,1152300,tuesday,W,1,28,5,4,0,0,1272921.4285714286,1454750.0
KK Nagar ATM,2013-05-29,872200,wednesday,W,2,29,5,5,0,1,1250375.0,1288137.5
KK Nagar ATM,2013-05-30,1317000,thursday,W,3,30,5,5,0,1,1237417.857142857,1064337.5
KK Nagar ATM,2013-05-31,1158800,friday,W,4,31,5,5,0,1,1201417.857142857,1226137.5
KK Nagar ATM,2013-06-01,1688100,saturday,H,5,1,6,1,1,0,1184150.0,1257250.0
KK Nagar ATM,2013-06-02,853600,sunday,H,6,2,6,1,1,0,1183614.2857142857,1437400.0
KK Nagar ATM,2013-06-03,1965100,monday,W,0,3,6,1,1,0,1194810.7142857143,660587.5
KK Nagar ATM,2013-06-04,1570800,tuesday,W,1,4,6,1,0,0,1205407.142857143,1555700.0
KK Nagar ATM,2013-06-05,2358200,wednesday,W,2,5,6,1,0,0,1218857.142857143,1350162.5
KK Nagar ATM,2013-06-06,1416100,thursday,W,3,6,6,1,0,0,1252635.7142857143,1211850.0
KK Nagar ATM,2013-06-07,1569000,friday,W,4,7,6,1,0,0,1275696.4285714286,1310250.0
KK Nagar ATM,2013-06-08,1877000,saturday,H,5,8,6,2,0,0,1284950.0,1304275.0
KK Nagar ATM,2013-06-09,712100,sunday,H,6,9,6,2,0,0,1300900.0,1525012.5
KK Nagar ATM,2013-06-10,1166600,monday,W,0,10,6,2,0,0,1301800.0,663750.0
KK Nagar ATM,2013-06-11,1520500,tuesday,W,1,11,6,2,0,0,1255635.7142857143,1530237.5
KK Nagar ATM,2013-06-12,975200,wednesday,W,2,12,6,2,0,0,1265275.0,1416837.5
KK Nagar ATM,2013-06-13,740300,thursday,W,3,13,6,2,0,0,1262028.5714285714,1272112.5
KK Nagar ATM,2013-06-14,1354100,friday,W,4,14,6,2,0,0,1246321.4285714286,1223325.0
KK Nagar ATM,2013-06-15,1268600,saturday,H,5,15,6,3,0,0,1253182.142857143,1304025.0
KK Nagar ATM,2013-06-16,313700,sunday,H,6,16,6,3,0,0,1255835.7142857143,1458550.0
KK Nagar ATM,2013-06-17,1483200,monday,W,0,17,6,3,0,0,1238567.857142857,590275.0
KK Nagar ATM,2013-06-18,1048100,tuesday,W,1,18,6,3,0,0,1245360.7142857143,1561262.5
KK Nagar ATM,2013-06-19,1228500,wednesday,W,2,19,6,3,0,0,1235442.857142857,1355737.5
KK Nagar ATM,2013-06-20,1336900,thursday,W,3,20,6,3,0,0,1229175.0,1318950.0
KK Nagar ATM,2013-06-21,1001300,friday,W,4,21,6,3,0,0,1242164.2857142857,1257375.0
KK Nagar ATM,2013-06-22,1123700,saturday,H,5,22,6,4,0,0,1239221.4285714286,1285137.5
KK Nagar ATM,2013-06-23,359200,sunday,H,6,23,6,4,0,0,1242425.0,1414900.0
KK Nagar ATM,2013-06-24,1153700,monday,W,0,24,6,4,0,0,1239946.4285714286,586425.0
KK Nagar ATM,2013-06-25,1120300,tuesday,W,1,25,6,4,0,0,1235139.2857142857,1559687.5
KK Nagar ATM,2013-06-26,1264900,wednesday,W,2,26,6,4,0,0,1233996.4285714286,1272825.0
KK Nagar ATM,2013-06-27,816100,thursday,W,3,27,6,4,0,0,1248021.4285714286,1322687.5
KK Nagar ATM,2013-06-28,1351300,friday,W,4,28,6,4,0,1,1230132.142857143,1068762.5
KK Nagar ATM,2013-06-29,1458400,saturday,H,5,29,6,5,0,1,1237007.142857143,1248762.5
KK Nagar ATM,2013-06-30,644700,sunday,H,6,30,6,5,0,1,1228803.5714285714,1384312.5
KK Nagar ATM,2013-07-01,2091800,monday,W,0,1,7,1,1,0,1221342.857142857,599500.0
KK Nagar ATM,2013-07-02,1546200,tuesday,W,1,2,7,1,1,0,1225867.857142857,1612612.5
KK Nagar ATM,2013-07-03,1487800,wednesday,W,2,3,7,1,1,0,1224989.2857142857,1316825.0
KK Nagar ATM,2013-07-04,1748300,thursday,W,3,4,7,1,0,0,1193903.5714285714,1332112.5
KK Nagar ATM,2013-07-05,1342100,friday,W,4,5,7,1,0,0,1205767.857142857,1191000.0
KK Nagar ATM,2013-07-06,1464000,saturday,H,5,6,7,1,0,0,1197664.2857142857,1252787.5
KK Nagar ATM,2013-07-07,616400,sunday,H,6,7,7,1,0,0,1182914.2857142857,1388512.5
KK Nagar ATM,2013-07-08,1617400,monday,W,0,8,7,2,0,0,1179496.4285714286,590687.5
KK Nagar ATM,2013-07-09,1274500,tuesday,W,1,9,7,2,0,0,1195596.4285714286,1507387.5
KK Nagar ATM,2013-07-10,1825600,wednesday,W,2,10,7,2,0,0,1186810.7142857143,1319812.5
KK Nagar ATM,2013-07-11,1291900,thursday,W,3,11,7,2,0,0,1217182.142857143,1427050.0
KK Nagar ATM,2013-07-12,1143500,friday,W,4,12,7,2,0,0,1236882.142857143,1204975.0
KK Nagar ATM,2013-07-13,1277100,saturday,H,5,13,7,2,0,0,1229360.7142857143,1250475.0
KK Nagar ATM,2013-07-14,376800,sunday,H,6,14,7,2,0,0,1229664.2857142857,1398862.5
KK Nagar ATM,2013-07-15,1095200,monday,W,0,15,7,3,0,0,1231917.857142857,538137.5
KK Nagar ATM,2013-07-16,1202600,tuesday,W,1,16,7,3,0,0,1218060.7142857143,1482662.5
KK Nagar ATM,2013-07-17,1209600,wednesday,W,2,17,7,3,0,0,1223578.5714285714,1304412.5
KK Nagar ATM,2013-07-18,1804900,thursday,W,3,18,7,3,0,0,1222903.5714285714,1402750.0
KK Nagar ATM,2013-07-19,950900,friday,W,4,19,7,3,0,0,1239617.857142857,1308937.5
KK Nagar ATM,2013-07-20,1419600,saturday,H,5,20,7,3,0,0,1237817.857142857,1233875.0
KK Nagar ATM,2013-07-21,537900,sunday,H,6,21,7,3,0,0,1248385.7142857143,1447062.5
KK Nagar ATM,2013-07-22,1066000,monday,W,0,22,7,4,0,0,1254767.857142857,551800.0
KK Nagar ATM,2013-07-23,720800,tuesday,W,1,23,7,4,0,0,1251635.7142857143,1454875.0
KK Nagar ATM,2013-07-24,1138200,wednesday,W,2,24,7,4,0,0,1237367.857142857,1250475.0
KK Nagar ATM,2013-07-25,1232400,thursday,W,3,25,7,4,0,0,1232842.857142857,1436000.0
KK Nagar ATM,2013-07-26,1083500,friday,W,4,26,7,4,0,0,1247710.7142857143,1298362.5
KK Nagar ATM,2013-07-27,1093000,saturday,H,5,27,7,4,0,0,1238146.4285714286,1224462.5
KK Nagar ATM,2013-07-28,741900,sunday,H,6,28,7,4,0,0,1225096.4285714286,1372675.0
KK Nagar ATM,2013-07-29,1214100,monday,W,0,29,7,5,0,1,1228567.857142857,537837.5
KK Nagar ATM,2013-07-30,1028000,tuesday,W,1,30,7,5,0,1,1197221.4285714286,1361000.0
KK Nagar ATM,2013-07-31,1301400,wednesday,W,2,31,7,5,0,1,1178714.2857142857,1182625.0
KK Nagar ATM,2013-08-01,1741900,thursday,W,3,1,8,1,1,0,1172057.142857143,1303900.0
KK Nagar ATM,2013-08-02,1573100,friday,W,4,2,8,1,1,0,1171828.5714285714,1339087.5
KK Nagar ATM,2013-08-03,1427300,saturday,H,5,3,8,1,1,0,1180078.5714285714,1224975.0
KK Nagar ATM,2013-08-04,553400,sunday,H,6,4,8,1,0,0,1178767.857142857,1316462.5
KK Nagar ATM,2013-08-05,1594900,monday,W,0,5,8,1,0,0,1176517.857142857,518000.0
KK Nagar ATM,2013-08-06,1201500,tuesday,W,1,6,8,1,0,0,1175714.2857142857,1414537.5
KK Nagar ATM,2013-08-07,1302300,wednesday,W,2,7,8,1,0,0,1173107.142857143,1142750.0
KK Nagar ATM,2013-08-08,1372400,thursday,W,3,8,8,2,0,0,1154417.857142857,1344787.5
KK Nagar ATM,2013-08-09,902000,friday,W,4,9,8,2,0,0,1157292.857142857,1418100.0
KK Nagar ATM,2013-08-10,1417100,saturday,H,5,10,8,2,0,0,1148667.857142857,1168462.5
KK Nagar ATM,2013-08-11,497000,sunday,H,6,11,8,2,0,0,1153667.857142857,1335025.0
KK Nagar ATM,2013-08-12,1400600,monday,W,0,12,8,2,0,0,1157960.7142857143,540912.5
KK Nagar ATM,2013-08-13,1330200,tuesday,W,1,13,8,2,0,0,1168867.857142857,1404212.5
KK Nagar ATM,2013-08-14,1140900,wednesday,W,2,14,8,2,0,0,1173425.0,1178012.5
KK Nagar ATM,2013-08-15,759300,thursday,H,3,15,8,3,0,0,1170971.4285714286,1333837.5
KK Nagar ATM,2013-08-16,776200,friday,W,4,16,8,3,0,0,1133628.5714285714,1345900.0
KK Nagar ATM,2013-08-17,1015600,saturday,H,5,17,8,3,0,0,1127389.2857142857,1140325.0
KK Nagar ATM,2013-08-18,367900,sunday,H,6,18,8,3,0,0,1112960.7142857143,1321512.5
KK Nagar ATM,2013-08-19,1195200,monday,W,0,19,8,3,0,0,1106889.2857142857,542000.0
KK Nagar ATM,2013-08-20,883200,tuesday,W,1,20,8,3,0,0,1111503.5714285714,1409400.0
KK Nagar ATM,2013-08-21,1474200,wednesday,W,2,21,8,3,0,0,1117303.5714285714,1148375.0
KK Nagar ATM,2013-08-22,1011700,thursday,W,3,22,8,4,0,0,1129303.5714285714,1360000.0
KK Nagar ATM,2013-08-23,948900,friday,W,4,23,8,4,0,0,1121421.4285714286,1370350.0
KK Nagar ATM,2013-08-24,776600,saturday,H,5,24,8,4,0,0,1116614.2857142857,1090025.0
KK Nagar ATM,2013-08-25,25700,sunday,H,6,25,8,4,0,0,1105314.2857142857,1236287.5
KK Nagar ATM,2013-08-26,1215500,monday,W,0,26,8,4,0,0,1079735.7142857143,464625.0
KK Nagar ATM,2013-08-27,1153800,tuesday,W,1,27,8,4,0,0,1079785.7142857143,1299862.5
KK Nagar ATM,2013-08-28,754700,wednesday,W,2,28,8,4,0,0,1084278.5714285714,1099325.0
KK Nagar ATM,2013-08-29,924800,thursday,W,3,29,8,5,0,1,1064753.5714285714,1268362.5
KK Nagar ATM,2013-08-30,1402000,friday,W,4,30,8,5,0,1,1035571.4285714285,1267412.5
KK Nagar ATM,2013-08-31,1675800,saturday,H,5,31,8,5,0,1,1029460.7142857143,1097512.5
KK Nagar ATM,2013-09-01,997200,sunday,H,6,1,9,1,1,0,1038335.7142857143,1262762.5
KK Nagar ATM,2013-09-02,1236400,monday,W,0,2,9,1,1,0,1054185.7142857143,512225.0
KK Nagar ATM,2013-09-03,1554100,tuesday,W,1,3,9,1,1,0,1041382.1428571428,1252237.5
KK Nagar ATM,2013-09-04,2033200,wednesday,W,2,4,9,1,0,0,1053975.0,1134275.0
KK Nagar ATM,2013-09-05,1284200,thursday,W,3,5,9,1,0,0,1080078.5714285714,1294312.5
KK Nagar ATM,2013-09-06,1040200,friday,W,4,6,9,1,0,0,1076928.5714285714,1266450.0
KK Nagar ATM,2013-09-07,1413500,saturday,H,5,7,9,1,0,0,1081864.2857142857,1084600.0
KK Nagar ATM,2013-09-08,840200,sunday,H,6,8,9,2,0,0,1081735.7142857143,1279812.5
KK Nagar ATM,2013-09-09,653900,monday,H,0,9,9,2,0,0,1093992.857142857,570150.0
KK Nagar ATM,2013-09-10,1210900,tuesday,W,1,10,9,2,0,0,1067325.0,1197075.0
KK Nagar ATM,2013-09-11,1292300,wednesday,W,2,11,9,2,0,0,1063064.2857142857,1135312.5
KK Nagar ATM,2013-09-12,1315000,thursday,W,3,12,9,2,0,0,1068471.4285714286,1304650.0
KK Nagar ATM,2013-09-13,1232800,friday,W,4,13,9,2,0,0,1088317.857142857,1205212.5
KK Nagar ATM,2013-09-14,1211700,saturday,H,5,14,9,2,0,0,1104625.0,1119837.5
KK Nagar ATM,2013-09-15,733800,sunday,H,6,15,9,3,0,0,1111628.5714285714,1253825.0
KK Nagar ATM,2013-09-16,820100,monday,W,0,16,9,3,0,0,1124696.4285714286,594637.5
KK Nagar ATM,2013-09-17,752700,tuesday,W,1,17,9,3,0,0,1111300.0,1166337.5
KK Nagar ATM,2013-09-18,829900,wednesday,W,2,18,9,3,0,0,1106639.2857142857,1139300.0
KK Nagar ATM,2013-09-19,1087400,thursday,W,3,19,9,3,0,0,1083628.5714285714,1266112.5
KK Nagar ATM,2013-09-20,623400,friday,W,4,20,9,3,0,0,1086332.142857143,1187087.5
KK Nagar ATM,2013-09-21,798200,saturday,H,5,21,9,3,0,0,1074707.142857143,1062325.0
KK Nagar ATM,2013-09-22,457300,sunday,H,6,22,9,4,0,0,1075478.5714285714,1216975.0
KK Nagar ATM,2013-09-23,1152700,monday,W,0,23,9,4,0,0,1090892.857142857,559062.5
KK Nagar ATM,2013-09-24,797700,tuesday,W,1,24,9,4,0,0,1088650.0,1158662.5
KK Nagar ATM,2013-09-25,1196100,wednesday,W,2,25,9,4,0,0,1075932.142857143,1110512.5
KK Nagar ATM,2013-09-26,1208800,thursday,W,3,26,9,4,0,0,1091696.4285714286,1252950.0
KK Nagar ATM,2013-09-27,1302100,friday,W,4,27,9,4,0,0,1101839.2857142857,1120450.0
KK Nagar ATM,2013-09-28,923500,saturday,H,5,28,9,4,0,1,1098271.4285714286,1028450.0
KK Nagar ATM,2013-09-29,506200,sunday,H,6,29,9,5,0,1,1071403.5714285714,1154000.0
KK Nagar ATM,2013-09-30,1105500,monday,W,0,30,9,5,0,1,1053867.857142857,553162.5
KK Nagar ATM,2013-10-01,1212400,tuesday,W,1,1,10,1,1,0,1049192.857142857,1097487.5
KK Nagar ATM,2013-10-02,1079600,wednesday,H,2,2,10,1,1,0,1036989.2857142857,1111875.0
KK Nagar ATM,2013-10-03,1659000,thursday,W,3,3,10,1,1,0,1002932.1428571428,1225112.5
KK Nagar ATM,2013-10-04,1215500,friday,W,4,4,10,1,0,0,1016317.8571428572,1156275.0
KK Nagar ATM,2013-10-05,1285800,saturday,H,5,5,10,1,0,0,1022578.5714285715,1067637.5
KK Nagar ATM,2013-10-06,645300,sunday,H,6,6,10,1,0,0,1018017.8571428572,1137587.5
KK Nagar ATM,2013-10-07,1338700,monday,W,0,7,10,1,0,0,1011057.1428571428,571700.0
KK Nagar ATM,2013-10-08,1092700,tuesday,W,1,8,10,2,0,0,1035514.2857142857,1089750.0
KK Nagar ATM,2013-10-09,1270200,wednesday,W,2,9,10,2,0,0,1031292.8571428572,1082187.5
KK Nagar ATM,2013-10-10,1228200,thursday,W,3,10,10,2,0,0,1030503.5714285715,1241275.0
KK Nagar ATM,2013-10-11,1201200,friday,W,4,11,10,2,0,0,1027403.5714285715,1214887.5
KK Nagar ATM,2013-10-12,1105400,saturday,H,5,12,10,2,0,0,1026275.0,1120762.5
KK Nagar ATM,2013-10-13,362700,sunday,H,6,13,10,2,0,0,1022478.5714285715,1148812.5
KK Nagar ATM,2013-10-14,1070600,monday,H,0,14,10,2,0,0,1009225.0,571050.0
KK Nagar ATM,2013-10-15,1323000,tuesday,W,1,15,10,3,0,0,1018171.4285714285,1074175.0
KK Nagar ATM,2013-10-16,1218900,wednesday,W,2,16,10,3,0,0,1038539.2857142857,1137162.5
KK Nagar ATM,2013-10-17,1371800,thursday,W,3,17,10,3,0,0,1052432.142857143,1209362.5
KK Nagar ATM,2013-10-18,1014800,friday,W,4,18,10,3,0,0,1062589.2857142857,1259900.0
KK Nagar ATM,2013-10-19,993400,saturday,H,5,19,10,3,0,0,1076567.857142857,1129000.0
KK Nagar ATM,2013-10-20,643500,sunday,H,6,20,10,3,0,0,1083539.2857142857,1175912.5
KK Nagar ATM,2013-10-21,859100,monday,W,0,21,10,3,0,0,1090189.2857142857,648275.0
KK Nagar ATM,2013-10-22,1018600,tuesday,W,1,22,10,4,0,0,1079703.5714285714,1029625.0
KK Nagar ATM,2013-10-23,844300,wednesday,W,2,23,10,4,0,0,1087592.857142857,1120262.5
KK Nagar ATM,2013-10-24,900400,thursday,W,3,24,10,4,0,0,1075028.5714285714,1220562.5
KK Nagar ATM,2013-10-25,959000,friday,W,4,25,10,4,0,0,1064014.2857142857,1256850.0
KK Nagar ATM,2013-10-26,1182500,saturday,H,5,26,10,4,0,0,1051760.7142857143,1073625.0
KK Nagar ATM,2013-10-27,980200,sunday,H,6,27,10,4,0,0,1061010.7142857143,1114250.0
KK Nagar ATM,2013-10-28,1331100,monday,W,0,28,10,4,0,0,1077939.2857142857,646150.0
KK Nagar ATM,2013-10-29,1104900,tuesday,W,1,29,10,5,0,1,1085996.4285714286,1041462.5
KK Nagar ATM,2013-10-30,1598700,wednesday,W,2,30,10,5,0,1,1082157.142857143,1064112.5
KK Nagar ATM,2013-10-31,1432500,thursday,W,3,31,10,5,0,1,1100696.4285714286,1166250.0
KK Nagar ATM,2013-11-01,1418000,friday,W,4,1,11,1,1,0,1092607.142857143,1275387.5
KK Nagar ATM,2013-11-02,302300,saturday,H,5,2,11,1,1,0,1099839.2857142857,1120850.0
KK Nagar ATM,2013-11-03,668800,sunday,H,6,3,11,1,1,0,1064714.2857142857,975350.0
KK Nagar ATM,2013-11-04,1363500,monday,W,0,4,11,1,0,0,1065553.5714285714,624725.0
KK Nagar ATM,2013-11-05,1246800,tuesday,H,1,5,11,1,0,0,1066439.2857142857,1130162.5
KK Nagar ATM,2013-11-06,1892400,wednesday,W,2,6,11,1,0,0,1071942.857142857,1068600.0
KK Nagar ATM,2013-11-07,1132900,thursday,W,3,7,11,1,0,0,1094164.2857142857,1241262.5
KK Nagar ATM,2013-11-08,1059800,friday,W,4,8,11,2,0,0,1090760.7142857143,1252625.0
KK Nagar ATM,2013-11-09,1273100,saturday,H,5,9,11,2,0,0,1085710.7142857143,1099225.0
KK Nagar ATM,2013-11-10,385600,sunday,H,6,10,11,2,0,0,1091700.0,983025.0
KK Nagar ATM,2013-11-11,1367500,monday,W,0,11,11,2,0,0,1092517.857142857,581200.0
KK Nagar ATM,2013-11-12,1208000,tuesday,W,1,12,11,2,0,0,1103121.4285714286,1198587.5
KK Nagar ATM,2013-11-13,1060400,wednesday,W,2,13,11,2,0,0,1099014.2857142857,1125512.5
KK Nagar ATM,2013-11-14,1051100,thursday,W,3,14,11,2,0,0,1093353.5714285714,1270075.0
KK Nagar ATM,2013-11-15,699200,friday,W,4,15,11,3,0,0,1081900.0,1248087.5
KK Nagar ATM,2013-11-16,585300,saturday,H,5,16,11,3,0,0,1070628.5714285714,1108700.0
KK Nagar ATM,2013-11-17,496800,sunday,H,6,17,11,3,0,0,1056053.5714285714,956412.5
KK Nagar ATM,2013-11-18,901700,monday,W,0,18,11,3,0,0,1050814.2857142857,586137.5
KK Nagar ATM,2013-11-19,1140400,tuesday,W,1,19,11,3,0,0,1052335.7142857143,1167212.5
KK Nagar ATM,2013-11-20,955300,wednesday,W,2,20,11,3,0,0,1056685.7142857143,1168350.0
KK Nagar ATM,2013-11-21,914600,thursday,W,3,21,11,3,0,0,1060650.0,1239975.0
KK Nagar ATM,2013-11-22,832700,friday,W,4,22,11,4,0,0,1061157.142857143,1211312.5
KK Nagar ATM,2013-11-23,915000,saturday,H,5,23,11,4,0,0,1056646.4285714286,1050025.0
KK Nagar ATM,2013-11-24,239700,sunday,H,6,24,11,4,0,0,1047092.8571428572,955350.0
KK Nagar ATM,2013-11-25,780600,monday,W,0,25,11,4,0,0,1020646.4285714285,552825.0
KK Nagar ATM,2013-11-26,722200,tuesday,W,1,26,11,4,0,0,1000985.7142857143,1126600.0
KK Nagar ATM,2013-11-27,974900,wednesday,W,2,27,11,4,0,0,987317.8571428572,1107075.0
KK Nagar ATM,2013-11-28,1013700,thursday,W,3,28,11,4,0,1,965039.2857142857,1226887.5
KK Nagar ATM,2013-11-29,1118300,friday,W,4,29,11,5,0,1,950082.1428571428,1130650.0
KK Nagar ATM,2013-11-30,1150600,saturday,H,5,30,11,5,0,1,939378.5714285715,1037875.0
KK Nagar ATM,2013-12-01,569300,sunday,H,6,1,12,1,1,0,969675.0,938450.0
KK Nagar ATM,2013-12-02,1303300,monday,W,0,2,12,1,1,0,966121.4285714285,543325.0
KK Nagar ATM,2013-12-03,1161000,tuesday,W,1,3,12,1,1,0,963971.4285714285,1122175.0
KK Nagar ATM,2013-12-04,1705700,wednesday,W,2,4,12,1,0,0,960907.1428571428,1115612.5
KK Nagar ATM,2013-12-05,1434400,thursday,W,3,5,12,1,0,0,954239.2857142857,1281325.0
KK Nagar ATM,2013-12-06,1201900,friday,W,4,6,12,1,0,0,965007.1428571428,1156425.0
KK Nagar ATM,2013-12-07,1209300,saturday,H,5,7,12,1,0,0,970082.1428571428,1037962.5
KK Nagar ATM,2013-12-08,622300,sunday,H,6,8,12,2,0,0,967803.5714285715,951437.5
KK Nagar ATM,2013-12-09,1134800,monday,W,0,9,12,2,0,0,976257.1428571428,575775.0
KK Nagar ATM,2013-12-10,1217700,tuesday,W,1,10,12,2,0,0,967946.4285714285,1130200.0
KK Nagar ATM,2013-12-11,1531300,wednesday,W,2,11,12,2,0,0,968292.8571428572,1102450.0
KK Nagar ATM,2013-12-12,697700,thursday,W,3,12,12,2,0,0,985110.7142857143,1320375.0
KK Nagar ATM,2013-12-23,468300,monday,W,0,23,12,4,0,0,972489.2857142857,582550.0
KK Nagar ATM,2013-12-24,775300,tuesday,W,1,24,12,4,0,0,964242.8571428572,1081350.0
KK Nagar ATM,2013-12-25,745500,wednesday,H,2,25,12,4,0,0,971028.5714285715,1072037.5
KK Nagar ATM,2013-12-26,956200,thursday,W,3,26,12,4,0,0,979910.7142857143,1308025.0
KK Nagar ATM,2013-12-27,579000,friday,W,4,27,12,4,0,0,981857.1428571428,1104475.0
KK Nagar ATM,2013-12-28,1132600,saturday,H,5,28,12,4,0,0,961807.1428571428,983487.5
KK Nagar ATM,2013-12-29,438600,sunday,H,6,29,12,5,0,1,968139.2857142857,968837.5
KK Nagar ATM,2013-12-30,1065700,monday,W,0,30,12,5,0,1,951139.2857142857,514850.0
KK Nagar ATM,2013-12-31,1506400,tuesday,W,1,31,12,5,0,1,959460.7142857143,1048175.0
KK Nagar ATM,2014-01-01,1083400,wednesday,H,2,1,1,1,1,0,980582.1428571428,1122225.0
KK Nagar ATM,2014-01-02,1604500,thursday,W,3,2,1,1,1,0,1010714.2857142857,1243612.5
KK Nagar ATM,2014-01-03,1202000,friday,W,4,3,1,1,1,0,1040139.2857142857,1192487.5
KK Nagar ATM,2014-01-04,1398600,saturday,H,5,4,1,1,0,0,1057275.0,1013862.5
KK Nagar ATM,2014-01-05,697700,sunday,H,6,5,1,1,0,0,1072407.142857143,995850.0
KK Nagar ATM,2014-01-06,1244700,monday,W,0,6,1,1,0,0,1061121.4285714286,518462.5
KK Nagar ATM,2014-01-07,1064000,tuesday,W,1,7,1,1,0,0,1065635.7142857143,1033325.0
KK Nagar ATM,2014-01-08,1114800,wednesday,W,2,8,1,2,0,0,1062542.857142857,1099375.0
KK Nagar ATM,2014-01-09,1193200,thursday,W,3,9,1,2,0,0,1082025.0,1146412.5
KK Nagar ATM,2014-01-10,1193500,friday,W,4,10,1,2,0,0,1078092.857142857,1162575.0
KK Nagar ATM,2014-01-11,1161000,saturday,H,5,11,1,2,0,0,1079253.5714285714,985800.0
KK Nagar ATM,2014-01-12,734800,sunday,H,6,12,1,2,0,0,1059800.0,1103187.5
KK Nagar ATM,2014-01-13,1038300,monday,W,0,13,1,2,0,0,1034814.2857142857,562112.5
KK Nagar ATM,2014-01-14,444200,tuesday,H,1,14,1,2,0,0,1028971.4285714285,992175.0
KK Nagar ATM,2014-01-15,522100,wednesday,H,2,15,1,3,0,0,1001646.4285714285,1003900.0
KK Nagar ATM,2014-01-16,771000,thursday,H,3,16,1,3,0,0,998067.8571428572,1079125.0
KK Nagar ATM,2014-01-17,1184400,friday,W,4,17,1,3,0,0,985075.0,1117337.5
KK Nagar ATM,2014-01-18,775300,saturday,H,5,18,1,3,0,0,983885.7142857143,1001375.0
KK Nagar ATM,2014-01-19,411500,sunday,H,6,19,1,3,0,0,956885.7142857143,1040962.5
KK Nagar ATM,2014-01-20,1411100,monday,W,0,20,1,3,0,0,946664.2857142857,551450.0
KK Nagar ATM,2014-01-21,1005000,tuesday,W,1,21,1,3,0,0,980335.7142857143,1055850.0
KK Nagar ATM,2014-01-22,1030800,wednesday,W,2,22,1,4,0,0,988539.2857142857,986975.0
KK Nagar ATM,2014-01-23,736400,thursday,W,3,23,1,4,0,0,998728.5714285715,1088562.5
KK Nagar ATM,2014-01-24,704200,friday,W,4,24,1,4,0,0,990878.5714285715,1078000.0
KK Nagar ATM,2014-01-25,1450300,saturday,H,5,25,1,4,0,0,995350.0,1002000.0
KK Nagar ATM,2014-01-26,492500,sunday,H,6,26,1,4,0,0,1006696.4285714285,1149087.5
KK Nagar ATM,2014-01-27,1032800,monday,W,0,27,1,4,0,0,1008621.4285714285,583050.0
KK Nagar ATM,2014-01-28,836400,tuesday,W,1,28,1,4,0,0,1007446.4285714285,1087375.0
KK Nagar ATM,2014-01-29,988900,wednesday,W,2,29,1,5,0,1,983517.8571428572,1001250.0
KK Nagar ATM,2014-01-30,1443400,thursday,W,3,30,1,5,0,1,980142.8571428572,1090312.5
KK Nagar ATM,2014-01-31,1245300,friday,W,4,31,1,5,0,1,974389.2857142857,1144100.0
KK Nagar ATM,2014-02-01,1588000,saturday,H,5,1,2,1,1,0,975935.7142857143,1053575.0
KK Nagar ATM,2014-02-02,726800,sunday,H,6,2,2,1,1,0,982700.0,1233212.5
KK Nagar ATM,2014-02-03,1831700,monday,W,0,3,2,1,1,0,983739.2857142857,602737.5
KK Nagar ATM,2014-02-04,1362500,tuesday,W,1,4,2,1,0,0,1004703.5714285715,1153425.0
KK Nagar ATM,2014-02-05,1558600,wednesday,W,2,5,2,1,0,0,1015364.2857142857,1026437.5
KK Nagar ATM,2014-02-06,1331900,thursday,W,3,6,2,1,0,0,1031214.2857142857,1071925.0
KK Nagar ATM,2014-02-07,1049600,friday,W,4,7,2,1,0,0,1036167.8571428572,1183875.0
KK Nagar ATM,2014-02-08,1212800,saturday,H,5,8,2,2,0,0,1031028.5714285715,1044987.5
KK Nagar ATM,2014-02-09,467200,sunday,H,6,9,2,2,0,0,1032878.5714285715,1240987.5
KK Nagar ATM,2014-02-10,904300,monday,W,0,10,2,2,0,0,1023321.4285714285,583350.0
KK Nagar ATM,2014-02-11,1303000,tuesday,W,1,11,2,2,0,0,1018535.7142857143,1124612.5
KK Nagar ATM,2014-02-12,1027100,wednesday,W,2,12,2,2,0,0,1049207.142857143,1037100.0
KK Nagar ATM,2014-02-13,1054900,thursday,W,3,13,2,2,0,0,1067242.857142857,1008900.0
KK Nagar ATM,2014-02-14,930400,friday,W,4,14,2,2,0,0,1077382.142857143,1136437.5
KK Nagar ATM,2014-02-15,1068700,saturday,H,5,15,2,3,0,0,1068310.7142857143,1011050.0
KK Nagar ATM,2014-02-16,402700,sunday,H,6,16,2,3,0,0,1078789.2857142857,1223412.5
KK Nagar ATM,2014-02-17,1175400,monday,W,0,17,2,3,0,0,1078475.0,546475.0
KK Nagar ATM,2014-02-18,909200,tuesday,W,1,18,2,3,0,0,1070057.142857143,1213000.0
KK Nagar ATM,2014-02-19,830800,wednesday,W,2,19,2,3,0,0,1066635.7142857143,1053837.5
KK Nagar ATM,2014-02-20,1031000,thursday,W,3,20,2,3,0,0,1059492.857142857,1019562.5
KK Nagar ATM,2014-02-21,1174600,friday,W,4,21,2,3,0,0,1070014.2857142857,1145787.5
KK Nagar ATM,2014-02-22,830600,saturday,H,5,22,2,4,0,0,1086814.2857142857,1085500.0
KK Nagar ATM,2014-02-23,305700,sunday,H,6,23,2,4,0,0,1064682.142857143,1185662.5
KK Nagar ATM,2014-02-24,974000,monday,W,0,24,2,4,0,0,1058010.7142857143,529862.5
KK Nagar ATM,2014-02-25,1116500,tuesday,W,1,25,2,4,0,0,1055910.7142857143,1201537.5
KK Nagar ATM,2014-02-26,873700,wednesday,W,2,26,2,4,0,1,1065914.2857142857,1005100.0
KK Nagar ATM,2014-02-27,1107900,thursday,W,3,27,2,4,0,1,1061800.0,993350.0
KK Nagar ATM,2014-02-28,1088900,friday,W,4,28,2,4,0,1,1049817.857142857,1083712.5
KK Nagar ATM,2014-03-01,1456300,saturday,H,5,1,3,1,1,0,1044232.1428571428,1071362.5
KK Nagar ATM,2014-03-02,675400,sunday,H,6,2,3,1,1,0,1039528.5714285715,1192875.0
KK Nagar ATM,2014-03-03,1491900,monday,W,0,3,3,1,1,0,1037692.8571428572,527075.0
KK Nagar ATM,2014-03-04,1120800,tuesday,W,1,4,3,1,0,0,1025557.1428571428,1232437.5
KK Nagar ATM,2014-03-05,1752800,wednesday,W,2,5,3,1,0,0,1016925.0,1012200.0
KK Nagar ATM,2014-03-06,1460700,thursday,W,3,6,3,1,0,0,1023860.7142857143,1073100.0
KK Nagar ATM,2014-03-07,951900,friday,W,4,7,3,1,0,0,1028460.7142857143,1117150.0
KK Nagar ATM,2014-03-08,1378700,saturday,H,5,8,3,2,0,0,1024971.4285714285,1041162.5
KK Nagar ATM,2014-03-09,507600,sunday,H,6,9,3,2,0,0,1030896.4285714285,1220087.5
KK Nagar ATM,2014-03-10,1434200,monday,W,0,10,3,2,0,0,1032339.2857142857,498675.0
KK Nagar ATM,2014-03-11,1166700,tuesday,W,1,11,3,2,0,0,1051264.2857142857,1281925.0
KK Nagar ATM,2014-03-12,1100500,wednesday,W,2,12,3,2,0,0,1046396.4285714285,1102512.5
KK Nagar ATM,2014-03-13,1105900,thursday,W,3,13,3,2,0,0,1049017.857142857,1145400.0
KK Nagar ATM,2014-03-14,1180600,friday,W,4,14,3,2,0,0,1050839.2857142857,1159012.5
KK Nagar ATM,2014-03-15,1654400,saturday,H,5,15,3,3,0,0,1059775.0,1040687.5
KK Nagar ATM,2014-03-16,565100,sunday,H,6,16,3,3,0,0,1080692.857142857,1329975.0
KK Nagar ATM,2014-03-17,1099700,monday,W,0,17,3,3,0,0,1086492.857142857,517875.0
KK Nagar ATM,2014-03-18,827400,tuesday,W,1,18,3,3,0,0,1083789.2857142857,1243000.0
KK Nagar ATM,2014-03-19,990700,wednesday,W,2,19,3,3,0,0,1080867.857142857,1080312.5
KK Nagar ATM,2014-03-20,1254800,thursday,W,3,20,3,3,0,0,1086578.5714285714,1140387.5
KK Nagar ATM,2014-03-21,964100,friday,W,4,21,3,3,0,0,1094571.4285714286,1223812.5
KK Nagar ATM,2014-03-22,918700,saturday,H,5,22,3,4,0,0,1087053.5714285714,1073175.0
KK Nagar ATM,2014-03-23,364200,sunday,H,6,23,3,4,0,0,1090200.0,1263525.0
KK Nagar ATM,2014-03-24,767100,monday,W,0,24,3,4,0,0,1092289.2857142857,501837.5
KK Nagar ATM,2014-03-25,1265300,tuesday,W,1,25,3,4,0,0,1084900.0,1209787.5
KK Nagar ATM,2014-03-26,1725700,wednesday,W,2,26,3,4,0,0,1090214.2857142857,1133925.0
KK Nagar ATM,2014-03-27,1306500,thursday,W,3,27,3,4,0,0,1120642.857142857,1232487.5
KK Nagar ATM,2014-03-28,1292400,friday,W,4,28,3,4,0,0,1127735.7142857143,1206700.0
KK Nagar ATM,2014-03-29,1528600,saturday,H,5,29,3,5,0,1,1135003.5714285714,1079062.5
KK Nagar ATM,2014-03-30,655300,sunday,H,6,30,3,5,0,1,1137585.7142857143,1256100.0
KK Nagar ATM,2014-03-31,2271100,monday,H,0,31,3,5,0,1,1136867.857142857,492900.0
KK Nagar ATM,2014-04-02,1385700,wednesday,W,2,2,4,1,1,0,1164696.4285714286,1247500.0
KK Nagar ATM,2014-04-03,1758300,thursday,W,3,3,4,1,1,0,1174157.142857143,1210875.0
KK Nagar ATM,2014-04-04,1532300,friday,W,4,4,4,1,0,0,1174353.5714285714,1260000.0
KK Nagar ATM,2014-04-05,1900700,saturday,H,5,5,4,1,0,0,1176910.7142857143,1139400.0
KK Nagar ATM,2014-04-06,436600,sunday,H,6,6,4,1,0,0,1210796.4285714286,1342087.5
KK Nagar ATM,2014-04-07,1149300,monday,W,0,7,4,1,0,0,1177150.0,489075.0
KK Nagar ATM,2014-04-08,1253800,tuesday,W,1,8,4,2,0,0,1200067.857142857,1124487.5
KK Nagar ATM,2014-04-09,1626000,wednesday,W,2,9,4,2,0,0,1193625.0,1241350.0
KK Nagar ATM,2014-04-10,1289700,thursday,W,3,10,4,2,0,0,1210028.5714285714,1285737.5
KK Nagar ATM,2014-04-11,1388300,friday,W,4,11,4,2,0,0,1216785.7142857143,1289350.0
KK Nagar ATM,2014-04-12,1268200,saturday,H,5,12,4,2,0,0,1226871.4285714286,1196637.5
KK Nagar ATM,2014-04-13,635600,sunday,H,6,13,4,2,0,0,1230000.0,1367025.0
KK Nagar ATM,2014-04-14,1047900,monday,H,0,14,4,2,0,0,1193614.2857142857,518187.5
KK Nagar ATM,2014-04-15,1367400,tuesday,W,1,15,4,3,0,0,1210857.142857143,1142437.5
KK Nagar ATM,2014-04-16,1327800,wednesday,W,2,16,4,3,0,0,1220417.857142857,1298625.0
KK Nagar ATM,2014-04-17,1553800,thursday,W,3,17,4,3,0,0,1238289.2857142857,1347862.5
KK Nagar ATM,2014-04-18,759000,friday,H,4,18,4,3,0,0,1258400.0,1354700.0
KK Nagar ATM,2014-04-19,931600,saturday,H,5,19,4,3,0,0,1240692.857142857,1144687.5
KK Nagar ATM,2014-04-20,317600,sunday,H,6,20,4,3,0,0,1239532.142857143,1379650.0
KK Nagar ATM,2014-04-21,1372000,monday,W,0,21,4,3,0,0,1218064.2857142857,519675.0
KK Nagar ATM,2014-04-22,980900,tuesday,W,1,22,4,4,0,0,1254057.142857143,1167012.5
KK Nagar ATM,2014-04-23,1332600,wednesday,W,2,23,4,4,0,0,1261692.857142857,1281675.0
KK Nagar ATM,2014-04-24,219100,thursday,W,3,24,4,4,0,0,1264096.4285714286,1405225.0
KK Nagar ATM,2014-04-25,1369200,friday,W,4,25,4,4,0,0,1210289.2857142857,1243600.0
KK Nagar ATM,2014-04-26,2010200,saturday,H,5,26,4,4,0,0,1212528.5714285714,1179725.0
KK Nagar ATM,2014-04-27,468300,sunday,H,6,27,4,4,0,0,1238164.2857142857,1448887.5
KK Nagar ATM,2014-04-28,1420100,monday,W,0,28,4,4,0,1,1200296.4285714286,493787.5
KK Nagar ATM,2014-04-29,1044500,tuesday,W,1,29,4,5,0,1,1227610.7142857143,1222775.0
KK Nagar ATM,2014-04-30,2010800,wednesday,W,2,30,4,5,0,1,1183803.5714285714,1272137.5
KK Nagar ATM,2014-05-01,973000,thursday,H,3,1,5,1,1,0,1206128.5714285714,1437475.0
KK Nagar ATM,2014-05-02,2221600,friday,W,4,2,5,1,1,0,1178082.142857143,1182637.5
KK Nagar ATM,2014-05-03,1449100,saturday,H,5,3,5,1,1,0,1202700.0,1338437.5
KK Nagar ATM,2014-05-04,485300,sunday,H,6,4,5,1,0,0,1186571.4285714286,1457687.5
KK Nagar ATM,2014-05-05,1687100,monday,W,0,5,5,1,0,0,1188310.7142857143,491000.0
KK Nagar ATM,2014-05-06,1725400,tuesday,W,1,6,5,1,0,0,1207517.857142857,1247175.0
KK Nagar ATM,2014-05-07,1270600,wednesday,W,2,7,5,1,0,0,1224360.7142857143,1341975.0
KK Nagar ATM,2014-05-08,1510400,thursday,W,3,8,5,2,0,0,1211667.857142857,1458737.5
KK Nagar ATM,2014-05-09,1589300,friday,W,4,9,5,2,0,0,1219550.0,1233200.0
KK Nagar ATM,2014-05-10,1243000,saturday,H,5,10,5,2,0,0,1226728.5714285714,1389525.0
KK Nagar ATM,2014-05-11,454600,sunday,H,6,11,5,2,0,0,1225828.5714285714,1406262.5
KK Nagar ATM,2014-05-12,1247400,monday,W,0,12,5,2,0,0,1219364.2857142857,477187.5
KK Nagar ATM,2014-05-13,1088100,tuesday,W,1,13,5,2,0,0,1226489.2857142857,1223825.0
KK Nagar ATM,2014-05-14,1074900,wednesday,W,2,14,5,2,0,0,1216514.2857142857,1374562.5
KK Nagar ATM,2014-05-15,1016000,thursday,W,3,15,5,3,0,0,1207482.142857143,1469262.5
KK Nagar ATM,2014-05-16,911900,friday,W,4,16,5,3,0,0,1188275.0,1203350.0
KK Nagar ATM,2014-05-17,1339000,saturday,H,5,17,5,3,0,0,1193735.7142857143,1383000.0
KK Nagar ATM,2014-05-18,448600,sunday,H,6,18,5,3,0,0,1208285.7142857143,1458800.0
KK Nagar ATM,2014-05-19,1219100,monday,W,0,19,5,3,0,0,1212964.2857142857,487737.5
KK Nagar ATM,2014-05-20,1134100,tuesday,W,1,20,5,3,0,0,1207503.5714285714,1238750.0
KK Nagar ATM,2014-05-21,1476000,wednesday,W,2,21,5,3,0,0,1212975.0,1358162.5
KK Nagar ATM,2014-05-22,1571700,thursday,W,3,22,5,4,0,0,1218096.4285714286,1438050.0
KK Nagar ATM,2014-05-23,1091000,friday,W,4,23,5,4,0,0,1266403.5714285714,1236500.0
KK Nagar ATM,2014-05-24,607600,saturday,H,5,24,5,4,0,0,1256467.857142857,1357825.0
KK Nagar ATM,2014-05-25,403600,sunday,H,6,25,5,4,0,0,1206375.0,1343675.0
KK Nagar ATM,2014-05-26,1377200,monday,W,0,26,5,4,0,0,1204064.2857142857,456275.0
KK Nagar ATM,2014-05-27,1091300,tuesday,W,1,27,5,4,0,0,1202532.142857143,1315012.5
KK Nagar ATM,2014-05-28,1875700,wednesday,W,2,28,5,4,0,0,1204203.5714285714,1210687.5
KK Nagar ATM,2014-05-29,1351500,thursday,W,3,29,5,5,0,1,1199378.5714285714,1499300.0
KK Nagar ATM,2014-05-30,1392600,friday,W,4,30,5,5,0,1,1212896.4285714286,1185650.0
KK Nagar ATM,2014-05-31,2303800,saturday,H,5,31,5,5,0,1,1183289.2857142857,1340362.5
KK Nagar ATM,2014-06-01,1362100,sunday,H,6,1,6,1,1,0,1213814.2857142857,1394062.5
KK Nagar ATM,2014-06-02,2388000,monday,W,0,2,6,1,1,0,1245128.5714285714,571962.5
KK Nagar ATM,2014-06-03,1830000,tuesday,W,1,3,6,1,1,0,1270160.7142857143,1469850.0
KK Nagar ATM,2014-06-04,1625800,wednesday,W,2,4,6,1,0,0,1273896.4285714286,1282712.5
KK Nagar ATM,2014-06-05,1735600,thursday,W,3,5,6,1,0,0,1286582.142857143,1499275.0
KK Nagar ATM,2014-06-06,1333300,friday,W,4,6,6,1,0,0,1294625.0,1241387.5
KK Nagar ATM,2014-06-07,2120500,saturday,H,5,7,6,1,0,0,1285482.142857143,1333487.5
KK Nagar ATM,2014-06-08,878100,sunday,H,6,8,6,2,0,0,1316821.4285714286,1500600.0
KK Nagar ATM,2014-06-09,1768300,monday,W,0,9,6,2,0,0,1331946.4285714286,602275.0
KK Nagar ATM,2014-06-10,1520600,tuesday,W,1,10,6,2,0,0,1350550.0,1559900.0
KK Nagar ATM,2014-06-11,2085400,wednesday,W,2,11,6,2,0,0,1365996.4285714286,1301862.5
KK Nagar ATM,2014-06-12,1429700,thursday,W,3,12,6,2,0,0,1402085.7142857143,1593975.0
KK Nagar ATM,2014-06-13,1112600,friday,W,4,13,6,2,0,0,1416860.7142857143,1225875.0
KK Nagar ATM,2014-06-14,1401100,saturday,H,5,14,6,2,0,0,1424028.5714285714,1377687.5
KK Nagar ATM,2014-06-15,516300,sunday,H,6,15,6,3,0,0,1426246.4285714286,1559287.5
KK Nagar ATM,2014-06-16,1289600,monday,W,0,16,6,3,0,0,1428664.2857142857,627112.5
KK Nagar ATM,2014-06-17,1026500,tuesday,W,1,17,6,3,0,0,1431182.142857143,1549600.0
KK Nagar ATM,2014-06-18,1474100,wednesday,W,2,18,6,3,0,0,1427339.2857142857,1307562.5
KK Nagar ATM,2014-06-19,1069400,thursday,W,3,19,6,3,0,0,1427271.4285714286,1611662.5
KK Nagar ATM,2014-06-20,899500,friday,W,4,20,6,3,0,0,1409332.142857143,1332162.5
KK Nagar ATM,2014-06-21,1201700,saturday,H,5,21,6,3,0,0,1402492.857142857,1318975.0
KK Nagar ATM,2014-06-22,584000,sunday,H,6,22,6,4,0,0,1423710.7142857143,1458225.0
KK Nagar ATM,2014-06-23,1319400,monday,W,0,23,6,4,0,0,1430153.5714285714,641575.0
KK Nagar ATM,2014-06-24,888400,tuesday,W,1,24,6,4,0,0,1428089.2857142857,1537012.5
KK Nagar ATM,2014-06-25,1082700,wednesday,W,2,25,6,4,0,0,1420842.857142857,1288050.0
KK Nagar ATM,2014-06-26,1420400,thursday,W,3,26,6,4,0,0,1392521.4285714286,1495650.0
KK Nagar ATM,2014-06-27,950400,friday,W,4,27,6,4,0,0,1394982.142857143,1388087.5
KK Nagar ATM,2014-06-28,1462000,saturday,H,5,28,6,4,0,1,1379189.2857142857,1160075.0
KK Nagar ATM,2014-06-29,496500,sunday,H,6,29,6,5,0,1,1349125.0,1459837.5
KK Nagar ATM,2014-06-30,1558700,monday,W,0,30,6,5,0,1,1318210.7142857143,642975.0
KK Nagar ATM,2014-07-01,1965400,tuesday,W,1,1,7,1,1,0,1288592.857142857,1520962.5
KK Nagar ATM,2014-07-02,1744600,wednesday,W,2,2,7,1,1,0,1293428.5714285714,1318050.0
KK Nagar ATM,2014-07-03,1508400,thursday,W,3,3,7,1,1,0,1297671.4285714286,1554900.0
KK Nagar ATM,2014-07-04,1211800,friday,W,4,4,7,1,0,0,1289557.142857143,1387837.5
KK Nagar ATM,2014-07-05,1368000,saturday,H,5,5,7,1,0,0,1285217.857142857,1112887.5
KK Nagar ATM,2014-07-06,611000,sunday,H,6,6,7,1,0,0,1258342.857142857,1475462.5
KK Nagar ATM,2014-07-07,1100700,monday,W,0,7,7,1,0,0,1248803.5714285714,662525.0
KK Nagar ATM,2014-07-08,1241600,tuesday,W,1,8,7,2,0,0,1224960.7142857143,1502625.0
KK Nagar ATM,2014-07-09,1213200,wednesday,W,2,9,7,2,0,0,1214996.4285714286,1337237.5
KK Nagar ATM,2014-07-10,1154800,thursday,W,3,10,7,2,0,0,1183846.4285714286,1572187.5
KK Nagar ATM,2014-07-11,1093700,friday,W,4,11,7,2,0,0,1174028.5714285714,1405187.5
KK Nagar ATM,2014-07-12,1450600,saturday,H,5,12,7,2,0,0,1173353.5714285714,1135612.5
KK Nagar ATM,2014-07-13,590200,sunday,H,6,13,7,2,0,0,1175121.4285714286,1489412.5
KK Nagar ATM,2014-07-14,1771800,monday,W,0,14,7,2,0,0,1177760.7142857143,680225.0
KK Nagar ATM,2014-07-15,1452300,tuesday,W,1,15,7,3,0,0,1194982.142857143,1571712.5
KK Nagar ATM,2014-07-16,1315800,wednesday,W,2,16,7,3,0,0,1210189.2857142857,1377012.5
KK Nagar ATM,2014-07-17,1254700,thursday,W,3,17,7,3,0,0,1204535.7142857143,1552162.5
KK Nagar ATM,2014-07-18,934000,friday,W,4,18,7,3,0,0,1211153.5714285714,1365562.5
KK Nagar ATM,2014-07-19,674300,saturday,H,5,19,7,3,0,0,1212385.7142857143,1115987.5
KK Nagar ATM,2014-07-20,435100,sunday,H,6,20,7,3,0,0,1193550.0,1497750.0
KK Nagar ATM,2014-07-21,1115100,monday,W,0,21,7,3,0,0,1188232.142857143,684162.5
KK Nagar ATM,2014-07-22,1364100,tuesday,W,1,22,7,4,0,0,1180935.7142857143,1538950.0
KK Nagar ATM,2014-07-23,1247100,wednesday,W,2,23,7,4,0,0,1197925.0,1411112.5
KK Nagar ATM,2014-07-24,1203300,thursday,W,3,24,7,4,0,0,1203796.4285714286,1473587.5
KK Nagar ATM,2014-07-25,917000,friday,W,4,25,7,4,0,0,1196042.857142857,1347037.5
KK Nagar ATM,2014-07-26,1301700,saturday,H,5,26,7,4,0,0,1194850.0,1056537.5
KK Nagar ATM,2014-07-27,364900,sunday,H,6,27,7,4,0,0,1189125.0,1372487.5
KK Nagar ATM,2014-07-28,1444600,monday,W,0,28,7,4,0,0,1184425.0,559512.5
KK Nagar ATM,2014-07-29,674700,tuesday,H,1,29,7,5,0,1,1180350.0,1421025.0
KK Nagar ATM,2014-07-30,1117200,wednesday,W,2,30,7,5,0,1,1134253.5714285714,1266700.0
KK Nagar ATM,2014-07-31,1606700,thursday,W,3,31,7,5,0,1,1111846.4285714286,1410012.5
KK Nagar ATM,2014-08-01,1557000,friday,W,4,1,8,1,1,0,1115357.142857143,1330925.0
KK Nagar ATM,2014-08-02,1550400,saturday,H,5,2,8,1,1,0,1127685.7142857143,1084500.0
KK Nagar ATM,2014-08-03,512000,sunday,H,6,3,8,1,1,0,1134200.0,1301225.0
KK Nagar ATM,2014-08-04,1598800,monday,W,0,4,8,1,0,0,1130664.2857142857,513750.0
KK Nagar ATM,2014-08-05,1377700,tuesday,W,1,5,8,1,0,0,1148453.5714285714,1399837.5
KK Nagar ATM,2014-08-06,1489100,wednesday,W,2,6,8,1,0,0,1153314.2857142857,1248837.5
KK Nagar ATM,2014-08-07,1159800,thursday,W,3,7,8,1,0,0,1163167.857142857,1335475.0
KK Nagar ATM,2014-08-08,1323300,friday,W,4,8,8,2,0,0,1163346.4285714286,1297187.5
KK Nagar ATM,2014-08-09,1614700,saturday,H,5,9,8,2,0,0,1171546.4285714286,1110837.5
KK Nagar ATM,2014-08-10,542600,sunday,H,6,10,8,2,0,0,1177407.142857143,1327925.0
KK Nagar ATM,2014-08-11,1314200,monday,W,0,11,8,2,0,0,1175707.142857143,517037.5
KK Nagar ATM,2014-08-12,1373100,tuesday,W,1,12,8,2,0,0,1159364.2857142857,1402912.5
KK Nagar ATM,2014-08-13,1431100,wednesday,W,2,13,8,2,0,0,1156535.7142857143,1292162.5
KK Nagar ATM,2014-08-14,1283000,thursday,W,3,14,8,2,0,0,1160653.5714285714,1330100.0
KK Nagar ATM,2014-08-15,623100,friday,H,4,15,8,3,0,0,1161664.2857142857,1323887.5
KK Nagar ATM,2014-08-16,1506000,saturday,H,5,16,8,3,0,0,1150560.7142857143,1076287.5
KK Nagar ATM,2014-08-17,506300,sunday,H,6,17,8,3,0,0,1180264.2857142857,1365962.5
KK Nagar ATM,2014-08-18,1366200,monday,W,0,18,8,3,0,0,1182807.142857143,507325.0
KK Nagar ATM,2014-08-19,1522800,tuesday,W,1,19,8,3,0,0,1191775.0,1408762.5
KK Nagar ATM,2014-08-20,1354700,wednesday,W,2,20,8,3,0,0,1197442.857142857,1371462.5
KK Nagar ATM,2014-08-21,1071800,thursday,W,3,21,8,3,0,0,1201285.7142857143,1364100.0
KK Nagar ATM,2014-08-22,866900,friday,W,4,22,8,4,0,0,1196589.2857142857,1280312.5
KK Nagar ATM,2014-08-23,1231100,saturday,H,5,23,8,4,0,0,1194800.0,1065850.0
KK Nagar ATM,2014-08-24,469500,sunday,H,6,24,8,4,0,0,1192278.5714285714,1337100.0
KK Nagar ATM,2014-08-25,1179700,monday,W,0,25,8,4,0,0,1196014.2857142857,503950.0
KK Nagar ATM,2014-08-26,1431000,tuesday,W,1,26,8,4,0,0,1186553.5714285714,1361387.5
KK Nagar ATM,2014-08-27,1340000,wednesday,W,2,27,8,4,0,0,1213564.2857142857,1304662.5
KK Nagar ATM,2014-08-28,1528200,thursday,W,3,28,8,4,0,0,1221521.4285714286,1313525.0
KK Nagar ATM,2014-08-29,831100,friday,H,4,29,8,5,0,1,1218717.857142857,1282787.5
KK Nagar ATM,2014-08-30,1671400,saturday,H,5,30,8,5,0,1,1192792.857142857,1018262.5
KK Nagar ATM,2014-08-31,820400,sunday,H,6,31,8,5,0,1,1197114.2857142857,1375025.0
KK Nagar ATM,2014-09-01,1721100,monday,W,0,1,9,1,1,0,1208128.5714285714,530125.0
KK Nagar ATM,2014-09-02,1856600,tuesday,W,1,2,9,1,1,0,1212496.4285714286,1438937.5
KK Nagar ATM,2014-09-03,1686500,wednesday,W,2,3,9,1,1,0,1229600.0,1381537.5
KK Nagar ATM,2014-09-04,1418700,thursday,W,3,4,9,1,0,0,1236650.0,1372687.5
KK Nagar ATM,2014-09-05,1313200,friday,W,4,5,9,1,0,0,1245896.4285714286,1315775.0
KK Nagar ATM,2014-09-06,1630900,saturday,H,5,6,9,1,0,0,1245535.7142857143,1045700.0
KK Nagar ATM,2014-09-07,552000,sunday,H,6,7,9,1,0,0,1246114.2857142857,1397562.5
KK Nagar ATM,2014-09-08,1416500,monday,W,0,8,9,2,0,0,1246450.0,525350.0
KK Nagar ATM,2014-09-09,1358200,tuesday,W,1,9,9,2,0,0,1250103.5714285714,1394525.0
KK Nagar ATM,2014-09-10,1357000,wednesday,W,2,10,9,2,0,0,1249571.4285714286,1369775.0
KK Nagar ATM,2014-09-11,968000,thursday,W,3,11,9,2,0,0,1246925.0,1377837.5
KK Nagar ATM,2014-09-12,1264300,friday,W,4,12,9,2,0,0,1235675.0,1279937.5
KK Nagar ATM,2014-09-13,1308500,saturday,H,5,13,9,2,0,0,1258575.0,1086987.5
KK Nagar ATM,2014-09-14,878700,sunday,H,6,14,9,2,0,0,1251521.4285714286,1476837.5
KK Nagar ATM,2014-09-15,1300100,monday,W,0,15,9,3,0,0,1264821.4285714286,580800.0
KK Nagar ATM,2014-09-16,1211400,tuesday,W,1,16,9,3,0,0,1262460.7142857143,1417650.0
KK Nagar ATM,2014-09-17,1010000,wednesday,W,2,17,9,3,0,0,1251339.2857142857,1350687.5
KK Nagar ATM,2014-09-18,1062400,thursday,W,3,18,9,3,0,0,1239028.5714285714,1348200.0
KK Nagar ATM,2014-09-19,1034000,friday,W,4,19,9,3,0,0,1238692.857142857,1262325.0
KK Nagar ATM,2014-09-20,1119900,saturday,H,5,20,9,3,0,0,1244660.7142857143,1101612.5
KK Nagar ATM,2014-09-21,571800,sunday,H,6,21,9,3,0,0,1240689.2857142857,1454112.5
KK Nagar ATM,2014-09-22,951400,monday,W,0,22,9,4,0,0,1244342.857142857,606662.5
KK Nagar ATM,2014-09-23,1020100,tuesday,W,1,23,9,4,0,0,1236189.2857142857,1356000.0
KK Nagar ATM,2014-09-24,1078700,wednesday,W,2,24,9,4,0,0,1221514.2857142857,1393862.5
KK Nagar ATM,2014-09-25,1362600,thursday,W,3,25,9,4,0,0,1212182.142857143,1343387.5
KK Nagar ATM,2014-09-26,1250400,friday,W,4,26,9,4,0,0,1206267.857142857,1231812.5
KK Nagar ATM,2014-09-27,629100,saturday,H,5,27,9,4,0,0,1221242.857142857,1063287.5
KK Nagar ATM,2014-09-28,587100,sunday,H,6,28,9,4,0,1,1184017.857142857,1338950.0
KK Nagar ATM,2014-09-29,1266400,monday,W,0,29,9,5,0,1,1175685.7142857143,616050.0
KK Nagar ATM,2014-09-30,1629700,tuesday,W,1,30,9,5,0,1,1159446.4285714286,1314450.0
KK Nagar ATM,2014-10-01,2549800,wednesday,W,2,1,10,1,1,0,1151342.857142857,1425362.5
KK Nagar ATM,2014-10-02,1345300,thursday,H,3,2,10,1,1,0,1182175.0,1475975.0
KK Nagar ATM,2014-10-03,1827900,friday,H,4,3,10,1,1,0,1179553.5714285714,1255000.0
KK Nagar ATM,2014-10-04,2004700,saturday,H,5,4,10,1,0,0,1197935.7142857143,1126362.5
KK Nagar ATM,2014-10-05,867600,sunday,H,6,5,10,1,0,0,1211285.7142857143,1387700.0
KK Nagar ATM,2014-10-06,1424100,monday,W,0,6,10,1,0,0,1222557.142857143,656675.0
KK Nagar ATM,2014-10-07,1927200,tuesday,W,1,7,10,1,0,0,1222828.5714285714,1328187.5
KK Nagar ATM,2014-10-08,1688800,wednesday,W,2,8,10,2,0,0,1243150.0,1494625.0
KK Nagar ATM,2014-10-09,1293100,thursday,W,3,9,10,2,0,0,1255000.0,1508187.5
KK Nagar ATM,2014-10-10,1287200,friday,W,4,10,10,2,0,0,1266610.7142857143,1256262.5
KK Nagar ATM,2014-10-11,1517600,saturday,H,5,11,10,2,0,0,1267428.5714285714,1209375.0
KK Nagar ATM,2014-10-12,1164300,sunday,H,6,12,10,2,0,0,1274896.4285714286,1389150.0
KK Nagar ATM,2014-10-13,1543500,monday,W,0,13,10,2,0,0,1285096.4285714286,738925.0
KK Nagar ATM,2014-10-14,1132700,tuesday,W,1,14,10,2,0,0,1293789.2857142857,1350350.0
KK Nagar ATM,2014-10-15,1503800,wednesday,W,2,15,10,3,0,0,1290978.5714285714,1445862.5
KK Nagar ATM,2014-10-16,1366300,thursday,W,3,16,10,3,0,0,1308614.2857142857,1526825.0
KK Nagar ATM,2014-10-17,1155300,friday,W,4,17,10,3,0,0,1319467.857142857,1293075.0
KK Nagar ATM,2014-10-18,1081000,saturday,H,5,18,10,3,0,0,1323800.0,1245425.0
KK Nagar ATM,2014-10-19,1099100,sunday,H,6,19,10,3,0,0,1322410.7142857143,1370387.5
KK Nagar ATM,2014-10-20,1617400,monday,W,0,20,10,3,0,0,1341242.857142857,817625.0
KK Nagar ATM,2014-10-21,1502600,tuesday,W,1,21,10,3,0,0,1365028.5714285714,1405062.5
KK Nagar ATM,2014-10-22,230700,wednesday,H,2,22,10,4,0,0,1382260.7142857143,1454812.5
KK Nagar ATM,2014-10-23,1041600,thursday,W,3,23,10,4,0,0,1351975.0,1388162.5
KK Nagar ATM,2014-10-24,986800,friday,W,4,24,10,4,0,0,1340510.7142857143,1232250.0
KK Nagar ATM,2014-10-25,1241300,saturday,H,5,25,10,4,0,0,1331096.4285714286,1264887.5
KK Nagar ATM,2014-10-26,559700,sunday,H,6,26,10,4,0,0,1352960.7142857143,1316625.0
KK Nagar ATM,2014-10-27,1434600,monday,W,0,27,10,4,0,0,1351982.142857143,785037.5
KK Nagar ATM,2014-10-28,967500,tuesday,W,1,28,10,4,0,0,1357989.2857142857,1369250.0
KK Nagar ATM,2014-10-29,1281600,wednesday,W,2,29,10,5,0,1,1334339.2857142857,1343675.0
KK Nagar ATM,2014-10-30,918500,thursday,W,3,30,10,5,0,1,1289046.4285714286,1337550.0
KK Nagar ATM,2014-10-31,1288800,friday,W,4,31,10,5,0,1,1273803.5714285714,1169725.0
KK Nagar ATM,2014-11-01,1529800,saturday,H,5,1,11,1,1,0,1254550.0,1261837.5
KK Nagar ATM,2014-11-02,703100,sunday,H,6,2,11,1,1,0,1237589.2857142857,1303987.5
KK Nagar ATM,2014-11-03,656900,monday,W,0,3,11,1,1,0,1231714.2857142857,803925.0
KK Nagar ATM,2014-11-04,1458100,tuesday,H,1,4,11,1,0,0,1204314.2857142857,1274300.0
KK Nagar ATM,2014-11-05,1529900,wednesday,W,2,5,11,1,0,0,1187560.7142857143,1356162.5
KK Nagar ATM,2014-11-06,1497600,thursday,W,3,6,11,1,0,0,1181885.7142857143,1359162.5
KK Nagar ATM,2014-11-07,1076400,friday,W,4,7,11,1,0,0,1189189.2857142857,1235925.0
KK Nagar ATM,2014-11-08,1256600,saturday,H,5,8,11,2,0,0,1181660.7142857143,1238350.0
KK Nagar ATM,2014-11-09,558700,sunday,H,6,9,11,2,0,0,1172339.2857142857,1297500.0
KK Nagar ATM,2014-11-10,1129500,monday,W,0,10,11,2,0,0,1150710.7142857143,763925.0
KK Nagar ATM,2014-11-11,1027200,tuesday,W,1,11,11,2,0,0,1135925.0,1252975.0
KK Nagar ATM,2014-11-12,1214900,wednesday,W,2,12,11,2,0,0,1132157.142857143,1333137.5
KK Nagar ATM,2014-11-13,1005900,thursday,W,3,13,11,2,0,0,1121839.2857142857,1384775.0
KK Nagar ATM,2014-11-14,902600,friday,W,4,14,11,2,0,0,1108967.857142857,1228862.5
KK Nagar ATM,2014-11-15,1074800,saturday,H,5,15,11,3,0,0,1099942.857142857,1221925.0
KK Nagar ATM,2014-11-16,440400,sunday,H,6,16,11,3,0,0,1099721.4285714286,1291862.5
KK Nagar ATM,2014-11-17,860700,monday,W,0,17,11,3,0,0,1076196.4285714286,747500.0
KK Nagar ATM,2014-11-18,713900,tuesday,W,1,18,11,3,0,0,1049171.4285714286,1241637.5
KK Nagar ATM,2014-11-19,965700,wednesday,W,2,19,11,3,0,0,1021003.5714285715,1294862.5
KK Nagar ATM,2014-11-20,987200,thursday,W,3,20,11,3,0,0,1047253.5714285715,1370650.0
KK Nagar ATM,2014-11-21,1264400,friday,W,4,21,11,3,0,0,1045310.7142857143,1181937.5
KK Nagar ATM,2014-11-22,1279900,saturday,H,5,22,11,4,0,0,1055225.0,1223675.0
KK Nagar ATM,2014-11-23,515800,sunday,H,6,23,11,4,0,0,1056603.5714285714,1373212.5
KK Nagar ATM,2014-11-24,1066400,monday,W,0,24,11,4,0,0,1055035.7142857143,738587.5
KK Nagar ATM,2014-11-25,797500,tuesday,W,1,25,11,4,0,0,1041885.7142857143,1216637.5
KK Nagar ATM,2014-11-26,1350900,wednesday,W,2,26,11,4,0,0,1035814.2857142857,1190837.5
KK Nagar ATM,2014-11-27,936400,thursday,W,3,27,11,4,0,0,1038289.2857142857,1220787.5
KK Nagar ATM,2014-11-28,719800,friday,W,4,28,11,4,0,1,1038928.5714285715,1130825.0
KK Nagar ATM,2014-11-29,667600,saturday,H,5,29,11,5,0,1,1018607.1428571428,1085162.5
KK Nagar ATM,2014-11-30,753700,sunday,H,6,30,11,5,0,1,987814.2857142857,1206075.0
KK Nagar ATM,2014-12-01,1433600,monday,W,0,1,12,1,1,0,989621.4285714285,724350.0
KK Nagar ATM,2014-12-02,695400,tuesday,W,1,2,12,1,1,0,1017360.7142857143,1217825.0
KK Nagar ATM,2014-12-03,1237700,wednesday,W,2,3,12,1,1,0,990121.4285714285,1036862.5
KK Nagar ATM,2014-12-04,495100,thursday,W,3,4,12,1,0,0,979685.7142857143,1164400.0
KK Nagar ATM,2014-12-05,728800,friday,W,4,5,12,1,0,0,943882.1428571428,1031075.0
KK Nagar ATM,2014-12-06,441900,saturday,H,5,6,12,1,0,0,931467.8571428572,1015362.5
KK Nagar ATM,2014-12-07,332800,sunday,H,6,7,12,1,0,0,902371.4285714285,1071612.5
KK Nagar ATM,2014-12-08,654100,monday,W,0,8,12,2,0,0,894303.5714285715,620412.5
KK Nagar ATM,2014-12-09,443700,tuesday,W,1,9,12,2,0,0,877325.0,1106650.0
KK Nagar ATM,2014-12-10,474600,wednesday,W,2,10,12,2,0,0,856485.7142857143,950737.5
KK Nagar ATM,2014-12-11,241600,thursday,W,3,11,12,2,0,0,830046.4285714285,1035750.0
KK Nagar ATM,2014-12-12,497800,friday,W,4,12,12,2,0,0,802750.0,890487.5
KK Nagar ATM,2014-12-13,651800,saturday,H,5,13,12,2,0,0,788292.8571428572,933175.0
KK Nagar ATM,2014-12-14,177500,sunday,H,6,14,12,2,0,0,773185.7142857143,1017962.5
KK Nagar ATM,2014-12-15,974100,monday,W,0,15,12,3,0,0,763796.4285714285,505212.5
KK Nagar ATM,2014-12-16,456500,tuesday,W,1,16,12,3,0,0,767846.4285714285,1026237.5
KK Nagar ATM,2014-12-17,506500,wednesday,W,2,17,12,3,0,0,758653.5714285715,819975.0
KK Nagar ATM,2014-12-18,640400,thursday,W,3,18,12,3,0,0,742253.5714285715,1070225.0
KK Nagar ATM,2014-12-19,554600,friday,W,4,19,12,3,0,0,729867.8571428572,840337.5
KK Nagar ATM,2014-12-20,690700,saturday,H,5,20,12,3,0,0,704517.8571428572,879150.0
KK Nagar ATM,2014-12-21,195100,sunday,H,6,21,12,3,0,0,683475.0,949137.5
KK Nagar ATM,2014-12-22,850900,monday,W,0,22,12,4,0,0,672021.4285714285,459637.5
KK Nagar ATM,2014-12-23,762700,tuesday,W,1,23,12,4,0,0,664325.0,953275.0
KK Nagar ATM,2014-12-24,857000,wednesday,W,2,24,12,4,0,0,663082.1428571428,794375.0
KK Nagar ATM,2014-12-25,663800,thursday,H,3,25,12,4,0,0,645442.8571428572,1017150.0
KK Nagar ATM,2014-12-26,675600,friday,W,4,26,12,4,0,0,635707.1428571428,808500.0
KK Nagar ATM,2014-12-27,738600,saturday,H,5,27,12,4,0,0,634128.5714285715,802500.0
KK Nagar ATM,2014-12-28,210500,sunday,H,6,28,12,4,0,0,636664.2857142857,850237.5
KK Nagar ATM,2014-12-29,497600,monday,W,0,29,12,5,0,1,617264.2857142857,398062.5
KK Nagar ATM,2014-12-30,599600,tuesday,W,1,30,12,5,0,1,583835.7142857143,933362.5
KK Nagar ATM,2014-12-31,1366800,wednesday,W,2,31,12,5,0,1,580414.2857142857,687062.5
KK Nagar ATM,2015-01-01,1154200,thursday,H,3,1,1,1,1,0,585025.0,996762.5
KK Nagar ATM,2015-01-02,451200,friday,W,4,2,1,1,1,0,608564.2857142857,765575.0
KK Nagar ATM,2015-01-03,867300,saturday,H,5,3,1,1,1,0,598650.0,724350.0
KK Nagar ATM,2015-01-04,688800,sunday,H,6,4,1,1,0,0,613842.8571428572,801575.0
KK Nagar ATM,2015-01-05,1151300,monday,W,0,5,1,1,0,0,626557.1428571428,414325.0
KK Nagar ATM,2015-01-06,944800,tuesday,W,1,6,1,1,0,0,644314.2857142857,936087.5
KK Nagar ATM,2015-01-07,822900,wednesday,W,2,7,1,1,0,0,662210.7142857143,676762.5
KK Nagar ATM,2015-01-08,1301000,thursday,W,3,8,1,2,0,0,674650.0,947762.5
KK Nagar ATM,2015-01-09,816500,friday,W,4,9,1,2,0,0,712485.7142857143,802462.5
KK Nagar ATM,2015-01-10,1480000,saturday,H,5,10,1,2,0,0,723867.8571428572,713587.5
KK Nagar ATM,2015-01-11,361300,sunday,H,6,11,1,2,0,0,753446.4285714285,852225.0
KK Nagar ATM,2015-01-12,1518300,monday,W,0,12,1,2,0,0,760010.7142857143,404437.5
KK Nagar ATM,2015-01-13,816700,tuesday,W,1,13,1,2,0,0,779446.4285714285,1018287.5
KK Nagar ATM,2015-01-14,1057100,wednesday,W,2,14,1,2,0,0,792310.7142857143,689612.5
KK Nagar ATM,2015-01-15,263600,thursday,H,3,15,1,3,0,0,811975.0,959187.5
KK Nagar ATM,2015-01-16,288000,friday,H,4,16,1,3,0,0,798517.8571428572,712012.5
KK Nagar ATM,2015-01-17,577300,saturday,H,5,17,1,3,0,0,788996.4285714285,591537.5
KK Nagar ATM,2015-01-18,523100,sunday,H,6,18,1,3,0,0,784946.4285714285,764400.0
KK Nagar ATM,2015-01-19,1198500,monday,W,0,19,1,3,0,0,796660.7142857143,405350.0
KK Nagar ATM,2015-01-20,480900,tuesday,W,1,20,1,3,0,0,809075.0,1034800.0
KK Nagar ATM,2015-01-21,568600,wednesday,W,2,21,1,3,0,0,799010.7142857143,650037.5
KK Nagar ATM,2015-01-22,475500,thursday,W,3,22,1,4,0,0,788710.7142857143,861400.0
KK Nagar ATM,2015-01-23,236500,friday,W,4,23,1,4,0,0,781985.7142857143,654400.0
KK Nagar ATM,2015-01-24,391300,saturday,H,5,24,1,4,0,0,766303.5714285715,531125.0
KK Nagar ATM,2015-01-25,313400,sunday,H,6,25,1,4,0,0,753900.0,729862.5
KK Nagar ATM,2015-01-26,480500,monday,H,0,26,1,4,0,0,757575.0,350312.5
KK Nagar ATM,2015-01-27,234900,tuesday,W,1,27,1,4,0,0,756964.2857142857,915662.5
KK Nagar ATM,2015-01-28,452800,wednesday,W,2,28,1,4,0,0,743939.2857142857,592475.0
KK Nagar ATM,2015-01-29,1157200,thursday,W,3,29,1,5,0,1,711296.4285714285,763287.5
KK Nagar ATM,2015-01-30,451500,friday,W,4,30,1,5,0,1,711403.5714285715,737162.5
KK Nagar ATM,2015-01-31,735100,saturday,H,5,31,1,5,0,1,711414.2857142857,496462.5
KK Nagar ATM,2015-02-01,716100,sunday,H,6,1,2,1,1,0,706692.8571428572,766512.5
KK Nagar ATM,2015-02-02,521400,monday,W,0,2,2,1,1,0,707667.8571428572,398225.0
KK Nagar ATM,2015-02-03,1177800,tuesday,W,1,3,2,1,1,0,685171.4285714285,899075.0
KK Nagar ATM,2015-02-04,291400,wednesday,W,2,4,2,1,0,0,693492.8571428572,684237.5
KK Nagar ATM,2015-02-05,268400,thursday,W,3,5,2,1,0,0,674510.7142857143,740387.5
KK Nagar ATM,2015-02-06,335500,friday,W,4,6,2,1,0,0,637632.1428571428,740512.5
KK Nagar ATM,2015-02-07,523100,saturday,H,5,7,2,1,0,0,620453.5714285715,476175.0
KK Nagar ATM,2015-02-08,252300,sunday,H,6,8,2,2,0,0,586278.5714285715,750425.0
KK Nagar ATM,2015-02-09,940600,monday,W,0,9,2,2,0,0,582385.7142857143,407575.0
KK Nagar ATM,2015-02-10,493100,tuesday,W,1,10,2,2,0,0,561753.5714285715,894887.5
KK Nagar ATM,2015-02-11,441900,wednesday,W,2,11,2,2,0,0,550196.4285714285,688812.5
KK Nagar ATM,2015-02-12,547300,thursday,W,3,12,2,2,0,0,528225.0,732312.5
KK Nagar ATM,2015-02-13,787500,friday,W,4,13,2,2,0,0,538357.1428571428,728875.0
KK Nagar ATM,2015-02-14,441300,saturday,H,5,14,2,2,0,0,556196.4285714285,505287.5
KK Nagar ATM,2015-02-15,98000,sunday,H,6,15,2,3,0,0,551339.2857142857,719250.0
KK Nagar ATM,2015-02-16,911200,monday,W,0,16,2,3,0,0,536157.1428571428,395437.5
KK Nagar ATM,2015-02-17,344300,tuesday,W,1,17,2,3,0,0,525896.4285714285,902425.0
KK Nagar ATM,2015-02-18,617400,wednesday,W,2,18,2,3,0,0,521017.85714285716,636512.5
KK Nagar ATM,2015-02-19,143400,thursday,W,3,19,2,3,0,0,522760.71428571426,702362.5
KK Nagar ATM,2015-02-20,385400,friday,W,4,20,2,3,0,0,510900.0,663825.0
KK Nagar ATM,2015-02-21,349800,saturday,H,5,21,2,3,0,0,516217.85714285716,469012.5
KK Nagar ATM,2015-02-22,234900,sunday,H,6,22,2,4,0,0,514735.71428571426,670650.0
KK Nagar ATM,2015-02-23,234700,monday,W,0,23,2,4,0,0,511932.14285714284,398487.5
KK Nagar ATM,2015-02-24,142200,tuesday,W,1,24,2,4,0,0,503153.5714285714,869562.5
KK Nagar ATM,2015-02-25,476900,wednesday,W,2,25,2,4,0,0,499842.85714285716,579337.5
KK Nagar ATM,2015-02-26,480200,thursday,W,3,26,2,4,0,1,500703.5714285714,591125.0
KK Nagar ATM,2015-02-27,422100,friday,W,4,27,2,4,0,1,476525.0,579575.0
KK Nagar ATM,2015-02-28,682100,saturday,H,5,28,2,4,0,1,475475.0,465375.0
KK Nagar ATM,2015-03-01,496800,sunday,H,6,1,3,1,1,0,473582.14285714284,647500.0
KK Nagar ATM,2015-03-02,368500,monday,W,0,2,3,1,1,0,465750.0,374487.5
KK Nagar ATM,2015-03-03,392800,tuesday,W,1,3,3,1,1,0,460289.28571428574,771712.5
KK Nagar ATM,2015-03-04,893500,wednesday,W,2,4,3,1,0,0,432253.5714285714,510337.5
KK Nagar ATM,2015-03-05,695800,thursday,W,3,5,3,1,0,0,453757.14285714284,599950.0
KK Nagar ATM,2015-03-06,198500,friday,W,4,6,3,1,0,0,469021.4285714286,503925.0
KK Nagar ATM,2015-03-07,173700,saturday,H,5,7,3,1,0,0,464128.5714285714,388125.0
KK Nagar ATM,2015-03-08,301300,sunday,H,6,8,3,2,0,0,451650.0,484212.5
KK Nagar ATM,2015-03-09,323500,monday,W,0,9,3,2,0,0,453400.0,366987.5
KK Nagar ATM,2015-03-10,82800,tuesday,W,1,10,3,2,0,0,431360.71428571426,622362.5
KK Nagar ATM,2015-03-11,872300,wednesday,W,2,11,3,2,0,0,416707.14285714284,418600.0
KK Nagar ATM,2015-03-12,345200,thursday,W,3,12,3,2,0,0,432078.5714285714,576850.0
KK Nagar ATM,2015-03-13,361500,friday,W,4,13,3,2,0,0,424860.71428571426,514125.0
KK Nagar ATM,2015-03-14,565400,saturday,H,5,14,3,2,0,0,409646.4285714286,397312.5
KK Nagar ATM,2015-03-15,475000,sunday,H,6,15,3,3,0,0,414078.5714285714,482725.0
KK Nagar ATM,2015-03-16,325000,monday,W,0,16,3,3,0,0,427542.85714285716,360975.0
KK Nagar ATM,2015-03-17,389100,tuesday,W,1,17,3,3,0,0,406607.14285714284,513175.0
KK Nagar ATM,2015-03-18,489900,wednesday,W,2,18,3,3,0,0,408207.14285714284,407125.0
KK Nagar ATM,2015-03-19,447200,thursday,W,3,19,3,3,0,0,403653.5714285714,567012.5
KK Nagar ATM,2015-03-20,385200,friday,W,4,20,3,3,0,0,414503.5714285714,510587.5
KK Nagar ATM,2015-03-21,379100,saturday,H,5,21,3,3,0,0,414496.4285714286,415900.0
KK Nagar ATM,2015-03-22,392500,sunday,H,6,22,3,4,0,0,415542.85714285716,481200.0
KK Nagar ATM,2015-03-23,470300,monday,W,0,23,3,4,0,0,421171.4285714286,370862.5
KK Nagar ATM,2015-03-24,423100,tuesday,W,1,24,3,4,0,0,429585.71428571426,511900.0
KK Nagar ATM,2015-03-25,347500,wednesday,W,2,25,3,4,0,0,439617.85714285716,430650.0
KK Nagar ATM,2015-03-26,360000,thursday,W,3,26,3,4,0,0,434996.4285714286,553850.0
KK Nagar ATM,2015-03-27,467200,friday,W,4,27,3,4,0,0,430703.5714285714,410937.5
KK Nagar ATM,2015-03-28,504600,saturday,H,5,28,3,4,0,0,432314.28571428574,417862.5
KK Nagar ATM,2015-03-29,360500,sunday,H,6,29,3,5,0,1,425975.0,452387.5
KK Nagar ATM,2015-03-30,655900,monday,W,0,30,3,5,0,1,421107.14285714284,326412.5
KK Nagar ATM,2015-03-31,777700,tuesday,W,1,31,3,5,0,1,431371.4285714286,528712.5
KK Nagar ATM,2015-04-01,518100,wednesday,W,2,1,4,1,1,0,445117.85714285716,380637.5
KK Nagar ATM,2015-04-02,498100,thursday,H,3,2,4,1,1,0,431710.71428571426,582187.5
KK Nagar ATM,2015-04-03,975900,friday,H,4,3,4,1,1,0,424650.0,439650.0
KK Nagar ATM,2015-04-04,222800,saturday,H,5,4,4,1,0,0,452414.28571428574,497912.5
KK Nagar ATM,2015-04-05,671900,sunday,H,6,5,4,1,0,0,454167.85714285716,414850.0
KK Nagar ATM,2015-04-06,1091600,monday,W,0,6,4,1,0,0,467403.5714285714,378862.5
KK Nagar ATM,2015-04-07,609100,tuesday,W,1,7,4,1,0,0,494835.71428571426,547587.5
KK Nagar ATM,2015-04-08,478100,wednesday,W,2,8,4,2,0,0,513632.14285714284,395137.5
KK Nagar ATM,2015-04-09,409400,thursday,W,3,9,4,2,0,0,499553.5714285714,586712.5
KK Nagar ATM,2015-04-10,578700,friday,W,4,10,4,2,0,0,501846.4285714286,422412.5
KK Nagar ATM,2015-04-11,232200,saturday,H,5,11,4,2,0,0,509603.5714285714,471812.5
KK Nagar ATM,2015-04-12,227600,sunday,H,6,12,4,2,0,0,497703.5714285714,388712.5
KK Nagar ATM,2015-04-13,550600,monday,W,0,13,4,2,0,0,488867.85714285716,395062.5
KK Nagar ATM,2015-04-14,575100,tuesday,H,1,14,4,2,0,0,496925.0,502512.5
KK Nagar ATM,2015-04-15,468600,wednesday,W,2,15,4,3,0,0,503567.85714285716,423987.5
KK Nagar ATM,2015-04-16,235400,thursday,W,3,16,4,3,0,0,502807.14285714284,568112.5
KK Nagar ATM,2015-04-17,194700,friday,W,4,17,4,3,0,0,495242.85714285716,433912.5
KK Nagar ATM,2015-04-18,185200,saturday,H,5,18,4,3,0,0,488439.28571428574,447975.0
KK Nagar ATM,2015-04-19,273200,sunday,H,6,19,4,3,0,0,481514.28571428574,368137.5
KK Nagar ATM,2015-04-20,525100,monday,W,0,20,4,3,0,0,477253.5714285714,399850.0
KK Nagar ATM,2015-04-21,175400,tuesday,W,1,21,4,3,0,0,479210.71428571426,538812.5
KK Nagar ATM,2015-04-22,143400,wednesday,W,2,22,4,4,0,0,470364.28571428574,428137.5
KK Nagar ATM,2015-04-23,3300,thursday,W,3,23,4,4,0,0,463075.0,526425.0
KK Nagar ATM,2015-04-24,90000,friday,W,4,24,4,4,0,0,450335.71428571426,374300.0
KK Nagar ATM,2015-04-25,389700,saturday,H,5,25,4,4,0,0,436864.28571428574,406462.5
KK Nagar ATM,2015-04-26,166200,sunday,H,6,26,4,4,0,0,432760.71428571426,331587.5
KK Nagar ATM,2015-04-27,659400,monday,W,0,27,4,4,0,0,425821.4285714286,358525.0
KK Nagar ATM,2015-04-28,345300,tuesday,W,1,28,4,4,0,1,425946.4285714286,575175.0
KK Nagar ATM,2015-04-29,650300,wednesday,W,2,29,4,5,0,1,410503.5714285714,422200.0
KK Nagar ATM,2015-04-30,442900,thursday,W,3,30,4,5,0,1,415225.0,496025.0
KK Nagar ATM,2015-05-01,436500,friday,H,4,1,5,1,1,0,413253.5714285714,342687.5
KK Nagar ATM,2015-05-02,527400,saturday,H,5,2,5,1,1,0,393989.28571428574,436212.5
KK Nagar ATM,2015-05-03,422500,sunday,H,6,3,5,1,1,0,404867.85714285716,375800.0
KK Nagar ATM,2015-05-04,333300,monday,W,0,4,5,1,0,0,395960.71428571426,373675.0
KK Nagar ATM,2015-05-05,777600,tuesday,W,1,5,5,1,0,0,368878.5714285714,576400.0
KK Nagar ATM,2015-05-06,885100,wednesday,W,2,6,5,1,0,0,374896.4285714286,509050.0
KK Nagar ATM,2015-05-07,396500,thursday,W,3,7,5,1,0,0,389432.14285714284,497625.0
KK Nagar ATM,2015-05-08,453200,friday,W,4,8,5,2,0,0,388971.4285714286,349100.0
KK Nagar ATM,2015-05-09,255500,saturday,H,5,9,5,2,0,0,384489.28571428574,447675.0
KK Nagar ATM,2015-05-10,177200,sunday,H,6,10,5,2,0,0,385321.4285714286,337062.5
KK Nagar ATM,2015-05-11,270300,monday,W,0,11,5,2,0,0,383521.4285714286,336450.0
KK Nagar ATM,2015-05-12,399900,tuesday,W,1,12,5,2,0,0,373510.71428571426,569562.5
KK Nagar ATM,2015-05-13,367300,wednesday,W,2,13,5,2,0,0,367253.5714285714,510400.0
KK Nagar ATM,2015-05-14,412800,thursday,W,3,14,5,2,0,0,363635.71428571426,482300.0
KK Nagar ATM,2015-05-15,256900,friday,W,4,15,5,3,0,0,369971.4285714286,344800.0
KK Nagar ATM,2015-05-16,279400,saturday,H,5,16,5,3,0,0,372192.85714285716,431637.5
KK Nagar ATM,2015-05-17,283100,sunday,H,6,17,5,3,0,0,375557.14285714284,324600.0
KK Nagar ATM,2015-05-18,611500,monday,W,0,18,5,3,0,0,375910.71428571426,322775.0
KK Nagar ATM,2015-05-19,535900,tuesday,W,1,19,5,3,0,0,378996.4285714286,587212.5
KK Nagar ATM,2015-05-20,685800,wednesday,W,2,20,5,3,0,0,391871.4285714286,524500.0
KK Nagar ATM,2015-05-21,291500,thursday,W,3,21,5,3,0,0,411242.85714285716,524587.5
KK Nagar ATM,2015-05-22,229600,friday,W,4,22,5,4,0,0,421535.71428571426,336237.5
KK Nagar ATM,2015-05-23,303100,saturday,H,5,23,5,4,0,0,426521.4285714286,401937.5
KK Nagar ATM,2015-05-24,108400,sunday,H,6,24,5,4,0,0,423428.5714285714,299412.5
KK Nagar ATM,2015-05-25,844300,monday,W,0,25,5,4,0,0,421364.28571428574,291262.5
KK Nagar ATM,2015-05-26,427600,tuesday,W,1,26,5,4,0,0,427967.85714285716,610762.5
KK Nagar ATM,2015-05-27,390100,wednesday,W,2,27,5,4,0,0,430907.14285714284,480737.5
KK Nagar ATM,2015-05-28,486300,thursday,W,3,28,5,4,0,0,421614.28571428574,508587.5
KK Nagar ATM,2015-05-29,554100,friday,W,4,29,5,5,0,1,423164.28571428574,334762.5
KK Nagar ATM,2015-05-30,945600,saturday,H,5,30,5,5,0,1,427364.28571428574,349212.5
KK Nagar ATM,2015-05-31,570000,sunday,H,6,31,5,5,0,1,442300.0,389762.5
KK Nagar ATM,2015-06-01,189800,monday,W,0,1,6,1,1,0,447567.85714285716,278525.0
KK Nagar ATM,2015-06-02,1197600,tuesday,W,1,2,6,1,1,0,442442.85714285716,498037.5
KK Nagar ATM,2015-06-03,1138900,wednesday,W,2,3,6,1,1,0,457442.85714285716,554300.0
KK Nagar ATM,2015-06-04,826300,thursday,W,3,4,6,1,0,0,466507.14285714284,591187.5
KK Nagar ATM,2015-06-05,818100,friday,W,4,5,6,1,0,0,481857.14285714284,386875.0
KK Nagar ATM,2015-06-06,420000,saturday,H,5,6,6,1,0,0,494889.28571428574,379137.5
KK Nagar ATM,2015-06-07,445700,sunday,H,6,7,6,1,0,0,500764.28571428574,413237.5
KK Nagar ATM,2015-06-08,188800,monday,W,0,8,6,2,0,0,510353.5714285714,305787.5
KK Nagar ATM,2015-06-09,354700,tuesday,W,1,9,6,2,0,0,507442.85714285716,452812.5
KK Nagar ATM,2015-06-10,1015200,wednesday,W,2,10,6,2,0,0,505828.5714285714,526750.0
KK Nagar ATM,2015-06-11,833600,thursday,W,3,11,6,2,0,0,528967.8571428572,659512.5
KK Nagar ATM,2015-06-12,858300,friday,W,4,12,6,2,0,0,543996.4285714285,461650.0
KK Nagar ATM,2015-06-13,365700,saturday,H,5,13,6,2,0,0,565475.0,462087.5
KK Nagar ATM,2015-06-14,530100,sunday,H,6,14,6,2,0,0,568557.1428571428,435800.0
KK Nagar ATM,2015-06-15,988400,monday,W,0,15,6,3,0,0,577378.5714285715,337900.0
KK Nagar ATM,2015-06-16,276700,tuesday,W,1,16,6,3,0,0,590839.2857142857,510725.0
KK Nagar ATM,2015-06-17,588200,wednesday,W,2,17,6,3,0,0,581582.1428571428,539412.5
KK Nagar ATM,2015-06-18,590100,thursday,W,3,18,6,3,0,0,578096.4285714285,715112.5
KK Nagar ATM,2015-06-19,238400,friday,W,4,19,6,3,0,0,588760.7142857143,535000.0
KK Nagar ATM,2015-06-20,564000,saturday,H,5,20,6,3,0,0,589075.0,480637.5
KK Nagar ATM,2015-06-21,242900,sunday,H,6,21,6,3,0,0,598392.8571428572,457587.5
KK Nagar ATM,2015-06-22,490000,monday,W,0,22,6,4,0,0,603196.4285714285,347487.5
KK Nagar ATM,2015-06-23,312700,tuesday,W,1,23,6,4,0,0,590542.8571428572,489550.0
KK Nagar ATM,2015-06-24,352000,wednesday,W,2,24,6,4,0,0,586439.2857142857,535337.5
KK Nagar ATM,2015-06-25,562500,thursday,W,3,25,6,4,0,0,585078.5714285715,677825.0
KK Nagar ATM,2015-06-26,371300,friday,W,4,26,6,4,0,0,587800.0,549950.0
KK Nagar ATM,2015-06-27,826400,saturday,H,5,27,6,4,0,0,581271.4285714285,472487.5
KK Nagar ATM,2015-06-28,247800,sunday,H,6,28,6,4,0,1,577014.2857142857,494962.5
KK Nagar ATM,2015-06-29,217900,monday,W,0,29,6,5,0,1,565507.1428571428,325650.0
KK Nagar ATM,2015-06-30,708400,tuesday,W,1,30,6,5,0,1,566510.7142857143,475125.0
KK Nagar ATM,2015-07-01,970700,wednesday,W,2,1,7,1,1,0,549039.2857142857,526687.5
KK Nagar ATM,2015-07-02,855900,thursday,W,3,2,7,1,1,0,543032.1428571428,688525.0
KK Nagar ATM,2015-07-03,195000,friday,W,4,3,7,1,1,0,544089.2857142857,607375.0
KK Nagar ATM,2015-07-04,298700,saturday,H,5,4,7,1,0,0,521835.71428571426,440212.5
KK Nagar ATM,2015-07-05,431100,sunday,H,6,5,7,1,0,0,517503.5714285714,500362.5
KK Nagar ATM,2015-07-06,365900,monday,W,0,6,7,1,0,0,516982.14285714284,357387.5
KK Nagar ATM,2015-07-07,331400,tuesday,W,1,7,7,1,0,0,523307.14285714284,487075.0
KK Nagar ATM,2015-07-08,513700,wednesday,W,2,8,7,2,0,0,522475.0,518125.0
KK Nagar ATM,2015-07-09,409900,thursday,W,3,9,7,2,0,0,504564.28571428574,706825.0
KK Nagar ATM,2015-07-10,737200,friday,W,4,10,7,2,0,0,489432.14285714284,607012.5
KK Nagar ATM,2015-07-11,507700,saturday,H,5,11,7,2,0,0,485107.14285714284,500250.0
KK Nagar ATM,2015-07-12,322400,sunday,H,6,12,7,2,0,0,490178.5714285714,528900.0
KK Nagar ATM,2015-07-13,585600,monday,W,0,13,7,2,0,0,482760.71428571426,362300.0
KK Nagar ATM,2015-07-14,179200,tuesday,W,1,14,7,2,0,0,468375.0,483837.5
KK Nagar ATM,2015-07-15,418200,wednesday,W,2,15,7,3,0,0,464892.85714285716,473537.5
KK Nagar ATM,2015-07-16,280000,thursday,W,3,16,7,3,0,0,458821.4285714286,673375.0
KK Nagar ATM,2015-07-17,260000,friday,W,4,17,7,3,0,0,447746.4285714286,605575.0
KK Nagar ATM,2015-07-18,570400,saturday,H,5,18,7,3,0,0,448517.85714285716,504050.0
KK Nagar ATM,2015-07-19,34200,sunday,H,6,19,7,3,0,0,448746.4285714286,562312.5
KK Nagar ATM,2015-07-20,642700,monday,W,0,20,7,3,0,0,441292.85714285716,353025.0
KK Nagar ATM,2015-07-21,531700,tuesday,W,1,21,7,3,0,0,446746.4285714286,458637.5
KK Nagar ATM,2015-07-22,254200,wednesday,W,2,22,7,4,0,0,454567.85714285716,486550.0
KK Nagar ATM,2015-07-23,579600,thursday,W,3,23,7,4,0,0,451075.0,656387.5
KK Nagar ATM,2015-07-24,347600,friday,W,4,24,7,4,0,0,451685.71428571426,617237.5
KK Nagar ATM,2015-07-25,311200,saturday,H,5,25,7,4,0,0,450839.28571428574,478237.5
KK Nagar ATM,2015-07-27,35000,monday,W,0,27,7,4,0,0,432439.28571428574,320675.0
KK Nagar ATM,2015-07-28,127800,tuesday,W,1,28,7,4,0,0,424839.28571428574,439287.5
KK Nagar ATM,2015-07-29,676200,wednesday,W,2,29,7,5,0,1,421621.4285714286,352825.0
KK Nagar ATM,2015-07-30,300200,thursday,W,3,30,7,5,0,1,420471.4285714286,598550.0
KK Nagar ATM,2015-07-31,1101500,friday,W,4,31,7,5,0,1,396525.0,551475.0
KK Nagar ATM,2015-08-01,624900,saturday,H,5,1,8,1,1,0,405296.4285714286,513662.5
KK Nagar ATM,2015-08-02,381400,sunday,H,6,2,8,1,1,0,420650.0,522225.0
KK Nagar ATM,2015-08-03,177400,monday,W,0,3,8,1,1,0,423603.5714285714,312637.5
KK Nagar ATM,2015-08-04,128400,tuesday,W,1,4,8,1,0,0,414542.85714285716,437862.5
KK Nagar ATM,2015-08-05,865200,wednesday,W,2,5,8,1,0,0,406060.71428571426,324537.5
KK Nagar ATM,2015-08-06,649000,thursday,W,3,6,8,1,0,0,425125.0,579800.0
KK Nagar ATM,2015-08-07,359900,friday,W,4,7,8,1,0,0,429957.14285714284,528400.0
KK Nagar ATM,2015-08-08,327900,saturday,H,5,8,8,2,0,0,428171.4285714286,451362.5
KK Nagar ATM,2015-08-09,333500,sunday,H,6,9,8,2,0,0,413553.5714285714,510712.5
KK Nagar ATM,2015-08-10,482700,monday,W,0,10,8,2,0,0,407332.14285714284,288062.5
KK Nagar ATM,2015-08-11,65700,tuesday,W,1,11,8,2,0,0,413057.14285714284,374650.0
KK Nagar ATM,2015-08-12,487500,wednesday,W,2,12,8,2,0,0,394489.28571428574,298162.5
KK Nagar ATM,2015-08-13,160200,thursday,W,3,13,8,2,0,0,405500.0,567212.5
KK Nagar ATM,2015-08-14,413800,friday,W,4,14,8,2,0,0,396285.71428571426,474662.5
KK Nagar ATM,2015-08-15,230600,saturday,H,5,15,8,3,0,0,401064.28571428574,473287.5
KK Nagar ATM,2015-08-16,63800,sunday,H,6,16,8,3,0,0,400014.28571428574,493825.0
KK Nagar ATM,2015-08-17,138800,monday,W,0,17,8,3,0,0,381921.4285714286,265675.0
KK Nagar ATM,2015-08-18,356800,tuesday,W,1,18,8,3,0,0,385657.14285714284,330750.0
KK Nagar ATM,2015-08-19,345400,wednesday,W,2,19,8,3,0,0,375446.4285714286,303675.0
KK Nagar ATM,2015-08-20,28400,thursday,W,3,20,8,3,0,0,368792.85714285716,566387.5
KK Nagar ATM,2015-08-24,389400,monday,W,0,24,8,4,0,0,360728.5714285714,238250.0
KK Nagar ATM,2015-08-25,708300,tuesday,W,1,25,8,4,0,0,353935.71428571426,352187.5
KK Nagar ATM,2015-08-26,971300,wednesday,W,2,26,8,4,0,0,366817.85714285716,303662.5
KK Nagar ATM,2015-08-27,486100,thursday,W,3,27,8,4,0,0,390392.85714285716,566462.5
KK Nagar ATM,2015-08-28,571300,friday,W,4,28,8,4,0,0,406503.5714285714,465112.5
KK Nagar ATM,2015-08-29,198100,saturday,H,5,29,8,5,0,1,422342.85714285716,498287.5
KK Nagar ATM,2015-08-30,274200,sunday,H,6,30,8,5,0,1,405267.85714285716,448087.5
KK Nagar ATM,2015-08-31,772700,monday,W,0,31,8,5,0,1,404339.28571428574,218637.5
KK Nagar ATM,2015-09-01,530900,tuesday,W,1,1,9,1,1,0,392596.4285714286,403037.5
KK Nagar ATM,2015-09-02,693500,wednesday,W,2,2,9,1,1,0,389239.28571428574,328600.0
KK Nagar ATM,2015-09-03,484200,thursday,W,3,3,9,1,1,0,400385.71428571426,588937.5
KK Nagar ATM,2015-09-04,270900,friday,W,4,4,9,1,0,0,411342.85714285716,418650.0
KK Nagar ATM,2015-09-05,195200,saturday,H,5,5,9,1,0,0,416432.14285714284,507775.0
KK Nagar ATM,2015-09-06,431500,sunday,H,6,6,9,1,0,0,392503.5714285714,369187.5
KK Nagar ATM,2015-09-07,725400,monday,W,0,7,9,1,0,0,384735.71428571426,232275.0
KK Nagar ATM,2015-09-08,529600,tuesday,W,1,8,9,2,0,0,397789.28571428574,420512.5
KK Nagar ATM,2015-09-09,475700,wednesday,W,2,9,9,2,0,0,404992.85714285716,372400.0
KK Nagar ATM,2015-09-10,487600,thursday,W,3,10,9,2,0,0,410071.4285714286,596125.0
KK Nagar ATM,2015-09-11,406500,friday,W,4,11,9,2,0,0,410246.4285714286,428362.5
KK Nagar ATM,2015-09-12,145900,saturday,H,5,12,9,2,0,0,422417.85714285716,466437.5
KK Nagar ATM,2015-09-13,263600,sunday,H,6,13,9,2,0,0,410217.85714285716,350087.5
KK Nagar ATM,2015-09-14,153700,monday,W,0,14,9,2,0,0,413910.71428571426,260950.0
KK Nagar ATM,2015-09-15,324400,tuesday,W,1,15,9,3,0,0,404621.4285714286,359387.5
KK Nagar ATM,2015-09-16,143100,wednesday,W,2,16,9,3,0,0,407971.4285714286,346487.5
KK Nagar ATM,2015-09-17,76900,thursday,H,3,17,9,3,0,0,410803.5714285714,582237.5
KK Nagar ATM,2015-09-18,225200,friday,W,4,18,9,3,0,0,408592.85714285716,402975.0
KK Nagar ATM,2015-09-19,91400,saturday,H,5,19,9,3,0,0,403892.85714285716,462087.5
KK Nagar ATM,2015-09-20,204600,sunday,H,6,20,9,3,0,0,394821.4285714286,298050.0
KK Nagar ATM,2015-09-21,416600,monday,W,0,21,9,3,0,0,401114.28571428574,247625.0
KK Nagar ATM,2015-09-22,263900,tuesday,W,1,22,9,4,0,0,402085.71428571426,407087.5
KK Nagar ATM,2015-09-23,568500,wednesday,W,2,23,9,4,0,0,386214.28571428574,363500.0
KK Nagar ATM,2015-09-24,196100,thursday,H,3,24,9,4,0,0,371828.5714285714,568775.0
KK Nagar ATM,2015-09-25,157500,friday,W,4,25,9,4,0,0,361471.4285714286,355037.5
KK Nagar ATM,2015-09-26,30700,saturday,H,5,26,9,4,0,0,346692.85714285716,438325.0
KK Nagar ATM,2015-09-27,15500,sunday,H,6,27,9,4,0,0,340714.28571428574,230587.5
KK Nagar ATM,2015-09-28,1500,monday,W,0,28,9,4,0,1,331475.0,201887.5
KK Nagar ATM,2015-09-29,169900,tuesday,W,1,29,9,5,0,1,303932.14285714284,385100.0
KK Nagar ATM,2015-09-30,223700,wednesday,W,2,30,9,5,0,1,291039.28571428574,368687.5
KK Nagar ATM,2015-10-01,721000,thursday,W,3,1,10,1,1,0,274260.71428571426,488587.5
KK Nagar ATM,2015-10-02,696800,friday,H,4,2,10,1,1,0,282717.85714285716,407637.5
KK Nagar ATM,2015-10-03,148600,saturday,H,5,3,10,1,1,0,297928.5714285714,387737.5
KK Nagar ATM,2015-10-04,480500,sunday,H,6,4,10,1,0,0,296264.28571428574,171050.0
KK Nagar ATM,2015-10-05,650000,monday,W,0,5,10,1,0,0,298014.28571428574,220262.5
KK Nagar ATM,2015-10-06,364800,tuesday,W,1,6,10,1,0,0,295321.4285714286,406012.5
KK Nagar ATM,2015-10-07,623700,wednesday,W,2,7,10,1,0,0,289435.71428571426,406075.0
KK Nagar ATM,2015-10-08,453400,thursday,W,3,8,10,2,0,0,294721.4285714286,505612.5
KK Nagar ATM,2015-10-09,413600,friday,W,4,9,10,2,0,0,293500.0,383187.5
KK Nagar ATM,2015-10-10,740100,saturday,H,5,10,10,2,0,0,293753.5714285714,394450.0
KK Nagar ATM,2015-10-11,359000,sunday,H,6,11,10,2,0,0,314975.0,222575.0
KK Nagar ATM,2015-10-12,936100,monday,W,0,12,10,2,0,0,318382.14285714284,257162.5
KK Nagar ATM,2015-10-13,322200,tuesday,W,1,13,10,2,0,0,346325.0,505675.0
KK Nagar ATM,2015-10-14,750200,wednesday,W,2,14,10,2,0,0,346246.4285714286,401750.0
KK Nagar ATM,2015-10-15,363200,thursday,W,3,15,10,3,0,0,367928.5714285714,556212.5
KK Nagar ATM,2015-10-16,514600,friday,W,4,16,10,3,0,0,378153.5714285714,408562.5
KK Nagar ATM,2015-10-17,1340000,saturday,H,5,17,10,3,0,0,388489.28571428574,407050.0
KK Nagar ATM,2015-10-18,608800,sunday,H,6,18,10,3,0,0,433082.14285714284,361250.0
KK Nagar ATM,2015-10-19,923200,monday,W,0,19,10,3,0,0,447517.85714285716,329712.5
KK Nagar ATM,2015-10-20,924000,tuesday,W,1,20,10,3,0,0,465610.71428571426,572400.0
KK Nagar ATM,2015-10-21,438300,wednesday,H,2,21,10,3,0,0,489185.71428571426,428712.5
KK Nagar ATM,2015-10-22,296600,thursday,H,3,22,10,4,0,0,484535.71428571426,489587.5
KK Nagar ATM,2015-10-23,528700,friday,H,4,23,10,4,0,0,488125.0,384875.0
KK Nagar ATM,2015-10-24,66800,saturday,H,5,24,10,4,0,0,501382.14285714284,401725.0
KK Nagar ATM,2015-10-25,335400,sunday,H,6,25,10,4,0,0,502671.4285714286,344837.5
KK Nagar ATM,2015-10-26,1126800,monday,W,0,26,10,4,0,0,514096.4285714286,337362.5
KK Nagar ATM,2015-10-27,749900,tuesday,W,1,27,10,4,0,0,554285.7142857143,616662.5
KK Nagar ATM,2015-10-28,77100,wednesday,W,2,28,10,4,0,0,575000.0,456087.5
KK Nagar ATM,2015-10-30,747100,friday,W,4,30,10,5,0,1,569764.2857142857,333987.5
KK Nagar ATM,2015-10-31,494800,saturday,H,5,31,10,5,0,1,570696.4285714285,461250.0
KK Nagar ATM,2015-11-01,1579800,sunday,H,6,1,11,1,1,0,563482.1428571428,382287.5
KK Nagar ATM,2015-11-02,449300,monday,W,0,2,11,1,1,0,614596.4285714285,480900.0
KK Nagar ATM,2015-11-03,141500,tuesday,W,1,3,11,1,1,0,613482.1428571428,582150.0
KK Nagar ATM,2015-11-04,1020500,wednesday,W,2,4,11,1,0,0,595321.4285714285,407575.0
KK Nagar ATM,2015-11-05,392100,thursday,W,3,5,11,1,0,0,618739.2857142857,530462.5
KK Nagar ATM,2015-11-06,144500,friday,W,4,6,11,1,0,0,610467.8571428572,322050.0
KK Nagar ATM,2015-11-07,720300,saturday,H,5,7,11,1,0,0,599435.7142857143,428500.0
KK Nagar ATM,2015-11-08,424100,sunday,H,6,8,11,2,0,0,610389.2857142857,454087.5
KK Nagar ATM,2015-11-09,330200,monday,W,0,9,11,2,0,0,599103.5714285715,500962.5
KK Nagar ATM,2015-11-10,263900,tuesday,H,1,10,11,2,0,0,598075.0,604212.5
KK Nagar ATM,2015-11-11,632000,wednesday,W,2,11,11,2,0,0,574067.8571428572,400012.5
KK Nagar ATM,2015-11-12,107500,thursday,W,3,12,11,2,0,0,585132.1428571428,550000.0
KK Nagar ATM,2015-11-13,434500,friday,W,4,13,11,2,0,0,562178.5714285715,325875.0
KK Nagar ATM,2015-11-14,787800,saturday,H,5,14,11,2,0,0,564725.0,454662.5
KK Nagar ATM,2015-11-15,454600,sunday,H,6,15,11,3,0,0,574482.1428571428,541137.5
KK Nagar ATM,2015-11-16,596300,monday,W,0,16,11,3,0,0,542860.7142857143,532212.5
KK Nagar ATM,2015-11-17,77100,tuesday,W,1,17,11,3,0,0,542414.2857142857,626675.0
KK Nagar ATM,2015-11-18,590900,wednesday,W,2,18,11,3,0,0,512196.4285714286,376662.5
KK Nagar ATM,2015-11-19,89800,thursday,W,3,19,11,3,0,0,500300.0,605975.0
KK Nagar ATM,2015-11-20,87100,friday,W,4,20,11,3,0,0,487853.5714285714,312587.5
KK Nagar ATM,2015-11-21,510800,saturday,H,5,21,11,3,0,0,480371.4285714286,445862.5
KK Nagar ATM,2015-11-23,22400,monday,H,0,23,11,4,0,0,479732.14285714284,594125.0
KK Nagar ATM,2015-11-24,349600,tuesday,W,1,24,11,4,0,0,478146.4285714286,629287.5
KK Nagar ATM,2015-11-25,673700,wednesday,W,2,25,11,4,0,0,478653.5714285714,399125.0
KK Nagar ATM,2015-11-26,632700,thursday,W,3,26,11,4,0,0,462471.4285714286,619125.0
KK Nagar ATM,2015-11-27,201900,friday,W,4,27,11,4,0,0,458285.71428571426,301550.0
KK Nagar ATM,2015-11-28,921100,saturday,H,5,28,11,4,0,1,462742.85714285716,384000.0
KK Nagar ATM,2015-11-29,307300,sunday,H,6,29,11,5,0,1,468957.14285714284,652437.5
KK Nagar ATM,2015-11-30,1239700,monday,W,0,30,11,5,0,1,462260.71428571426,572475.0
KK Nagar ATM,2015-12-01,485800,tuesday,W,1,1,12,1,1,0,450114.28571428574,703000.0
KK Nagar ATM,2015-12-02,1405400,wednesday,W,2,2,12,1,1,0,451417.85714285716,414250.0
KK Nagar ATM,2015-12-03,1101700,thursday,W,3,3,12,1,1,0,496557.14285714284,766837.5
KK Nagar ATM,2015-12-04,719500,friday,W,4,4,12,1,0,0,499457.14285714284,382587.5
KK Nagar ATM,2015-12-05,575100,saturday,H,5,5,12,1,0,0,511150.0,422237.5
KK Nagar ATM,2015-12-06,10000,sunday,H,6,6,12,1,0,0,526528.5714285715,705750.0
KK Nagar ATM,2015-12-07,489000,monday,W,0,7,12,1,0,0,501160.71428571426,528850.0
KK Nagar ATM,2015-12-08,508900,tuesday,W,1,8,12,2,0,0,503478.5714285714,647112.5
KK Nagar ATM,2015-12-09,96400,wednesday,W,2,9,12,2,0,0,509860.71428571426,437587.5
KK Nagar ATM,2015-12-10,432500,thursday,W,3,10,12,2,0,0,503878.5714285714,700925.0
KK Nagar ATM,2015-12-11,330000,friday,W,4,11,12,2,0,0,496753.5714285714,391250.0
KK Nagar ATM,2015-12-12,868700,saturday,H,5,12,12,2,0,0,504700.0,399162.5
KK Nagar ATM,2015-12-13,936300,sunday,H,6,13,12,2,0,0,520207.14285714284,721825.0
KK Nagar ATM,2015-12-14,1148300,monday,W,0,14,12,2,0,0,525510.7142857143,569787.5
KK Nagar ATM,2015-12-15,693900,tuesday,W,1,15,12,3,0,0,550285.7142857143,675250.0
KK Nagar ATM,2015-12-16,1287800,wednesday,W,2,16,12,3,0,0,553771.4285714285,408825.0
KK Nagar ATM,2015-12-17,1237200,thursday,W,3,17,12,3,0,0,597010.7142857143,768125.0
KK Nagar ATM,2015-12-18,841100,friday,W,4,18,12,3,0,0,620092.8571428572,508825.0
KK Nagar ATM,2015-12-19,740600,saturday,H,5,19,12,3,0,0,646925.0,438212.5
KK Nagar ATM,2015-12-20,99900,sunday,H,6,20,12,3,0,0,670264.2857142857,646900.0
KK Nagar ATM,2015-12-21,1000800,monday,W,0,21,12,3,0,0,655589.2857142857,540350.0
KK Nagar ATM,2015-12-22,435100,tuesday,W,1,22,12,4,0,0,690532.1428571428,659500.0
KK Nagar ATM,2015-12-23,988900,wednesday,W,2,23,12,4,0,0,693585.7142857143,369475.0
KK Nagar ATM,2015-12-24,547400,thursday,W,3,24,12,4,0,0,704842.8571428572,836950.0
KK Nagar ATM,2015-12-25,149400,friday,H,4,25,12,4,0,0,701796.4285714285,567612.5
KK Nagar ATM,2015-12-26,1126700,saturday,H,5,26,12,4,0,0,699921.4285714285,363500.0
KK Nagar ATM,2015-12-27,712200,sunday,H,6,27,12,4,0,0,707264.2857142857,779387.5
KK Nagar ATM,2015-12-28,1359200,monday,W,0,28,12,4,0,0,721725.0,431900.0
KK Nagar ATM,2015-12-29,1191300,tuesday,W,1,29,12,5,0,1,725992.8571428572,773237.5
KK Nagar ATM,2015-12-30,699100,wednesday,W,2,30,12,5,0,1,751189.2857142857,500700.0
KK Nagar ATM,2015-12-31,1595200,thursday,W,3,31,12,5,0,1,725964.2857142857,796775.0
KK Nagar ATM,2016-01-01,1878400,friday,H,4,1,1,1,1,0,743589.2857142857,718000.0
KK Nagar ATM,2016-01-02,2337700,saturday,H,5,2,1,1,1,0,784978.5714285715,580237.5
KK Nagar ATM,2016-01-03,324000,sunday,H,6,3,1,1,1,0,847928.5714285715,1009750.0
KK Nagar ATM,2016-01-05,455700,tuesday,W,1,5,1,1,0,0,859142.8571428572,772462.5
KK Nagar ATM,2016-01-06,1368100,wednesday,W,2,6,1,1,0,0,857953.5714285715,524675.0
KK Nagar ATM,2016-01-07,912200,thursday,W,3,7,1,1,0,0,888639.2857142857,888787.5
KK Nagar ATM,2016-01-08,1082600,friday,W,4,8,1,2,0,0,917775.0,818587.5
KK Nagar ATM,2016-01-09,637200,saturday,H,5,9,1,2,0,0,940992.8571428572,661250.0
KK Nagar ATM,2016-01-10,530800,sunday,H,6,10,1,2,0,0,951964.2857142857,999362.5
KK Nagar ATM,2016-01-11,641400,monday,W,0,11,1,2,0,0,939896.4285714285,445237.5
KK Nagar ATM,2016-01-12,745600,tuesday,W,1,12,1,2,0,0,929364.2857142857,778100.0
KK Nagar ATM,2016-01-13,1000900,wednesday,W,2,13,1,2,0,0,914982.1428571428,608237.5
KK Nagar ATM,2016-01-14,1126800,thursday,W,3,14,1,2,0,0,925946.4285714285,940037.5
KK Nagar ATM,2016-01-15,760700,friday,H,4,15,1,3,0,0,920196.4285714285,948212.5
KK Nagar ATM,2016-01-16,331900,saturday,H,5,16,1,3,0,0,903178.5714285715,745450.0
KK Nagar ATM,2016-01-17,777600,sunday,H,6,17,1,3,0,0,884992.8571428572,942375.0
KK Nagar ATM,2016-01-18,151300,monday,W,0,18,1,3,0,0,886314.2857142857,485612.5
KK Nagar ATM,2016-01-19,1263300,tuesday,W,1,19,1,3,0,0,888150.0,794212.5
KK Nagar ATM,2016-01-20,739800,wednesday,W,2,20,1,3,0,0,897525.0,722450.0
KK Nagar ATM,2016-01-21,489900,thursday,W,3,21,1,3,0,0,908407.1428571428,948300.0
KK Nagar ATM,2016-01-22,935900,friday,W,4,22,1,4,0,0,890585.7142857143,930362.5
KK Nagar ATM,2016-01-23,604300,saturday,H,5,23,1,4,0,0,904460.7142857143,837200.0
KK Nagar ATM,2016-01-24,946700,sunday,H,6,24,1,4,0,0,920707.1428571428,902775.0
KK Nagar ATM,2016-01-25,1671800,monday,W,0,25,1,4,0,0,914278.5714285715,540100.0
KK Nagar ATM,2016-01-26,1207300,tuesday,H,1,26,1,4,0,0,948550.0,848225.0
KK Nagar ATM,2016-01-27,426500,wednesday,W,2,27,1,4,0,0,943125.0,812637.5
KK Nagar ATM,2016-01-28,1325700,thursday,W,3,28,1,4,0,0,915810.7142857143,825937.5
KK Nagar ATM,2016-01-29,379900,friday,W,4,29,1,5,0,1,938189.2857142857,958362.5
KK Nagar ATM,2016-01-30,1089700,saturday,H,5,30,1,5,0,1,894785.7142857143,794750.0
KK Nagar ATM,2016-01-31,1222300,sunday,H,6,31,1,5,0,1,866617.8571428572,967100.0
KK Nagar ATM,2016-02-01,1409300,monday,W,0,1,2,1,1,0,826782.1428571428,654475.0
KK Nagar ATM,2016-02-02,996200,tuesday,W,1,2,2,1,1,0,865542.8571428572,963262.5
KK Nagar ATM,2016-02-03,1389100,wednesday,W,2,3,2,1,1,0,884846.4285714285,873550.0
KK Nagar ATM,2016-02-04,851500,thursday,W,3,4,2,1,0,0,885596.4285714285,987525.0
KK Nagar ATM,2016-02-05,1455800,friday,W,4,5,2,1,0,0,883428.5714285715,1010737.5
KK Nagar ATM,2016-02-06,648400,saturday,H,5,6,2,1,0,0,896757.1428571428,935475.0
KK Nagar ATM,2016-02-07,820500,sunday,H,6,7,2,1,0,0,897157.1428571428,939562.5
KK Nagar ATM,2016-02-08,572100,monday,W,0,8,2,2,0,0,907503.5714285715,755787.5
KK Nagar ATM,2016-02-09,1613100,tuesday,W,1,9,2,2,0,0,905028.5714285715,891237.5
KK Nagar ATM,2016-02-10,423200,wednesday,W,2,10,2,2,0,0,936010.7142857143,988450.0
KK Nagar ATM,2016-02-11,1471000,thursday,W,3,11,2,2,0,0,915378.5714285715,879450.0
KK Nagar ATM,2016-02-12,1351100,friday,W,4,12,2,2,0,0,927671.4285714285,1039962.5
KK Nagar ATM,2016-02-13,868900,saturday,H,5,13,2,2,0,0,948757.1428571428,999225.0
KK Nagar ATM,2016-02-14,591400,sunday,H,6,14,2,2,0,0,967935.7142857143,955600.0
KK Nagar ATM,2016-02-15,958800,monday,W,0,15,2,3,0,0,961285.7142857143,712675.0
KK Nagar ATM,2016-02-16,771800,tuesday,W,1,16,2,3,0,0,990125.0,885987.5
KK Nagar ATM,2016-02-17,1137000,wednesday,W,2,17,2,3,0,0,972571.4285714285,1030537.5
KK Nagar ATM,2016-02-18,413300,thursday,W,3,18,2,3,0,0,986757.1428571428,897962.5
KK Nagar ATM,2016-02-19,149700,friday,W,4,19,2,3,0,0,984021.4285714285,1023200.0
KK Nagar ATM,2016-02-20,703700,saturday,H,5,20,2,3,0,0,955942.8571428572,999262.5
KK Nagar ATM,2016-02-21,187500,sunday,H,6,21,2,3,0,0,959492.8571428572,902725.0
KK Nagar ATM,2016-02-22,164400,monday,W,0,22,2,4,0,0,932378.5714285715,723625.0
KK Nagar ATM,2016-02-23,989800,tuesday,W,1,23,2,4,0,0,878542.8571428572,736637.5
KK Nagar ATM,2016-02-24,102400,wednesday,W,2,24,2,4,0,0,870775.0,1005350.0
KK Nagar ATM,2016-02-25,573400,thursday,W,3,25,2,4,0,0,859200.0,823375.0
KK Nagar ATM,2016-02-26,695100,friday,W,4,26,2,4,0,0,832332.1428571428,895475.0
KK Nagar ATM,2016-02-27,137000,saturday,H,5,27,2,4,0,1,843589.2857142857,851350.0
KK Nagar ATM,2016-02-28,484100,sunday,H,6,28,2,4,0,1,809564.2857142857,627637.5
KK Nagar ATM,2016-02-29,366500,monday,W,0,29,2,5,0,1,783200.0,695112.5
KK Nagar ATM,2016-03-01,979600,tuesday,W,1,1,3,1,1,0,745957.1428571428,741950.0
KK Nagar ATM,2016-03-02,1194400,wednesday,W,2,2,3,1,1,0,745364.2857142857,1070837.5
KK Nagar ATM,2016-03-03,737000,thursday,W,3,3,3,1,1,0,738410.7142857143,801662.5
KK Nagar ATM,2016-03-04,977200,friday,W,4,4,3,1,0,0,734321.4285714285,873575.0
KK Nagar ATM,2016-03-05,867000,saturday,H,5,5,3,1,0,0,717228.5714285715,838175.0
KK Nagar ATM,2016-03-06,388400,sunday,H,6,6,3,1,0,0,725035.7142857143,656362.5
KK Nagar ATM,2016-03-07,149500,monday,W,0,7,3,1,0,0,709603.5714285715,677312.5
KK Nagar ATM,2016-03-08,784200,tuesday,W,1,8,3,2,0,0,694510.7142857143,680462.5
KK Nagar ATM,2016-03-09,365600,wednesday,W,2,9,3,2,0,0,664907.1428571428,1075662.5
KK Nagar ATM,2016-03-11,690800,friday,W,4,11,3,2,0,0,662850.0,778425.0
KK Nagar ATM,2016-03-12,702100,saturday,H,5,12,3,2,0,0,634985.7142857143,829437.5
KK Nagar ATM,2016-03-13,834400,sunday,H,6,13,3,2,0,0,611807.1428571428,702637.5
KK Nagar ATM,2016-03-14,969100,monday,W,0,14,3,2,0,0,610575.0,684412.5
KK Nagar ATM,2016-03-15,635200,tuesday,W,1,15,3,3,0,0,624064.2857142857,782687.5
KK Nagar ATM,2016-03-16,599900,wednesday,W,2,16,3,3,0,0,612507.1428571428,997150.0
KK Nagar ATM,2016-03-17,770500,thursday,W,3,17,3,3,0,0,606367.8571428572,751537.5
KK Nagar ATM,2016-03-19,1052100,saturday,H,5,19,3,3,0,0,593278.5714285715,808762.5
KK Nagar ATM,2016-03-20,497400,sunday,H,6,20,3,3,0,0,616092.8571428572,758612.5
KK Nagar ATM,2016-03-21,736200,monday,W,0,21,3,3,0,0,628510.7142857143,628250.0
KK Nagar ATM,2016-03-22,489600,tuesday,W,1,22,3,4,0,0,629671.4285714285,665737.5
KK Nagar ATM,2016-03-23,505200,wednesday,W,2,23,3,4,0,0,640460.7142857143,907437.5
KK Nagar ATM,2016-03-24,761000,thursday,W,3,24,3,4,0,0,652632.1428571428,722212.5
KK Nagar ATM,2016-03-25,889900,friday,H,4,25,3,4,0,0,644460.7142857143,812312.5
KK Nagar ATM,2016-03-26,50500,saturday,H,5,26,3,4,0,0,672585.7142857143,872512.5
KK Nagar ATM,2016-03-28,975500,monday,W,0,28,3,4,0,0,653910.7142857143,481775.0
KK Nagar ATM,2016-03-29,1191000,tuesday,W,1,29,3,5,0,1,663925.0,611512.5
KK Nagar ATM,2016-03-30,715100,wednesday,W,2,30,3,5,0,1,701567.8571428572,931787.5
KK Nagar ATM,2016-03-31,1000,thursday,W,3,31,3,5,0,1,709817.8571428572,758287.5
KK Nagar ATM,2016-04-01,822200,friday,W,4,1,4,1,1,0,696764.2857142857,646725.0
KK Nagar ATM,2016-04-02,587700,saturday,H,5,2,4,1,1,0,691142.8571428572,793312.5
KK Nagar ATM,2016-04-03,816000,sunday,H,6,3,4,1,1,0,669475.0,695862.5
KK Nagar ATM,2016-04-04,125100,monday,W,0,4,4,1,0,0,672296.4285714285,481212.5
KK Nagar ATM,2016-04-05,875100,tuesday,W,1,5,4,1,0,0,641864.2857142857,555637.5
KK Nagar ATM,2016-04-06,278700,wednesday,W,2,6,4,1,0,0,642153.5714285715,839537.5
KK Nagar ATM,2016-04-07,540100,thursday,W,3,7,4,1,0,0,638235.7142857143,619487.5
KK Nagar ATM,2016-04-08,898800,friday,H,4,8,4,2,0,0,652185.7142857143,607800.0
KK Nagar ATM,2016-04-09,682000,saturday,H,5,9,4,2,0,0,656278.5714285715,736775.0
KK Nagar ATM,2016-04-10,566900,sunday,H,6,10,4,2,0,0,667578.5714285715,700062.5
KK Nagar ATM,2016-04-11,145200,monday,W,0,11,4,2,0,0,663153.5714285715,478150.0
KK Nagar ATM,2016-04-12,350500,tuesday,W,1,12,4,2,0,0,643264.2857142857,453937.5
KK Nagar ATM,2016-04-13,782100,wednesday,W,2,13,4,2,0,0,625982.1428571428,786875.0
KK Nagar ATM,2016-04-14,169500,thursday,H,3,14,4,2,0,0,619303.5714285715,664350.0
KK Nagar ATM,2016-04-15,1474500,friday,W,4,15,4,3,0,0,602671.4285714285,445112.5
KK Nagar ATM,2016-04-16,865000,saturday,H,5,16,4,3,0,0,633907.1428571428,902375.0
KK Nagar ATM,2016-04-17,349300,sunday,H,6,17,4,3,0,0,637282.1428571428,699575.0
KK Nagar ATM,2016-04-18,588400,monday,W,0,18,4,3,0,0,612182.1428571428,498375.0
KK Nagar ATM,2016-04-19,329400,tuesday,H,1,19,4,3,0,0,615432.1428571428,506937.5
KK Nagar ATM,2016-04-20,835800,wednesday,W,2,20,4,3,0,0,600903.5714285715,704325.0
KK Nagar ATM,2016-04-21,1110000,thursday,W,3,21,4,3,0,0,613267.8571428572,626700.0
KK Nagar ATM,2016-04-22,459000,friday,W,4,22,4,4,0,0,634867.8571428572,532200.0
KK Nagar ATM,2016-04-23,559000,saturday,H,5,23,4,4,0,0,624082.1428571428,872862.5
KK Nagar ATM,2016-04-25,549900,monday,W,0,25,4,4,0,0,612264.2857142857,507737.5
KK Nagar ATM,2016-04-26,1030800,tuesday,W,1,26,4,4,0,0,630100.0,529862.5
KK Nagar ATM,2016-04-27,838800,wednesday,W,2,27,4,4,0,0,632075.0,710725.0
KK Nagar ATM,2016-04-28,495200,thursday,W,3,28,4,4,0,1,619496.4285714285,718750.0
KK Nagar ATM,2016-04-29,886600,friday,W,4,29,4,5,0,1,611642.8571428572,522425.0
KK Nagar ATM,2016-04-30,803400,saturday,H,5,30,4,5,0,1,643271.4285714285,861537.5
KK Nagar ATM,2016-05-01,187700,sunday,H,6,1,5,1,1,0,642600.0,712037.5
KK Nagar ATM,2016-05-02,1145800,monday,W,0,2,5,1,1,0,628314.2857142857,482650.0
KK Nagar ATM,2016-05-03,738700,tuesday,W,1,3,5,1,1,0,640092.8571428572,654400.0
KK Nagar ATM,2016-05-04,1205400,wednesday,W,2,4,5,1,0,0,662007.1428571428,705037.5
KK Nagar ATM,2016-05-05,706600,thursday,W,3,5,5,1,0,0,673803.5714285715,720125.0
KK Nagar ATM,2016-05-06,853400,friday,W,4,6,5,1,0,0,689085.7142857143,518625.0
KK Nagar ATM,2016-05-07,202100,saturday,H,5,7,5,1,0,0,700275.0,881862.5
KK Nagar ATM,2016-05-08,20400,sunday,H,6,8,5,2,0,0,675392.8571428572,720175.0
KK Nagar ATM,2016-05-09,319700,monday,W,0,9,5,2,0,0,651764.2857142857,380900.0
KK Nagar ATM,2016-05-10,591500,tuesday,W,1,10,5,2,0,0,642935.7142857143,573225.0
KK Nagar ATM,2016-05-11,422800,wednesday,W,2,11,5,2,0,0,658875.0,699575.0
KK Nagar ATM,2016-05-12,189400,thursday,W,3,12,5,2,0,0,661457.1428571428,697987.5
KK Nagar ATM,2016-05-13,262000,friday,W,4,13,5,2,0,0,640289.2857142857,496600.0
KK Nagar ATM,2016-05-14,409800,saturday,H,5,14,5,2,0,0,643592.8571428572,818300.0
KK Nagar ATM,2016-05-15,601500,sunday,H,6,15,5,3,0,0,605567.8571428572,663025.0
KK Nagar ATM,2016-05-16,546000,monday,W,0,16,5,3,0,0,596157.1428571428,393912.5
KK Nagar ATM,2016-05-17,603100,tuesday,W,1,17,5,3,0,0,603182.1428571428,549450.0
KK Nagar ATM,2016-05-18,888300,wednesday,W,2,18,5,3,0,0,603707.1428571428,713762.5
KK Nagar ATM,2016-05-19,210100,thursday,W,3,19,5,3,0,0,623667.8571428572,745875.0
KK Nagar ATM,2016-05-20,599700,friday,W,4,20,5,3,0,0,601321.4285714285,427737.5
KK Nagar ATM,2016-05-21,797600,saturday,H,5,21,5,3,0,0,583096.4285714285,782025.0
KK Nagar ATM,2016-05-22,421300,sunday,H,6,22,5,4,0,0,595189.2857142857,674962.5
KK Nagar ATM,2016-05-23,793400,monday,W,0,23,5,4,0,0,590271.4285714285,440262.5
KK Nagar ATM,2016-05-24,613600,tuesday,W,1,24,5,4,0,0,598967.8571428572,526687.5
KK Nagar ATM,2016-05-25,794100,wednesday,W,2,25,5,4,0,0,584067.8571428572,641587.5
KK Nagar ATM,2016-05-26,1034500,thursday,W,3,26,5,4,0,0,582471.4285714285,755750.0
KK Nagar ATM,2016-05-27,484500,friday,W,4,27,5,4,0,0,601732.1428571428,556925.0
KK Nagar ATM,2016-05-28,796800,saturday,H,5,28,5,4,0,0,587371.4285714285,739812.5
KK Nagar ATM,2016-05-29,435800,sunday,H,6,29,5,5,0,1,587135.7142857143,643050.0
KK Nagar ATM,2016-05-30,652300,monday,W,0,30,5,5,0,1,595996.4285714285,392737.5
KK Nagar ATM,2016-05-31,29600,tuesday,W,1,31,5,5,0,1,578371.4285714285,592587.5
KK Nagar ATM,2016-06-01,835900,wednesday,W,2,1,6,1,1,0,553046.4285714285,535900.0
KK Nagar ATM,2016-06-02,294200,thursday,W,3,2,6,1,1,0,539850.0,825400.0
KK Nagar ATM,2016-06-03,280000,friday,W,4,3,6,1,1,0,525121.4285714285,526187.5
KK Nagar ATM,2016-06-04,508000,saturday,H,5,4,6,1,0,0,504642.85714285716,662462.5
KK Nagar ATM,2016-06-05,644500,sunday,H,6,5,6,1,0,0,515567.85714285716,633087.5
KK Nagar ATM,2016-06-06,848900,monday,W,0,6,6,1,0,0,537857.1428571428,402437.5
KK Nagar ATM,2016-06-07,773500,tuesday,W,1,7,6,1,0,0,556757.1428571428,680550.0
KK Nagar ATM,2016-06-08,324500,wednesday,W,2,8,6,2,0,0,563257.1428571428,588775.0
KK Nagar ATM,2016-06-09,231500,thursday,W,3,9,6,2,0,0,559746.4285714285,768200.0
KK Nagar ATM,2016-06-10,350200,friday,W,4,10,6,2,0,0,561250.0,533937.5
KK Nagar ATM,2016-06-11,550800,saturday,H,5,11,6,2,0,0,564400.0,521925.0
KK Nagar ATM,2016-06-12,502100,sunday,H,6,12,6,2,0,0,569435.7142857143,616687.5
KK Nagar ATM,2016-06-13,528900,monday,W,0,13,6,2,0,0,565885.7142857143,421537.5
KK Nagar ATM,2016-06-14,277200,tuesday,W,1,14,6,2,0,0,565275.0,673112.5
KK Nagar ATM,2016-06-15,291500,wednesday,W,2,15,6,3,0,0,553635.7142857143,582250.0
KK Nagar ATM,2016-06-16,574600,thursday,W,3,16,6,3,0,0,532321.4285714285,700162.5
KK Nagar ATM,2016-06-17,895100,friday,W,4,17,6,3,0,0,545339.2857142857,467012.5
KK Nagar ATM,2016-06-18,712500,saturday,H,5,18,6,3,0,0,555889.2857142857,576437.5
KK Nagar ATM,2016-06-19,517300,sunday,H,6,19,6,3,0,0,552850.0,597625.0
KK Nagar ATM,2016-06-20,580700,monday,W,0,20,6,3,0,0,556278.5714285715,416325.0
KK Nagar ATM,2016-06-21,576100,tuesday,W,1,21,6,3,0,0,548682.1428571428,676962.5
KK Nagar ATM,2016-06-22,752700,wednesday,W,2,22,6,4,0,0,547342.8571428572,525412.5
KK Nagar ATM,2016-06-23,621100,thursday,W,3,23,6,4,0,0,545864.2857142857,689400.0
KK Nagar ATM,2016-06-24,684300,friday,W,4,24,6,4,0,0,531100.0,482750.0
KK Nagar ATM,2016-06-25,533800,saturday,H,5,25,6,4,0,0,538235.7142857143,551150.0
KK Nagar ATM,2016-06-26,615800,sunday,H,6,26,6,4,0,0,528842.8571428572,563925.0
KK Nagar ATM,2016-06-27,103500,monday,W,0,27,6,4,0,0,535271.4285714285,469837.5
KK Nagar ATM,2016-06-28,666600,tuesday,W,1,28,6,4,0,1,515671.4285714286,546675.0
KK Nagar ATM,2016-06-29,675500,wednesday,W,2,29,6,5,0,1,538421.4285714285,516400.0
KK Nagar ATM,2016-06-30,489400,thursday,W,3,30,6,5,0,1,532692.8571428572,623162.5
KK Nagar ATM,2016-07-01,602900,friday,W,4,1,7,1,1,0,539664.2857142857,455600.0
KK Nagar ATM,2016-07-02,851600,saturday,H,5,2,7,1,1,0,551196.4285714285,519837.5
KK Nagar ATM,2016-07-03,594700,sunday,H,6,3,7,1,1,0,563467.8571428572,645112.5
KK Nagar ATM,2016-07-04,610400,monday,W,0,4,7,1,0,0,561689.2857142857,541625.0
KK Nagar ATM,2016-07-05,673900,tuesday,W,1,5,7,1,0,0,553171.4285714285,583012.5
KK Nagar ATM,2016-07-06,593800,wednesday,W,2,6,7,1,0,0,549614.2857142857,526700.0
KK Nagar ATM,2016-07-07,1165800,thursday,H,3,7,7,1,0,0,559232.1428571428,644537.5
KK Nagar ATM,2016-07-08,581700,friday,W,4,8,7,2,0,0,592600.0,577650.0
KK Nagar ATM,2016-07-09,33600,saturday,H,5,9,7,2,0,0,600867.8571428572,559800.0
KK Nagar ATM,2016-07-10,714300,sunday,H,6,10,7,2,0,0,582396.4285714285,598087.5
KK Nagar ATM,2016-07-11,279500,monday,W,0,11,7,2,0,0,589975.0,555725.0
KK Nagar ATM,2016-07-12,274200,tuesday,W,1,12,7,2,0,0,581067.8571428572,549700.0
KK Nagar ATM,2016-07-13,36600,wednesday,W,2,13,7,2,0,0,580960.7142857143,485587.5
KK Nagar ATM,2016-07-14,14700,thursday,W,3,14,7,2,0,0,571857.1428571428,538075.0
KK Nagar ATM,2016-07-15,292500,friday,W,4,15,7,3,0,0,551860.7142857143,553225.0
KK Nagar ATM,2016-07-16,230200,saturday,H,5,16,7,3,0,0,530339.2857142857,521400.0
KK Nagar ATM,2016-07-17,21100,sunday,H,6,17,7,3,0,0,513114.28571428574,527162.5
KK Nagar ATM,2016-07-18,193600,monday,W,0,18,7,3,0,0,495392.85714285716,505700.0
KK Nagar ATM,2016-07-19,629600,tuesday,W,1,19,7,3,0,0,481567.85714285716,474725.0
KK Nagar ATM,2016-07-20,458700,wednesday,W,2,20,7,3,0,0,483478.5714285714,487587.5
KK Nagar ATM,2016-07-21,221600,thursday,W,3,21,7,3,0,0,472978.5714285714,496150.0
KK Nagar ATM,2016-07-22,275400,friday,W,4,22,7,4,0,0,458710.71428571426,451612.5
KK Nagar ATM,2016-07-23,478500,saturday,H,5,23,7,4,0,0,444107.14285714284,495262.5
KK Nagar ATM,2016-07-24,145600,sunday,H,6,24,7,4,0,0,442132.14285714284,487375.0
KK Nagar ATM,2016-07-25,351800,monday,W,0,25,7,4,0,0,425339.28571428574,469425.0
KK Nagar ATM,2016-07-26,280600,tuesday,W,1,26,7,4,0,0,434207.14285714284,437162.5
KK Nagar ATM,2016-07-27,154900,wednesday,W,2,27,7,4,0,0,420421.4285714286,518962.5
KK Nagar ATM,2016-07-28,228100,thursday,W,3,28,7,4,0,0,401828.5714285714,411025.0
KK Nagar ATM,2016-07-29,292000,friday,W,4,29,7,5,0,1,392496.4285714286,443350.0
KK Nagar ATM,2016-08-03,217000,wednesday,W,2,3,8,1,1,0,381392.85714285716,458775.0
KK Nagar ATM,2016-08-04,208600,thursday,W,3,4,8,1,0,0,358728.5714285714,397587.5
KK Nagar ATM,2016-08-05,198800,friday,W,4,5,8,1,0,0,344939.28571428574,440487.5
KK Nagar ATM,2016-08-06,302000,saturday,H,5,6,8,1,0,0,330239.28571428574,485112.5
KK Nagar ATM,2016-08-07,305600,sunday,H,6,7,8,1,0,0,316957.14285714284,461625.0
KK Nagar ATM,2016-08-08,176300,monday,W,0,8,8,2,0,0,306664.28571428574,427062.5
KK Nagar ATM,2016-08-09,223300,tuesday,W,1,9,8,2,0,0,271325.0,353087.5
KK Nagar ATM,2016-08-10,717200,wednesday,W,2,10,8,2,0,0,258525.0,452037.5
KK Nagar ATM,2016-08-11,189000,thursday,W,3,11,8,2,0,0,282939.28571428574,450800.0
KK Nagar ATM,2016-08-12,365900,friday,W,4,12,8,2,0,0,264178.5714285714,392287.5
KK Nagar ATM,2016-08-14,257300,sunday,H,6,14,8,2,0,0,267264.28571428574,438512.5
KK Nagar ATM,2016-08-15,300,monday,H,0,15,8,3,0,0,266660.71428571426,396462.5
KK Nagar ATM,2016-08-16,307300,tuesday,W,1,16,8,3,0,0,265364.28571428574,287012.5
KK Nagar ATM,2016-08-17,90000,wednesday,W,2,17,8,3,0,0,275814.28571428574,418437.5
KK Nagar ATM,2016-08-26,100,friday,W,4,26,8,4,0,0,268582.14285714284,325900.0
KK Nagar ATM,2016-08-27,71900,saturday,H,5,27,8,4,0,0,260364.2857142857,441350.0
KK Nagar ATM,2016-08-28,11000,sunday,H,6,28,8,4,0,0,262178.5714285714,358437.5
KK Nagar ATM,2016-08-29,298800,monday,W,0,29,8,5,0,1,255657.14285714287,333175.0
KK Nagar ATM,2016-08-30,131300,tuesday,W,1,30,8,5,0,1,243842.85714285713,251775.0
KK Nagar ATM,2016-08-31,354000,wednesday,W,2,31,8,5,0,1,232150.0,351525.0
KK Nagar ATM,2016-09-01,700,thursday,W,3,1,9,1,1,0,236878.57142857142,400962.5
KK Nagar ATM,2016-09-02,156600,friday,W,4,2,9,1,1,0,227067.85714285713,264812.5
KK Nagar ATM,2016-09-03,336900,saturday,H,5,3,9,1,1,0,215571.42857142858,349037.5
KK Nagar ATM,2016-09-04,221800,sunday,H,6,4,9,1,0,0,222403.57142857142,333825.0
KK Nagar ATM,2016-09-05,46300,monday,H,0,5,9,1,0,0,217760.7142857143,283925.0
KK Nagar ATM,2016-09-06,219700,tuesday,W,1,6,9,1,0,0,209392.85714285713,244625.0
KK Nagar ATM,2016-09-09,800,friday,W,4,9,9,2,0,0,211707.14285714287,146550.0
KK Nagar ATM,2016-09-12,26700,monday,W,0,12,9,2,0,0,203589.2857142857,209687.5
KK Nagar ATM,2016-09-13,406600,tuesday,H,1,13,9,2,0,0,194114.2857142857,171662.5
KK Nagar ATM,2016-09-14,689100,wednesday,W,2,14,9,2,0,0,200885.7142857143,318112.5
KK Nagar ATM,2016-09-15,114400,thursday,W,3,15,9,3,0,0,218046.42857142858,402662.5
KK Nagar ATM,2016-09-16,136500,friday,W,4,16,9,3,0,0,215032.14285714287,159012.5
KK Nagar ATM,2016-09-17,471400,saturday,H,5,17,9,3,0,0,209121.42857142858,280562.5
KK Nagar ATM,2016-09-18,386800,sunday,H,6,18,9,3,0,0,215042.85714285713,286300.0
KK Nagar ATM,2016-09-19,515200,monday,W,0,19,9,3,0,0,222560.7142857143,168750.0
KK Nagar ATM,2016-09-20,171100,tuesday,W,1,20,9,3,0,0,232985.7142857143,201125.0
KK Nagar ATM,2016-09-21,334600,wednesday,W,2,21,9,3,0,0,213482.14285714287,305225.0
KK Nagar ATM,2016-09-22,367400,thursday,W,3,22,9,4,0,0,218682.14285714287,370262.5
KK Nagar ATM,2016-09-23,331900,friday,W,4,23,9,4,0,0,218735.7142857143,177237.5
KK Nagar ATM,2016-09-24,375600,saturday,H,5,24,9,4,0,0,221400.0,246687.5
KK Nagar ATM,2016-09-25,409500,sunday,H,6,25,9,4,0,0,234803.57142857142,329050.0
KK Nagar ATM,2016-09-26,566100,monday,W,0,26,9,4,0,0,238453.57142857142,217300.0
KK Nagar ATM,2016-09-27,390400,tuesday,W,1,27,9,4,0,0,255457.14285714287,247687.5
KK Nagar ATM,2016-09-28,904200,wednesday,W,2,28,9,4,0,1,269396.4285714286,275325.0
KK Nagar ATM,2016-09-29,515000,thursday,W,3,29,9,5,0,1,299121.4285714286,478712.5
KK Nagar ATM,2016-09-30,434700,friday,W,4,30,9,5,0,1,317121.4285714286,213100.0
KK Nagar ATM,2016-10-01,682600,saturday,H,5,1,10,1,1,0,321975.0,228312.5
KK Nagar ATM,2016-10-02,531600,sunday,H,6,2,10,1,1,0,341664.28571428574,385600.0
KK Nagar ATM,2016-10-03,626700,monday,W,0,3,10,1,1,0,348007.14285714284,265550.0
KK Nagar ATM,2016-10-04,550500,tuesday,W,1,4,10,1,0,0,370364.28571428574,282050.0
KK Nagar ATM,2016-10-05,503800,wednesday,W,2,5,10,1,0,0,384432.14285714284,309062.5
KK Nagar ATM,2016-10-06,914600,thursday,W,3,6,10,1,0,0,390392.85714285716,484350.0
KK Nagar ATM,2016-10-07,768600,friday,W,4,7,10,1,0,0,415135.71428571426,301350.0
KK Nagar ATM,2016-10-08,743400,saturday,H,5,8,10,2,0,0,440932.14285714284,287825.0
KK Nagar ATM,2016-10-09,104700,sunday,H,6,9,10,2,0,0,459635.71428571426,418712.5
KK Nagar ATM,2016-10-10,833100,monday,H,0,10,10,2,0,0,463346.4285714286,240437.5
KK Nagar ATM,2016-10-11,1444000,tuesday,H,1,11,10,2,0,0,492146.4285714286,364150.0
KK Nagar ATM,2016-10-12,698500,wednesday,H,2,12,10,2,0,0,529196.4285714285,453062.5
KK Nagar ATM,2016-10-13,441100,thursday,W,3,13,10,2,0,0,529532.1428571428,552300.0
KK Nagar ATM,2016-10-14,409600,friday,W,4,14,10,2,0,0,541200.0,332862.5
KK Nagar ATM,2016-10-15,488500,saturday,H,5,15,10,3,0,0,550953.5714285715,304600.0
KK Nagar ATM,2016-10-16,581800,sunday,H,6,16,10,3,0,0,551564.2857142857,442025.0
KK Nagar ATM,2016-10-17,775900,monday,W,0,17,10,3,0,0,558528.5714285715,281000.0
KK Nagar ATM,2016-10-18,718900,tuesday,W,1,18,10,3,0,0,567839.2857142857,461100.0
KK Nagar ATM,2016-10-19,630900,wednesday,W,2,19,10,3,0,0,587403.5714285715,515012.5
KK Nagar ATM,2016-10-20,549800,thursday,W,3,20,10,3,0,0,597985.7142857143,604037.5
KK Nagar ATM,2016-10-21,239900,friday,W,4,21,10,3,0,0,604500.0,390337.5
KK Nagar ATM,2016-10-22,459800,saturday,H,5,22,10,4,0,0,601214.2857142857,309737.5
KK Nagar ATM,2016-10-23,677400,sunday,H,6,23,10,4,0,0,604221.4285714285,453762.5
KK Nagar ATM,2016-10-24,730400,monday,W,0,24,10,4,0,0,613789.2857142857,364300.0
KK Nagar ATM,2016-10-25,567500,tuesday,W,1,25,10,4,0,0,619657.1428571428,515050.0
KK Nagar ATM,2016-10-26,623900,wednesday,W,2,26,10,4,0,0,625982.1428571428,547537.5
KK Nagar ATM,2016-10-27,1235400,thursday,W,3,27,10,4,0,0,615971.4285714285,592375.0
KK Nagar ATM,2016-10-28,820600,friday,W,4,28,10,4,0,0,641700.0,544675.0
KK Nagar ATM,2016-10-29,374800,saturday,H,5,29,10,5,0,1,655482.1428571428,412300.0
KK Nagar ATM,2016-10-30,278000,sunday,H,6,30,10,5,0,1,644489.2857142857,491625.0
KK Nagar ATM,2016-10-31,549600,monday,W,0,31,10,5,0,1,635432.1428571428,371325.0
KK Nagar ATM,2016-11-01,392600,tuesday,W,1,1,11,1,1,0,632678.5714285715,577962.5
KK Nagar ATM,2016-11-02,170600,wednesday,W,2,2,11,1,1,0,627039.2857142857,580200.0
KK Nagar ATM,2016-11-03,436900,thursday,W,3,3,11,1,1,0,615139.2857142857,569450.0
KK Nagar ATM,2016-11-04,587800,friday,W,4,4,11,1,0,0,598078.5714285715,571825.0
KK Nagar ATM,2016-11-05,527500,saturday,H,5,5,11,1,0,0,591621.4285714285,466200.0
KK Nagar ATM,2016-11-06,182800,sunday,H,6,6,11,1,0,0,583910.7142857143,515450.0
KK Nagar ATM,2016-11-07,405800,monday,W,0,7,11,1,0,0,586700.0,394075.0
KK Nagar ATM,2016-11-08,242400,tuesday,W,1,8,11,2,0,0,571439.2857142857,625350.0
KK Nagar ATM,2016-11-11,1500,friday,W,4,11,11,2,0,0,528525.0,587825.0
KK Nagar ATM,2016-11-12,500,saturday,H,5,12,11,2,0,0,503632.14285714284,449325.0
KK Nagar ATM,2016-11-14,100,monday,W,0,14,11,2,0,0,487896.4285714286,345787.5
KK Nagar ATM,2016-11-17,2000,thursday,W,3,17,11,3,0,0,473271.4285714286,483325.0
KK Nagar ATM,2016-11-18,3800,friday,W,4,18,11,3,0,0,455896.4285714286,542150.0
KK Nagar ATM,2016-11-19,16100,saturday,H,5,19,11,3,0,0,435253.5714285714,408312.5
KK Nagar ATM,2016-11-20,13700,sunday,H,6,20,11,3,0,0,408117.85714285716,458537.5
KK Nagar ATM,2016-11-21,9600,monday,W,0,21,11,3,0,0,382932.14285714284,296312.5
KK Nagar ATM,2016-11-23,11600,wednesday,W,2,23,11,4,0,0,360742.85714285716,530575.0
KK Nagar ATM,2016-11-24,14500,thursday,W,3,24,11,4,0,0,341521.4285714286,442950.0
KK Nagar ATM,2016-11-25,23000,friday,W,4,25,11,4,0,0,333471.4285714286,479587.5
KK Nagar ATM,2016-11-26,34500,saturday,H,5,26,11,4,0,0,317871.4285714286,356850.0
KK Nagar ATM,2016-11-27,30400,sunday,H,6,27,11,4,0,0,294910.71428571426,415900.0
KK Nagar ATM,2016-11-28,23600,monday,W,0,28,11,4,0,1,269910.71428571426,233662.5
KK Nagar ATM,2016-11-29,19600,tuesday,W,1,29,11,5,0,1,250485.7142857143,563900.0
KK Nagar ATM,2016-11-30,31400,wednesday,W,2,30,11,5,0,1,228903.57142857142,511637.5
KK Nagar ATM,2016-12-01,35100,thursday,W,3,1,12,1,1,0,185903.57142857142,333850.0
KK Nagar ATM,2016-12-07,5600,wednesday,W,2,7,12,1,0,0,157850.0,467225.0
KK Nagar ATM,2016-12-08,8900,thursday,W,3,8,12,2,0,0,144664.2857142857,271575.0
KK Nagar ATM,2016-12-28,20700,wednesday,W,2,28,12,4,0,0,135053.57142857142,399525.0
KK Nagar ATM,2016-12-29,39400,thursday,W,3,29,12,5,0,1,116164.28571428571,186850.0
KK Nagar ATM,2016-12-30,21400,friday,W,4,30,12,5,0,1,103550.0,370187.5
KK Nagar ATM,2016-12-31,37300,saturday,H,5,31,12,5,0,1,98221.42857142857,263450.0
KK Nagar ATM,2017-01-01,500,sunday,H,6,1,1,1,1,0,83950.0,335237.5
KK Nagar ATM,2017-01-02,42400,monday,W,0,2,1,1,1,0,62975.0,220637.5
KK Nagar ATM,2017-01-03,35200,tuesday,W,1,3,1,1,1,0,45650.0,498437.5
KK Nagar ATM,2017-01-04,77900,wednesday,W,2,4,1,1,0,0,40378.57142857143,223425.0
KK Nagar ATM,2017-01-05,151800,thursday,W,3,5,1,1,0,0,28667.85714285714,117725.0
KK Nagar ATM,2017-01-06,22000,friday,W,4,6,1,1,0,0,25432.14285714286,334025.0
KK Nagar ATM,2017-01-07,111000,saturday,H,5,7,1,1,0,0,26164.285714285714,215000.0
KK Nagar ATM,2017-01-08,80500,sunday,H,6,8,1,2,0,0,30110.714285714286,256187.5
KK Nagar ATM,2017-01-09,34700,monday,W,0,9,1,2,0,0,32982.142857142855,157975.0
KK Nagar ATM,2017-01-10,40200,tuesday,W,1,10,1,2,0,0,34150.0,424437.5
KK Nagar ATM,2017-01-11,74600,wednesday,W,2,11,1,2,0,0,35450.0,138587.5
KK Nagar ATM,2017-01-12,316200,thursday,W,3,12,1,2,0,0,37539.28571428572,49062.5
KK Nagar ATM,2017-01-13,122900,friday,W,4,13,1,2,0,0,48342.857142857145,304825.0
KK Nagar ATM,2017-01-14,33000,saturday,H,5,14,1,2,0,0,52389.28571428572,200375.0
KK Nagar ATM,2017-01-15,4800,sunday,H,6,15,1,3,0,0,53153.57142857143,199250.0
KK Nagar ATM,2017-01-16,117700,monday,H,0,16,1,3,0,0,52807.142857142855,73900.0
KK Nagar ATM,2017-01-17,61400,tuesday,W,1,17,1,3,0,0,56189.28571428572,335012.5
KK Nagar ATM,2017-01-18,230500,wednesday,W,2,18,1,3,0,0,57150.0,75325.0
KK Nagar ATM,2017-01-19,46500,thursday,W,3,19,1,3,0,0,64296.42857142857,56550.0
KK Nagar ATM,2017-01-20,190300,friday,W,4,20,1,3,0,0,65114.28571428572,156212.5
KK Nagar ATM,2017-01-21,32000,saturday,H,5,21,1,3,0,0,71210.71428571429,121587.5
KK Nagar ATM,2017-01-23,156700,monday,W,0,23,1,4,0,0,71232.14285714286,43150.0
KK Nagar ATM,2017-01-24,66800,tuesday,W,1,24,1,4,0,0,75575.0,257612.5
KK Nagar ATM,2017-01-25,91900,wednesday,W,2,25,1,4,0,0,77760.71428571429,34600.0
KK Nagar ATM,2017-01-26,6000,thursday,H,3,26,1,4,0,0,80725.0,68025.0
KK Nagar ATM,2017-01-27,70100,friday,W,4,27,1,4,0,0,80200.0,102350.0
KK Nagar ATM,2017-01-28,127100,saturday,H,5,28,1,4,0,0,81296.42857142857,56875.0
KK Nagar ATM,2017-01-30,172800,monday,W,0,30,1,5,0,1,85071.42857142857,36187.5
KK Nagar ATM,2017-01-31,533900,tuesday,W,1,31,1,5,0,1,89910.71428571429,187912.5
KK Nagar ATM,2017-02-01,220100,wednesday,W,2,1,2,1,1,0,108960.71428571429,100137.5
KK Nagar ATM,2017-02-02,65100,thursday,W,3,2,2,1,1,0,115307.14285714286,94087.5
KK Nagar ATM,2017-02-03,52100,friday,W,4,3,2,1,1,0,116375.0,80187.5
KK Nagar ATM,2017-02-04,302000,saturday,H,5,4,2,1,0,0,115453.57142857143,63200.0
KK Nagar ATM,2017-02-06,41000,monday,W,0,6,2,1,0,0,120817.85714285714,73875.0
KK Nagar ATM,2017-02-07,79100,tuesday,W,1,7,2,1,0,0,121496.42857142857,124337.5
KK Nagar ATM,2017-02-08,12100,wednesday,W,2,8,2,2,0,0,120357.14285714286,107575.0
KK Nagar ATM,2017-02-09,3000,thursday,W,3,9,2,2,0,0,117914.28571428571,91675.0
KK Nagar ATM,2017-02-11,20300,saturday,H,5,11,2,2,0,0,116782.14285714286,63100.0
KK Nagar ATM,2017-02-13,508100,monday,W,0,13,2,2,0,0,116071.42857142857,74700.0
KK Nagar ATM,2017-02-14,250200,tuesday,W,1,14,2,2,0,0,131553.57142857142,137125.0
KK Nagar ATM,2017-02-15,130600,wednesday,W,2,15,2,3,0,0,129196.42857142857,134462.5
KK Nagar ATM,2017-02-16,263800,thursday,W,3,16,2,3,0,0,129471.42857142857,107300.0
KK Nagar ATM,2017-02-17,10900,friday,W,4,17,2,3,0,0,137714.2857142857,112912.5
KK Nagar ATM,2017-02-18,66500,saturday,H,5,18,2,3,0,0,137932.14285714287,61587.5
KK Nagar ATM,2017-02-19,40600,sunday,H,6,19,2,3,0,0,136103.57142857142,150087.5
KK Nagar ATM,2017-02-20,173100,monday,W,0,20,2,3,0,0,135360.7142857143,75975.0
KK Nagar ATM,2017-02-21,167700,tuesday,W,1,21,2,3,0,0,133310.7142857143,155812.5
KK Nagar ATM,2017-02-22,137600,wednesday,W,2,22,2,4,0,0,137639.2857142857,154312.5
KK Nagar ATM,2017-02-23,374900,thursday,W,3,23,2,4,0,0,135757.14285714287,121912.5
KK Nagar ATM,2017-02-24,20900,friday,W,4,24,2,4,0,0,148003.57142857142,157962.5
KK Nagar ATM,2017-02-25,50600,saturday,H,5,25,2,4,0,0,143153.57142857142,61525.0
KK Nagar ATM,2017-02-27,464300,monday,W,0,27,2,4,0,1,142575.0,82237.5
KK Nagar ATM,2017-02-28,31500,tuesday,W,1,28,2,4,0,1,155875.0,208550.0
KK Nagar ATM,2017-03-01,42400,wednesday,W,2,1,3,1,1,0,156785.7142857143,153850.0
KK Nagar ATM,2017-03-02,225500,thursday,W,3,2,3,1,1,0,155796.42857142858,117475.0
KK Nagar ATM,2017-03-03,7000,friday,W,4,3,3,1,1,0,159310.7142857143,181225.0
KK Nagar ATM,2017-03-04,237800,saturday,H,5,4,3,1,0,0,153389.2857142857,59650.0
KK Nagar ATM,2017-03-05,100,sunday,H,6,5,3,1,0,0,142814.2857142857,132962.5
KK Nagar ATM,2017-03-14,400,tuesday,W,1,14,3,2,0,0,134957.14285714287,204225.0
KK Nagar ATM,2017-03-17,232900,friday,W,4,17,3,3,0,0,132646.42857142858,162300.0
KK Nagar ATM,2017-03-18,305900,saturday,H,5,18,3,3,0,0,139103.57142857142,73400.0
KK Nagar ATM,2017-03-19,32900,sunday,H,6,19,3,3,0,0,139242.85714285713,105262.5
KK Nagar ATM,2017-03-20,512400,monday,W,0,20,3,3,0,0,138953.57142857142,76287.5
KK Nagar ATM,2017-03-21,310600,tuesday,W,1,21,3,3,0,0,154428.57142857142,253562.5
KK Nagar ATM,2017-03-22,186600,wednesday,W,2,22,3,4,0,0,165089.2857142857,187650.0
KK Nagar ATM,2017-03-23,633700,thursday,W,3,23,3,4,0,0,171646.42857142858,131475.0
KK Nagar ATM,2017-03-24,402100,friday,W,4,24,3,4,0,0,193553.57142857142,201987.5
KK Nagar ATM,2017-03-25,29100,saturday,H,5,25,3,4,0,0,189767.85714285713,99875.0
KK Nagar ATM,2017-03-26,97300,sunday,H,6,26,3,4,0,0,181871.42857142858,106887.5
KK Nagar ATM,2017-03-27,387900,monday,W,0,27,3,4,0,0,180682.14285714287,87850.0
KK Nagar ATM,2017-03-28,397600,tuesday,W,1,28,3,4,0,0,185114.2857142857,282462.5
KK Nagar ATM,2017-03-29,1260700,wednesday,H,2,29,3,5,0,1,198925.0,229675.0
KK Nagar ATM,2017-03-30,438600,thursday,W,3,30,3,5,0,1,241575.0,260250.0
KK Nagar ATM,2017-03-31,916900,friday,W,4,31,3,5,0,1,255789.2857142857,251000.0
KK Nagar ATM,2017-04-01,1782200,saturday,H,5,1,4,1,1,0,282353.5714285714,205725.0
KK Nagar ATM,2017-04-02,1042300,sunday,H,6,2,4,1,1,0,340014.28571428574,325350.0
KK Nagar ATM,2017-04-03,2039700,monday,W,0,3,4,1,1,0,372325.0,214137.5
KK Nagar ATM,2017-04-04,671400,tuesday,W,1,4,4,1,0,0,431782.14285714284,515825.0
KK Nagar ATM,2017-04-05,793800,wednesday,W,2,5,4,1,0,0,455014.28571428574,305250.0
KK Nagar ATM,2017-04-06,534000,thursday,W,3,6,4,1,0,0,481557.14285714284,347987.5
KK Nagar ATM,2017-04-07,633900,friday,W,4,7,4,1,0,0,484046.4285714286,317000.0
KK Nagar ATM,2017-04-08,1026000,saturday,H,5,8,4,2,0,0,505560.71428571426,278450.0
KK Nagar ATM,2017-04-09,118400,sunday,H,6,9,4,2,0,0,540689.2857142857,448937.5
KK Nagar ATM,2017-04-10,1642700,monday,W,0,10,4,2,0,0,536864.2857142857,213050.0
KK Nagar ATM,2017-04-11,202400,tuesday,W,1,11,4,2,0,0,595282.1428571428,716037.5
KK Nagar ATM,2017-04-12,651900,wednesday,W,2,12,4,2,0,0,594017.8571428572,263812.5
KK Nagar ATM,2017-04-13,485200,thursday,W,3,13,4,2,0,0,617296.4285714285,401962.5
KK Nagar ATM,2017-04-14,605200,friday,H,4,14,4,2,0,0,634610.7142857143,369512.5
KK Nagar ATM,2017-04-15,1211400,saturday,H,5,15,4,3,0,0,647907.1428571428,353725.0
KK Nagar ATM,2017-04-16,777800,sunday,H,6,16,4,3,0,0,680246.4285714285,586487.5
KK Nagar ATM,2017-04-17,703200,monday,W,0,17,4,3,0,0,706850.0,272525.0
KK Nagar ATM,2017-04-18,420800,tuesday,W,1,18,4,3,0,0,713664.2857142857,740425.0
KK Nagar ATM,2017-04-19,553600,wednesday,W,2,19,4,3,0,0,717600.0,306525.0
KK Nagar ATM,2017-04-20,377200,thursday,W,3,20,4,3,0,0,730707.1428571428,469650.0
KK Nagar ATM,2017-04-21,347000,friday,W,4,21,4,3,0,0,721546.4285714285,383687.5
KK Nagar ATM,2017-04-22,544700,saturday,H,5,22,4,4,0,0,719578.5714285715,395737.5
KK Nagar ATM,2017-04-23,301500,sunday,H,6,23,4,4,0,0,737992.8571428572,650450.0
KK Nagar ATM,2017-04-24,1551000,monday,W,0,24,4,4,0,0,745285.7142857143,307675.0
KK Nagar ATM,2017-04-25,271700,tuesday,W,1,25,4,4,0,0,786825.0,912662.5
KK Nagar ATM,2017-04-26,1045500,wednesday,W,2,26,4,4,0,0,782328.5714285715,309212.5
KK Nagar ATM,2017-04-27,617600,thursday,W,3,27,4,4,0,0,774642.8571428572,584012.5
KK Nagar ATM,2017-04-28,578600,friday,W,4,28,4,4,0,1,781035.7142857143,414025.0
KK Nagar ATM,2017-04-29,1052500,saturday,H,5,29,4,5,0,1,768953.5714285715,465450.0
KK Nagar ATM,2017-04-30,421100,sunday,H,6,30,4,5,0,1,742892.8571428572,773700.0
KK Nagar ATM,2017-05-01,502300,monday,H,0,1,5,1,1,0,720707.1428571428,355237.5
KK Nagar ATM,2017-05-02,837600,tuesday,W,1,2,5,1,1,0,665800.0,917412.5
KK Nagar ATM,2017-05-03,1090300,wednesday,W,2,3,5,1,1,0,671735.7142857143,392950.0
KK Nagar ATM,2017-05-04,1354900,thursday,W,3,4,5,1,0,0,682325.0,703100.0
KK Nagar ATM,2017-05-05,468500,friday,W,4,5,5,1,0,0,711642.8571428572,555200.0
KK Nagar ATM,2017-05-06,990100,saturday,H,5,6,5,1,0,0,705735.7142857143,523137.5
KK Nagar ATM,2017-05-07,37500,sunday,H,6,7,5,1,0,0,704453.5714285715,867737.5
KK Nagar ATM,2017-05-08,435400,monday,W,0,8,5,2,0,0,701564.2857142857,353600.0
KK Nagar ATM,2017-05-09,193200,tuesday,W,1,9,5,2,0,0,658446.4285714285,971825.0
KK Nagar ATM,2017-05-10,139600,wednesday,W,2,10,5,2,0,0,658117.8571428572,413162.5
KK Nagar ATM,2017-05-11,557300,thursday,W,3,11,5,2,0,0,639821.4285714285,715250.0
KK Nagar ATM,2017-05-12,221800,friday,W,4,12,5,2,0,0,642396.4285714285,624812.5
KK Nagar ATM,2017-05-13,263100,saturday,H,5,13,5,2,0,0,628703.5714285715,521750.0
KK Nagar ATM,2017-05-14,19300,sunday,H,6,14,5,2,0,0,594835.7142857143,862387.5
KK Nagar ATM,2017-05-15,359400,monday,W,0,15,5,3,0,0,567746.4285714285,351900.0
KK Nagar ATM,2017-05-16,354600,tuesday,W,1,16,5,3,0,0,555467.8571428572,952700.0
KK Nagar ATM,2017-05-17,727800,wednesday,W,2,17,5,3,0,0,553103.5714285715,418662.5
KK Nagar ATM,2017-05-18,265900,thursday,W,3,18,5,3,0,0,559325.0,782900.0
KK Nagar ATM,2017-05-19,574200,friday,W,4,19,5,3,0,0,555350.0,578837.5
KK Nagar ATM,2017-05-20,434400,saturday,H,5,20,5,3,0,0,563464.2857142857,543262.5
KK Nagar ATM,2017-05-21,526200,sunday,H,6,21,5,3,0,0,559525.0,913050.0
KK Nagar ATM,2017-05-22,873900,monday,W,0,22,5,4,0,0,567550.0,405512.5
KK Nagar ATM,2017-05-23,772200,tuesday,W,1,23,5,4,0,0,543367.8571428572,1013450.0
KK Nagar ATM,2017-05-24,746500,wednesday,W,2,24,5,4,0,0,561242.8571428572,465487.5
KK Nagar ATM,2017-05-25,924000,thursday,W,3,25,5,4,0,0,550564.2857142857,718625.0
KK Nagar ATM,2017-05-26,462200,friday,W,4,26,5,4,0,0,561507.1428571428,639512.5
KK Nagar ATM,2017-05-27,735400,saturday,H,5,27,5,4,0,0,557350.0,486425.0
KK Nagar ATM,2017-05-28,1092400,sunday,H,6,28,5,4,0,0,546025.0,782200.0
KK Nagar ATM,2017-05-29,867400,monday,W,0,29,5,5,0,1,570000.0,411775.0
KK Nagar ATM,2017-05-30,491800,tuesday,W,1,30,5,5,0,1,583039.2857142857,866912.5
KK Nagar ATM,2017-05-31,614100,wednesday,W,2,31,5,5,0,1,570689.2857142857,443037.5
KK Nagar ATM,2017-06-01,786800,thursday,W,3,1,6,1,1,0,553682.1428571428,696162.5
KK Nagar ATM,2017-06-02,665900,friday,W,4,2,6,1,1,0,533392.8571428572,671112.5
KK Nagar ATM,2017-06-03,1416300,saturday,H,5,3,6,1,1,0,540442.8571428572,490425.0
KK Nagar ATM,2017-06-04,717500,sunday,H,6,4,6,1,0,0,555664.2857142857,830987.5
KK Nagar ATM,2017-06-05,1004200,monday,W,0,5,6,1,0,0,579950.0,486662.5
KK Nagar ATM,2017-06-06,923000,tuesday,W,1,6,6,1,0,0,600264.2857142857,787100.0
KK Nagar ATM,2017-06-07,819100,wednesday,W,2,7,6,1,0,0,626328.5714285715,533112.5
KK Nagar ATM,2017-06-08,1077400,thursday,W,3,8,6,2,0,0,650596.4285714285,717062.5
KK Nagar ATM,2017-06-09,871100,friday,W,4,9,6,2,0,0,669171.4285714285,745137.5
KK Nagar ATM,2017-06-10,597800,saturday,H,5,10,6,2,0,0,692360.7142857143,523662.5
KK Nagar ATM,2017-06-11,626500,sunday,H,6,11,6,2,0,0,704314.2857142857,754287.5
KK Nagar ATM,2017-06-12,630500,monday,W,0,12,6,2,0,0,726000.0,467750.0
KK Nagar ATM,2017-06-13,537800,tuesday,W,1,13,6,2,0,0,735682.1428571428,778012.5
KK Nagar ATM,2017-06-14,132200,wednesday,W,2,14,6,2,0,0,742225.0,547737.5
KK Nagar ATM,2017-06-15,322800,thursday,W,3,15,6,3,0,0,720953.5714285715,664387.5
KK Nagar ATM,2017-06-16,484800,friday,W,4,16,6,3,0,0,722985.7142857143,738337.5
KK Nagar ATM,2017-06-17,651900,saturday,H,5,17,6,3,0,0,719792.8571428572,540887.5
KK Nagar ATM,2017-06-18,413300,sunday,H,6,18,6,3,0,0,727560.7142857143,767687.5
KK Nagar ATM,2017-06-19,260700,monday,W,0,19,6,3,0,0,723528.5714285715,481725.0
KK Nagar ATM,2017-06-20,399200,tuesday,W,1,20,6,3,0,0,701628.5714285715,616725.0
KK Nagar ATM,2017-06-21,885000,wednesday,W,2,21,6,3,0,0,688307.1428571428,563675.0
KK Nagar ATM,2017-06-22,568700,thursday,W,3,22,6,4,0,0,693253.5714285715,644325.0
KK Nagar ATM,2017-06-23,791200,friday,W,4,23,6,4,0,0,680564.2857142857,732225.0
KK Nagar ATM,2017-06-24,421000,saturday,H,5,24,6,4,0,0,692314.2857142857,567462.5
KK Nagar ATM,2017-06-25,92200,sunday,H,6,25,6,4,0,0,681085.7142857143,688750.0
KK Nagar ATM,2017-06-26,186200,monday,H,0,26,6,4,0,0,645364.2857142857,440612.5
KK Nagar ATM,2017-06-27,537500,tuesday,W,1,27,6,4,0,0,621035.7142857143,577212.5
KK Nagar ATM,2017-06-28,688700,wednesday,W,2,28,6,4,0,1,622667.8571428572,526162.5
KK Nagar ATM,2017-06-29,1129300,thursday,W,3,29,6,5,0,1,625332.1428571428,594125.0
KK Nagar ATM,2017-06-30,1302500,friday,W,4,30,6,5,0,1,637564.2857142857,704025.0
KK Nagar ATM,2017-07-01,950600,saturday,H,5,1,7,1,1,0,660300.0,671712.5
KK Nagar ATM,2017-07-02,704500,sunday,H,6,2,7,1,1,0,643667.8571428572,683812.5
KK Nagar ATM,2017-07-03,732000,monday,W,0,3,7,1,1,0,643203.5714285715,523987.5
KK Nagar ATM,2017-07-04,482300,tuesday,W,1,4,7,1,0,0,633482.1428571428,614287.5
KK Nagar ATM,2017-07-05,499600,wednesday,W,2,5,7,1,0,0,617742.8571428572,562300.0
KK Nagar ATM,2017-07-06,379500,thursday,W,3,6,7,1,0,0,606332.1428571428,639125.0
KK Nagar ATM,2017-07-07,359600,friday,W,4,7,7,1,0,0,581407.1428571428,681800.0
KK Nagar ATM,2017-07-08,323000,saturday,H,5,8,7,2,0,0,563139.2857142857,688937.5
KK Nagar ATM,2017-07-10,665600,monday,W,0,10,7,2,0,0,553325.0,561950.0
KK Nagar ATM,2017-07-11,342600,tuesday,W,1,11,7,2,0,0,554721.4285714285,652562.5
KK Nagar ATM,2017-07-12,659200,wednesday,W,2,12,7,2,0,0,544439.2857142857,560800.0
KK Nagar ATM,2017-07-13,413400,thursday,W,3,13,7,2,0,0,548775.0,630550.0
KK Nagar ATM,2017-07-14,349200,friday,W,4,14,7,2,0,0,558817.8571428572,700237.5
KK Nagar ATM,2017-07-15,579200,saturday,H,5,15,7,3,0,0,559760.7142857143,660812.5
KK Nagar ATM,2017-07-17,311000,monday,W,0,17,7,3,0,0,563132.1428571428,568575.0
KK Nagar ATM,2017-07-18,372100,tuesday,W,1,18,7,3,0,0,550957.1428571428,582200.0
KK Nagar ATM,2017-07-19,263400,wednesday,W,2,19,7,3,0,0,549485.7142857143,510787.5
KK Nagar ATM,2017-07-20,103400,thursday,W,3,20,7,3,0,0,549582.1428571428,570162.5
KK Nagar ATM,2017-07-21,358800,friday,W,4,21,7,3,0,0,539017.8571428572,597662.5
KK Nagar ATM,2017-07-24,96400,monday,W,0,24,7,4,0,0,520225.0,476875.0
KK Nagar ATM,2017-07-25,122700,tuesday,W,1,25,7,4,0,0,503357.14285714284,485825.0
KK Nagar ATM,2017-07-26,103500,wednesday,W,2,26,7,4,0,0,479482.14285714284,464650.0
KK Nagar ATM,2017-07-27,324400,thursday,W,3,27,7,4,0,0,468142.85714285716,506337.5
KK Nagar ATM,2017-07-28,459300,friday,W,4,28,7,4,0,0,476435.71428571426,539862.5
KK Nagar ATM,2017-07-29,46000,saturday,H,5,29,7,5,0,1,486189.28571428574,660450.0
KK Nagar ATM,2017-08-02,81700,wednesday,W,2,2,8,1,1,0,468635.71428571426,355025.0
KK Nagar ATM,2017-08-03,330900,thursday,W,3,3,8,1,1,0,446957.14285714284,414162.5
KK Nagar ATM,2017-08-04,297000,friday,W,4,4,8,1,0,0,418442.85714285716,446550.0
KK Nagar ATM,2017-08-05,187500,saturday,H,5,5,8,1,0,0,382532.14285714284,614337.5
KK Nagar ATM,2017-08-06,640200,sunday,H,6,6,8,1,0,0,355278.5714285714,674362.5
KK Nagar ATM,2017-08-07,201000,monday,W,0,7,8,1,0,0,352982.14285714284,467212.5
KK Nagar ATM,2017-08-08,604200,tuesday,W,1,8,8,2,0,0,334017.85714285716,385425.0
KK Nagar ATM,2017-08-09,590300,wednesday,W,2,9,8,2,0,0,338371.4285714286,363325.0
KK Nagar ATM,2017-08-10,493500,thursday,W,3,10,8,2,0,0,341610.71428571426,471425.0
KK Nagar ATM,2017-08-11,895900,friday,W,4,11,8,2,0,0,345682.14285714284,467887.5
KK Nagar ATM,2017-08-12,660500,saturday,H,5,12,8,2,0,0,364835.71428571426,617437.5
KK Nagar ATM,2017-08-13,255200,sunday,H,6,13,8,2,0,0,376889.28571428574,702625.0
KK Nagar ATM,2017-08-14,401400,monday,W,0,14,8,2,0,0,362232.14285714284,420800.0
KK Nagar ATM,2017-08-15,672200,tuesday,H,1,15,8,3,0,0,364332.14285714284,356787.5
KK Nagar ATM,2017-08-16,1132800,wednesday,H,2,16,8,3,0,0,364796.4285714286,397450.0
KK Nagar ATM,2017-08-17,205900,thursday,W,3,17,8,3,0,0,390489.28571428574,502400.0
KK Nagar ATM,2017-08-18,271300,friday,W,4,18,8,3,0,0,385371.4285714286,422537.5
KK Nagar ATM,2017-08-19,468200,saturday,H,5,19,8,3,0,0,374375.0,590750.0
KK Nagar ATM,2017-08-20,100300,sunday,H,6,20,8,3,0,0,379989.28571428574,669225.0
KK Nagar ATM,2017-08-21,447500,monday,W,0,21,8,3,0,0,370282.14285714284,381675.0
KK Nagar ATM,2017-08-22,558900,tuesday,W,1,22,8,4,0,0,376857.14285714284,380137.5
KK Nagar ATM,2017-08-23,339500,wednesday,W,2,23,8,4,0,0,393125.0,400125.0
KK Nagar ATM,2017-08-24,754500,thursday,W,3,24,8,4,0,0,392435.71428571426,458750.0
KK Nagar ATM,2017-08-25,442500,friday,H,4,25,8,4,0,0,415939.28571428574,375687.5
KK Nagar ATM,2017-08-26,473500,saturday,H,5,26,8,4,0,0,427360.71428571426,547162.5
KK Nagar ATM,2017-08-28,739100,monday,W,0,28,8,4,0,0,440575.0,429337.5
KK Nagar ATM,2017-08-29,763300,tuesday,W,1,29,8,5,0,1,455385.71428571426,449250.0
KK Nagar ATM,2017-08-30,1021600,wednesday,W,2,30,8,5,0,1,466242.85714285716,435250.0
KK Nagar ATM,2017-08-31,527300,thursday,W,3,31,8,5,0,1,501085.71428571426,524000.0
KK Nagar ATM,2017-09-01,500200,friday,W,4,1,9,1,1,0,517000.0,394162.5
Mount Road ATM,2011-01-16,205300,sunday,H,6,16,1,3,0,0,649513.3333333334,587033.3333333334
Mount Road ATM,2011-01-17,221900,monday,H,0,17,1,3,0,0,621750.0,495466.6666666667
Mount Road ATM,2011-01-18,405200,tuesday,W,1,18,1,3,0,0,598229.4117647059,607066.6666666666
Mount Road ATM,2011-01-19,537700,wednesday,W,2,19,1,3,0,0,587505.5555555555,579066.6666666666
Mount Road ATM,2011-01-20,565500,thursday,W,3,20,1,3,0,0,584884.2105263158,646566.6666666666
Mount Road ATM,2011-01-21,450400,friday,W,4,21,1,3,0,0,583915.0,635333.3333333334
Mount Road ATM,2011-01-22,455600,saturday,H,5,22,1,4,0,0,577557.1428571428,492366.6666666667
Mount Road ATM,2011-01-23,352100,sunday,H,6,23,1,4,0,0,572013.6363636364,554175.0
Mount Road ATM,2011-01-24,498900,monday,W,0,24,1,4,0,0,562452.1739130435,459625.0
Mount Road ATM,2011-01-25,439300,tuesday,W,1,25,1,4,0,0,559804.1666666666,580025.0
Mount Road ATM,2011-01-26,255400,wednesday,H,2,26,1,4,0,0,554984.0,544125.0
Mount Road ATM,2011-01-27,461500,thursday,W,3,27,1,4,0,0,543461.5384615385,548775.0
Mount Road ATM,2011-01-28,336300,friday,W,4,28,1,4,0,0,540425.925925926,591875.0
Mount Road ATM,2011-01-29,428000,saturday,H,5,29,1,5,0,1,533135.7142857143,453350.0
Mount Road ATM,2011-01-30,296400,sunday,H,6,30,1,5,0,1,520996.4285714286,528940.0
Mount Road ATM,2011-01-31,515100,monday,W,0,31,1,5,0,1,512678.5714285714,426980.0
Mount Road ATM,2011-02-01,631800,tuesday,W,1,1,2,1,1,0,499035.71428571426,567040.0
Mount Road ATM,2011-02-02,714900,wednesday,W,2,2,2,1,1,0,492100.0,561660.0
Mount Road ATM,2011-02-03,593000,thursday,W,3,3,2,1,1,0,490689.28571428574,582000.0
Mount Road ATM,2011-02-04,615700,friday,W,4,4,2,1,0,0,482075.0,592100.0
Mount Road ATM,2011-02-05,1007100,saturday,H,5,5,2,1,0,0,483517.85714285716,485820.0
Mount Road ATM,2011-02-06,499900,sunday,H,6,6,2,1,0,0,491175.0,608633.3333333334
Mount Road ATM,2011-02-07,622800,monday,W,0,7,2,1,0,0,482178.5714285714,439133.3333333333
Mount Road ATM,2011-02-08,620200,tuesday,W,1,8,2,2,0,0,479342.85714285716,576333.3333333334
Mount Road ATM,2011-02-09,649100,wednesday,W,2,9,2,2,0,0,483421.4285714286,571416.6666666666
Mount Road ATM,2011-02-10,508500,thursday,W,3,10,2,2,0,0,483475.0,593183.3333333334
Mount Road ATM,2011-02-11,462500,friday,W,4,11,2,2,0,0,483553.5714285714,578166.6666666666
Mount Road ATM,2011-02-12,357100,saturday,H,5,12,2,2,0,0,483950.0,481933.3333333333
Mount Road ATM,2011-02-13,359400,sunday,H,6,13,2,2,0,0,489542.85714285716,572700.0
Mount Road ATM,2011-02-14,413100,monday,W,0,14,2,2,0,0,495046.4285714286,427742.85714285716
Mount Road ATM,2011-02-15,499900,tuesday,W,1,15,2,3,0,0,501875.0,553014.2857142857
Mount Road ATM,2011-02-16,317300,wednesday,H,2,16,2,3,0,0,505257.14285714284,561200.0
Mount Road ATM,2011-02-17,549900,thursday,W,3,17,2,3,0,0,497385.71428571426,553771.4285714285
Mount Road ATM,2011-02-18,484200,friday,W,4,18,2,3,0,0,496828.5714285714,574128.5714285715
Mount Road ATM,2011-02-19,441400,saturday,H,5,19,2,3,0,0,498035.71428571426,482257.14285714284
Mount Road ATM,2011-02-20,407300,sunday,H,6,20,2,3,0,0,497528.5714285714,556287.5
Mount Road ATM,2011-02-21,456400,monday,W,0,21,2,3,0,0,499500.0,425187.5
Mount Road ATM,2011-02-22,479200,tuesday,W,1,22,2,4,0,0,497982.14285714284,540937.5
Mount Road ATM,2011-02-23,379700,wednesday,W,2,23,2,4,0,0,499407.14285714284,550950.0
Mount Road ATM,2011-02-24,391600,thursday,W,3,24,2,4,0,0,503846.4285714286,532012.5
Mount Road ATM,2011-02-25,339300,friday,W,4,25,2,4,0,0,501350.0,551312.5
Mount Road ATM,2011-02-26,470600,saturday,H,5,26,2,4,0,1,501457.14285714284,464387.5
Mount Road ATM,2011-02-27,8100,sunday,H,6,27,2,4,0,1,502978.5714285714,519125.0
Mount Road ATM,2011-02-28,572800,monday,W,0,28,2,4,0,1,492682.14285714284,360037.5
Mount Road ATM,2011-03-01,730000,tuesday,W,1,1,3,1,1,0,494742.85714285716,500400.0
Mount Road ATM,2011-03-02,610800,wednesday,W,2,2,3,1,1,0,498250.0,538950.0
Mount Road ATM,2011-03-03,766800,thursday,W,3,3,3,1,1,0,494532.14285714284,514062.5
Mount Road ATM,2011-03-04,738900,friday,W,4,4,3,1,0,0,500739.28571428574,542887.5
Mount Road ATM,2011-03-05,1005600,saturday,H,5,5,3,1,0,0,505139.28571428574,484837.5
Mount Road ATM,2011-03-06,668600,sunday,H,6,6,3,1,0,0,505085.71428571426,545737.5
Mount Road ATM,2011-03-07,644900,monday,W,0,7,3,1,0,0,511110.71428571426,349637.5
Mount Road ATM,2011-03-08,950400,tuesday,W,1,8,3,2,0,0,511900.0,493237.5
Mount Road ATM,2011-03-09,620900,wednesday,W,2,9,3,2,0,0,523692.85714285716,594500.0
Mount Road ATM,2011-03-10,529900,thursday,W,3,10,3,2,0,0,522685.71428571426,510725.0
Mount Road ATM,2011-03-11,441100,friday,W,4,11,3,2,0,0,523450.0,545837.5
Mount Road ATM,2011-03-12,502900,saturday,H,5,12,3,2,0,0,522685.71428571426,483550.0
Mount Road ATM,2011-03-13,301800,sunday,H,6,13,3,2,0,0,527892.8571428572,583537.5
Mount Road ATM,2011-03-14,566800,monday,W,0,14,3,2,0,0,525835.7142857143,361700.0
Mount Road ATM,2011-03-15,513000,tuesday,W,1,15,3,3,0,0,531325.0,536350.0
Mount Road ATM,2011-03-16,525600,wednesday,W,2,16,3,3,0,0,531792.8571428572,607975.0
Mount Road ATM,2011-03-17,395500,thursday,W,3,17,3,3,0,0,539232.1428571428,509212.5
Mount Road ATM,2011-03-18,533600,friday,W,4,18,3,3,0,0,533717.8571428572,524587.5
Mount Road ATM,2011-03-19,544000,saturday,H,5,19,3,3,0,0,535482.1428571428,493950.0
Mount Road ATM,2011-03-20,395200,sunday,H,6,20,3,3,0,0,539146.4285714285,594587.5
Mount Road ATM,2011-03-21,336000,monday,W,0,21,3,3,0,0,538714.2857142857,367087.5
Mount Road ATM,2011-03-22,288500,tuesday,W,1,22,3,4,0,0,534414.2857142857,515987.5
Mount Road ATM,2011-03-23,465300,wednesday,W,2,23,3,4,0,0,527603.5714285715,589125.0
Mount Road ATM,2011-03-24,365900,thursday,W,3,24,3,4,0,0,530660.7142857143,535450.0
Mount Road ATM,2011-03-25,390200,friday,W,4,25,3,4,0,0,529742.8571428572,512637.5
Mount Road ATM,2011-03-26,320500,saturday,H,5,26,3,4,0,0,531560.7142857143,500687.5
Mount Road ATM,2011-03-27,332700,sunday,H,6,27,3,4,0,0,526200.0,581150.0
Mount Road ATM,2011-03-28,410200,monday,W,0,28,3,4,0,0,537792.8571428572,371625.0
Mount Road ATM,2011-03-29,538800,tuesday,W,1,29,3,5,0,1,531985.7142857143,502875.0
Mount Road ATM,2011-03-30,475100,wednesday,W,2,30,3,5,0,1,525157.1428571428,577500.0
Mount Road ATM,2011-03-31,456500,thursday,W,3,31,3,5,0,1,520310.71428571426,505475.0
Mount Road ATM,2011-04-01,464800,friday,W,4,1,4,1,1,0,509228.5714285714,495575.0
Mount Road ATM,2011-04-02,776400,saturday,H,5,2,4,1,1,0,499439.28571428574,481825.0
Mount Road ATM,2011-04-03,445500,sunday,H,6,3,4,1,1,0,491253.5714285714,552312.5
Mount Road ATM,2011-04-04,608500,monday,W,0,4,4,1,0,0,483285.71428571426,364825.0
Mount Road ATM,2011-04-05,734200,tuesday,W,1,5,4,1,0,0,481985.71428571426,501087.5
Mount Road ATM,2011-04-06,638500,wednesday,W,2,6,4,1,0,0,474264.28571428574,591750.0
Mount Road ATM,2011-04-07,688000,thursday,W,3,7,4,1,0,0,474892.85714285716,504150.0
Mount Road ATM,2011-04-08,774300,friday,W,4,8,4,2,0,0,480539.28571428574,518012.5
Mount Road ATM,2011-04-09,602200,saturday,H,5,9,4,2,0,0,492439.28571428574,520800.0
Mount Road ATM,2011-04-10,442300,sunday,H,6,10,4,2,0,0,495985.71428571426,582950.0
Mount Road ATM,2011-04-11,679100,monday,W,0,11,4,2,0,0,501003.5714285714,375187.5
Mount Road ATM,2011-04-12,559200,tuesday,H,1,12,4,2,0,0,505014.28571428574,534337.5
Mount Road ATM,2011-04-13,362400,wednesday,W,2,13,4,2,0,0,506664.28571428574,599162.5
Mount Road ATM,2011-04-14,288700,thursday,H,3,14,4,2,0,0,500835.71428571426,509787.5
Mount Road ATM,2011-04-15,508300,friday,W,4,15,4,3,0,0,497021.4285714286,485362.5
Mount Road ATM,2011-04-16,515400,saturday,H,5,16,4,3,0,0,496117.85714285716,523812.5
Mount Road ATM,2011-04-17,538600,sunday,H,6,17,4,3,0,0,495096.4285714286,592200.0
Mount Road ATM,2011-04-18,430500,monday,W,0,18,4,3,0,0,500217.85714285716,391600.0
Mount Road ATM,2011-04-19,673500,tuesday,W,1,19,4,3,0,0,503592.85714285716,531100.0
Mount Road ATM,2011-04-20,530100,wednesday,W,2,20,4,3,0,0,517342.85714285716,623450.0
Mount Road ATM,2011-04-21,361600,thursday,W,3,21,4,3,0,0,519657.14285714284,528587.5
Mount Road ATM,2011-04-22,397800,friday,H,4,22,4,4,0,0,519503.5714285714,481612.5
Mount Road ATM,2011-04-23,552300,saturday,H,5,23,4,4,0,0,519775.0,531125.0
Mount Road ATM,2011-04-24,278300,sunday,H,6,24,4,4,0,0,528053.5714285715,602412.5
Mount Road ATM,2011-04-25,251700,monday,W,0,25,4,4,0,0,526110.7142857143,425375.0
Mount Road ATM,2011-04-26,336900,tuesday,W,1,26,4,4,0,0,520450.0,490962.5
Mount Road ATM,2011-04-27,402200,wednesday,W,2,27,4,4,0,0,513239.28571428574,574312.5
Mount Road ATM,2011-04-28,354000,thursday,W,3,28,4,4,0,1,510635.71428571426,502512.5
Mount Road ATM,2011-04-29,382500,friday,W,4,29,4,5,0,1,506975.0,430012.5
Mount Road ATM,2011-04-30,813600,saturday,H,5,30,4,5,0,1,504035.71428571426,486575.0
Mount Road ATM,2011-05-01,636000,sunday,H,6,1,5,1,1,0,505364.28571428574,578412.5
Mount Road ATM,2011-05-02,361600,monday,W,0,2,5,1,1,0,512167.85714285716,421300.0
Mount Road ATM,2011-05-03,891100,tuesday,W,1,3,5,1,1,0,503350.0,455550.0
Mount Road ATM,2011-05-04,524100,wednesday,W,2,4,5,1,0,0,508953.5714285714,566900.0
Mount Road ATM,2011-05-05,730500,thursday,W,3,5,5,1,0,0,504867.85714285716,490412.5
Mount Road ATM,2011-05-06,653900,friday,W,4,6,5,1,0,0,506385.71428571426,455087.5
Mount Road ATM,2011-05-07,709400,saturday,H,5,7,5,1,0,0,502085.71428571426,513175.0
Mount Road ATM,2011-05-08,526600,sunday,H,6,8,5,2,0,0,505914.28571428574,604225.0
Mount Road ATM,2011-05-09,495800,monday,W,0,9,5,2,0,0,508925.0,449400.0
Mount Road ATM,2011-05-10,660600,tuesday,W,1,10,5,2,0,0,502378.5714285714,446675.0
Mount Road ATM,2011-05-11,789100,wednesday,W,2,11,5,2,0,0,506000.0,585350.0
Mount Road ATM,2011-05-12,515700,thursday,W,3,12,5,2,0,0,521239.28571428574,523350.0
Mount Road ATM,2011-05-13,608700,friday,W,4,13,5,2,0,0,529346.4285714285,470112.5
Mount Road ATM,2011-05-14,682300,saturday,H,5,14,5,2,0,0,532932.1428571428,522562.5
Mount Road ATM,2011-05-15,393900,sunday,H,6,15,5,3,0,0,538892.8571428572,621512.5
Mount Road ATM,2011-05-16,374900,monday,W,0,16,5,3,0,0,533725.0,449237.5
Mount Road ATM,2011-05-17,549400,tuesday,H,1,17,5,3,0,0,531739.2857142857,451537.5
Mount Road ATM,2011-05-18,546100,wednesday,W,2,18,5,3,0,0,527307.1428571428,617962.5
Mount Road ATM,2011-05-19,659900,thursday,W,3,19,5,3,0,0,527878.5714285715,533450.0
Mount Road ATM,2011-05-20,505600,friday,W,4,20,5,3,0,0,538532.1428571428,506862.5
Mount Road ATM,2011-05-21,588700,saturday,H,5,21,5,3,0,0,542382.1428571428,536987.5
Mount Road ATM,2011-05-22,347400,sunday,H,6,22,5,4,0,0,543682.1428571428,655037.5
Mount Road ATM,2011-05-23,880700,monday,W,0,23,5,4,0,0,546150.0,451075.0
Mount Road ATM,2011-05-24,528200,tuesday,W,1,24,5,4,0,0,568614.2857142857,510350.0
Mount Road ATM,2011-05-25,547900,wednesday,W,2,25,5,4,0,0,575446.4285714285,616637.5
Mount Road ATM,2011-05-26,754400,thursday,W,3,26,5,4,0,0,580650.0,542550.0
Mount Road ATM,2011-05-27,737800,friday,W,4,27,5,4,0,0,594950.0,544100.0
Mount Road ATM,2011-05-28,521600,saturday,H,5,28,5,4,0,0,607639.2857142857,571112.5
Mount Road ATM,2011-05-29,385100,sunday,H,6,29,5,5,0,1,597210.7142857143,623187.5
Mount Road ATM,2011-05-30,532000,monday,W,0,30,5,5,0,1,588250.0,443525.0
Mount Road ATM,2011-05-31,441800,tuesday,W,1,31,5,5,0,1,594335.7142857143,500787.5
Mount Road ATM,2011-06-01,831200,wednesday,W,2,1,6,1,1,0,578289.2857142857,580087.5
Mount Road ATM,2011-06-02,717900,thursday,W,3,2,6,1,1,0,589257.1428571428,566637.5
Mount Road ATM,2011-06-03,742800,friday,W,4,3,6,1,1,0,588807.1428571428,547837.5
Mount Road ATM,2011-06-04,759200,saturday,H,5,4,6,1,0,0,591982.1428571428,567175.0
Mount Road ATM,2011-06-05,168500,sunday,H,6,5,6,1,0,0,593760.7142857143,642812.5
Mount Road ATM,2011-06-06,405800,monday,W,0,6,6,1,0,0,580971.4285714285,409300.0
Mount Road ATM,2011-06-07,739700,tuesday,W,1,7,6,1,0,0,577757.1428571428,466625.0
Mount Road ATM,2011-06-08,868800,wednesday,W,2,8,6,2,0,0,580582.1428571428,602650.0
Mount Road ATM,2011-06-09,686000,thursday,W,3,9,6,2,0,0,583428.5714285715,629937.5
Mount Road ATM,2011-06-10,615800,friday,W,4,10,6,2,0,0,589510.7142857143,597500.0
Mount Road ATM,2011-06-11,635200,saturday,H,5,11,6,2,0,0,589764.2857142857,580612.5
Mount Road ATM,2011-06-12,417900,sunday,H,6,12,6,2,0,0,588082.1428571428,657787.5
Mount Road ATM,2011-06-13,589700,monday,W,0,13,6,2,0,0,588939.2857142857,394212.5
Mount Road ATM,2011-06-14,592600,tuesday,W,1,14,6,2,0,0,596610.7142857143,486525.0
Mount Road ATM,2011-06-15,550600,wednesday,W,2,15,6,3,0,0,598153.5714285715,592537.5
Mount Road ATM,2011-06-16,499700,thursday,W,3,16,6,3,0,0,598314.2857142857,632500.0
Mount Road ATM,2011-06-17,486400,friday,W,4,17,6,3,0,0,592592.8571428572,614762.5
Mount Road ATM,2011-06-18,656800,saturday,H,5,18,6,3,0,0,591907.1428571428,591687.5
Mount Road ATM,2011-06-19,474400,sunday,H,6,19,6,3,0,0,594339.2857142857,670850.0
Mount Road ATM,2011-06-20,674500,monday,W,0,20,6,3,0,0,598875.0,418725.0
Mount Road ATM,2011-06-21,303200,tuesday,W,1,21,6,3,0,0,591510.7142857143,539375.0
Mount Road ATM,2011-06-22,454400,wednesday,W,2,22,6,4,0,0,583475.0,588325.0
Mount Road ATM,2011-06-23,392300,thursday,W,3,23,6,4,0,0,580135.7142857143,639025.0
Mount Road ATM,2011-06-24,574000,friday,W,4,24,6,4,0,0,567203.5714285715,619550.0
Mount Road ATM,2011-06-25,486600,saturday,H,5,25,6,4,0,0,561353.5714285715,615625.0
Mount Road ATM,2011-06-26,529000,sunday,H,6,26,6,4,0,0,560103.5714285715,629975.0
Mount Road ATM,2011-06-27,642300,monday,W,0,27,6,4,0,0,565242.8571428572,405350.0
Mount Road ATM,2011-06-28,402000,tuesday,W,1,28,6,4,0,1,569182.1428571428,574462.5
Mount Road ATM,2011-06-29,473000,wednesday,W,2,29,6,5,0,1,567760.7142857143,527187.5
Mount Road ATM,2011-06-30,483300,thursday,W,3,30,6,5,0,1,554967.8571428572,632637.5
Mount Road ATM,2011-07-01,605000,friday,W,4,1,7,1,1,0,546589.2857142857,588650.0
Mount Road ATM,2011-07-02,856500,saturday,H,5,2,7,1,1,0,541667.8571428572,609512.5
Mount Road ATM,2011-07-03,668800,sunday,H,6,3,7,1,1,0,545142.8571428572,648362.5
Mount Road ATM,2011-07-04,1049600,monday,W,0,4,7,1,0,0,563010.7142857143,423125.0
Mount Road ATM,2011-07-05,649000,tuesday,W,1,5,7,1,0,0,586003.5714285715,643687.5
Mount Road ATM,2011-07-06,907400,wednesday,W,2,6,7,1,0,0,582764.2857142857,525737.5
Mount Road ATM,2011-07-07,435200,thursday,W,3,7,7,1,0,0,584142.8571428572,647425.0
Mount Road ATM,2011-07-08,735000,friday,W,4,8,7,2,0,0,575185.7142857143,578587.5
Mount Road ATM,2011-07-09,738500,saturday,H,5,9,7,2,0,0,579442.8571428572,625300.0
Mount Road ATM,2011-07-10,349100,sunday,H,6,10,7,2,0,0,583132.1428571428,655387.5
Mount Road ATM,2011-07-11,612400,monday,W,0,11,7,2,0,0,580675.0,417525.0
Mount Road ATM,2011-07-12,558600,tuesday,W,1,12,7,2,0,0,581485.7142857143,673375.0
Mount Road ATM,2011-07-13,684500,wednesday,W,2,13,7,2,0,0,580271.4285714285,526887.5
Mount Road ATM,2011-07-14,392400,thursday,W,3,14,7,2,0,0,585053.5714285715,664725.0
Mount Road ATM,2011-07-15,442300,friday,W,4,15,7,3,0,0,581221.4285714285,545150.0
Mount Road ATM,2011-07-16,450000,saturday,H,5,16,7,3,0,0,579646.4285714285,617387.5
Mount Road ATM,2011-07-17,308200,sunday,H,6,17,7,3,0,0,572260.7142857143,638050.0
Mount Road ATM,2011-07-18,436900,monday,W,0,18,7,3,0,0,566325.0,412625.0
Mount Road ATM,2011-07-19,390900,tuesday,W,1,19,7,3,0,0,557839.2857142857,617900.0
Mount Road ATM,2011-07-20,474300,wednesday,W,2,20,7,3,0,0,560971.4285714285,509725.0
Mount Road ATM,2011-07-21,570300,thursday,W,3,21,7,3,0,0,561682.1428571428,655525.0
Mount Road ATM,2011-07-22,775300,friday,W,4,22,7,4,0,0,568039.2857142857,522137.5
Mount Road ATM,2011-07-23,555100,saturday,H,5,23,7,4,0,0,575228.5714285715,622075.0
Mount Road ATM,2011-07-24,610200,sunday,H,6,24,7,4,0,0,577675.0,642237.5
Mount Road ATM,2011-07-25,725900,monday,W,0,25,7,4,0,0,580575.0,440762.5
Mount Road ATM,2011-07-26,323600,tuesday,W,1,26,7,4,0,0,583560.7142857143,642137.5
Mount Road ATM,2011-07-27,522800,wednesday,W,2,27,7,4,0,0,580760.7142857143,494950.0
Mount Road ATM,2011-07-28,311900,thursday,W,3,28,7,4,0,0,582539.2857142857,616975.0
Mount Road ATM,2011-07-29,472800,friday,W,4,29,7,5,0,1,576417.8571428572,471387.5
Mount Road ATM,2011-07-30,610700,saturday,H,5,30,7,5,0,1,571696.4285714285,588325.0
Mount Road ATM,2011-07-31,588400,sunday,H,6,31,7,5,0,1,562917.8571428572,623675.0
Mount Road ATM,2011-08-01,1048100,monday,W,0,1,8,1,1,0,560046.4285714285,493250.0
Mount Road ATM,2011-08-02,673500,tuesday,W,1,2,8,1,1,0,559992.8571428572,722425.0
Mount Road ATM,2011-08-03,755200,wednesday,W,2,3,8,1,1,0,560867.8571428572,486675.0
Mount Road ATM,2011-08-04,571600,thursday,W,3,4,8,1,0,0,555432.1428571428,602775.0
Mount Road ATM,2011-08-05,602700,friday,W,4,5,8,1,0,0,560303.5714285715,457087.5
Mount Road ATM,2011-08-06,843200,saturday,H,5,6,8,1,0,0,555578.5714285715,586687.5
Mount Road ATM,2011-08-07,753600,sunday,H,6,7,8,1,0,0,559317.8571428572,649675.0
Mount Road ATM,2011-08-08,827700,monday,W,0,8,8,2,0,0,573764.2857142857,535212.5
Mount Road ATM,2011-08-09,644800,tuesday,W,1,9,8,2,0,0,581453.5714285715,752175.0
Mount Road ATM,2011-08-10,570900,wednesday,W,2,10,8,2,0,0,584532.1428571428,493200.0
Mount Road ATM,2011-08-11,555600,thursday,W,3,11,8,2,0,0,580475.0,605312.5
Mount Road ATM,2011-08-12,544000,friday,W,4,12,8,2,0,0,586303.5714285715,464075.0
Mount Road ATM,2011-08-13,711900,saturday,H,5,13,8,2,0,0,589935.7142857143,593887.5
Mount Road ATM,2011-08-14,485200,sunday,H,6,14,8,2,0,0,599289.2857142857,656562.5
Mount Road ATM,2011-08-15,372200,monday,H,0,15,8,3,0,0,605610.7142857143,536562.5
Mount Road ATM,2011-08-16,749100,tuesday,W,1,16,8,3,0,0,603300.0,714387.5
Mount Road ATM,2011-08-17,648400,wednesday,W,2,17,8,3,0,0,616092.8571428572,548937.5
Mount Road ATM,2011-08-18,527300,thursday,W,3,18,8,3,0,0,622310.7142857143,629562.5
Mount Road ATM,2011-08-19,582300,friday,W,4,19,8,3,0,0,620775.0,480950.0
Mount Road ATM,2011-08-20,751400,saturday,H,5,20,8,3,0,0,613882.1428571428,594925.0
Mount Road ATM,2011-08-21,316300,sunday,H,6,21,8,3,0,0,620892.8571428572,689662.5
Mount Road ATM,2011-08-22,409000,monday,W,0,22,8,4,0,0,610396.4285714285,509975.0
Mount Road ATM,2011-08-23,443000,tuesday,W,1,23,8,4,0,0,599078.5714285715,685225.0
Mount Road ATM,2011-08-24,442000,wednesday,W,2,24,8,4,0,0,603342.8571428572,554062.5
Mount Road ATM,2011-08-25,511900,thursday,W,3,25,8,4,0,0,600457.1428571428,625687.5
Mount Road ATM,2011-08-26,551700,friday,W,4,26,8,4,0,0,607600.0,484525.0
Mount Road ATM,2011-08-27,729300,saturday,H,5,27,8,4,0,0,610417.8571428572,588262.5
Mount Road ATM,2011-08-28,547300,sunday,H,6,28,8,4,0,0,614653.5714285715,673762.5
Mount Road ATM,2011-08-29,444400,monday,W,0,29,8,5,0,1,613185.7142857143,494787.5
Mount Road ATM,2011-08-30,507600,tuesday,W,1,30,8,5,0,1,591625.0,609575.0
Mount Road ATM,2011-08-31,465400,wednesday,H,2,31,8,5,0,1,585700.0,536387.5
Mount Road ATM,2011-09-01,315600,thursday,H,3,1,9,1,1,0,575350.0,570437.5
Mount Road ATM,2011-09-02,663600,friday,W,4,2,9,1,1,0,566207.1428571428,469575.0
Mount Road ATM,2011-09-03,733800,saturday,H,5,3,9,1,1,0,568382.1428571428,579337.5
Mount Road ATM,2011-09-04,397100,sunday,H,6,4,9,1,0,0,564475.0,673175.0
Mount Road ATM,2011-09-05,828100,monday,W,0,5,9,1,0,0,551742.8571428572,500787.5
Mount Road ATM,2011-09-06,742700,tuesday,W,1,6,9,1,0,0,551757.1428571428,636537.5
Mount Road ATM,2011-09-07,795000,wednesday,W,2,7,9,1,0,0,555253.5714285715,559400.0
Mount Road ATM,2011-09-08,640100,thursday,W,3,8,9,2,0,0,563257.1428571428,584250.0
Mount Road ATM,2011-09-09,370600,friday,W,4,9,9,2,0,0,566275.0,500537.5
Mount Road ATM,2011-09-10,444300,saturday,H,5,10,9,2,0,0,560082.1428571428,570375.0
Mount Road ATM,2011-09-11,312900,sunday,H,6,11,9,2,0,0,550525.0,672462.5
Mount Road ATM,2011-09-12,468800,monday,W,0,12,9,2,0,0,544371.4285714285,501375.0
Mount Road ATM,2011-09-13,429100,tuesday,W,1,13,9,2,0,0,547821.4285714285,640525.0
Mount Road ATM,2011-09-14,299900,wednesday,W,2,14,9,2,0,0,536392.8571428572,564175.0
Mount Road ATM,2011-09-15,536400,thursday,W,3,15,9,3,0,0,523946.4285714286,562450.0
Mount Road ATM,2011-09-16,400100,friday,W,4,16,9,3,0,0,524271.4285714286,496300.0
Mount Road ATM,2011-09-17,335800,saturday,H,5,17,9,3,0,0,517764.28571428574,523475.0
Mount Road ATM,2011-09-18,296300,sunday,H,6,18,9,3,0,0,502921.4285714286,645050.0
Mount Road ATM,2011-09-19,616200,monday,W,0,19,9,3,0,0,502207.14285714284,462137.5
Mount Road ATM,2011-09-20,399000,tuesday,W,1,20,9,3,0,0,509607.14285714284,626812.5
Mount Road ATM,2011-09-21,577900,wednesday,W,2,21,9,3,0,0,508035.71428571426,573600.0
Mount Road ATM,2011-09-22,357300,thursday,W,3,22,9,4,0,0,512889.28571428574,569337.5
Mount Road ATM,2011-09-23,334100,friday,W,4,23,9,4,0,0,507367.85714285716,501975.0
Mount Road ATM,2011-09-24,612200,saturday,H,5,24,9,4,0,0,499596.4285714286,506137.5
Mount Road ATM,2011-09-25,384300,sunday,H,6,25,9,4,0,0,495414.28571428574,645237.5
Mount Road ATM,2011-09-26,384100,monday,W,0,26,9,4,0,0,489592.85714285716,436625.0
Mount Road ATM,2011-09-27,513500,tuesday,W,1,27,9,4,0,0,487439.28571428574,543812.5
Mount Road ATM,2011-09-28,460200,wednesday,W,2,28,9,4,0,1,487650.0,553600.0
Mount Road ATM,2011-09-29,494400,thursday,W,3,29,9,5,0,1,487464.28571428574,532462.5
Mount Road ATM,2011-09-30,470400,friday,W,4,30,9,5,0,1,493850.0,492325.0
Mount Road ATM,2011-10-01,788500,saturday,H,5,1,10,1,1,0,486950.0,489600.0
Mount Road ATM,2011-10-02,759200,sunday,H,6,2,10,1,1,0,488903.5714285714,638400.0
Mount Road ATM,2011-10-03,339700,monday,W,0,3,10,1,1,0,501835.71428571426,437325.0
Mount Road ATM,2011-10-04,642400,tuesday,W,1,4,10,1,0,0,484392.85714285716,482812.5
Mount Road ATM,2011-10-05,839900,wednesday,H,2,5,10,1,0,0,480810.71428571426,553300.0
Mount Road ATM,2011-10-06,840200,thursday,H,3,6,10,1,0,0,482414.28571428574,566087.5
Mount Road ATM,2011-10-07,392400,friday,W,4,7,10,1,0,0,489560.71428571426,527900.0
Mount Road ATM,2011-10-08,729600,saturday,H,5,8,10,2,0,0,490339.28571428574,470650.0
Mount Road ATM,2011-10-09,486400,sunday,H,6,9,10,2,0,0,500528.5714285714,640612.5
Mount Road ATM,2011-10-10,662200,monday,W,0,10,10,2,0,0,506725.0,437475.0
Mount Road ATM,2011-10-11,524300,tuesday,W,1,11,10,2,0,0,513632.14285714284,519062.5
Mount Road ATM,2011-10-12,472600,wednesday,W,2,12,10,2,0,0,517032.14285714284,525200.0
Mount Road ATM,2011-10-13,459100,thursday,W,3,13,10,2,0,0,523200.0,544112.5
Mount Road ATM,2011-10-14,603100,friday,W,4,14,10,2,0,0,520439.28571428574,519375.0
Mount Road ATM,2011-10-15,591200,saturday,H,5,15,10,3,0,0,527689.2857142857,473250.0
Mount Road ATM,2011-10-16,527900,sunday,H,6,16,10,3,0,0,536810.7142857143,620587.5
Mount Road ATM,2011-10-17,466600,monday,W,0,17,10,3,0,0,545082.1428571428,463925.0
Mount Road ATM,2011-10-18,595100,tuesday,W,1,18,10,3,0,0,539739.2857142857,526262.5
Mount Road ATM,2011-10-19,621400,wednesday,W,2,19,10,3,0,0,546742.8571428572,544212.5
Mount Road ATM,2011-10-20,764600,thursday,W,3,20,10,3,0,0,548296.4285714285,566537.5
Mount Road ATM,2011-10-21,954400,friday,W,4,21,10,3,0,0,562842.8571428572,550962.5
Mount Road ATM,2011-10-22,948000,saturday,H,5,22,10,4,0,0,584996.4285714285,523587.5
Mount Road ATM,2011-10-23,628500,sunday,H,6,23,10,4,0,0,596989.2857142857,647925.0
Mount Road ATM,2011-10-24,665800,monday,W,0,24,10,4,0,0,605710.7142857143,474075.0
Mount Road ATM,2011-10-25,476100,tuesday,W,1,25,10,4,0,0,615771.4285714285,553937.5
Mount Road ATM,2011-10-26,201600,wednesday,H,2,26,10,4,0,0,614435.7142857143,540275.0
Mount Road ATM,2011-10-27,457800,thursday,W,3,27,10,4,0,0,605200.0,533562.5
Mount Road ATM,2011-10-28,513700,friday,W,4,28,10,4,0,0,603892.8571428572,568737.5
Mount Road ATM,2011-10-29,436300,saturday,H,5,29,10,5,0,1,605439.2857142857,504850.0
Mount Road ATM,2011-10-30,271500,sunday,H,6,30,10,5,0,1,592860.7142857143,610737.5
Mount Road ATM,2011-10-31,468600,monday,W,0,31,10,5,0,1,575442.8571428572,458375.0
Mount Road ATM,2011-11-01,501800,tuesday,W,1,1,11,1,1,0,580046.4285714285,509000.0
Mount Road ATM,2011-11-02,900000,wednesday,W,2,2,11,1,1,0,575025.0,510162.5
Mount Road ATM,2011-11-03,514100,thursday,W,3,3,11,1,1,0,577171.4285714285,546687.5
Mount Road ATM,2011-11-04,436800,friday,W,4,4,11,1,0,0,565525.0,552987.5
Mount Road ATM,2011-11-05,903100,saturday,H,5,5,11,1,0,0,567110.7142857143,513125.0
Mount Road ATM,2011-11-06,528900,sunday,H,6,6,11,1,0,0,573307.1428571428,668087.5
Mount Road ATM,2011-11-07,399200,monday,H,0,7,11,1,0,0,574825.0,485375.0
Mount Road ATM,2011-11-08,585200,tuesday,W,1,8,11,2,0,0,565432.1428571428,500300.0
Mount Road ATM,2011-11-09,645100,wednesday,W,2,9,11,2,0,0,567607.1428571428,529675.0
Mount Road ATM,2011-11-10,508400,thursday,W,3,10,11,2,0,0,573767.8571428572,589837.5
Mount Road ATM,2011-11-11,526200,friday,W,4,11,11,2,0,0,575528.5714285715,549487.5
Mount Road ATM,2011-11-12,364400,saturday,H,5,12,11,2,0,0,572782.1428571428,528887.5
Mount Road ATM,2011-11-13,319300,sunday,H,6,13,11,2,0,0,564682.1428571428,671662.5
Mount Road ATM,2011-11-14,530300,monday,W,0,14,11,2,0,0,557232.1428571428,488250.0
Mount Road ATM,2011-11-15,525900,tuesday,W,1,15,11,3,0,0,559507.1428571428,489562.5
Mount Road ATM,2011-11-16,471000,wednesday,W,2,16,11,3,0,0,557035.7142857143,545537.5
Mount Road ATM,2011-11-17,340200,thursday,W,3,17,11,3,0,0,551664.2857142857,576475.0
Mount Road ATM,2011-11-18,222400,friday,W,4,18,11,3,0,0,536507.1428571428,547350.0
Mount Road ATM,2011-11-19,386400,saturday,H,5,19,11,3,0,0,510364.28571428574,514925.0
Mount Road ATM,2011-11-20,399200,sunday,H,6,20,11,3,0,0,490307.14285714284,643437.5
Mount Road ATM,2011-11-21,622800,monday,W,0,21,11,3,0,0,482117.85714285716,490112.5
Mount Road ATM,2011-11-22,311800,tuesday,W,1,22,11,4,0,0,480582.14285714284,519400.0
Mount Road ATM,2011-11-23,521200,wednesday,W,2,23,11,4,0,0,474714.28571428574,520325.0
Mount Road ATM,2011-11-24,359700,thursday,W,3,24,11,4,0,0,486128.5714285714,584100.0
Mount Road ATM,2011-11-25,242500,friday,W,4,25,11,4,0,0,482625.0,530512.5
Mount Road ATM,2011-11-26,462900,saturday,H,5,26,11,4,0,0,472939.28571428574,486437.5
Mount Road ATM,2011-11-27,249300,sunday,H,6,27,11,4,0,0,473889.28571428574,602737.5
Mount Road ATM,2011-11-28,427700,monday,W,0,28,11,4,0,1,473096.4285714286,426375.0
Mount Road ATM,2011-11-29,436600,tuesday,W,1,29,11,5,0,1,471635.71428571426,530400.0
Mount Road ATM,2011-11-30,439300,wednesday,W,2,30,11,5,0,1,469307.14285714284,494600.0
Mount Road ATM,2011-12-01,560100,thursday,W,3,1,12,1,1,0,452853.5714285714,534025.0
Mount Road ATM,2011-12-02,625900,friday,W,4,2,12,1,1,0,454496.4285714286,495500.0
Mount Road ATM,2011-12-03,742300,saturday,H,5,3,12,1,1,0,461250.0,515625.0
Mount Road ATM,2011-12-04,532400,sunday,H,6,4,12,1,0,0,455507.14285714284,604325.0
Mount Road ATM,2011-12-05,598500,monday,W,0,5,12,1,0,0,455632.14285714284,432125.0
Mount Road ATM,2011-12-06,798100,tuesday,H,1,6,12,1,0,0,462750.0,522437.5
Mount Road ATM,2011-12-07,670300,wednesday,W,2,7,12,1,0,0,470353.5714285714,528825.0
Mount Road ATM,2011-12-08,576600,thursday,W,3,8,12,2,0,0,471253.5714285714,558737.5
Mount Road ATM,2011-12-09,589900,friday,W,4,9,12,2,0,0,473689.28571428574,510187.5
Mount Road ATM,2011-12-10,528900,saturday,H,5,10,12,2,0,0,475964.28571428574,513975.0
Mount Road ATM,2011-12-11,300700,sunday,H,6,11,12,2,0,0,481839.28571428574,596537.5
Mount Road ATM,2011-12-12,445000,monday,W,0,12,12,2,0,0,481175.0,403725.0
Mount Road ATM,2011-12-13,552700,tuesday,W,1,13,12,2,0,0,478128.5714285714,519737.5
Mount Road ATM,2011-12-14,461600,wednesday,W,2,14,12,2,0,0,479085.71428571426,523525.0
Mount Road ATM,2011-12-15,517800,thursday,W,3,15,12,3,0,0,478750.0,538762.5
Mount Road ATM,2011-12-16,334200,friday,W,4,16,12,3,0,0,485092.85714285716,479337.5
Mount Road ATM,2011-12-17,805200,saturday,H,5,17,12,3,0,0,489085.71428571426,436450.0
Mount Road ATM,2011-12-18,623600,sunday,H,6,18,12,3,0,0,504042.85714285716,578687.5
Mount Road ATM,2011-12-19,639900,monday,W,0,19,12,3,0,0,512057.14285714284,403112.5
Mount Road ATM,2011-12-20,523200,tuesday,W,1,20,12,3,0,0,512667.85714285716,516500.0
Mount Road ATM,2011-12-21,382900,wednesday,W,2,21,12,3,0,0,520217.85714285716,529412.5
Mount Road ATM,2011-12-22,338100,thursday,W,3,22,12,4,0,0,515278.5714285714,561425.0
Mount Road ATM,2011-12-23,477700,friday,W,4,23,12,4,0,0,514507.14285714284,464375.0
Mount Road ATM,2011-12-24,589800,saturday,H,5,24,12,4,0,0,522907.14285714284,431950.0
Mount Road ATM,2011-12-25,201800,sunday,H,6,25,12,4,0,0,527439.2857142857,597875.0
Mount Road ATM,2011-12-26,561900,monday,W,0,26,12,4,0,0,525742.8571428572,394400.0
Mount Road ATM,2011-12-27,396400,tuesday,W,1,27,12,4,0,0,530535.7142857143,528162.5
Mount Road ATM,2011-12-28,468700,wednesday,W,2,28,12,4,0,0,529100.0,516237.5
Mount Road ATM,2011-12-29,189300,thursday,W,3,29,12,5,0,1,530150.0,507512.5
Mount Road ATM,2011-12-30,381900,friday,W,4,30,12,5,0,1,516907.14285714284,423775.0
Mount Road ATM,2011-12-31,933600,saturday,H,5,31,12,5,0,1,508192.85714285716,425087.5
Mount Road ATM,2012-01-01,560900,sunday,H,6,1,1,1,1,0,515025.0,601687.5
Mount Road ATM,2012-01-02,644200,sunday,H,0,2,1,1,1,0,516042.85714285716,398400.0
Mount Road ATM,2012-01-03,827200,sunday,H,1,3,1,1,1,0,517675.0,558787.5
Mount Road ATM,2012-01-04,510700,sunday,H,2,4,1,1,0,0,518714.28571428574,546487.5
Mount Road ATM,2012-01-05,706800,sunday,H,3,5,1,1,0,0,513014.28571428574,490712.5
Mount Road ATM,2012-01-06,722600,sunday,H,4,6,1,1,0,0,517664.28571428574,448575.0
Mount Road ATM,2012-01-07,911300,saturday,H,5,7,1,1,0,0,522403.5714285714,449637.5
Mount Road ATM,2012-01-08,587200,sunday,H,6,8,1,2,0,0,536060.7142857143,670050.0
Mount Road ATM,2012-01-09,579600,sunday,H,0,9,1,2,0,0,546292.8571428572,431887.5
Mount Road ATM,2012-01-10,433600,sunday,H,1,10,1,2,0,0,551100.0,564950.0
Mount Road ATM,2012-01-11,522100,sunday,H,2,11,1,2,0,0,546846.4285714285,534950.0
Mount Road ATM,2012-01-12,755800,sunday,H,3,12,1,2,0,0,549007.1428571428,497100.0
Mount Road ATM,2012-01-13,506500,sunday,H,4,13,1,2,0,0,557507.1428571428,500525.0
Mount Road ATM,2012-01-14,626400,saturday,H,5,14,1,2,0,0,563660.7142857143,485150.0
Mount Road ATM,2012-01-15,190500,sunday,H,6,15,1,3,0,0,557275.0,700050.0
Mount Road ATM,2012-01-16,231900,monday,H,0,16,1,3,0,0,541807.1428571428,405800.0
Mount Road ATM,2012-01-17,59700,tuesday,H,1,17,1,3,0,0,527235.7142857143,516087.5
Mount Road ATM,2012-01-18,339600,tuesday,H,2,18,1,3,0,0,510682.14285714284,503437.5
Mount Road ATM,2012-01-19,404300,tuesday,H,3,19,1,3,0,0,509135.71428571426,474400.0
Mount Road ATM,2012-01-20,485400,tuesday,H,4,20,1,3,0,0,511500.0,506100.0
Mount Road ATM,2012-01-21,551200,saturday,H,5,21,1,3,0,0,511775.0,515512.5
Mount Road ATM,2012-01-22,416300,sunday,H,6,22,1,4,0,0,510396.4285714286,711087.5
Mount Road ATM,2012-01-23,519200,sunday,H,0,23,1,4,0,0,518057.14285714284,426675.0
Mount Road ATM,2012-01-24,559800,sunday,H,1,24,1,4,0,0,516532.14285714284,527525.0
Mount Road ATM,2012-01-25,542000,sunday,H,2,25,1,4,0,0,522367.85714285716,518837.5
Mount Road ATM,2012-01-26,427400,thursday,H,3,26,1,4,0,0,524985.7142857143,487237.5
Mount Road ATM,2012-01-27,499100,thursday,H,4,27,1,4,0,0,533489.2857142857,489512.5
Mount Road ATM,2012-01-28,468300,saturday,H,5,28,1,4,0,0,537675.0,499662.5
Mount Road ATM,2012-01-29,264000,sunday,H,6,29,1,5,0,1,521057.14285714284,676837.5
Mount Road ATM,2012-01-30,400400,sunday,H,0,30,1,5,0,1,510453.5714285714,393125.0
Mount Road ATM,2012-01-31,448300,sunday,H,1,31,1,5,0,1,501746.4285714286,502762.5
Mount Road ATM,2012-02-01,704100,sunday,H,2,1,2,1,1,0,488214.28571428574,475112.5
Mount Road ATM,2012-02-02,646800,sunday,H,3,2,2,1,1,0,495121.4285714286,491462.5
Mount Road ATM,2012-02-03,417900,sunday,H,4,3,2,1,1,0,492978.5714285714,498287.5
Mount Road ATM,2012-02-04,771100,saturday,H,5,4,2,1,0,0,482096.4285714286,478162.5
Mount Road ATM,2012-02-05,532600,sunday,H,6,5,2,1,0,0,477089.28571428574,707112.5
Mount Road ATM,2012-02-06,554800,sunday,H,0,6,2,1,0,0,475139.28571428574,422112.5
Mount Road ATM,2012-02-07,804700,sunday,H,1,7,2,1,0,0,474253.5714285714,516487.5
Mount Road ATM,2012-02-08,886900,sunday,H,2,8,2,2,0,0,487507.14285714284,506612.5
Mount Road ATM,2012-02-09,612700,sunday,H,3,9,2,2,0,0,500535.71428571426,544625.0
Mount Road ATM,2012-02-10,779900,sunday,H,4,10,2,2,0,0,495425.0,510150.0
Mount Road ATM,2012-02-11,534500,saturday,H,5,11,2,2,0,0,505189.28571428574,533875.0
Mount Road ATM,2012-02-12,440200,sunday,H,6,12,2,2,0,0,501907.14285714284,673275.0
Mount Road ATM,2012-02-13,573500,sunday,H,0,13,2,2,0,0,510825.0,399187.5
Mount Road ATM,2012-02-14,429500,sunday,H,1,14,2,2,0,0,523025.0,508187.5
Mount Road ATM,2012-02-15,713700,sunday,H,2,15,2,3,0,0,536232.1428571428,494900.0
Mount Road ATM,2012-02-16,444300,sunday,H,3,16,2,3,0,0,549592.8571428572,585975.0
Mount Road ATM,2012-02-17,255900,sunday,H,4,17,2,3,0,0,551021.4285714285,523425.0
Mount Road ATM,2012-02-18,579800,saturday,H,5,18,2,3,0,0,542825.0,506150.0
Mount Road ATM,2012-02-19,375700,sunday,H,6,19,2,3,0,0,543846.4285714285,672025.0
Mount Road ATM,2012-02-20,381900,sunday,H,0,20,2,3,0,0,542396.4285714285,420925.0
Mount Road ATM,2012-02-21,574000,sunday,H,1,21,2,3,0,0,537492.8571428572,485687.5
Mount Road ATM,2012-02-22,448400,sunday,H,2,22,2,4,0,0,538000.0,517100.0
Mount Road ATM,2012-02-23,559500,sunday,H,3,23,2,4,0,0,534657.1428571428,583437.5
Mount Road ATM,2012-02-24,457300,sunday,H,4,24,2,4,0,0,539375.0,569700.0
Mount Road ATM,2012-02-25,416900,saturday,H,5,25,2,4,0,0,537882.1428571428,515575.0
Mount Road ATM,2012-02-26,390100,sunday,H,6,26,2,4,0,0,536046.4285714285,607437.5
Mount Road ATM,2012-02-27,442200,sunday,H,0,27,2,4,0,1,540550.0,399575.0
Mount Road ATM,2012-02-28,424000,sunday,H,1,28,2,4,0,1,542042.8571428572,460437.5
Mount Road ATM,2012-02-29,571200,sunday,H,2,29,2,5,0,1,541175.0,466700.0
Mount Road ATM,2012-03-01,743400,sunday,H,3,1,3,1,1,0,536428.5714285715,591000.0
Mount Road ATM,2012-03-02,697300,sunday,H,4,2,3,1,1,0,539878.5714285715,574275.0
Mount Road ATM,2012-03-03,703800,saturday,H,5,3,3,1,1,0,549857.1428571428,512412.5
Mount Road ATM,2012-03-04,549500,sunday,H,6,4,3,1,0,0,547453.5714285715,581500.0
Mount Road ATM,2012-03-05,760700,sunday,H,0,5,3,1,0,0,548057.1428571428,394862.5
Mount Road ATM,2012-03-06,735000,sunday,H,1,6,3,1,0,0,555410.7142857143,483075.0
Mount Road ATM,2012-03-07,756900,sunday,H,2,7,3,1,0,0,552921.4285714285,504375.0
Mount Road ATM,2012-03-08,707900,sunday,H,3,8,3,2,0,0,548278.5714285715,620350.0
Mount Road ATM,2012-03-09,584700,sunday,H,4,9,3,2,0,0,551678.5714285715,568287.5
Mount Road ATM,2012-03-10,885400,saturday,H,5,10,3,2,0,0,544707.1428571428,522187.5
Mount Road ATM,2012-03-11,190500,sunday,H,6,11,3,2,0,0,557239.2857142857,613875.0
Mount Road ATM,2012-03-12,503800,sunday,H,0,12,3,2,0,0,548321.4285714285,394862.5
Mount Road ATM,2012-03-13,462200,sunday,H,1,13,3,2,0,0,545832.1428571428,517062.5
Mount Road ATM,2012-03-14,518900,sunday,H,2,14,3,2,0,0,547000.0,554687.5
Mount Road ATM,2012-03-15,734000,sunday,H,3,15,3,3,0,0,540042.8571428572,642762.5
Mount Road ATM,2012-03-16,598900,sunday,H,4,16,3,3,0,0,550389.2857142857,609500.0
Mount Road ATM,2012-03-17,757400,saturday,H,5,17,3,3,0,0,562639.2857142857,536375.0
Mount Road ATM,2012-03-18,339600,sunday,H,6,18,3,3,0,0,568982.1428571428,639650.0
Mount Road ATM,2012-03-19,440000,sunday,H,0,19,3,3,0,0,567692.8571428572,385275.0
Mount Road ATM,2012-03-20,682600,sunday,H,1,20,3,3,0,0,569767.8571428572,507162.5
Mount Road ATM,2012-03-21,358000,sunday,H,2,21,3,3,0,0,573646.4285714285,570037.5
Mount Road ATM,2012-03-22,391500,sunday,H,3,22,3,4,0,0,570417.8571428572,619762.5
Mount Road ATM,2012-03-23,2200,friday,H,4,23,3,4,0,0,564417.8571428572,605012.5
Mount Road ATM,2012-03-24,567700,saturday,H,5,24,3,4,0,0,548164.2857142857,474262.5
Mount Road ATM,2012-03-25,275100,sunday,H,6,25,3,4,0,0,553550.0,652075.0
Mount Road ATM,2012-03-26,281500,sunday,H,0,26,3,4,0,0,549442.8571428572,386662.5
Mount Road ATM,2012-03-27,529100,sunday,H,1,27,3,4,0,0,543703.5714285715,492300.0
Mount Road ATM,2012-03-28,494600,sunday,H,2,28,3,4,0,0,547457.1428571428,580137.5
Mount Road ATM,2012-03-29,301500,sunday,H,3,29,3,5,0,1,544721.4285714285,593575.0
Mount Road ATM,2012-03-30,718900,sunday,H,4,30,3,5,0,1,528939.2857142857,561850.0
Mount Road ATM,2012-03-31,819100,saturday,H,5,31,3,5,0,1,529710.7142857143,511887.5
Mount Road ATM,2012-04-01,430800,sunday,H,6,1,4,1,1,0,533828.5714285715,658075.0
Mount Road ATM,2012-04-02,550000,sunday,H,0,2,4,1,1,0,529589.2857142857,373937.5
Mount Road ATM,2012-04-03,346700,sunday,H,1,3,4,1,1,0,522064.28571428574,491700.0
Mount Road ATM,2012-04-04,796000,sunday,H,2,4,4,1,0,0,508196.4285714286,522887.5
Mount Road ATM,2012-04-05,470500,thursday,H,3,5,4,1,0,0,509592.85714285716,582212.5
Mount Road ATM,2012-04-06,391400,friday,H,4,6,4,1,0,0,501114.28571428574,544075.0
Mount Road ATM,2012-04-07,529800,saturday,H,5,7,4,1,0,0,494210.71428571426,463325.0
Mount Road ATM,2012-04-08,343100,sunday,H,6,8,4,2,0,0,481510.71428571426,657487.5
Mount Road ATM,2012-04-09,594100,sunday,H,0,9,4,2,0,0,486960.71428571426,361800.0
Mount Road ATM,2012-04-10,491300,sunday,H,1,10,4,2,0,0,490185.71428571426,494275.0
Mount Road ATM,2012-04-11,451600,sunday,H,2,11,4,2,0,0,491225.0,530612.5
Mount Road ATM,2012-04-12,566500,sunday,H,3,12,4,2,0,0,488821.4285714286,549450.0
Mount Road ATM,2012-04-13,161300,friday,H,4,13,4,2,0,0,482839.28571428574,559350.0
Mount Road ATM,2012-04-14,314300,saturday,H,5,14,4,2,0,0,467210.71428571426,451500.0
Mount Road ATM,2012-04-15,275600,sunday,H,6,15,4,3,0,0,451385.71428571426,624300.0
Mount Road ATM,2012-04-16,297700,sunday,H,0,16,4,3,0,0,449100.0,349287.5
Mount Road ATM,2012-04-17,308000,sunday,H,1,17,4,3,0,0,444017.85714285716,483750.0
Mount Road ATM,2012-04-18,428300,sunday,H,2,18,4,3,0,0,430639.28571428574,497362.5
Mount Road ATM,2012-04-19,656300,sunday,H,3,19,4,3,0,0,433150.0,546937.5
Mount Road ATM,2012-04-20,447700,sunday,H,4,20,4,3,0,0,442607.14285714284,571450.0
Mount Road ATM,2012-04-21,620400,saturday,H,5,21,4,3,0,0,458517.85714285716,450300.0
Mount Road ATM,2012-04-22,244700,sunday,H,6,22,4,4,0,0,460400.0,649737.5
Mount Road ATM,2012-04-23,322000,sunday,H,0,23,4,4,0,0,459314.28571428574,331112.5
Mount Road ATM,2012-04-24,420000,sunday,H,1,24,4,4,0,0,460760.71428571426,468725.0
Mount Road ATM,2012-04-25,369900,sunday,H,2,25,4,4,0,0,456864.28571428574,496862.5
Mount Road ATM,2012-04-26,537400,sunday,H,3,26,4,4,0,0,452410.71428571426,521775.0
Mount Road ATM,2012-04-27,399700,sunday,H,4,27,4,4,0,0,460835.71428571426,545700.0
Mount Road ATM,2012-04-28,364500,saturday,H,5,28,4,4,0,1,449435.71428571426,413100.0
Mount Road ATM,2012-04-29,106200,sunday,H,6,29,4,5,0,1,433200.0,607325.0
Mount Road ATM,2012-04-30,454700,sunday,H,0,30,4,5,0,1,421607.14285714284,275700.0
Mount Road ATM,2012-05-01,453200,tuesday,H,1,1,5,1,1,0,418203.5714285714,430475.0
Mount Road ATM,2012-05-02,892300,tuesday,H,2,2,5,1,1,0,422007.14285714284,461637.5
Mount Road ATM,2012-05-03,444300,tuesday,H,3,3,5,1,1,0,425446.4285714286,538700.0
Mount Road ATM,2012-05-04,488800,tuesday,H,4,4,5,1,0,0,424510.71428571426,512750.0
Mount Road ATM,2012-05-05,593000,saturday,H,5,5,5,1,0,0,427989.28571428574,401112.5
Mount Road ATM,2012-05-06,115800,sunday,H,6,6,5,1,0,0,430246.4285714286,570775.0
Mount Road ATM,2012-05-07,408100,sunday,H,0,7,5,1,0,0,422128.5714285714,266362.5
Mount Road ATM,2012-05-08,524900,sunday,H,1,8,5,2,0,0,415485.71428571426,418512.5
Mount Road ATM,2012-05-09,596300,sunday,H,2,9,5,2,0,0,416685.71428571426,469475.0
Mount Road ATM,2012-05-10,528100,sunday,H,3,10,5,2,0,0,421853.5714285714,548375.0
Mount Road ATM,2012-05-11,423200,sunday,H,4,11,5,2,0,0,420482.14285714284,487012.5
Mount Road ATM,2012-05-12,542500,saturday,H,5,12,5,2,0,0,429835.71428571426,379150.0
Mount Road ATM,2012-05-13,413000,sunday,H,6,13,5,2,0,0,437985.71428571426,543912.5
Mount Road ATM,2012-05-14,410500,sunday,H,0,14,5,2,0,0,442892.85714285716,275537.5
Mount Road ATM,2012-05-15,373900,sunday,H,1,15,5,3,0,0,446921.4285714286,414825.0
Mount Road ATM,2012-05-16,730800,sunday,H,2,16,5,3,0,0,449275.0,430887.5
Mount Road ATM,2012-05-17,616000,sunday,H,3,17,5,3,0,0,460078.5714285714,594975.0
Mount Road ATM,2012-05-18,583300,sunday,H,4,18,5,3,0,0,458639.28571428574,515075.0
Mount Road ATM,2012-05-19,501800,sunday,H,5,19,5,3,0,0,463482.14285714284,451787.5
Mount Road ATM,2012-05-20,102700,sunday,H,6,20,5,3,0,0,459246.4285714286,535675.0
Mount Road ATM,2012-05-21,294400,monday,H,0,21,5,3,0,0,454175.0,253987.5
Mount Road ATM,2012-05-22,570000,monday,H,1,22,5,4,0,0,453189.28571428574,416437.5
Mount Road ATM,2012-05-23,741100,monday,H,2,23,5,4,0,0,458546.4285714286,436000.0
Mount Road ATM,2012-05-24,621500,monday,H,3,24,5,4,0,0,471803.5714285714,625787.5
Mount Road ATM,2012-05-25,742000,monday,H,4,25,5,4,0,0,474807.14285714284,555075.0
Mount Road ATM,2012-05-26,1010100,saturday,H,5,26,5,4,0,0,487032.14285714284,454675.0
Mount Road ATM,2012-05-27,451100,sunday,H,6,27,5,4,0,0,510089.28571428574,559550.0
Mount Road ATM,2012-05-28,528300,sunday,H,0,28,5,4,0,0,522407.14285714284,256525.0
Mount Road ATM,2012-05-29,547800,sunday,H,1,29,5,5,0,1,525035.7142857143,413725.0
Mount Road ATM,2012-05-30,553300,sunday,H,2,30,5,5,0,1,528414.2857142857,461137.5
Mount Road ATM,2012-05-31,642200,sunday,H,3,31,5,5,0,1,516307.14285714284,595450.0
Mount Road ATM,2012-06-01,800000,sunday,H,4,1,6,1,1,0,523375.0,576537.5
Mount Road ATM,2012-06-02,684300,saturday,H,5,2,6,1,1,0,534489.2857142857,505750.0
Mount Road ATM,2012-06-03,202500,sunday,H,6,3,6,1,1,0,537750.0,578862.5
Mount Road ATM,2012-06-04,153400,sunday,H,0,4,6,1,0,0,540846.4285714285,238950.0
Mount Road ATM,2012-06-05,559100,sunday,H,1,5,6,1,0,0,531750.0,358637.5
Mount Road ATM,2012-06-06,678700,sunday,H,2,6,6,1,0,0,532971.4285714285,469612.5
Mount Road ATM,2012-06-07,708300,sunday,H,3,7,6,1,0,0,535914.2857142857,623837.5
Mount Road ATM,2012-06-08,1197200,sunday,H,4,8,6,2,0,0,542350.0,594262.5
Mount Road ATM,2012-06-09,975100,saturday,H,5,9,6,2,0,0,569992.8571428572,635237.5
Mount Road ATM,2012-06-10,896700,sunday,H,6,10,6,2,0,0,585442.8571428572,661462.5
Mount Road ATM,2012-06-11,684800,sunday,H,0,11,6,2,0,0,602717.8571428572,316587.5
Mount Road ATM,2012-06-12,682000,sunday,H,1,12,6,2,0,0,612514.2857142857,407025.0
Mount Road ATM,2012-06-13,813800,sunday,H,2,13,6,2,0,0,623517.8571428572,516362.5
Mount Road ATM,2012-06-14,1127300,sunday,H,3,14,6,2,0,0,626482.1428571428,672025.0
Mount Road ATM,2012-06-15,417700,sunday,H,4,15,6,3,0,0,644742.8571428572,653137.5
Mount Road ATM,2012-06-16,513500,saturday,H,5,16,6,3,0,0,638828.5714285715,631487.5
Mount Road ATM,2012-06-18,826200,sunday,H,0,18,6,3,0,0,639246.4285714285,350187.5
Mount Road ATM,2012-06-19,631300,sunday,H,1,19,6,3,0,0,665085.7142857143,470050.0
Mount Road ATM,2012-06-20,621800,sunday,H,2,20,6,3,0,0,677117.8571428572,542775.0
Mount Road ATM,2012-06-21,975000,sunday,H,3,21,6,3,0,0,678967.8571428572,703512.5
Mount Road ATM,2012-06-22,289600,sunday,H,4,22,6,4,0,0,687321.4285714285,707837.5
Mount Road ATM,2012-06-23,560900,saturday,H,5,23,6,4,0,0,675467.8571428572,617725.0
Mount Road ATM,2012-06-24,122100,sunday,H,6,24,6,4,0,0,669000.0,654025.0
Mount Road ATM,2012-06-25,479700,sunday,H,0,25,6,4,0,0,637285.7142857143,352175.0
Mount Road ATM,2012-06-26,362800,sunday,H,1,26,6,4,0,0,638307.1428571428,473175.0
Mount Road ATM,2012-06-27,395500,sunday,H,2,27,6,4,0,0,632396.4285714285,531475.0
Mount Road ATM,2012-06-28,194300,sunday,H,3,28,6,4,0,1,626957.1428571428,641412.5
Mount Road ATM,2012-06-29,441000,sunday,H,4,29,6,5,0,1,614135.7142857143,676587.5
Mount Road ATM,2012-06-30,720000,saturday,H,5,30,6,5,0,1,606950.0,611750.0
Mount Road ATM,2012-07-01,930000,sunday,H,6,1,7,1,1,0,604092.8571428572,698462.5
Mount Road ATM,2012-07-02,583500,sunday,H,0,2,7,1,1,0,612867.8571428572,453950.0
Mount Road ATM,2012-07-03,770600,sunday,H,1,3,7,1,1,0,626475.0,495100.0
Mount Road ATM,2012-07-04,1159700,sunday,H,2,4,7,1,0,0,648517.8571428572,562187.5
Mount Road ATM,2012-07-05,947600,sunday,H,3,5,7,1,0,0,669967.8571428572,711837.5
Mount Road ATM,2012-07-06,721800,sunday,H,4,6,7,1,0,0,679571.4285714285,729025.0
Mount Road ATM,2012-07-07,898100,saturday,H,5,7,7,1,0,0,680053.5714285715,649075.0
Mount Road ATM,2012-07-08,478700,sunday,H,6,8,7,2,0,0,669371.4285714285,736600.0
Mount Road ATM,2012-07-09,621400,sunday,H,0,9,7,2,0,0,651642.8571428572,462162.5
Mount Road ATM,2012-07-10,585100,sunday,H,1,10,7,2,0,0,641810.7142857143,521462.5
Mount Road ATM,2012-07-11,557100,sunday,H,2,11,7,2,0,0,638250.0,588587.5
Mount Road ATM,2012-07-12,606900,sunday,H,3,12,7,2,0,0,633789.2857142857,690125.0
Mount Road ATM,2012-07-13,416600,sunday,H,4,13,7,2,0,0,626400.0,727887.5
Mount Road ATM,2012-07-14,699500,saturday,H,5,14,7,2,0,0,601017.8571428572,628237.5
Mount Road ATM,2012-07-15,541700,sunday,H,6,15,7,3,0,0,611082.1428571428,756225.0
Mount Road ATM,2012-07-16,700400,sunday,H,0,16,7,3,0,0,612089.2857142857,517037.5
Mount Road ATM,2012-07-17,441100,sunday,H,1,17,7,3,0,0,607596.4285714285,572212.5
Mount Road ATM,2012-07-18,609700,sunday,H,2,18,7,3,0,0,600803.5714285715,572475.0
Mount Road ATM,2012-07-19,374700,sunday,H,3,19,7,3,0,0,600371.4285714285,673700.0
Mount Road ATM,2012-07-20,549900,sunday,H,4,20,7,3,0,0,578932.1428571428,697037.5
Mount Road ATM,2012-07-21,706600,saturday,H,5,21,7,3,0,0,588228.5714285715,604225.0
Mount Road ATM,2012-07-22,350900,sunday,H,6,22,7,4,0,0,593432.1428571428,781825.0
Mount Road ATM,2012-07-23,424000,sunday,H,0,23,7,4,0,0,601603.5714285715,504512.5
Mount Road ATM,2012-07-24,206900,sunday,H,1,24,7,4,0,0,599614.2857142857,559175.0
Mount Road ATM,2012-07-25,597600,sunday,H,2,25,7,4,0,0,594046.4285714285,529862.5
Mount Road ATM,2012-07-26,495800,sunday,H,3,26,7,4,0,0,601264.2857142857,679237.5
Mount Road ATM,2012-07-27,304600,sunday,H,4,27,7,4,0,0,612032.1428571428,678737.5
Mount Road ATM,2012-07-28,504900,saturday,H,5,28,7,4,0,0,607160.7142857143,542300.0
Mount Road ATM,2012-07-29,347900,sunday,H,6,29,7,5,0,1,599478.5714285715,718675.0
Mount Road ATM,2012-07-30,458500,sunday,H,0,30,7,5,0,1,578689.2857142857,522687.5
Mount Road ATM,2012-07-31,517300,sunday,H,1,31,7,5,0,1,574225.0,597312.5
Mount Road ATM,2012-08-01,695700,sunday,H,2,1,8,1,1,0,565178.5714285715,524637.5
Mount Road ATM,2012-08-02,887800,sunday,H,3,2,8,1,1,0,548607.1428571428,681362.5
Mount Road ATM,2012-08-03,717700,sunday,H,4,3,8,1,1,0,546471.4285714285,701175.0
Mount Road ATM,2012-08-04,996100,saturday,H,5,4,8,1,0,0,546325.0,482362.5
Mount Road ATM,2012-08-05,423900,sunday,H,6,5,8,1,0,0,549825.0,757650.0
Mount Road ATM,2012-08-06,887100,sunday,H,0,6,8,1,0,0,547867.8571428572,463587.5
Mount Road ATM,2012-08-07,605300,sunday,H,1,7,8,1,0,0,557357.1428571428,622600.0
Mount Road ATM,2012-08-08,556100,sunday,H,2,8,8,2,0,0,558078.5714285715,515050.0
Mount Road ATM,2012-08-09,510900,sunday,H,3,9,8,2,0,0,558042.8571428572,649150.0
Mount Road ATM,2012-08-10,597100,sunday,H,4,10,8,2,0,0,554614.2857142857,624125.0
Mount Road ATM,2012-08-11,709000,saturday,H,5,11,8,2,0,0,561060.7142857143,504787.5
Mount Road ATM,2012-08-12,214400,sunday,H,6,12,8,2,0,0,561400.0,724387.5
Mount Road ATM,2012-08-13,667100,sunday,H,0,13,8,2,0,0,549710.7142857143,426200.0
Mount Road ATM,2012-08-14,547500,sunday,H,1,14,8,2,0,0,548521.4285714285,602712.5
Mount Road ATM,2012-08-15,422900,wednesday,H,2,15,8,3,0,0,552321.4285714285,504575.0
Mount Road ATM,2012-08-16,647900,wednesday,H,3,16,8,3,0,0,545650.0,624287.5
Mount Road ATM,2012-08-17,635700,wednesday,H,4,17,8,3,0,0,555407.1428571428,583237.5
Mount Road ATM,2012-08-18,709600,saturday,H,5,18,8,3,0,0,558471.4285714285,548050.0
Mount Road ATM,2012-08-19,3500,sunday,H,6,19,8,3,0,0,558578.5714285715,742975.0
Mount Road ATM,2012-08-21,263300,monday,H,1,21,8,3,0,0,546171.4285714285,543187.5
Mount Road ATM,2012-08-22,491400,monday,H,2,22,8,4,0,0,540432.1428571428,492137.5
Mount Road ATM,2012-08-23,490100,monday,H,3,23,8,4,0,0,550592.8571428572,636275.0
Mount Road ATM,2012-08-24,474200,monday,H,4,24,8,4,0,0,546753.5714285715,620212.5
Mount Road ATM,2012-08-25,719900,saturday,H,5,25,8,4,0,0,545982.1428571428,552200.0
Mount Road ATM,2012-08-26,266300,sunday,H,6,26,8,4,0,0,560814.2857142857,742962.5
Mount Road ATM,2012-08-27,575200,sunday,H,0,27,8,4,0,0,552292.8571428572,444225.0
Mount Road ATM,2012-08-28,403400,sunday,H,1,28,8,4,0,0,560410.7142857143,542150.0
Mount Road ATM,2012-08-29,435800,sunday,H,2,29,8,5,0,1,558442.8571428572,446237.5
Mount Road ATM,2012-08-30,483900,sunday,H,3,30,8,5,0,1,555532.1428571428,545787.5
Mount Road ATM,2012-08-31,693100,sunday,H,4,31,8,5,0,1,547967.8571428572,562250.0
Mount Road ATM,2012-09-01,1229000,saturday,H,5,1,9,1,1,0,541014.2857142857,548612.5
Mount Road ATM,2012-09-02,340000,sunday,H,6,2,9,1,1,0,559275.0,784325.0
Mount Road ATM,2012-09-03,927800,sunday,H,0,3,9,1,1,0,535842.8571428572,370475.0
Mount Road ATM,2012-09-04,846300,sunday,H,1,4,9,1,0,0,553839.2857142857,580450.0
Mount Road ATM,2012-09-05,1003600,sunday,H,2,5,9,1,0,0,552382.1428571428,478887.5
Mount Road ATM,2012-09-06,798700,sunday,H,3,6,9,1,0,0,566607.1428571428,601600.0
Mount Road ATM,2012-09-07,669600,sunday,H,4,7,9,1,0,0,575271.4285714285,586225.0
Mount Road ATM,2012-09-08,786300,saturday,H,5,8,9,2,0,0,580939.2857142857,580237.5
Mount Road ATM,2012-09-09,401100,sunday,H,6,9,9,2,0,0,587696.4285714285,795175.0
Mount Road ATM,2012-09-10,471700,sunday,H,0,10,9,2,0,0,576700.0,360775.0
Mount Road ATM,2012-09-11,650300,sunday,H,1,11,9,2,0,0,585889.2857142857,551862.5
Mount Road ATM,2012-09-12,600200,sunday,H,2,12,9,2,0,0,585289.2857142857,505037.5
Mount Road ATM,2012-09-13,421100,sunday,H,3,13,9,2,0,0,587171.4285714285,600412.5
Mount Road ATM,2012-09-14,767600,sunday,H,4,14,9,2,0,0,587107.1428571428,592025.0
Mount Road ATM,2012-09-15,820800,saturday,H,5,15,9,3,0,0,591382.1428571428,607450.0
Mount Road ATM,2012-09-16,366700,sunday,H,6,16,9,3,0,0,597992.8571428572,809450.0
Mount Road ATM,2012-09-17,597500,sunday,H,0,17,9,3,0,0,585746.4285714285,338900.0
Mount Road ATM,2012-09-18,551200,sunday,H,1,18,9,3,0,0,606960.7142857143,573550.0
Mount Road ATM,2012-09-19,430300,wednesday,H,2,19,9,3,0,0,617242.8571428572,548075.0
Mount Road ATM,2012-09-20,443900,wednesday,H,3,20,9,3,0,0,615060.7142857143,579500.0
Mount Road ATM,2012-09-21,491800,wednesday,H,4,21,9,3,0,0,613410.7142857143,585537.5
Mount Road ATM,2012-09-22,784900,saturday,H,5,22,9,4,0,0,614039.2857142857,630850.0
Mount Road ATM,2012-09-23,290900,sunday,H,6,23,9,4,0,0,616360.7142857143,844450.0
Mount Road ATM,2012-09-24,531400,sunday,H,0,24,9,4,0,0,617239.2857142857,331400.0
Mount Road ATM,2012-09-25,473400,sunday,H,1,25,9,4,0,0,615675.0,582662.5
Mount Road ATM,2012-09-26,480400,sunday,H,2,26,9,4,0,0,618175.0,542587.5
Mount Road ATM,2012-09-27,509200,sunday,H,3,27,9,4,0,0,619767.8571428572,552587.5
Mount Road ATM,2012-09-28,263600,sunday,H,4,28,9,4,0,1,620671.4285714285,538212.5
Mount Road ATM,2012-09-29,690700,saturday,H,5,29,9,5,0,1,605332.1428571428,574087.5
Mount Road ATM,2012-09-30,335500,sunday,H,6,30,9,5,0,1,586107.1428571428,806275.0
Mount Road ATM,2012-10-01,893700,sunday,H,0,1,10,1,1,0,585946.4285714285,329850.0
Mount Road ATM,2012-10-02,438100,tuesday,H,1,2,10,1,1,0,584728.5714285715,583487.5
Mount Road ATM,2012-10-03,991900,tuesday,H,2,3,10,1,1,0,570150.0,521687.5
Mount Road ATM,2012-10-04,674400,tuesday,H,3,4,10,1,0,0,569732.1428571428,607062.5
Mount Road ATM,2012-10-05,748400,tuesday,H,4,5,10,1,0,0,565292.8571428572,558650.0
Mount Road ATM,2012-10-06,717600,saturday,H,5,6,10,1,0,0,568107.1428571428,593000.0
Mount Road ATM,2012-10-07,500,sunday,H,6,7,10,1,0,0,565653.5714285715,807350.0
Mount Road ATM,2012-10-08,776200,sunday,H,0,8,10,2,0,0,551346.4285714285,276925.0
Mount Road ATM,2012-10-09,648300,sunday,H,1,9,10,2,0,0,562221.4285714285,597125.0
Mount Road ATM,2012-10-10,873300,sunday,H,2,10,10,2,0,0,562150.0,534287.5
Mount Road ATM,2012-10-11,752200,sunday,H,3,11,10,2,0,0,571903.5714285715,663362.5
Mount Road ATM,2012-10-12,735500,sunday,H,4,12,10,2,0,0,583728.5714285715,571687.5
Mount Road ATM,2012-10-13,854500,saturday,H,5,13,10,2,0,0,582582.1428571428,605475.0
Mount Road ATM,2012-10-14,400800,sunday,H,6,14,10,2,0,0,583785.7142857143,825462.5
Mount Road ATM,2012-10-15,567000,sunday,H,0,15,10,3,0,0,585003.5714285715,300225.0
Mount Road ATM,2012-10-16,495800,sunday,H,1,16,10,3,0,0,583914.2857142857,667562.5
Mount Road ATM,2012-10-17,355600,sunday,H,2,17,10,3,0,0,581935.7142857143,563350.0
Mount Road ATM,2012-10-18,447000,sunday,H,3,18,10,3,0,0,579267.8571428572,646387.5
Mount Road ATM,2012-10-19,750300,sunday,H,4,19,10,3,0,0,579378.5714285715,566300.0
Mount Road ATM,2012-10-20,629700,saturday,H,5,20,10,3,0,0,588610.7142857143,639987.5
Mount Road ATM,2012-10-21,316900,sunday,H,6,21,10,3,0,0,583067.8571428572,814187.5
Mount Road ATM,2012-10-22,646000,sunday,H,0,22,10,4,0,0,583996.4285714285,306550.0
Mount Road ATM,2012-10-23,394600,tuesday,H,1,23,10,4,0,0,588089.2857142857,676412.5
Mount Road ATM,2012-10-24,336000,wednesday,H,2,24,10,4,0,0,585275.0,562250.0
Mount Road ATM,2012-10-25,439000,wednesday,H,3,25,10,4,0,0,580117.8571428572,633912.5
Mount Road ATM,2012-10-26,540800,wednesday,H,4,26,10,4,0,0,577610.7142857143,560687.5
Mount Road ATM,2012-10-27,440300,saturday,H,5,27,10,4,0,0,587510.7142857143,620950.0
Mount Road ATM,2012-10-28,464300,sunday,H,6,28,10,4,0,0,578567.8571428572,715600.0
Mount Road ATM,2012-10-29,185300,sunday,H,0,29,10,5,0,1,583167.8571428572,322087.5
Mount Road ATM,2012-10-30,401600,sunday,H,1,30,10,5,0,1,557867.8571428572,583600.0
Mount Road ATM,2012-10-31,495000,sunday,H,2,31,10,5,0,1,556564.2857142857,506662.5
Mount Road ATM,2012-11-01,1020500,sunday,H,3,1,11,1,1,0,538817.8571428572,570337.5
Mount Road ATM,2012-11-02,882800,sunday,H,4,2,11,1,1,0,551178.5714285715,588412.5
Mount Road ATM,2012-11-03,1082400,saturday,H,5,3,11,1,1,0,555978.5714285715,647600.0
Mount Road ATM,2012-11-04,432400,sunday,H,6,4,11,1,0,0,569007.1428571428,752612.5
Mount Road ATM,2012-11-05,1296600,sunday,H,0,5,11,1,0,0,584432.1428571428,326000.0
Mount Road ATM,2012-11-06,891500,sunday,H,1,6,11,1,0,0,603017.8571428572,686712.5
Mount Road ATM,2012-11-07,904500,sunday,H,2,7,11,1,0,0,611703.5714285715,536812.5
Mount Road ATM,2012-11-08,638500,sunday,H,3,8,11,2,0,0,612817.8571428572,608375.0
Mount Road ATM,2012-11-09,992100,sunday,H,4,9,11,2,0,0,608757.1428571428,615587.5
Mount Road ATM,2012-11-10,1164200,saturday,H,5,10,11,2,0,0,617921.4285714285,675662.5
Mount Road ATM,2012-11-11,672500,sunday,H,6,11,11,2,0,0,628982.1428571428,795537.5
Mount Road ATM,2012-11-12,617300,sunday,H,0,12,11,2,0,0,638685.7142857143,364225.0
Mount Road ATM,2012-11-13,283600,tuesday,H,1,13,11,2,0,0,640482.1428571428,689187.5
Mount Road ATM,2012-11-14,420500,tuesday,H,2,14,11,2,0,0,632903.5714285715,503362.5
Mount Road ATM,2012-11-15,393700,tuesday,H,3,15,11,3,0,0,635221.4285714285,607150.0
Mount Road ATM,2012-11-16,353700,tuesday,H,4,16,11,3,0,0,633317.8571428572,609312.5
Mount Road ATM,2012-11-17,506100,saturday,H,5,17,11,3,0,0,619153.5714285715,658400.0
Mount Road ATM,2012-11-18,400,sunday,H,6,18,11,3,0,0,614739.2857142857,760687.5
Mount Road ATM,2012-11-19,338300,sunday,H,0,19,11,3,0,0,603435.7142857143,327912.5
Mount Road ATM,2012-11-20,684000,sunday,H,1,20,11,3,0,0,592446.4285714285,665050.0
Mount Road ATM,2012-11-21,422900,sunday,H,2,21,11,3,0,0,602782.1428571428,529687.5
Mount Road ATM,2012-11-22,404200,sunday,H,3,22,11,4,0,0,605885.7142857143,599962.5
Mount Road ATM,2012-11-23,81300,sunday,H,4,23,11,4,0,0,604642.8571428572,596187.5
Mount Road ATM,2012-11-24,439600,saturday,H,5,24,11,4,0,0,588232.1428571428,635612.5
Mount Road ATM,2012-11-25,95600,sunday,H,6,25,11,4,0,0,588207.1428571428,729300.0
Mount Road ATM,2012-11-26,408300,sunday,H,0,26,11,4,0,0,575039.2857142857,297925.0
Mount Road ATM,2012-11-27,315900,sunday,H,1,27,11,4,0,0,583003.5714285715,604375.0
Mount Road ATM,2012-11-28,408600,sunday,H,2,28,11,4,0,1,579942.8571428572,514412.5
Mount Road ATM,2012-11-29,310300,sunday,H,3,29,11,5,0,1,576857.1428571428,527050.0
Mount Road ATM,2012-11-30,692000,sunday,H,4,30,11,5,0,1,551492.8571428572,550675.0
Mount Road ATM,2012-12-01,704000,saturday,H,5,1,12,1,1,0,544678.5714285715,628562.5
Mount Road ATM,2012-12-02,856300,sunday,H,6,2,12,1,1,0,531164.2857142857,727600.0
Mount Road ATM,2012-12-03,695300,sunday,H,0,3,12,1,1,0,546303.5714285715,404900.0
Mount Road ATM,2012-12-04,800900,sunday,H,1,4,12,1,0,0,524828.5714285715,594262.5
Mount Road ATM,2012-12-05,679300,sunday,H,2,5,12,1,0,0,521592.85714285716,533487.5
Mount Road ATM,2012-12-06,517600,sunday,H,3,6,12,1,0,0,513550.0,502800.0
Mount Road ATM,2012-12-07,486200,sunday,H,4,7,12,1,0,0,509232.14285714284,521350.0
Mount Road ATM,2012-12-08,806100,saturday,H,5,8,12,2,0,0,491164.28571428574,597400.0
Mount Road ATM,2012-12-09,412100,sunday,H,6,9,12,2,0,0,478375.0,721550.0
Mount Road ATM,2012-12-10,725900,sunday,H,0,10,12,2,0,0,469075.0,406312.5
Mount Road ATM,2012-12-11,378600,sunday,H,1,11,12,2,0,0,472953.5714285714,614125.0
Mount Road ATM,2012-12-12,685600,sunday,H,2,12,12,2,0,0,476346.4285714286,518837.5
Mount Road ATM,2012-12-13,568200,sunday,H,3,13,12,2,0,0,485814.28571428574,544050.0
Mount Road ATM,2012-12-14,480200,sunday,H,4,14,12,2,0,0,492046.4285714286,536500.0
Mount Road ATM,2012-12-15,557100,saturday,H,5,15,12,3,0,0,496564.28571428574,563637.5
Mount Road ATM,2012-12-16,278000,sunday,H,6,16,12,3,0,0,498385.71428571426,712475.0
Mount Road ATM,2012-12-17,585600,sunday,H,0,17,12,3,0,0,508300.0,401450.0
Mount Road ATM,2012-12-18,562600,sunday,H,1,18,12,3,0,0,517132.14285714284,606575.0
Mount Road ATM,2012-12-19,824600,sunday,H,2,19,12,3,0,0,512796.4285714286,539837.5
Mount Road ATM,2012-12-20,535500,sunday,H,3,20,12,3,0,0,527142.8571428572,605125.0
Mount Road ATM,2012-12-21,396400,sunday,H,4,21,12,3,0,0,531832.1428571428,548562.5
Mount Road ATM,2012-12-22,566900,saturday,H,5,22,12,4,0,0,543085.7142857143,545587.5
Mount Road ATM,2012-12-23,416900,sunday,H,6,23,12,4,0,0,547632.1428571428,728300.0
Mount Road ATM,2012-12-24,494600,sunday,H,0,24,12,4,0,0,559107.1428571428,395525.0
Mount Road ATM,2012-12-25,230300,tuesday,H,1,25,12,4,0,0,562189.2857142857,645237.5
Mount Road ATM,2012-12-26,445600,tuesday,H,2,26,12,4,0,0,559132.1428571428,518425.0
Mount Road ATM,2012-12-27,398000,tuesday,H,3,27,12,4,0,0,560453.5714285715,598950.0
Mount Road ATM,2012-12-28,486400,tuesday,H,4,28,12,4,0,0,563585.7142857143,470750.0
Mount Road ATM,2012-12-29,171400,saturday,H,5,29,12,5,0,1,556242.8571428572,496037.5
Mount Road ATM,2012-12-30,262600,sunday,H,6,30,12,5,0,1,537221.4285714285,614425.0
Mount Road ATM,2012-12-31,1037800,sunday,H,0,31,12,5,0,1,516017.85714285716,374300.0
Mount Road ATM,2013-01-01,377900,tuesday,H,1,1,1,1,1,0,528250.0,612887.5
Mount Road ATM,2013-01-02,772300,wednesday,W,2,2,1,1,1,0,513142.85714285716,454225.0
Mount Road ATM,2013-01-03,738100,thursday,W,3,3,1,1,1,0,516464.28571428574,582425.0
Mount Road ATM,2013-01-04,633100,friday,W,4,4,1,1,0,0,524339.2857142857,483200.0
Mount Road ATM,2013-01-05,983100,saturday,H,5,5,1,1,0,0,529585.7142857143,451162.5
Mount Road ATM,2013-01-06,583500,sunday,H,6,6,1,1,0,0,535907.1428571428,591787.5
Mount Road ATM,2013-01-07,424000,monday,W,0,7,1,1,0,0,542028.5714285715,363175.0
Mount Road ATM,2013-01-08,602400,tuesday,W,1,8,1,2,0,0,531246.4285714285,588725.0
Mount Road ATM,2013-01-09,668000,wednesday,W,2,9,1,2,0,0,539239.2857142857,494075.0
Mount Road ATM,2013-01-10,741100,thursday,W,3,10,1,2,0,0,538610.7142857143,613362.5
Mount Road ATM,2013-01-11,589800,friday,W,4,11,1,2,0,0,544785.7142857143,526625.0
Mount Road ATM,2013-01-12,564000,saturday,H,5,12,1,2,0,0,548700.0,480675.0
Mount Road ATM,2013-01-13,344500,sunday,H,6,13,1,2,0,0,548946.4285714285,599025.0
Mount Road ATM,2013-01-14,2600,monday,H,0,14,1,2,0,0,551321.4285714285,406187.5
Mount Road ATM,2013-01-15,100500,tuesday,H,1,15,1,3,0,0,530500.0,546762.5
Mount Road ATM,2013-01-16,237000,wednesday,H,2,16,1,3,0,0,513996.4285714286,421137.5
Mount Road ATM,2013-01-17,556900,thursday,W,3,17,1,3,0,0,493010.71428571426,590125.0
Mount Road ATM,2013-01-18,710300,friday,W,4,18,1,3,0,0,493775.0,545712.5
Mount Road ATM,2013-01-19,408100,saturday,H,5,19,1,3,0,0,504985.71428571426,559300.0
Mount Road ATM,2013-01-20,314600,sunday,H,6,20,1,3,0,0,499314.28571428574,595087.5
Mount Road ATM,2013-01-21,514100,monday,W,0,21,1,3,0,0,495660.71428571426,433562.5
Mount Road ATM,2013-01-22,399500,tuesday,W,1,22,1,4,0,0,496357.14285714284,559987.5
Mount Road ATM,2013-01-23,737300,wednesday,W,2,23,1,4,0,0,502400.0,431587.5
Mount Road ATM,2013-01-24,628200,thursday,W,3,24,1,4,0,0,512817.85714285716,631212.5
Mount Road ATM,2013-01-25,152600,friday,H,4,25,1,4,0,0,521039.28571428574,585450.0
Mount Road ATM,2013-01-26,21000,saturday,H,5,26,1,4,0,0,509117.85714285716,491875.0
Mount Road ATM,2013-01-28,523300,monday,W,0,28,1,4,0,0,503746.4285714286,329150.0
Mount Road ATM,2013-01-29,525300,tuesday,W,1,29,1,5,0,1,513057.14285714284,538487.5
Mount Road ATM,2013-01-30,520100,wednesday,W,2,30,1,5,0,1,494753.5714285714,397137.5
Mount Road ATM,2013-01-31,625200,thursday,W,3,31,1,5,0,1,499832.14285714284,611312.5
Mount Road ATM,2013-02-01,792900,friday,W,4,1,2,1,1,0,494578.5714285714,598900.0
Mount Road ATM,2013-02-02,921900,saturday,H,5,2,2,1,1,0,496535.71428571426,530212.5
Mount Road ATM,2013-02-03,516400,sunday,H,6,3,2,1,1,0,506850.0,622325.0
Mount Road ATM,2013-02-04,887800,monday,W,0,4,2,1,0,0,490182.14285714284,342187.5
Mount Road ATM,2013-02-05,802000,tuesday,W,1,5,2,1,0,0,501050.0,558725.0
Mount Road ATM,2013-02-06,690400,wednesday,W,2,6,2,1,0,0,514550.0,450062.5
Mount Road ATM,2013-02-07,814900,thursday,W,3,7,2,1,0,0,517692.85714285716,611912.5
Mount Road ATM,2013-02-08,610800,friday,W,4,8,2,2,0,0,522939.28571428574,629737.5
Mount Road ATM,2013-02-09,942400,saturday,H,5,9,2,2,0,0,518285.71428571426,546537.5
Mount Road ATM,2013-02-10,445500,sunday,H,6,10,2,2,0,0,530878.5714285715,639362.5
Mount Road ATM,2013-02-11,624300,monday,W,0,11,2,2,0,0,526646.4285714285,363125.0
Mount Road ATM,2013-02-12,665300,tuesday,W,1,12,2,2,0,0,536639.2857142857,563562.5
Mount Road ATM,2013-02-13,575300,wednesday,W,2,13,2,2,0,0,560307.1428571428,462900.0
Mount Road ATM,2013-02-14,522200,thursday,W,3,14,2,2,0,0,577264.2857142857,580750.0
Mount Road ATM,2013-02-15,363000,friday,W,4,15,2,3,0,0,587450.0,628075.0
Mount Road ATM,2013-02-16,494800,saturday,H,5,16,2,3,0,0,580525.0,542362.5
Mount Road ATM,2013-02-17,440200,sunday,H,6,17,2,3,0,0,572828.5714285715,631575.0
Mount Road ATM,2013-02-18,609200,monday,W,0,18,2,3,0,0,573975.0,366037.5
Mount Road ATM,2013-02-19,731400,tuesday,W,1,19,2,3,0,0,584496.4285714285,577887.5
Mount Road ATM,2013-02-20,653100,wednesday,W,2,20,2,3,0,0,592257.1428571428,525537.5
Mount Road ATM,2013-02-21,557800,thursday,W,3,21,2,3,0,0,601314.2857142857,606687.5
Mount Road ATM,2013-02-22,492000,friday,W,4,22,2,4,0,0,594903.5714285715,648050.0
Mount Road ATM,2013-02-23,712500,saturday,H,5,23,2,4,0,0,590039.2857142857,543062.5
Mount Road ATM,2013-02-24,26700,sunday,H,6,24,2,4,0,0,610035.7142857143,649775.0
Mount Road ATM,2013-02-25,628400,monday,W,0,25,2,4,0,0,610239.2857142857,336550.0
Mount Road ATM,2013-02-26,670300,tuesday,W,1,26,2,4,0,1,613992.8571428572,526712.5
Mount Road ATM,2013-02-27,528000,wednesday,W,2,27,2,4,0,1,619171.4285714285,562087.5
Mount Road ATM,2013-02-28,606800,thursday,W,3,28,2,4,0,1,619453.5714285715,576150.0
Mount Road ATM,2013-03-01,831400,friday,W,4,1,3,1,1,0,618796.4285714285,631637.5
Mount Road ATM,2013-03-02,830800,saturday,H,5,2,3,1,1,0,620171.4285714285,567850.0
Mount Road ATM,2013-03-03,413300,sunday,H,6,3,3,1,1,0,616917.8571428572,732200.0
Mount Road ATM,2013-03-04,988400,monday,W,0,4,3,1,0,0,613235.7142857143,315275.0
Mount Road ATM,2013-03-05,693300,tuesday,W,1,5,3,1,0,0,616828.5714285715,597262.5
Mount Road ATM,2013-03-06,734300,wednesday,W,2,6,3,1,0,0,612946.4285714285,573450.0
Mount Road ATM,2013-03-07,436900,thursday,W,3,7,3,1,0,0,614514.2857142857,584437.5
Mount Road ATM,2013-03-08,641000,friday,W,4,8,3,2,0,0,601014.2857142857,593612.5
Mount Road ATM,2013-03-09,528600,saturday,H,5,9,3,2,0,0,602092.8571428572,574250.0
Mount Road ATM,2013-03-11,602300,monday,W,0,11,3,2,0,0,587314.2857142857,338287.5
Mount Road ATM,2013-03-12,625300,tuesday,W,1,12,3,2,0,0,592914.2857142857,672225.0
Mount Road ATM,2013-03-13,395500,wednesday,W,2,13,3,2,0,0,592950.0,639050.0
Mount Road ATM,2013-03-14,378800,thursday,W,3,14,3,2,0,0,583314.2857142857,604250.0
Mount Road ATM,2013-03-15,492300,friday,W,4,15,3,3,0,0,576296.4285714285,571350.0
Mount Road ATM,2013-03-16,645700,saturday,H,5,16,3,3,0,0,575228.5714285715,547000.0
Mount Road ATM,2013-03-17,289400,sunday,H,6,17,3,3,0,0,585325.0,690025.0
Mount Road ATM,2013-03-18,228800,monday,W,0,18,3,3,0,0,577989.2857142857,335137.5
Mount Road ATM,2013-03-19,549000,tuesday,W,1,19,3,3,0,0,570439.2857142857,636562.5
Mount Road ATM,2013-03-20,465400,wednesday,W,2,20,3,3,0,0,568289.2857142857,657737.5
Mount Road ATM,2013-03-21,532300,thursday,W,3,21,3,3,0,0,558789.2857142857,570262.5
Mount Road ATM,2013-03-22,415700,friday,W,4,22,3,4,0,0,554475.0,559362.5
Mount Road ATM,2013-03-23,566200,saturday,H,5,23,3,4,0,0,549400.0,579887.5
Mount Road ATM,2013-03-24,240900,sunday,H,6,24,3,4,0,0,552050.0,690300.0
Mount Road ATM,2013-03-25,393400,monday,W,0,25,3,4,0,0,535207.1428571428,362625.0
Mount Road ATM,2013-03-26,444100,tuesday,W,1,26,3,4,0,0,548303.5714285715,620325.0
Mount Road ATM,2013-03-27,477200,wednesday,W,2,27,3,4,0,0,541721.4285714285,647587.5
Mount Road ATM,2013-03-28,122300,thursday,W,3,28,3,4,0,0,534825.0,564900.0
Mount Road ATM,2013-03-29,384200,friday,H,4,29,3,5,0,1,520335.71428571426,496500.0
Mount Road ATM,2013-03-30,604500,saturday,H,5,30,3,5,0,1,512385.71428571426,528800.0
Mount Road ATM,2013-03-31,337800,sunday,H,6,31,3,5,0,1,504282.14285714284,714850.0
Mount Road ATM,2013-04-01,509600,monday,W,0,1,4,1,1,0,486675.0,340300.0
Mount Road ATM,2013-04-02,631400,tuesday,W,1,2,4,1,1,0,490114.28571428574,573050.0
Mount Road ATM,2013-04-03,464100,wednesday,W,2,3,4,1,1,0,477364.28571428574,626262.5
Mount Road ATM,2013-04-04,1019200,thursday,W,3,4,4,1,0,0,469178.5714285714,536612.5
Mount Road ATM,2013-04-05,668600,friday,W,4,5,4,1,0,0,479353.5714285714,522037.5
Mount Road ATM,2013-04-06,828000,saturday,H,5,6,4,1,0,0,487628.5714285714,536025.0
Mount Road ATM,2013-04-07,411700,sunday,H,6,7,4,1,0,0,494307.14285714284,703112.5
Mount Road ATM,2013-04-08,480400,monday,W,0,8,4,2,0,0,490132.14285714284,336075.0
Mount Road ATM,2013-04-09,672500,tuesday,W,1,9,4,2,0,0,485778.5714285714,555062.5
Mount Road ATM,2013-04-10,609900,wednesday,W,2,10,4,2,0,0,487464.28571428574,627162.5
Mount Road ATM,2013-04-11,488800,thursday,H,3,11,4,2,0,0,495121.4285714286,540937.5
Mount Road ATM,2013-04-12,527100,friday,W,4,12,4,2,0,0,499050.0,517862.5
Mount Road ATM,2013-04-13,828700,saturday,H,5,13,4,2,0,0,500292.85714285716,556537.5
Mount Road ATM,2013-04-14,408900,sunday,H,6,14,4,2,0,0,506828.5714285714,688900.0
Mount Road ATM,2013-04-15,486800,monday,W,0,15,4,3,0,0,511096.4285714286,332162.5
Mount Road ATM,2013-04-16,619900,tuesday,W,1,16,4,3,0,0,520310.71428571426,539762.5
Mount Road ATM,2013-04-17,815400,wednesday,W,2,17,4,3,0,0,522842.85714285716,613225.0
Mount Road ATM,2013-04-18,686000,thursday,W,3,18,4,3,0,0,535342.8571428572,561225.0
Mount Road ATM,2013-04-19,769200,friday,W,4,19,4,3,0,0,540832.1428571428,533887.5
Mount Road ATM,2013-04-20,1035900,saturday,H,5,20,4,3,0,0,553457.1428571428,591187.5
Mount Road ATM,2013-04-21,516000,sunday,H,6,21,4,3,0,0,570232.1428571428,756537.5
Mount Road ATM,2013-04-23,452700,tuesday,W,1,23,4,4,0,0,580057.1428571428,525712.5
Mount Road ATM,2013-04-24,450300,wednesday,H,2,24,4,4,0,0,582175.0,586025.0
Mount Road ATM,2013-04-25,371700,thursday,W,3,25,4,4,0,0,582396.4285714285,551512.5
Mount Road ATM,2013-04-26,281900,friday,W,4,26,4,4,0,0,578628.5714285715,504500.0
Mount Road ATM,2013-04-27,685400,saturday,H,5,27,4,4,0,0,584328.5714285715,522500.0
Mount Road ATM,2013-04-28,551300,sunday,H,6,28,4,4,0,1,595085.7142857143,753150.0
Mount Road ATM,2013-04-29,650400,monday,W,0,29,4,5,0,1,593185.7142857143,397737.5
Mount Road ATM,2013-04-30,780000,tuesday,W,1,30,4,5,0,1,604350.0,483462.5
Mount Road ATM,2013-05-01,635200,wednesday,H,2,1,5,1,1,0,614007.1428571428,596862.5
Mount Road ATM,2013-05-02,639600,thursday,W,3,2,5,1,1,0,614142.8571428572,539125.0
Mount Road ATM,2013-05-03,733800,friday,W,4,3,5,1,1,0,620410.7142857143,529837.5
Mount Road ATM,2013-05-04,1024000,saturday,H,5,4,5,1,0,0,610217.8571428572,534100.0
Mount Road ATM,2013-05-05,495600,sunday,H,6,5,5,1,0,0,622910.7142857143,777300.0
Mount Road ATM,2013-05-06,691400,monday,W,0,6,5,1,0,0,611039.2857142857,408025.0
Mount Road ATM,2013-05-07,807100,tuesday,W,1,7,5,1,0,0,621028.5714285715,494600.0
Mount Road ATM,2013-05-08,686700,wednesday,W,2,8,5,2,0,0,632696.4285714285,619587.5
Mount Road ATM,2013-05-09,635200,thursday,W,3,9,5,2,0,0,633203.5714285715,575525.0
Mount Road ATM,2013-05-10,912900,friday,W,4,10,5,2,0,0,634107.1428571428,561887.5
Mount Road ATM,2013-05-11,613900,saturday,H,5,11,5,2,0,0,649253.5714285715,586675.0
Mount Road ATM,2013-05-12,512100,sunday,H,6,12,5,2,0,0,652353.5714285715,773325.0
Mount Road ATM,2013-05-13,833200,monday,W,0,13,5,2,0,0,641046.4285714285,405962.5
Mount Road ATM,2013-05-14,525500,tuesday,W,1,14,5,2,0,0,656200.0,570150.0
Mount Road ATM,2013-05-15,464500,wednesday,W,2,15,5,3,0,0,657582.1428571428,616650.0
Mount Road ATM,2013-05-16,397800,thursday,W,3,16,5,3,0,0,652032.1428571428,575412.5
Mount Road ATM,2013-05-17,440800,friday,W,4,17,5,3,0,0,637117.8571428572,545075.0
Mount Road ATM,2013-05-18,721500,saturday,H,5,18,5,3,0,0,628360.7142857143,589812.5
Mount Road ATM,2013-05-19,359100,sunday,H,6,19,5,3,0,0,626657.1428571428,792737.5
Mount Road ATM,2013-05-20,363700,monday,W,0,20,5,3,0,0,602485.7142857143,414675.0
Mount Road ATM,2013-05-21,692100,tuesday,W,1,21,5,3,0,0,597046.4285714285,566437.5
Mount Road ATM,2013-05-22,460400,wednesday,W,2,22,5,4,0,0,605596.4285714285,647650.0
Mount Road ATM,2013-05-23,476200,thursday,W,3,23,5,4,0,0,605957.1428571428,573312.5
Mount Road ATM,2013-05-24,464300,friday,W,4,24,5,4,0,0,609689.2857142857,589312.5
Mount Road ATM,2013-05-25,540000,saturday,H,5,25,5,4,0,0,616203.5714285715,599825.0
Mount Road ATM,2013-05-26,139500,sunday,H,6,26,5,4,0,0,611010.7142857143,784675.0
Mount Road ATM,2013-05-27,637300,monday,W,0,27,5,4,0,0,596303.5714285715,402000.0
Mount Road ATM,2013-05-28,326300,tuesday,W,1,28,5,4,0,0,595835.7142857143,582400.0
Mount Road ATM,2013-05-29,355700,wednesday,W,2,29,5,5,0,1,579632.1428571428,609512.5
Mount Road ATM,2013-05-30,488900,thursday,W,3,30,5,5,0,1,569650.0,559762.5
Mount Road ATM,2013-05-31,501100,friday,W,4,31,5,5,0,1,564267.8571428572,523025.0
Mount Road ATM,2013-06-01,839600,saturday,H,5,1,6,1,1,0,555957.1428571428,578887.5
Mount Road ATM,2013-06-02,653100,sunday,H,6,2,6,1,1,0,549371.4285714285,786125.0
Mount Road ATM,2013-06-03,771600,monday,W,0,3,6,1,1,0,554996.4285714285,441412.5
Mount Road ATM,2013-06-04,703300,tuesday,W,1,4,6,1,0,0,557860.7142857143,618800.0
Mount Road ATM,2013-06-05,870500,wednesday,W,2,5,6,1,0,0,554153.5714285715,613362.5
Mount Road ATM,2013-06-06,997300,thursday,W,3,6,6,1,0,0,560717.8571428572,592337.5
Mount Road ATM,2013-06-07,528300,friday,W,4,7,6,1,0,0,573650.0,586587.5
Mount Road ATM,2013-06-08,722300,saturday,H,5,8,6,2,0,0,559914.2857142857,579037.5
Mount Road ATM,2013-06-09,376400,sunday,H,6,9,6,2,0,0,563785.7142857143,772825.0
Mount Road ATM,2013-06-10,488300,monday,W,0,10,6,2,0,0,558939.2857142857,437000.0
Mount Road ATM,2013-06-11,784700,tuesday,W,1,11,6,2,0,0,546621.4285714285,618987.5
Mount Road ATM,2013-06-12,482400,wednesday,W,2,12,6,2,0,0,555878.5714285715,633962.5
Mount Road ATM,2013-06-13,521500,thursday,W,3,13,6,2,0,0,556517.8571428572,550712.5
Mount Road ATM,2013-06-14,493000,friday,W,4,14,6,2,0,0,560935.7142857143,566025.0
Mount Road ATM,2013-06-15,649800,saturday,H,5,15,6,3,0,0,562800.0,544512.5
Mount Road ATM,2013-06-16,223500,sunday,H,6,16,6,3,0,0,560239.2857142857,724562.5
Mount Road ATM,2013-06-17,627700,monday,W,0,17,6,3,0,0,555396.4285714285,413825.0
Mount Road ATM,2013-06-18,557000,tuesday,W,1,18,6,3,0,0,564825.0,632950.0
Mount Road ATM,2013-06-19,592200,wednesday,W,2,19,6,3,0,0,560000.0,647000.0
Mount Road ATM,2013-06-20,630400,thursday,W,3,20,6,3,0,0,564707.1428571428,568450.0
Mount Road ATM,2013-06-21,755700,friday,W,4,21,6,3,0,0,570214.2857142857,598362.5
Mount Road ATM,2013-06-22,520200,saturday,H,5,22,6,4,0,0,580621.4285714285,603737.5
Mount Road ATM,2013-06-23,243500,sunday,H,6,23,6,4,0,0,579914.2857142857,703912.5
Mount Road ATM,2013-06-24,606000,monday,W,0,24,6,4,0,0,583628.5714285715,375350.0
Mount Road ATM,2013-06-25,206700,tuesday,W,1,25,6,4,0,0,582510.7142857143,627400.0
Mount Road ATM,2013-06-26,672500,wednesday,W,2,26,6,4,0,0,578239.2857142857,575337.5
Mount Road ATM,2013-06-27,519900,thursday,W,3,27,6,4,0,0,589553.5714285715,573112.5
Mount Road ATM,2013-06-28,495400,friday,W,4,28,6,4,0,1,590660.7142857143,583400.0
Mount Road ATM,2013-06-29,912600,saturday,H,5,29,6,5,0,1,590457.1428571428,573937.5
Mount Road ATM,2013-06-30,575700,sunday,H,6,30,6,5,0,1,593064.2857142857,689987.5
Mount Road ATM,2013-07-01,741700,monday,W,0,1,7,1,1,0,590300.0,385362.5
Mount Road ATM,2013-07-02,592600,tuesday,W,1,2,7,1,1,0,589232.1428571428,633687.5
Mount Road ATM,2013-07-03,932700,wednesday,W,2,3,7,1,1,0,585278.5714285715,548525.0
Mount Road ATM,2013-07-04,899700,thursday,W,3,4,7,1,0,0,587500.0,603862.5
Mount Road ATM,2013-07-05,937400,friday,W,4,5,7,1,0,0,584014.2857142857,616462.5
Mount Road ATM,2013-07-06,920700,saturday,H,5,6,7,1,0,0,598625.0,577000.0
Mount Road ATM,2013-07-07,588400,sunday,H,6,7,7,1,0,0,605710.7142857143,728337.5
Mount Road ATM,2013-07-08,570500,monday,W,0,8,7,2,0,0,613282.1428571428,394900.0
Mount Road ATM,2013-07-09,549600,tuesday,W,1,9,7,2,0,0,616217.8571428572,600850.0
Mount Road ATM,2013-07-10,509700,wednesday,W,2,10,7,2,0,0,607821.4285714285,551537.5
Mount Road ATM,2013-07-11,110300,thursday,W,3,11,7,2,0,0,608796.4285714285,609512.5
Mount Road ATM,2013-07-12,689500,friday,W,4,12,7,2,0,0,594110.7142857143,580525.0
Mount Road ATM,2013-07-13,399900,saturday,H,5,13,7,2,0,0,601128.5714285715,608087.5
Mount Road ATM,2013-07-14,108600,sunday,H,6,14,7,2,0,0,592203.5714285715,688137.5
Mount Road ATM,2013-07-15,401700,monday,W,0,15,7,3,0,0,588100.0,363587.5
Mount Road ATM,2013-07-16,570400,tuesday,W,1,16,7,3,0,0,580028.5714285715,605600.0
Mount Road ATM,2013-07-17,551300,wednesday,W,2,17,7,3,0,0,580507.1428571428,536325.0
Mount Road ATM,2013-07-18,482900,thursday,W,3,18,7,3,0,0,579046.4285714285,620875.0
Mount Road ATM,2013-07-19,562700,friday,W,4,19,7,3,0,0,573778.5714285715,581362.5
Mount Road ATM,2013-07-20,726000,saturday,H,5,20,7,3,0,0,566885.7142857143,620387.5
Mount Road ATM,2013-07-21,192500,sunday,H,6,21,7,3,0,0,574235.7142857143,711387.5
Mount Road ATM,2013-07-22,395900,monday,W,0,22,7,4,0,0,572414.2857142857,370212.5
Mount Road ATM,2013-07-23,410200,tuesday,W,1,23,7,4,0,0,564910.7142857143,575425.0
Mount Road ATM,2013-07-24,416100,wednesday,W,2,24,7,4,0,0,572178.5714285715,546812.5
Mount Road ATM,2013-07-25,267900,thursday,W,3,25,7,4,0,0,563021.4285714285,628425.0
Mount Road ATM,2013-07-26,364500,friday,W,4,26,7,4,0,0,554021.4285714285,553737.5
Mount Road ATM,2013-07-27,560300,saturday,H,5,27,7,4,0,0,549346.4285714285,603312.5
Mount Road ATM,2013-07-28,13500,sunday,H,6,28,7,4,0,0,536764.2857142857,676475.0
Mount Road ATM,2013-07-29,356300,monday,W,0,29,7,5,0,1,516685.71428571426,290262.5
Mount Road ATM,2013-07-30,445200,tuesday,W,1,30,7,5,0,1,502921.4285714286,523512.5
Mount Road ATM,2013-07-31,780800,wednesday,W,2,31,7,5,0,1,497657.14285714284,514550.0
Mount Road ATM,2013-08-01,386200,thursday,W,3,1,8,1,1,0,492232.14285714284,617212.5
Mount Road ATM,2013-08-02,48400,friday,W,4,2,8,1,1,0,473892.85714285716,477350.0
Mount Road ATM,2013-08-03,502900,saturday,H,5,3,8,1,1,0,442142.85714285716,543325.0
Mount Road ATM,2013-08-04,597300,sunday,H,6,4,8,1,0,0,427221.4285714286,649050.0
Mount Road ATM,2013-08-05,887000,monday,W,0,5,8,1,0,0,427539.28571428574,317875.0
Mount Road ATM,2013-08-06,733100,tuesday,W,1,6,8,1,0,0,438842.85714285716,573350.0
Mount Road ATM,2013-08-07,672500,wednesday,W,2,7,8,1,0,0,445396.4285714286,508100.0
Mount Road ATM,2013-08-08,638000,thursday,W,3,8,8,2,0,0,451210.71428571426,640975.0
Mount Road ATM,2013-08-09,283400,friday,W,4,9,8,2,0,0,470057.14285714284,491912.5
Mount Road ATM,2013-08-10,721600,saturday,H,5,10,8,2,0,0,455553.5714285714,517125.0
Mount Road ATM,2013-08-11,296900,sunday,H,6,11,8,2,0,0,467042.85714285716,658025.0
Mount Road ATM,2013-08-12,524500,monday,W,0,12,8,2,0,0,473767.85714285716,327050.0
Mount Road ATM,2013-08-13,567600,tuesday,W,1,13,8,2,0,0,478153.5714285714,560450.0
Mount Road ATM,2013-08-14,455700,wednesday,W,2,14,8,2,0,0,478053.5714285714,509425.0
Mount Road ATM,2013-08-15,433100,thursday,H,3,15,8,3,0,0,474639.28571428574,623912.5
Mount Road ATM,2013-08-16,750400,friday,W,4,16,8,3,0,0,472860.71428571426,467250.0
Mount Road ATM,2013-08-17,740600,saturday,H,5,17,8,3,0,0,479564.28571428574,516462.5
Mount Road ATM,2013-08-18,354200,sunday,H,6,18,8,3,0,0,480085.71428571426,685575.0
Mount Road ATM,2013-08-19,595400,monday,W,0,19,8,3,0,0,485860.71428571426,340887.5
Mount Road ATM,2013-08-20,536400,tuesday,W,1,20,8,3,0,0,492985.71428571426,559125.0
Mount Road ATM,2013-08-21,583600,wednesday,W,2,21,8,3,0,0,497492.85714285716,550637.5
Mount Road ATM,2013-08-22,585700,thursday,W,3,22,8,4,0,0,503475.0,612800.0
Mount Road ATM,2013-08-23,419400,friday,W,4,23,8,4,0,0,514825.0,475475.0
Mount Road ATM,2013-08-24,627100,saturday,H,5,24,8,4,0,0,516785.71428571426,506962.5
Mount Road ATM,2013-08-25,362400,sunday,H,6,25,8,4,0,0,519171.4285714286,649887.5
Mount Road ATM,2013-08-26,360200,monday,W,0,26,8,4,0,0,531632.1428571428,314225.0
Mount Road ATM,2013-08-27,762700,tuesday,W,1,27,8,4,0,0,531771.4285714285,511437.5
Mount Road ATM,2013-08-28,340700,wednesday,W,2,28,8,4,0,0,543110.7142857143,571900.0
Mount Road ATM,2013-08-29,763300,thursday,W,3,29,8,5,0,1,527392.8571428572,538800.0
Mount Road ATM,2013-08-30,429400,friday,W,4,30,8,5,0,1,540860.7142857143,458425.0
Mount Road ATM,2013-08-31,728200,saturday,H,5,31,8,5,0,1,554467.8571428572,443462.5
Mount Road ATM,2013-09-01,403400,sunday,H,6,1,9,1,1,0,562514.2857142857,625825.0
Mount Road ATM,2013-09-02,759100,monday,W,0,2,9,1,1,0,555589.2857142857,291100.0
Mount Road ATM,2013-09-03,882200,tuesday,W,1,3,9,1,1,0,551021.4285714285,535012.5
Mount Road ATM,2013-09-04,849500,wednesday,W,2,4,9,1,0,0,556346.4285714285,613475.0
Mount Road ATM,2013-09-05,829100,thursday,W,3,5,9,1,0,0,562667.8571428572,581275.0
Mount Road ATM,2013-09-06,819800,friday,W,4,6,9,1,0,0,569492.8571428572,548275.0
Mount Road ATM,2013-09-07,622500,saturday,H,5,7,9,1,0,0,588650.0,459750.0
Mount Road ATM,2013-09-08,290100,sunday,H,6,8,9,2,0,0,585110.7142857143,653650.0
Mount Road ATM,2013-09-09,282200,monday,H,0,9,9,2,0,0,584867.8571428572,313787.5
Mount Road ATM,2013-09-10,723000,tuesday,W,1,10,9,2,0,0,576214.2857142857,520075.0
Mount Road ATM,2013-09-11,733800,wednesday,W,2,11,9,2,0,0,581764.2857142857,632550.0
Mount Road ATM,2013-09-12,594500,thursday,W,3,12,9,2,0,0,591696.4285714285,604087.5
Mount Road ATM,2013-09-13,576800,friday,W,4,13,9,2,0,0,597460.7142857143,562225.0
Mount Road ATM,2013-09-14,590100,saturday,H,5,14,9,2,0,0,591260.7142857143,461512.5
Mount Road ATM,2013-09-15,324600,sunday,H,6,15,9,3,0,0,585885.7142857143,636662.5
Mount Road ATM,2013-09-16,524900,monday,W,0,16,9,3,0,0,584828.5714285715,330300.0
Mount Road ATM,2013-09-17,584500,tuesday,W,1,17,9,3,0,0,582310.7142857143,536200.0
Mount Road ATM,2013-09-18,32200,wednesday,W,2,18,9,3,0,0,584028.5714285715,654337.5
Mount Road ATM,2013-09-19,695300,thursday,W,3,19,9,3,0,0,564335.7142857143,556100.0
Mount Road ATM,2013-09-20,512700,friday,W,4,20,9,3,0,0,568250.0,615650.0
Mount Road ATM,2013-09-21,507100,saturday,H,5,21,9,3,0,0,571582.1428571428,480037.5
Mount Road ATM,2013-09-22,245900,sunday,H,6,22,9,4,0,0,567296.4285714285,630012.5
Mount Road ATM,2013-09-23,517500,monday,W,0,23,9,4,0,0,563135.7142857143,359350.0
Mount Road ATM,2013-09-24,354000,tuesday,W,1,24,9,4,0,0,568753.5714285715,556350.0
Mount Road ATM,2013-09-25,493300,wednesday,W,2,25,9,4,0,0,554157.1428571428,642937.5
Mount Road ATM,2013-09-26,354200,thursday,W,3,26,9,4,0,0,559607.1428571428,520162.5
Mount Road ATM,2013-09-27,375400,friday,W,4,27,9,4,0,0,544996.4285714285,611650.0
Mount Road ATM,2013-09-28,724600,saturday,H,5,28,9,4,0,1,543067.8571428572,520912.5
Mount Road ATM,2013-09-29,204100,sunday,H,6,29,9,5,0,1,542939.2857142857,657725.0
Mount Road ATM,2013-09-30,561500,monday,W,0,30,9,5,0,1,535821.4285714285,310200.0
Mount Road ATM,2013-10-01,875100,tuesday,W,1,1,10,1,1,0,528764.2857142857,515662.5
Mount Road ATM,2013-10-02,705400,wednesday,H,2,2,10,1,1,0,528510.7142857143,660687.5
Mount Road ATM,2013-10-03,908900,thursday,W,3,3,10,1,1,0,523364.28571428574,524275.0
Mount Road ATM,2013-10-04,930400,friday,W,4,4,10,1,0,0,526214.2857142857,645512.5
Mount Road ATM,2013-10-05,858900,saturday,H,5,5,10,1,0,0,530164.2857142857,601787.5
Mount Road ATM,2013-10-06,593800,sunday,H,6,6,10,1,0,0,538607.1428571428,674887.5
Mount Road ATM,2013-10-07,865500,monday,W,0,7,10,1,0,0,549453.5714285715,347312.5
Mount Road ATM,2013-10-08,651200,tuesday,W,1,8,10,2,0,0,570285.7142857143,558287.5
Mount Road ATM,2013-10-09,553200,wednesday,W,2,9,10,2,0,0,567721.4285714285,671137.5
Mount Road ATM,2013-10-10,755500,thursday,W,3,10,10,2,0,0,561271.4285714285,536462.5
Mount Road ATM,2013-10-11,736000,friday,W,4,11,10,2,0,0,567021.4285714285,685812.5
Mount Road ATM,2013-10-12,709900,saturday,H,5,12,10,2,0,0,572707.1428571428,599987.5
Mount Road ATM,2013-10-13,450800,sunday,H,6,13,10,2,0,0,576985.7142857143,671050.0
Mount Road ATM,2013-10-14,292400,monday,H,0,14,10,2,0,0,581492.8571428572,359387.5
Mount Road ATM,2013-10-15,385500,tuesday,W,1,15,10,3,0,0,573189.2857142857,520412.5
Mount Road ATM,2013-10-16,366600,wednesday,W,2,16,10,3,0,0,566082.1428571428,652275.0
Mount Road ATM,2013-10-17,471000,thursday,W,3,17,10,3,0,0,578025.0,509337.5
Mount Road ATM,2013-10-18,601800,friday,W,4,18,10,3,0,0,570014.2857142857,671475.0
Mount Road ATM,2013-10-19,676500,saturday,H,5,19,10,3,0,0,573196.4285714285,622787.5
Mount Road ATM,2013-10-20,400600,sunday,H,6,20,10,3,0,0,579246.4285714285,677225.0
Mount Road ATM,2013-10-21,463100,monday,W,0,21,10,3,0,0,584771.4285714285,364162.5
Mount Road ATM,2013-10-22,508100,tuesday,W,1,22,10,4,0,0,582828.5714285715,533275.0
Mount Road ATM,2013-10-23,616400,wednesday,W,2,23,10,4,0,0,588332.1428571428,620450.0
Mount Road ATM,2013-10-24,929100,thursday,W,3,24,10,4,0,0,592728.5714285715,543800.0
Mount Road ATM,2013-10-25,658700,friday,W,4,25,10,4,0,0,613260.7142857143,692200.0
Mount Road ATM,2013-10-26,650400,saturday,H,5,26,10,4,0,0,623378.5714285715,651450.0
Mount Road ATM,2013-10-27,470800,sunday,H,6,27,10,4,0,0,620728.5714285715,667500.0
Mount Road ATM,2013-10-28,891700,monday,W,0,28,10,4,0,0,630253.5714285715,372587.5
Mount Road ATM,2013-10-29,651200,tuesday,W,1,29,10,5,0,1,642046.4285714285,549850.0
Mount Road ATM,2013-10-30,631300,wednesday,W,2,30,10,5,0,1,634050.0,591575.0
Mount Road ATM,2013-10-31,715500,thursday,W,3,31,10,5,0,1,631403.5714285715,516525.0
Mount Road ATM,2013-11-01,789300,friday,W,4,1,11,1,1,0,624496.4285714285,678000.0
Mount Road ATM,2013-11-02,233000,saturday,H,5,2,11,1,1,0,619457.1428571428,647637.5
Mount Road ATM,2013-11-03,158000,sunday,H,6,3,11,1,1,0,597103.5714285715,618812.5
Mount Road ATM,2013-11-04,845400,monday,W,0,4,11,1,0,0,581539.2857142857,356075.0
Mount Road ATM,2013-11-05,879100,tuesday,H,1,5,11,1,0,0,580821.4285714285,620250.0
Mount Road ATM,2013-11-06,646400,wednesday,W,2,6,11,1,0,0,588960.7142857143,611087.5
Mount Road ATM,2013-11-07,840500,thursday,W,3,7,11,1,0,0,592289.2857142857,505600.0
Mount Road ATM,2013-11-08,707200,friday,W,4,8,11,2,0,0,595325.0,708750.0
Mount Road ATM,2013-11-09,755900,saturday,H,5,9,11,2,0,0,594296.4285714285,663937.5
Mount Road ATM,2013-11-10,350300,sunday,H,6,10,11,2,0,0,595939.2857142857,639537.5
Mount Road ATM,2013-11-11,811200,monday,W,0,11,11,2,0,0,592350.0,359287.5
Mount Road ATM,2013-11-12,887400,tuesday,W,1,12,11,2,0,0,610878.5714285715,656037.5
Mount Road ATM,2013-11-13,285600,wednesday,W,2,13,11,2,0,0,628803.5714285715,648950.0
Mount Road ATM,2013-11-14,806900,thursday,W,3,14,11,2,0,0,625910.7142857143,537275.0
Mount Road ATM,2013-11-15,325200,friday,W,4,15,11,3,0,0,637907.1428571428,722700.0
Mount Road ATM,2013-11-16,499400,saturday,H,5,16,11,3,0,0,628028.5714285715,640500.0
Mount Road ATM,2013-11-17,260600,sunday,H,6,17,11,3,0,0,621703.5714285715,638575.0
Mount Road ATM,2013-11-18,712000,monday,W,0,18,11,3,0,0,616703.5714285715,361125.0
Mount Road ATM,2013-11-19,775300,tuesday,W,1,19,11,3,0,0,625592.8571428572,680350.0
Mount Road ATM,2013-11-20,492400,wednesday,W,2,20,11,3,0,0,635135.7142857143,701612.5
Mount Road ATM,2013-11-21,621700,thursday,W,3,21,11,3,0,0,630707.1428571428,537162.5
Mount Road ATM,2013-11-22,652700,friday,W,4,22,11,4,0,0,619728.5714285715,756137.5
Mount Road ATM,2013-11-23,460500,saturday,H,5,23,11,4,0,0,619514.2857142857,675162.5
Mount Road ATM,2013-11-24,165100,sunday,H,6,24,11,4,0,0,612732.1428571428,605562.5
Mount Road ATM,2013-11-25,444300,monday,W,0,25,11,4,0,0,601814.2857142857,356250.0
Mount Road ATM,2013-11-26,512600,tuesday,W,1,26,11,4,0,0,585835.7142857143,665700.0
Mount Road ATM,2013-11-27,510600,wednesday,W,2,27,11,4,0,0,580885.7142857143,656300.0
Mount Road ATM,2013-11-28,433800,thursday,W,3,28,11,4,0,1,576575.0,512812.5
Mount Road ATM,2013-11-29,850600,friday,W,4,29,11,5,0,1,566514.2857142857,696750.0
Mount Road ATM,2013-11-30,756400,saturday,H,5,30,11,5,0,1,568703.5714285715,665187.5
Mount Road ATM,2013-12-01,419400,sunday,H,6,1,12,1,1,0,587396.4285714285,592750.0
Mount Road ATM,2013-12-02,653500,monday,W,0,2,12,1,1,0,596732.1428571428,334450.0
Mount Road ATM,2013-12-03,869800,tuesday,W,1,3,12,1,1,0,589878.5714285715,639200.0
Mount Road ATM,2013-12-04,893400,wednesday,W,2,4,12,1,0,0,589546.4285714285,683625.0
Mount Road ATM,2013-12-05,910300,thursday,W,3,5,12,1,0,0,598367.8571428572,555337.5
Mount Road ATM,2013-12-06,775300,friday,W,4,6,12,1,0,0,600860.7142857143,716100.0
Mount Road ATM,2013-12-07,761800,saturday,H,5,7,12,1,0,0,603292.8571428572,670100.0
Mount Road ATM,2013-12-08,473200,sunday,H,6,8,12,2,0,0,603503.5714285715,599237.5
Mount Road ATM,2013-12-09,883100,monday,W,0,9,12,2,0,0,607892.8571428572,337250.0
Mount Road ATM,2013-12-10,631400,tuesday,W,1,10,12,2,0,0,610460.7142857143,713037.5
Mount Road ATM,2013-12-11,546500,wednesday,W,2,11,12,2,0,0,601317.8571428572,714362.5
Mount Road ATM,2013-12-12,452100,thursday,W,3,12,12,2,0,0,610635.7142857143,577825.0
Mount Road ATM,2013-12-23,175600,monday,W,0,23,12,4,0,0,597964.2857142857,343687.5
Mount Road ATM,2013-12-24,245200,tuesday,W,1,24,12,4,0,0,592621.4285714285,677100.0
Mount Road ATM,2013-12-25,254500,wednesday,H,2,25,12,4,0,0,583542.8571428572,681500.0
Mount Road ATM,2013-12-26,659100,thursday,W,3,26,12,4,0,0,583325.0,532587.5
Mount Road ATM,2013-12-27,550300,friday,W,4,27,12,4,0,0,581435.7142857143,739612.5
Mount Road ATM,2013-12-28,469000,saturday,H,5,28,12,4,0,0,573400.0,663662.5
Mount Road ATM,2013-12-29,184100,sunday,H,6,29,12,5,0,1,572564.2857142857,573300.0
Mount Road ATM,2013-12-30,534800,monday,W,0,30,12,5,0,1,556935.7142857143,307850.0
Mount Road ATM,2013-12-31,922400,tuesday,W,1,31,12,5,0,1,552725.0,632487.5
Mount Road ATM,2014-01-01,268800,wednesday,H,2,1,1,1,1,0,569221.4285714285,715400.0
Mount Road ATM,2014-01-02,1031000,thursday,W,3,2,1,1,1,0,572925.0,487275.0
Mount Road ATM,2014-01-03,653800,friday,W,4,3,1,1,1,0,593878.5714285715,752350.0
Mount Road ATM,2014-01-04,769900,saturday,H,5,4,1,1,0,0,598921.4285714285,663050.0
Mount Road ATM,2014-01-05,395000,sunday,H,6,5,1,1,0,0,608182.1428571428,588237.5
Mount Road ATM,2014-01-06,1187800,monday,W,0,6,1,1,0,0,606796.4285714285,337475.0
Mount Road ATM,2014-01-07,1243400,tuesday,W,1,7,1,1,0,0,618839.2857142857,675287.5
Mount Road ATM,2014-01-08,685600,wednesday,W,2,8,1,2,0,0,636232.1428571428,760937.5
Mount Road ATM,2014-01-09,769500,thursday,W,3,9,1,2,0,0,645739.2857142857,492175.0
Mount Road ATM,2014-01-10,786500,friday,W,4,10,1,2,0,0,649882.1428571428,759100.0
Mount Road ATM,2014-01-11,649500,saturday,H,5,11,1,2,0,0,646907.1428571428,662700.0
Mount Road ATM,2014-01-12,509000,sunday,H,6,12,1,2,0,0,638196.4285714285,640300.0
Mount Road ATM,2014-01-13,580100,monday,W,0,13,1,2,0,0,623864.2857142857,357312.5
Mount Road ATM,2014-01-14,293000,tuesday,H,1,14,1,2,0,0,616892.8571428572,646400.0
Mount Road ATM,2014-01-15,377200,wednesday,H,2,15,1,3,0,0,600150.0,686637.5
Mount Road ATM,2014-01-16,352600,thursday,H,3,16,1,3,0,0,596721.4285714285,503625.0
Mount Road ATM,2014-01-17,660800,friday,W,4,17,1,3,0,0,577775.0,698112.5
Mount Road ATM,2014-01-18,598900,saturday,H,5,18,1,3,0,0,578825.0,656900.0
Mount Road ATM,2014-01-19,266000,sunday,H,6,19,1,3,0,0,580696.4285714285,620675.0
Mount Road ATM,2014-01-20,550500,monday,W,0,20,1,3,0,0,574050.0,357987.5
Mount Road ATM,2014-01-21,373800,tuesday,W,1,21,1,3,0,0,587439.2857142857,626212.5
Mount Road ATM,2014-01-22,572800,wednesday,W,2,22,1,4,0,0,592032.1428571428,636450.0
Mount Road ATM,2014-01-23,564300,thursday,W,3,23,1,4,0,0,603400.0,513675.0
Mount Road ATM,2014-01-24,591200,friday,W,4,24,1,4,0,0,600014.2857142857,667787.5
Mount Road ATM,2014-01-25,579700,saturday,H,5,25,1,4,0,0,601475.0,690150.0
Mount Road ATM,2014-01-26,365800,sunday,H,6,26,1,4,0,0,605428.5714285715,630712.5
Mount Road ATM,2014-01-27,511600,monday,W,0,27,1,4,0,0,611917.8571428572,383075.0
Mount Road ATM,2014-01-28,367500,tuesday,W,1,28,1,4,0,0,611089.2857142857,634625.0
Mount Road ATM,2014-01-29,606900,wednesday,W,2,29,1,5,0,1,591271.4285714285,618312.5
Mount Road ATM,2014-01-30,487200,thursday,W,3,30,1,5,0,1,603346.4285714285,525712.5
Mount Road ATM,2014-01-31,692200,friday,W,4,31,1,5,0,1,583925.0,650975.0
Mount Road ATM,2014-02-01,651400,saturday,H,5,1,2,1,1,0,585296.4285714285,695087.5
Mount Road ATM,2014-02-02,556200,sunday,H,6,2,2,1,1,0,581064.2857142857,654575.0
Mount Road ATM,2014-02-03,643200,monday,W,0,3,2,1,1,0,586821.4285714285,400175.0
Mount Road ATM,2014-02-04,727100,tuesday,W,1,4,2,1,0,0,567371.4285714285,633337.5
Mount Road ATM,2014-02-05,741900,wednesday,W,2,5,2,1,0,0,548932.1428571428,600475.0
Mount Road ATM,2014-02-06,876300,thursday,W,3,6,2,1,0,0,550942.8571428572,506775.0
Mount Road ATM,2014-02-07,710100,friday,W,4,7,2,1,0,0,554757.1428571428,706287.5
Mount Road ATM,2014-02-08,773700,saturday,H,5,8,2,2,0,0,552028.5714285715,677525.0
Mount Road ATM,2014-02-09,197100,sunday,H,6,9,2,2,0,0,556464.2857142857,656737.5
Mount Road ATM,2014-02-10,881600,monday,W,0,10,2,2,0,0,545325.0,365662.5
Mount Road ATM,2014-02-11,649600,tuesday,W,1,11,2,2,0,0,556092.8571428572,633150.0
Mount Road ATM,2014-02-12,787200,wednesday,W,2,12,2,2,0,0,568828.5714285715,602750.0
Mount Road ATM,2014-02-13,575400,thursday,W,3,13,2,2,0,0,583471.4285714285,536862.5
Mount Road ATM,2014-02-14,484200,friday,W,4,14,2,2,0,0,591428.5714285715,664425.0
Mount Road ATM,2014-02-15,832500,saturday,H,5,15,2,3,0,0,585121.4285714285,641137.5
Mount Road ATM,2014-02-16,434600,sunday,H,6,16,2,3,0,0,593464.2857142857,665575.0
Mount Road ATM,2014-02-17,565600,monday,W,0,17,2,3,0,0,599485.7142857143,363475.0
Mount Road ATM,2014-02-18,423600,tuesday,W,1,18,2,3,0,0,600025.0,681900.0
Mount Road ATM,2014-02-19,548000,wednesday,W,2,19,2,3,0,0,601803.5714285715,625050.0
Mount Road ATM,2014-02-20,771500,thursday,W,3,20,2,3,0,0,600917.8571428572,573550.0
Mount Road ATM,2014-02-21,562700,friday,W,4,21,2,3,0,0,608317.8571428572,678475.0
Mount Road ATM,2014-02-22,511800,saturday,H,5,22,2,4,0,0,607300.0,642687.5
Mount Road ATM,2014-02-23,208000,sunday,H,6,23,2,4,0,0,604875.0,670925.0
Mount Road ATM,2014-02-24,617700,monday,W,0,24,2,4,0,0,599239.2857142857,366462.5
Mount Road ATM,2014-02-25,565700,tuesday,W,1,25,2,4,0,0,603028.5714285715,692262.5
Mount Road ATM,2014-02-26,408500,wednesday,W,2,26,2,4,0,1,610107.1428571428,580462.5
Mount Road ATM,2014-02-27,506500,thursday,W,3,27,2,4,0,1,603021.4285714285,591012.5
Mount Road ATM,2014-02-28,540900,friday,W,4,28,2,4,0,1,603710.7142857143,612912.5
Mount Road ATM,2014-03-01,805400,saturday,H,5,1,3,1,1,0,598307.1428571428,628575.0
Mount Road ATM,2014-03-02,435300,sunday,H,6,2,3,1,1,0,603807.1428571428,675362.5
Mount Road ATM,2014-03-03,811400,monday,W,0,3,3,1,1,0,599489.2857142857,371500.0
Mount Road ATM,2014-03-04,761000,tuesday,W,1,4,3,1,0,0,605496.4285714285,645212.5
Mount Road ATM,2014-03-05,922700,wednesday,W,2,5,3,1,0,0,606707.1428571428,520162.5
Mount Road ATM,2014-03-06,794400,thursday,W,3,6,3,1,0,0,613164.2857142857,620650.0
Mount Road ATM,2014-03-07,586700,friday,W,4,7,3,1,0,0,610239.2857142857,616025.0
Mount Road ATM,2014-03-08,949600,saturday,H,5,8,3,2,0,0,605832.1428571428,603600.0
Mount Road ATM,2014-03-09,493400,sunday,H,6,9,3,2,0,0,612114.2857142857,712875.0
Mount Road ATM,2014-03-10,834100,monday,W,0,10,3,2,0,0,622696.4285714285,369550.0
Mount Road ATM,2014-03-11,684000,tuesday,W,1,11,3,2,0,0,621000.0,676962.5
Mount Road ATM,2014-03-12,629600,wednesday,W,2,12,3,2,0,0,622228.5714285715,569037.5
Mount Road ATM,2014-03-13,388500,thursday,W,3,13,3,2,0,0,616600.0,652200.0
Mount Road ATM,2014-03-14,620800,friday,W,4,14,3,2,0,0,609925.0,620512.5
Mount Road ATM,2014-03-15,492800,saturday,H,5,15,3,3,0,0,614803.5714285715,598600.0
Mount Road ATM,2014-03-16,376300,sunday,H,6,16,3,3,0,0,602671.4285714285,699612.5
Mount Road ATM,2014-03-17,1235000,monday,W,0,17,3,3,0,0,600589.2857142857,383337.5
Mount Road ATM,2014-03-18,498900,tuesday,W,1,18,3,3,0,0,624496.4285714285,762525.0
Mount Road ATM,2014-03-19,788000,wednesday,W,2,19,3,3,0,0,627185.7142857143,584675.0
Mount Road ATM,2014-03-20,638300,thursday,W,3,20,3,3,0,0,635757.1428571428,679100.0
Mount Road ATM,2014-03-21,709800,friday,W,4,21,3,3,0,0,631000.0,629762.5
Mount Road ATM,2014-03-22,992500,saturday,H,5,22,3,4,0,0,636253.5714285715,613425.0
Mount Road ATM,2014-03-23,377300,sunday,H,6,23,3,4,0,0,653421.4285714285,751212.5
Mount Road ATM,2014-03-24,568400,monday,W,0,24,3,4,0,0,659467.8571428572,384775.0
Mount Road ATM,2014-03-25,609300,tuesday,W,1,25,3,4,0,0,657707.1428571428,769625.0
Mount Road ATM,2014-03-26,833700,wednesday,W,2,26,3,4,0,0,659264.2857142857,614900.0
Mount Road ATM,2014-03-27,567800,thursday,W,3,27,3,4,0,0,674450.0,707450.0
Mount Road ATM,2014-03-28,373400,friday,W,4,28,3,4,0,0,676639.2857142857,639837.5
Mount Road ATM,2014-03-29,1126600,saturday,H,5,29,3,5,0,1,670657.1428571428,573575.0
Mount Road ATM,2014-03-30,415300,sunday,H,6,30,3,5,0,1,682128.5714285715,810612.5
Mount Road ATM,2014-03-31,1272400,monday,H,0,31,3,5,0,1,681414.2857142857,367162.5
Mount Road ATM,2014-04-02,192700,wednesday,W,2,2,4,1,1,0,697878.5714285715,683062.5
Mount Road ATM,2014-04-03,1006500,thursday,W,3,3,4,1,1,0,677582.1428571428,638800.0
Mount Road ATM,2014-04-04,948100,friday,W,4,4,4,1,0,0,680575.0,656112.5
Mount Road ATM,2014-04-05,772600,saturday,H,5,5,4,1,0,0,686064.2857142857,603325.0
Mount Road ATM,2014-04-06,605100,sunday,H,6,6,4,1,0,0,692703.5714285715,810475.0
Mount Road ATM,2014-04-07,721300,monday,W,0,7,4,1,0,0,680400.0,418162.5
Mount Road ATM,2014-04-08,814200,tuesday,W,1,8,4,2,0,0,688539.2857142857,779387.5
Mount Road ATM,2014-04-09,741800,wednesday,W,2,9,4,2,0,0,687828.5714285715,703637.5
Mount Road ATM,2014-04-10,668000,thursday,W,3,10,4,2,0,0,689892.8571428572,633125.0
Mount Road ATM,2014-04-11,535900,friday,W,4,11,4,2,0,0,691264.2857142857,667687.5
Mount Road ATM,2014-04-12,768600,saturday,H,5,12,4,2,0,0,696528.5714285715,609787.5
Mount Road ATM,2014-04-13,546200,sunday,H,6,13,4,2,0,0,701807.1428571428,802487.5
Mount Road ATM,2014-04-14,356800,monday,H,0,14,4,2,0,0,703714.2857142857,432112.5
Mount Road ATM,2014-04-15,706700,tuesday,W,1,15,4,3,0,0,703017.8571428572,713787.5
Mount Road ATM,2014-04-16,525700,wednesday,W,2,16,4,3,0,0,684150.0,739025.0
Mount Road ATM,2014-04-17,706300,thursday,W,3,17,4,3,0,0,685107.1428571428,630337.5
Mount Road ATM,2014-04-18,560300,friday,H,4,18,4,3,0,0,682189.2857142857,659537.5
Mount Road ATM,2014-04-19,604900,saturday,H,5,19,4,3,0,0,679403.5714285715,609487.5
Mount Road ATM,2014-04-20,405500,sunday,H,6,20,4,3,0,0,675657.1428571428,814125.0
Mount Road ATM,2014-04-21,1057300,monday,W,0,21,4,3,0,0,654692.8571428572,456800.0
Mount Road ATM,2014-04-22,641300,tuesday,W,1,22,4,4,0,0,678978.5714285715,775250.0
Mount Road ATM,2014-04-23,383300,wednesday,W,2,23,4,4,0,0,681582.1428571428,748475.0
Mount Road ATM,2014-04-24,177300,thursday,W,3,24,4,4,0,0,673510.7142857143,627187.5
Mount Road ATM,2014-04-25,699700,friday,W,4,25,4,4,0,0,650067.8571428572,618387.5
Mount Road ATM,2014-04-26,427600,saturday,H,5,26,4,4,0,0,654778.5714285715,629337.5
Mount Road ATM,2014-04-27,428500,sunday,H,6,27,4,4,0,0,656714.2857142857,766900.0
Mount Road ATM,2014-04-28,531600,monday,W,0,28,4,4,0,1,631782.1428571428,455950.0
Mount Road ATM,2014-04-29,344600,tuesday,W,1,29,4,5,0,1,635935.7142857143,764487.5
Mount Road ATM,2014-04-30,1063800,wednesday,W,2,30,4,5,0,1,602800.0,696425.0
Mount Road ATM,2014-05-01,438300,thursday,H,3,1,5,1,1,0,633910.7142857143,644825.0
Mount Road ATM,2014-05-02,883100,friday,W,4,2,5,1,1,0,613617.8571428572,573875.0
Mount Road ATM,2014-05-03,925300,saturday,H,5,3,5,1,1,0,611296.4285714285,666387.5
Mount Road ATM,2014-05-04,459500,sunday,H,6,4,5,1,0,0,616750.0,763862.5
Mount Road ATM,2014-05-05,1022100,monday,W,0,5,5,1,0,0,611550.0,451712.5
Mount Road ATM,2014-05-06,604500,tuesday,W,1,6,5,1,0,0,622292.8571428572,790825.0
Mount Road ATM,2014-05-07,740300,wednesday,W,2,7,5,1,0,0,614803.5714285715,686487.5
Mount Road ATM,2014-05-08,850400,thursday,W,3,8,5,2,0,0,614750.0,658662.5
Mount Road ATM,2014-05-09,493300,friday,W,4,9,5,2,0,0,621264.2857142857,631612.5
Mount Road ATM,2014-05-10,916900,saturday,H,5,10,5,2,0,0,619742.8571428572,650450.0
Mount Road ATM,2014-05-11,286500,sunday,H,6,11,5,2,0,0,625039.2857142857,816875.0
Mount Road ATM,2014-05-12,660100,monday,W,0,12,5,2,0,0,615764.2857142857,440487.5
Mount Road ATM,2014-05-13,782500,tuesday,W,1,13,5,2,0,0,626596.4285714285,769075.0
Mount Road ATM,2014-05-14,613100,wednesday,W,2,14,5,2,0,0,629303.5714285715,721937.5
Mount Road ATM,2014-05-15,475200,thursday,W,3,15,5,3,0,0,632425.0,636800.0
Mount Road ATM,2014-05-16,370000,friday,W,4,16,5,3,0,0,624171.4285714285,611225.0
Mount Road ATM,2014-05-17,713800,saturday,H,5,17,5,3,0,0,617375.0,607975.0
Mount Road ATM,2014-05-18,326600,sunday,H,6,18,5,3,0,0,621264.2857142857,782037.5
Mount Road ATM,2014-05-19,926800,monday,W,0,19,5,3,0,0,618446.4285714285,434150.0
Mount Road ATM,2014-05-20,683100,tuesday,W,1,20,5,3,0,0,613785.7142857143,730550.0
Mount Road ATM,2014-05-21,520800,wednesday,W,2,21,5,3,0,0,615278.5714285715,731162.5
Mount Road ATM,2014-05-22,642300,thursday,W,3,22,5,4,0,0,620189.2857142857,597687.5
Mount Road ATM,2014-05-23,603700,friday,W,4,23,5,4,0,0,636796.4285714285,620537.5
Mount Road ATM,2014-05-24,625900,saturday,H,5,24,5,4,0,0,633367.8571428572,636762.5
Mount Road ATM,2014-05-25,353100,sunday,H,6,25,5,4,0,0,640450.0,719450.0
Mount Road ATM,2014-05-26,515500,monday,W,0,26,5,4,0,0,637757.1428571428,426375.0
Mount Road ATM,2014-05-27,594300,tuesday,W,1,27,5,4,0,0,637182.1428571428,723937.5
Mount Road ATM,2014-05-28,744800,wednesday,W,2,28,5,4,0,0,646100.0,646400.0
Mount Road ATM,2014-05-29,1033900,thursday,W,3,29,5,5,0,1,634707.1428571428,666700.0
Mount Road ATM,2014-05-30,899300,friday,W,4,30,5,5,0,1,655978.5714285715,623962.5
Mount Road ATM,2014-05-31,1089200,saturday,H,5,31,5,5,0,1,656557.1428571428,630662.5
Mount Road ATM,2014-06-01,773100,sunday,H,6,1,6,1,1,0,662410.7142857143,759025.0
Mount Road ATM,2014-06-02,1130100,monday,W,0,2,6,1,1,0,673610.7142857143,447375.0
Mount Road ATM,2014-06-03,766600,tuesday,W,1,3,6,1,1,0,677467.8571428572,775037.5
Mount Road ATM,2014-06-04,869800,wednesday,W,2,4,6,1,0,0,683257.1428571428,640450.0
Mount Road ATM,2014-06-05,614700,thursday,W,3,5,6,1,0,0,687882.1428571428,682700.0
Mount Road ATM,2014-06-06,945300,friday,W,4,6,6,1,0,0,679464.2857142857,617300.0
Mount Road ATM,2014-06-07,898900,saturday,H,5,7,6,1,0,0,695607.1428571428,681837.5
Mount Road ATM,2014-06-08,689500,sunday,H,6,8,6,2,0,0,694964.2857142857,775312.5
Mount Road ATM,2014-06-09,722800,monday,W,0,9,6,2,0,0,709357.1428571428,465287.5
Mount Road ATM,2014-06-10,629800,tuesday,W,1,10,6,2,0,0,711596.4285714285,820787.5
Mount Road ATM,2014-06-11,685300,wednesday,W,2,11,6,2,0,0,706142.8571428572,630837.5
Mount Road ATM,2014-06-12,635800,thursday,W,3,12,6,2,0,0,708721.4285714285,702650.0
Mount Road ATM,2014-06-13,547100,friday,W,4,13,6,2,0,0,714457.1428571428,608487.5
Mount Road ATM,2014-06-14,763700,saturday,H,5,14,6,2,0,0,720782.1428571428,680187.5
Mount Road ATM,2014-06-15,401100,sunday,H,6,15,6,3,0,0,722564.2857142857,795162.5
Mount Road ATM,2014-06-16,788500,monday,W,0,16,6,3,0,0,725225.0,464737.5
Mount Road ATM,2014-06-17,288500,tuesday,W,1,17,6,3,0,0,720285.7142857143,787187.5
Mount Road ATM,2014-06-18,721900,wednesday,W,2,18,6,3,0,0,706192.8571428572,586737.5
Mount Road ATM,2014-06-19,482600,thursday,W,3,19,6,3,0,0,713375.0,744975.0
Mount Road ATM,2014-06-20,859800,friday,W,4,20,6,3,0,0,707671.4285714285,646650.0
Mount Road ATM,2014-06-21,669400,saturday,H,5,21,6,3,0,0,716817.8571428572,700200.0
Mount Road ATM,2014-06-22,397200,sunday,H,6,22,6,4,0,0,718371.4285714285,825387.5
Mount Road ATM,2014-06-23,606000,monday,W,0,23,6,4,0,0,719946.4285714285,460825.0
Mount Road ATM,2014-06-24,707300,tuesday,W,1,24,6,4,0,0,723178.5714285715,796487.5
Mount Road ATM,2014-06-25,765600,wednesday,W,2,25,6,4,0,0,727214.2857142857,632075.0
Mount Road ATM,2014-06-26,624000,thursday,W,3,26,6,4,0,0,727957.1428571428,707700.0
Mount Road ATM,2014-06-27,735500,friday,W,4,27,6,4,0,0,713317.8571428572,669862.5
Mount Road ATM,2014-06-28,799500,saturday,H,5,28,6,4,0,1,707467.8571428572,681750.0
Mount Road ATM,2014-06-29,387000,sunday,H,6,29,6,5,0,1,697121.4285714285,809662.5
Mount Road ATM,2014-06-30,1360200,monday,W,0,30,6,5,0,1,683332.1428571428,451762.5
Mount Road ATM,2014-07-01,801000,tuesday,W,1,1,7,1,1,0,691550.0,838750.0
Mount Road ATM,2014-07-02,1179400,wednesday,W,2,2,7,1,1,0,692778.5714285715,656637.5
Mount Road ATM,2014-07-03,1000800,thursday,W,3,3,7,1,1,0,703835.7142857143,762587.5
Mount Road ATM,2014-07-04,990700,friday,W,4,4,7,1,0,0,717625.0,688662.5
Mount Road ATM,2014-07-05,1111100,saturday,H,5,5,7,1,0,0,719246.4285714285,743925.0
Mount Road ATM,2014-07-06,604600,sunday,H,6,6,7,1,0,0,726825.0,833937.5
Mount Road ATM,2014-07-07,1256300,monday,W,0,7,7,1,0,0,723792.8571428572,491525.0
Mount Road ATM,2014-07-08,659300,tuesday,W,1,8,7,2,0,0,742846.4285714285,913275.0
Mount Road ATM,2014-07-09,822000,wednesday,W,2,9,7,2,0,0,743900.0,641237.5
Mount Road ATM,2014-07-10,711500,thursday,W,3,10,7,2,0,0,748782.1428571428,788700.0
Mount Road ATM,2014-07-11,903200,friday,W,4,11,7,2,0,0,751485.7142857143,718200.0
Mount Road ATM,2014-07-12,1050300,saturday,H,5,12,7,2,0,0,764203.5714285715,810575.0
Mount Road ATM,2014-07-13,384500,sunday,H,6,13,7,2,0,0,774439.2857142857,876000.0
Mount Road ATM,2014-07-14,606100,monday,W,0,14,7,2,0,0,773846.4285714285,498762.5
Mount Road ATM,2014-07-15,657700,tuesday,W,1,15,7,3,0,0,767332.1428571428,873187.5
Mount Road ATM,2014-07-16,572200,wednesday,W,2,16,7,3,0,0,780517.8571428572,638062.5
Mount Road ATM,2014-07-17,563300,thursday,W,3,17,7,3,0,0,775171.4285714285,795125.0
Mount Road ATM,2014-07-18,525400,friday,W,4,18,7,3,0,0,778053.5714285715,708325.0
Mount Road ATM,2014-07-19,946800,saturday,H,5,19,7,3,0,0,766110.7142857143,800787.5
Mount Road ATM,2014-07-20,529300,sunday,H,6,20,7,3,0,0,776017.8571428572,916112.5
Mount Road ATM,2014-07-21,926800,monday,W,0,21,7,3,0,0,780735.7142857143,520787.5
Mount Road ATM,2014-07-22,608600,tuesday,W,1,22,7,4,0,0,792192.8571428572,924600.0
Mount Road ATM,2014-07-23,646300,wednesday,W,2,23,7,4,0,0,788667.8571428572,639850.0
Mount Road ATM,2014-07-24,664300,thursday,W,3,24,7,4,0,0,784407.1428571428,782812.5
Mount Road ATM,2014-07-25,732500,friday,W,4,25,7,4,0,0,785846.4285714285,662125.0
Mount Road ATM,2014-07-26,1063600,saturday,H,5,26,7,4,0,0,785739.2857142857,779937.5
Mount Road ATM,2014-07-27,388700,sunday,H,6,27,7,4,0,0,795171.4285714285,912912.5
Mount Road ATM,2014-07-28,651200,monday,W,0,28,7,4,0,0,795232.1428571428,472737.5
Mount Road ATM,2014-07-29,368500,tuesday,H,1,29,7,5,0,1,769910.7142857143,864737.5
Mount Road ATM,2014-07-30,839100,wednesday,W,2,30,7,5,0,1,754464.2857142857,590087.5
Mount Road ATM,2014-07-31,963800,thursday,W,3,31,7,5,0,1,742310.7142857143,778975.0
Mount Road ATM,2014-08-01,1058400,friday,W,4,1,8,1,1,0,740989.2857142857,705762.5
Mount Road ATM,2014-08-02,952100,saturday,H,5,2,8,1,1,0,743407.1428571428,794075.0
Mount Road ATM,2014-08-03,506600,sunday,H,6,3,8,1,1,0,737728.5714285715,919562.5
Mount Road ATM,2014-08-04,729500,monday,W,0,4,8,1,0,0,734228.5714285715,449875.0
Mount Road ATM,2014-08-05,779600,tuesday,W,1,5,8,1,0,0,715414.2857142857,865575.0
Mount Road ATM,2014-08-06,861200,wednesday,W,2,6,8,1,0,0,719710.7142857143,608812.5
Mount Road ATM,2014-08-07,859200,thursday,W,3,7,8,1,0,0,721110.7142857143,800962.5
Mount Road ATM,2014-08-08,841900,friday,W,4,8,8,2,0,0,726385.7142857143,733687.5
Mount Road ATM,2014-08-09,1004500,saturday,H,5,9,8,2,0,0,724196.4285714285,830925.0
Mount Road ATM,2014-08-10,543700,sunday,H,6,10,8,2,0,0,722560.7142857143,949662.5
Mount Road ATM,2014-08-11,867700,monday,W,0,11,8,2,0,0,728246.4285714285,467700.0
Mount Road ATM,2014-08-12,666800,tuesday,W,1,12,8,2,0,0,737589.2857142857,875475.0
Mount Road ATM,2014-08-13,437000,wednesday,W,2,13,8,2,0,0,737914.2857142857,656100.0
Mount Road ATM,2014-08-14,831500,thursday,W,3,14,8,2,0,0,733085.7142857143,765350.0
Mount Road ATM,2014-08-15,427200,friday,H,4,15,8,3,0,0,742664.2857142857,777300.0
Mount Road ATM,2014-08-16,506300,saturday,H,5,16,8,3,0,0,739157.1428571428,776850.0
Mount Road ATM,2014-08-17,410100,sunday,H,6,17,8,3,0,0,723425.0,929275.0
Mount Road ATM,2014-08-18,639100,monday,W,0,18,8,3,0,0,719167.8571428572,469312.5
Mount Road ATM,2014-08-19,540300,tuesday,W,1,19,8,3,0,0,708892.8571428572,879612.5
Mount Road ATM,2014-08-20,675200,wednesday,W,2,20,8,3,0,0,706453.5714285715,635225.0
Mount Road ATM,2014-08-21,552100,thursday,W,3,21,8,3,0,0,707485.7142857143,754050.0
Mount Road ATM,2014-08-22,419600,friday,W,4,22,8,4,0,0,703478.5714285715,768312.5
Mount Road ATM,2014-08-23,589600,saturday,H,5,23,8,4,0,0,692303.5714285715,737362.5
Mount Road ATM,2014-08-24,211600,sunday,H,6,24,8,4,0,0,675375.0,903037.5
Mount Road ATM,2014-08-25,693200,monday,W,0,25,8,4,0,0,669050.0,447387.5
Mount Road ATM,2014-08-26,703000,tuesday,W,1,26,8,4,0,0,670550.0,796237.5
Mount Road ATM,2014-08-27,641600,wednesday,W,2,27,8,4,0,0,682496.4285714285,622975.0
Mount Road ATM,2014-08-28,648000,thursday,W,3,28,8,4,0,0,675442.8571428572,686825.0
Mount Road ATM,2014-08-29,362300,friday,H,4,29,8,5,0,1,664164.2857142857,724212.5
Mount Road ATM,2014-08-30,942900,saturday,H,5,30,8,5,0,1,639303.5714285715,658812.5
Mount Road ATM,2014-08-31,549900,sunday,H,6,31,8,5,0,1,638975.0,882012.5
Mount Road ATM,2014-09-01,983000,monday,W,0,1,9,1,1,0,640521.4285714285,440550.0
Mount Road ATM,2014-09-02,892500,tuesday,W,1,2,9,1,1,0,649575.0,762075.0
Mount Road ATM,2014-09-03,968300,wednesday,W,2,3,9,1,1,0,653607.1428571428,652125.0
Mount Road ATM,2014-09-04,997500,thursday,W,3,4,9,1,0,0,657432.1428571428,705112.5
Mount Road ATM,2014-09-05,860600,friday,W,4,5,9,1,0,0,662371.4285714285,759962.5
Mount Road ATM,2014-09-06,862800,saturday,H,5,6,9,1,0,0,663039.2857142857,653487.5
Mount Road ATM,2014-09-07,501400,sunday,H,6,7,9,1,0,0,657978.5714285715,858575.0
Mount Road ATM,2014-09-08,809800,monday,W,0,8,9,2,0,0,656467.8571428572,455162.5
Mount Road ATM,2014-09-09,847500,tuesday,W,1,9,9,2,0,0,654400.0,787537.5
Mount Road ATM,2014-09-10,871700,wednesday,W,2,10,9,2,0,0,660853.5714285715,675850.0
Mount Road ATM,2014-09-11,667600,thursday,W,3,11,9,2,0,0,676378.5714285715,742550.0
Mount Road ATM,2014-09-12,430600,friday,W,4,12,9,2,0,0,670525.0,773000.0
Mount Road ATM,2014-09-13,494100,saturday,H,5,13,9,2,0,0,670646.4285714285,641637.5
Mount Road ATM,2014-09-14,378800,sunday,H,6,14,9,2,0,0,670210.7142857143,801987.5
Mount Road ATM,2014-09-15,736400,monday,W,0,15,9,3,0,0,669092.8571428572,436350.0
Mount Road ATM,2014-09-16,421200,tuesday,W,1,16,9,3,0,0,672567.8571428572,763737.5
Mount Road ATM,2014-09-17,686500,wednesday,W,2,17,9,3,0,0,668314.2857142857,652425.0
Mount Road ATM,2014-09-18,618700,thursday,W,3,18,9,3,0,0,668717.8571428572,747575.0
Mount Road ATM,2014-09-19,667200,friday,W,4,19,9,3,0,0,671096.4285714285,767300.0
Mount Road ATM,2014-09-20,716500,saturday,H,5,20,9,3,0,0,679939.2857142857,633475.0
Mount Road ATM,2014-09-21,307300,sunday,H,6,21,9,3,0,0,684471.4285714285,758600.0
Mount Road ATM,2014-09-22,473200,monday,W,0,22,9,4,0,0,687889.2857142857,426175.0
Mount Road ATM,2014-09-23,547300,tuesday,W,1,23,9,4,0,0,680032.1428571428,741487.5
Mount Road ATM,2014-09-24,815100,wednesday,W,2,24,9,4,0,0,674471.4285714285,674775.0
Mount Road ATM,2014-09-25,758300,thursday,W,3,25,9,4,0,0,680667.8571428572,744575.0
Mount Road ATM,2014-09-26,591300,friday,W,4,26,9,4,0,0,684607.1428571428,741612.5
Mount Road ATM,2014-09-27,462000,saturday,H,5,27,9,4,0,0,692785.7142857143,575087.5
Mount Road ATM,2014-09-28,449700,sunday,H,6,28,9,4,0,1,675610.7142857143,697337.5
Mount Road ATM,2014-09-29,960400,monday,W,0,29,9,5,0,1,672032.1428571428,419062.5
Mount Road ATM,2014-09-30,1141800,tuesday,W,1,30,9,5,0,1,671225.0,770350.0
Mount Road ATM,2014-10-01,1141300,wednesday,W,2,1,10,1,1,0,680128.5714285715,720050.0
Mount Road ATM,2014-10-02,899300,thursday,H,3,2,10,1,1,0,686307.1428571428,779587.5
Mount Road ATM,2014-10-03,677500,friday,H,4,3,10,1,1,0,682800.0,746625.0
Mount Road ATM,2014-10-04,974500,saturday,H,5,4,10,1,0,0,676260.7142857143,554537.5
Mount Road ATM,2014-10-05,631300,sunday,H,6,5,10,1,0,0,680250.0,693587.5
Mount Road ATM,2014-10-06,589700,monday,W,0,6,10,1,0,0,684889.2857142857,430012.5
Mount Road ATM,2014-10-07,916300,tuesday,W,1,7,10,1,0,0,677028.5714285715,735600.0
Mount Road ATM,2014-10-08,899500,wednesday,W,2,8,10,2,0,0,679485.7142857143,751237.5
Mount Road ATM,2014-10-09,806400,thursday,W,3,9,10,2,0,0,680478.5714285715,837400.0
Mount Road ATM,2014-10-10,734400,friday,W,4,10,10,2,0,0,685435.7142857143,743487.5
Mount Road ATM,2014-10-11,818600,saturday,H,5,11,10,2,0,0,696285.7142857143,592937.5
Mount Road ATM,2014-10-12,597400,sunday,H,6,12,10,2,0,0,707875.0,732625.0
Mount Road ATM,2014-10-13,917200,monday,W,0,13,10,2,0,0,715682.1428571428,453425.0
Mount Road ATM,2014-10-14,591700,tuesday,W,1,14,10,2,0,0,722139.2857142857,770362.5
Mount Road ATM,2014-10-15,778400,wednesday,W,2,15,10,3,0,0,728228.5714285715,757662.5
Mount Road ATM,2014-10-16,663500,thursday,W,3,16,10,3,0,0,731510.7142857143,850300.0
Mount Road ATM,2014-10-17,462400,friday,W,4,17,10,3,0,0,733110.7142857143,757412.5
Mount Road ATM,2014-10-18,489000,saturday,H,5,18,10,3,0,0,725796.4285714285,598287.5
Mount Road ATM,2014-10-19,24000,sunday,H,6,19,10,3,0,0,717671.4285714285,720050.0
Mount Road ATM,2014-10-20,663100,monday,W,0,20,10,3,0,0,707553.5714285715,429975.0
Mount Road ATM,2014-10-21,645800,tuesday,W,1,21,10,3,0,0,714335.7142857143,766600.0
Mount Road ATM,2014-10-22,245800,wednesday,H,2,22,10,4,0,0,717853.5714285715,750512.5
Mount Road ATM,2014-10-23,266100,thursday,W,3,23,10,4,0,0,697521.4285714285,800825.0
Mount Road ATM,2014-10-24,434700,friday,W,4,24,10,4,0,0,679942.8571428572,709675.0
Mount Road ATM,2014-10-25,567800,saturday,H,5,25,10,4,0,0,674350.0,607337.5
Mount Road ATM,2014-10-26,261000,sunday,H,6,26,10,4,0,0,678128.5714285715,673162.5
Mount Road ATM,2014-10-27,542600,monday,W,0,27,10,4,0,0,671389.2857142857,393862.5
Mount Road ATM,2014-10-28,522200,tuesday,W,1,28,10,4,0,0,656467.8571428572,711550.0
Mount Road ATM,2014-10-29,683800,wednesday,W,2,29,10,5,0,1,634339.2857142857,704225.0
Mount Road ATM,2014-10-30,546700,thursday,W,3,30,10,5,0,1,618000.0,765262.5
Mount Road ATM,2014-10-31,816700,friday,W,4,31,10,5,0,1,605407.1428571428,653325.0
Mount Road ATM,2014-11-01,1205400,saturday,H,5,1,11,1,1,0,610378.5714285715,601850.0
Mount Road ATM,2014-11-02,776500,sunday,H,6,2,11,1,1,0,618625.0,715987.5
Mount Road ATM,2014-11-03,690200,monday,W,0,3,11,1,1,0,623810.7142857143,428250.0
Mount Road ATM,2014-11-04,705000,tuesday,H,1,4,11,1,0,0,627400.0,696600.0
Mount Road ATM,2014-11-05,1073900,wednesday,W,2,5,11,1,0,0,619853.5714285715,686412.5
Mount Road ATM,2014-11-06,700400,thursday,W,3,6,11,1,0,0,626082.1428571428,790537.5
Mount Road ATM,2014-11-07,619700,friday,W,4,7,11,1,0,0,622296.4285714285,657425.0
Mount Road ATM,2014-11-08,770600,saturday,H,5,8,11,2,0,0,618200.0,625487.5
Mount Road ATM,2014-11-09,681800,sunday,H,6,9,11,2,0,0,616485.7142857143,750550.0
Mount Road ATM,2014-11-10,1161500,monday,W,0,10,11,2,0,0,619500.0,466125.0
Mount Road ATM,2014-11-11,781900,tuesday,W,1,11,11,2,0,0,628225.0,749737.5
Mount Road ATM,2014-11-12,674200,wednesday,W,2,12,11,2,0,0,635017.8571428572,731500.0
Mount Road ATM,2014-11-13,502300,thursday,W,3,13,11,2,0,0,631296.4285714285,789000.0
Mount Road ATM,2014-11-14,463900,friday,W,4,14,11,2,0,0,625539.2857142857,642875.0
Mount Road ATM,2014-11-15,495000,saturday,H,5,15,11,3,0,0,625592.8571428572,600075.0
Mount Road ATM,2014-11-16,270300,sunday,H,6,16,11,3,0,0,625807.1428571428,722862.5
Mount Road ATM,2014-11-17,468000,monday,W,0,17,11,3,0,0,634603.5714285715,461500.0
Mount Road ATM,2014-11-18,498800,tuesday,W,1,18,11,3,0,0,627635.7142857143,749087.5
Mount Road ATM,2014-11-19,571100,wednesday,W,2,19,11,3,0,0,622385.7142857143,725437.5
Mount Road ATM,2014-11-20,514500,thursday,W,3,20,11,3,0,0,634003.5714285715,758500.0
Mount Road ATM,2014-11-21,414100,friday,W,4,21,11,3,0,0,642875.0,612400.0
Mount Road ATM,2014-11-22,674800,saturday,H,5,22,11,4,0,0,642139.2857142857,577925.0
Mount Road ATM,2014-11-23,302400,sunday,H,6,23,11,4,0,0,645960.7142857143,749462.5
Mount Road ATM,2014-11-24,597600,monday,W,0,24,11,4,0,0,647439.2857142857,443087.5
Mount Road ATM,2014-11-25,534900,tuesday,W,1,25,11,4,0,0,649403.5714285715,703737.5
Mount Road ATM,2014-11-26,527800,wednesday,W,2,26,11,4,0,0,649857.1428571428,649575.0
Mount Road ATM,2014-11-27,572700,thursday,W,3,27,11,4,0,0,644285.7142857143,681812.5
Mount Road ATM,2014-11-28,602800,friday,W,4,28,11,4,0,1,645214.2857142857,571575.0
Mount Road ATM,2014-11-29,829500,saturday,H,5,29,11,5,0,1,637575.0,568587.5
Mount Road ATM,2014-11-30,427200,sunday,H,6,30,11,5,0,1,624150.0,731337.5
Mount Road ATM,2014-12-01,1006700,monday,W,0,1,12,1,1,0,611675.0,417575.0
Mount Road ATM,2014-12-02,827800,tuesday,W,1,2,12,1,1,0,622978.5714285715,755862.5
Mount Road ATM,2014-12-03,1108800,wednesday,W,2,3,12,1,1,0,627364.2857142857,638512.5
Mount Road ATM,2014-12-04,915400,thursday,W,3,4,12,1,0,0,628610.7142857143,707975.0
Mount Road ATM,2014-12-05,903300,friday,W,4,5,12,1,0,0,636289.2857142857,585200.0
Mount Road ATM,2014-12-06,1029600,saturday,H,5,6,12,1,0,0,646417.8571428572,589700.0
Mount Road ATM,2014-12-07,586600,sunday,H,6,7,12,1,0,0,655667.8571428572,757712.5
Mount Road ATM,2014-12-08,808000,monday,W,0,8,12,2,0,0,652267.8571428572,416225.0
Mount Road ATM,2014-12-09,883500,tuesday,W,1,9,12,2,0,0,639642.8571428572,742212.5
Mount Road ATM,2014-12-10,537900,wednesday,W,2,10,12,2,0,0,643271.4285714285,674987.5
Mount Road ATM,2014-12-11,488400,thursday,W,3,11,12,2,0,0,638403.5714285715,677912.5
Mount Road ATM,2014-12-12,573600,friday,W,4,12,12,2,0,0,637907.1428571428,563312.5
Mount Road ATM,2014-12-13,668000,saturday,H,5,13,12,2,0,0,641825.0,603600.0
Mount Road ATM,2014-12-14,380800,sunday,H,6,14,12,2,0,0,648003.5714285715,780087.5
Mount Road ATM,2014-12-15,616100,monday,W,0,15,12,3,0,0,651950.0,460825.0
Mount Road ATM,2014-12-16,671500,tuesday,W,1,16,12,3,0,0,657239.2857142857,736337.5
Mount Road ATM,2014-12-17,460400,wednesday,W,2,17,12,3,0,0,663407.1428571428,678200.0
Mount Road ATM,2014-12-18,616600,thursday,W,3,18,12,3,0,0,659453.5714285715,704737.5
Mount Road ATM,2014-12-19,409600,friday,W,4,19,12,3,0,0,663100.0,607125.0
Mount Road ATM,2014-12-20,707400,saturday,H,5,20,12,3,0,0,662939.2857142857,600462.5
Mount Road ATM,2014-12-21,540300,sunday,H,6,21,12,3,0,0,664103.5714285715,797537.5
Mount Road ATM,2014-12-22,788400,monday,W,0,22,12,4,0,0,672600.0,495737.5
Mount Road ATM,2014-12-23,734200,tuesday,W,1,23,12,4,0,0,679414.2857142857,767062.5
Mount Road ATM,2014-12-24,649300,wednesday,W,2,24,12,4,0,0,686532.1428571428,704700.0
Mount Road ATM,2014-12-25,398700,thursday,H,3,25,12,4,0,0,690871.4285714285,700425.0
Mount Road ATM,2014-12-26,694700,friday,W,4,26,12,4,0,0,684657.1428571428,588625.0
Mount Road ATM,2014-12-27,773200,saturday,H,5,27,12,4,0,0,687939.2857142857,585212.5
Mount Road ATM,2014-12-28,236500,sunday,H,6,28,12,4,0,0,685928.5714285715,743512.5
Mount Road ATM,2014-12-29,238000,monday,W,0,29,12,5,0,1,679117.8571428572,428237.5
Mount Road ATM,2014-12-30,480400,tuesday,W,1,30,12,5,0,1,651664.2857142857,710537.5
Mount Road ATM,2014-12-31,1157300,wednesday,W,2,31,12,5,0,1,639257.1428571428,676625.0
Mount Road ATM,2015-01-01,498200,thursday,H,3,1,1,1,1,0,640989.2857142857,710850.0
Mount Road ATM,2015-01-02,904900,friday,W,4,2,1,1,1,0,626089.2857142857,563350.0
Mount Road ATM,2015-01-03,1035000,saturday,H,5,3,1,1,1,0,626146.4285714285,620862.5
Mount Road ATM,2015-01-04,436200,sunday,H,6,4,1,1,0,0,626339.2857142857,776562.5
Mount Road ATM,2015-01-05,1087100,monday,W,0,5,1,1,0,0,620967.8571428572,397537.5
Mount Road ATM,2015-01-06,750000,tuesday,W,1,6,1,1,0,0,630935.7142857143,701237.5
Mount Road ATM,2015-01-07,899400,wednesday,W,2,7,1,1,0,0,626167.8571428572,672637.5
Mount Road ATM,2015-01-08,820600,thursday,W,3,8,1,2,0,0,639078.5714285715,739000.0
Mount Road ATM,2015-01-09,699400,friday,W,4,9,1,2,0,0,650942.8571428572,603137.5
Mount Road ATM,2015-01-10,915800,saturday,H,5,10,1,2,0,0,655435.7142857143,650300.0
Mount Road ATM,2015-01-11,587600,sunday,H,6,11,1,2,0,0,664285.7142857143,829162.5
Mount Road ATM,2015-01-12,924500,monday,W,0,12,1,2,0,0,671671.4285714285,437200.0
Mount Road ATM,2015-01-13,590100,tuesday,W,1,13,1,2,0,0,682685.7142857143,758300.0
Mount Road ATM,2015-01-14,581400,wednesday,W,2,14,1,2,0,0,679778.5714285715,684050.0
Mount Road ATM,2015-01-15,261400,thursday,H,3,15,1,3,0,0,684100.0,740287.5
Mount Road ATM,2015-01-16,190900,friday,H,4,16,1,3,0,0,671414.2857142857,571500.0
Mount Road ATM,2015-01-17,368700,saturday,H,5,17,1,3,0,0,663603.5714285715,622400.0
Mount Road ATM,2015-01-18,305100,sunday,H,6,18,1,3,0,0,651507.1428571428,790900.0
Mount Road ATM,2015-01-19,512500,monday,W,0,19,1,3,0,0,643107.1428571428,437537.5
Mount Road ATM,2015-01-20,646200,tuesday,W,1,20,1,3,0,0,633253.5714285715,747662.5
Mount Road ATM,2015-01-21,444200,wednesday,W,2,21,1,3,0,0,630110.7142857143,697962.5
Mount Road ATM,2015-01-22,510100,thursday,W,3,22,1,4,0,0,622785.7142857143,729837.5
Mount Road ATM,2015-01-23,679100,friday,W,4,23,1,4,0,0,626764.2857142857,563675.0
Mount Road ATM,2015-01-24,525900,saturday,H,5,24,1,4,0,0,626207.1428571428,631937.5
Mount Road ATM,2015-01-25,251500,sunday,H,6,25,1,4,0,0,617375.0,752950.0
Mount Road ATM,2015-01-26,354100,monday,H,0,26,1,4,0,0,617910.7142857143,415575.0
Mount Road ATM,2015-01-27,673600,tuesday,W,1,27,1,4,0,0,622057.1428571428,666087.5
Mount Road ATM,2015-01-28,810900,wednesday,W,2,28,1,4,0,0,628957.1428571428,678687.5
Mount Road ATM,2015-01-29,659200,thursday,W,3,29,1,5,0,1,616585.7142857143,692600.0
Mount Road ATM,2015-01-30,924400,friday,W,4,30,1,5,0,1,622335.7142857143,531650.0
Mount Road ATM,2015-01-31,974800,saturday,H,5,31,1,5,0,1,623032.1428571428,634575.0
Mount Road ATM,2015-02-01,507400,sunday,H,6,1,2,1,1,0,620882.1428571428,746100.0
Mount Road ATM,2015-02-02,825500,monday,W,0,2,2,1,1,0,623425.0,405675.0
Mount Road ATM,2015-02-03,1063600,tuesday,W,1,3,2,1,1,0,614082.1428571428,668275.0
Mount Road ATM,2015-02-04,902100,wednesday,W,2,4,2,1,0,0,625282.1428571428,701200.0
Mount Road ATM,2015-02-05,1036600,thursday,W,3,5,2,1,0,0,625378.5714285715,738125.0
Mount Road ATM,2015-02-06,967400,friday,W,4,6,2,1,0,0,633092.8571428572,600175.0
Mount Road ATM,2015-02-07,865900,saturday,H,5,7,2,1,0,0,642664.2857142857,683800.0
Mount Road ATM,2015-02-08,571200,sunday,H,6,8,2,2,0,0,640882.1428571428,770837.5
Mount Road ATM,2015-02-09,676000,monday,W,0,9,2,2,0,0,640296.4285714285,429475.0
Mount Road ATM,2015-02-10,790700,tuesday,W,1,10,2,2,0,0,631421.4285714285,675762.5
Mount Road ATM,2015-02-11,733800,wednesday,W,2,11,2,2,0,0,638585.7142857143,716100.0
Mount Road ATM,2015-02-12,726700,thursday,W,3,12,2,2,0,0,644028.5714285715,772300.0
Mount Road ATM,2015-02-13,519700,friday,W,4,13,2,2,0,0,660646.4285714285,613937.5
Mount Road ATM,2015-02-14,888800,saturday,H,5,14,2,2,0,0,672389.2857142857,697562.5
Mount Road ATM,2015-02-15,473600,sunday,H,6,15,2,3,0,0,690964.2857142857,793512.5
Mount Road ATM,2015-02-16,572500,monday,W,0,16,2,3,0,0,696982.1428571428,421137.5
Mount Road ATM,2015-02-17,486200,tuesday,W,1,17,2,3,0,0,699125.0,648775.0
Mount Road ATM,2015-02-18,829700,wednesday,W,2,18,2,3,0,0,693410.7142857143,685100.0
Mount Road ATM,2015-02-19,664100,thursday,W,3,19,2,3,0,0,707178.5714285715,794850.0
Mount Road ATM,2015-02-20,626000,friday,W,4,20,2,3,0,0,712678.5714285715,647112.5
Mount Road ATM,2015-02-21,636400,saturday,H,5,21,2,3,0,0,710782.1428571428,688975.0
Mount Road ATM,2015-02-22,225900,sunday,H,6,22,2,4,0,0,714728.5714285715,776412.5
Mount Road ATM,2015-02-23,668100,monday,W,0,23,2,4,0,0,713814.2857142857,419812.5
Mount Road ATM,2015-02-24,467000,tuesday,W,1,24,2,4,0,0,725028.5714285715,702537.5
Mount Road ATM,2015-02-25,599700,wednesday,W,2,25,2,4,0,0,717650.0,683425.0
Mount Road ATM,2015-02-26,547300,thursday,W,3,26,2,4,0,1,710107.1428571428,725150.0
Mount Road ATM,2015-02-27,802900,friday,W,4,27,2,4,0,1,706110.7142857143,653250.0
Mount Road ATM,2015-02-28,819400,saturday,H,5,28,2,4,0,1,701771.4285714285,676225.0
Mount Road ATM,2015-03-01,934900,sunday,H,6,1,3,1,1,0,696221.4285714285,749462.5
Mount Road ATM,2015-03-02,1058300,monday,W,0,2,3,1,1,0,711489.2857142857,482150.0
Mount Road ATM,2015-03-03,981800,tuesday,W,1,3,3,1,1,0,719803.5714285715,698937.5
Mount Road ATM,2015-03-04,1118800,wednesday,W,2,4,3,1,0,0,716882.1428571428,712400.0
Mount Road ATM,2015-03-05,1017200,thursday,W,3,5,3,1,0,0,724621.4285714285,752575.0
Mount Road ATM,2015-03-06,603900,friday,W,4,6,3,1,0,0,723928.5714285715,677825.0
Mount Road ATM,2015-03-07,789900,saturday,H,5,7,3,1,0,0,710946.4285714285,664287.5
Mount Road ATM,2015-03-08,463000,sunday,H,6,8,3,2,0,0,708232.1428571428,733725.0
Mount Road ATM,2015-03-09,758000,monday,W,0,9,3,2,0,0,704367.8571428572,466575.0
Mount Road ATM,2015-03-10,675900,tuesday,W,1,10,3,2,0,0,707296.4285714285,678125.0
Mount Road ATM,2015-03-11,918200,wednesday,W,2,11,3,2,0,0,703196.4285714285,723125.0
Mount Road ATM,2015-03-12,653500,thursday,W,3,12,3,2,0,0,709782.1428571428,794675.0
Mount Road ATM,2015-03-13,740300,friday,W,4,13,3,2,0,0,707167.8571428572,726837.5
Mount Road ATM,2015-03-14,848800,saturday,H,5,14,3,2,0,0,715046.4285714285,732962.5
Mount Road ATM,2015-03-15,489400,sunday,H,6,15,3,3,0,0,713617.8571428572,793737.5
Mount Road ATM,2015-03-16,505600,monday,W,0,16,3,3,0,0,714182.1428571428,489612.5
Mount Road ATM,2015-03-17,634500,tuesday,W,1,17,3,3,0,0,711792.8571428572,677262.5
Mount Road ATM,2015-03-18,734000,wednesday,W,2,18,3,3,0,0,717089.2857142857,721662.5
Mount Road ATM,2015-03-19,606600,thursday,W,3,19,3,3,0,0,713671.4285714285,830900.0
Mount Road ATM,2015-03-20,766900,friday,W,4,20,3,3,0,0,711617.8571428572,738900.0
Mount Road ATM,2015-03-21,738900,saturday,H,5,21,3,3,0,0,716650.0,743937.5
Mount Road ATM,2015-03-22,317800,sunday,H,6,22,3,4,0,0,720310.7142857143,820362.5
Mount Road ATM,2015-03-23,480400,monday,W,0,23,3,4,0,0,723592.8571428572,497900.0
Mount Road ATM,2015-03-24,528300,tuesday,W,1,24,3,4,0,0,716889.2857142857,693050.0
Mount Road ATM,2015-03-25,772800,wednesday,W,2,25,3,4,0,0,719078.5714285715,703500.0
Mount Road ATM,2015-03-26,591600,thursday,W,3,26,3,4,0,0,725260.7142857143,826137.5
Mount Road ATM,2015-03-27,412900,friday,W,4,27,3,4,0,0,726842.8571428572,730450.0
Mount Road ATM,2015-03-28,560400,saturday,H,5,28,3,4,0,0,712914.2857142857,680000.0
Mount Road ATM,2015-03-29,408300,sunday,H,6,29,3,5,0,1,703664.2857142857,768562.5
Mount Road ATM,2015-03-30,748200,monday,W,0,30,3,5,0,1,684857.1428571428,485512.5
Mount Road ATM,2015-03-31,811800,tuesday,W,1,31,3,5,0,1,673782.1428571428,683387.5
Mount Road ATM,2015-04-01,720400,wednesday,W,2,1,4,1,1,0,667710.7142857143,672025.0
Mount Road ATM,2015-04-02,717400,thursday,H,3,2,4,1,1,0,653482.1428571428,803425.0
Mount Road ATM,2015-04-03,289900,friday,H,4,3,4,1,1,0,642775.0,690550.0
Mount Road ATM,2015-04-04,475600,saturday,H,5,4,4,1,0,0,631560.7142857143,595312.5
Mount Road ATM,2015-04-05,588100,sunday,H,6,5,4,1,0,0,620335.7142857143,719775.0
Mount Road ATM,2015-04-06,992900,monday,W,0,6,4,1,0,0,624803.5714285715,487625.0
Mount Road ATM,2015-04-07,390000,tuesday,W,1,7,4,1,0,0,633192.8571428572,723000.0
Mount Road ATM,2015-04-08,1251800,wednesday,W,2,8,4,2,0,0,622982.1428571428,621937.5
Mount Road ATM,2015-04-09,828400,thursday,W,3,9,4,2,0,0,634896.4285714285,868175.0
Mount Road ATM,2015-04-10,880600,friday,W,4,10,4,2,0,0,641142.8571428572,703262.5
Mount Road ATM,2015-04-11,604300,saturday,H,5,11,4,2,0,0,646153.5714285715,640425.0
Mount Road ATM,2015-04-12,448700,sunday,H,6,12,4,2,0,0,637421.4285714285,684212.5
Mount Road ATM,2015-04-13,553100,monday,W,0,13,4,2,0,0,635967.8571428572,484512.5
Mount Road ATM,2015-04-14,336500,tuesday,H,1,14,4,2,0,0,637664.2857142857,720575.0
Mount Road ATM,2015-04-15,633500,wednesday,W,2,15,4,3,0,0,627021.4285714285,603225.0
Mount Road ATM,2015-04-16,545900,thursday,W,3,16,4,3,0,0,623432.1428571428,843650.0
Mount Road ATM,2015-04-17,564800,friday,W,4,17,4,3,0,0,621264.2857142857,688487.5
Mount Road ATM,2015-04-18,765100,saturday,H,5,18,4,3,0,0,614046.4285714285,632775.0
Mount Road ATM,2015-04-19,323000,sunday,H,6,19,4,3,0,0,614982.1428571428,700300.0
Mount Road ATM,2015-04-20,717400,monday,W,0,20,4,3,0,0,615167.8571428572,496650.0
Mount Road ATM,2015-04-21,1042600,tuesday,W,1,21,4,3,0,0,623632.1428571428,726737.5
Mount Road ATM,2015-04-22,506300,wednesday,W,2,22,4,4,0,0,642000.0,675175.0
Mount Road ATM,2015-04-23,443300,thursday,W,3,23,4,4,0,0,632482.1428571428,831975.0
Mount Road ATM,2015-04-24,560900,friday,W,4,24,4,4,0,0,627185.7142857143,675487.5
Mount Road ATM,2015-04-25,652300,saturday,H,5,25,4,4,0,0,632471.4285714285,602525.0
Mount Road ATM,2015-04-26,419700,sunday,H,6,26,4,4,0,0,635753.5714285715,679412.5
Mount Road ATM,2015-04-27,728100,monday,W,0,27,4,4,0,0,636160.7142857143,432250.0
Mount Road ATM,2015-04-28,635000,tuesday,W,1,28,4,4,0,1,635442.8571428572,685462.5
Mount Road ATM,2015-04-29,734500,wednesday,W,2,29,4,5,0,1,629128.5714285715,631825.0
Mount Road ATM,2015-04-30,645600,thursday,W,3,30,4,5,0,1,629632.1428571428,783937.5
Mount Road ATM,2015-05-01,572500,friday,H,4,1,5,1,1,0,627067.8571428572,629037.5
Mount Road ATM,2015-05-02,1085900,saturday,H,5,2,5,1,1,0,637160.7142857143,598600.0
Mount Road ATM,2015-05-03,63700,sunday,H,6,3,5,1,1,0,658957.1428571428,716412.5
Mount Road ATM,2015-05-04,929100,monday,W,0,4,5,1,0,0,640228.5714285715,382337.5
Mount Road ATM,2015-05-05,1079200,tuesday,W,1,5,5,1,0,0,637950.0,706850.0
Mount Road ATM,2015-05-06,1187200,wednesday,W,2,6,5,1,0,0,662564.2857142857,682237.5
Mount Road ATM,2015-05-07,952700,thursday,W,3,7,5,1,0,0,660257.1428571428,817562.5
Mount Road ATM,2015-05-08,893900,friday,W,4,8,5,2,0,0,664696.4285714285,666437.5
Mount Road ATM,2015-05-09,738600,saturday,H,5,9,5,2,0,0,665171.4285714285,617800.0
Mount Road ATM,2015-05-10,529700,sunday,H,6,10,5,2,0,0,669967.8571428572,702637.5
Mount Road ATM,2015-05-11,427700,monday,W,0,11,5,2,0,0,672860.7142857143,387375.0
Mount Road ATM,2015-05-12,781800,tuesday,W,1,12,5,2,0,0,668382.1428571428,697112.5
Mount Road ATM,2015-05-13,714000,wednesday,W,2,13,5,2,0,0,684285.7142857143,700650.0
Mount Road ATM,2015-05-14,585400,thursday,W,3,14,5,2,0,0,687160.7142857143,815062.5
Mount Road ATM,2015-05-15,592300,friday,W,4,15,5,3,0,0,688571.4285714285,663787.5
Mount Road ATM,2015-05-16,721100,saturday,H,5,16,5,3,0,0,689553.5714285715,595975.0
Mount Road ATM,2015-05-17,455400,sunday,H,6,17,5,3,0,0,687982.1428571428,700412.5
Mount Road ATM,2015-05-18,354500,monday,W,0,18,5,3,0,0,692710.7142857143,404575.0
Mount Road ATM,2015-05-19,644000,tuesday,W,1,19,5,3,0,0,679750.0,681375.0
Mount Road ATM,2015-05-20,372000,wednesday,W,2,20,5,3,0,0,665514.2857142857,715112.5
Mount Road ATM,2015-05-21,480200,thursday,W,3,21,5,3,0,0,660717.8571428572,764962.5
Mount Road ATM,2015-05-22,569100,friday,W,4,22,5,4,0,0,662035.7142857143,649862.5
Mount Road ATM,2015-05-23,702800,saturday,H,5,23,5,4,0,0,662328.5714285715,615500.0
Mount Road ATM,2015-05-24,545400,sunday,H,6,24,5,4,0,0,664132.1428571428,718212.5
Mount Road ATM,2015-05-25,539100,monday,W,0,25,5,4,0,0,668621.4285714285,421712.5
Mount Road ATM,2015-05-26,472200,tuesday,W,1,26,5,4,0,0,661871.4285714285,655237.5
Mount Road ATM,2015-05-27,831600,wednesday,W,2,27,5,4,0,0,656057.1428571428,672662.5
Mount Road ATM,2015-05-28,716300,thursday,W,3,28,5,4,0,0,659525.0,778862.5
Mount Road ATM,2015-05-29,294500,friday,W,4,29,5,5,0,1,662050.0,649725.0
Mount Road ATM,2015-05-30,871800,saturday,H,5,30,5,5,0,1,652121.4285714285,616075.0
Mount Road ATM,2015-05-31,502900,sunday,H,6,31,5,5,0,1,644475.0,767737.5
Mount Road ATM,2015-06-01,54300,monday,W,0,1,6,1,1,0,660160.7142857143,411062.5
Mount Road ATM,2015-06-02,447700,tuesday,W,1,2,6,1,1,0,628917.8571428572,537912.5
Mount Road ATM,2015-06-03,933700,wednesday,W,2,3,6,1,1,0,606364.2857142857,679875.0
Mount Road ATM,2015-06-04,1034200,thursday,W,3,4,6,1,0,0,597310.7142857143,739100.0
Mount Road ATM,2015-06-05,481300,friday,W,4,5,6,1,0,0,600221.4285714285,675450.0
Mount Road ATM,2015-06-06,619500,saturday,H,5,6,6,1,0,0,585485.7142857143,566162.5
Mount Road ATM,2015-06-07,155100,sunday,H,6,7,6,1,0,0,581232.1428571428,769637.5
Mount Road ATM,2015-06-08,596200,monday,W,0,8,6,2,0,0,567853.5714285715,374362.5
Mount Road ATM,2015-06-09,494300,tuesday,W,1,9,6,2,0,0,573871.4285714285,543300.0
Mount Road ATM,2015-06-10,161000,wednesday,W,2,10,6,2,0,0,563603.5714285715,699600.0
Mount Road ATM,2015-06-11,702100,thursday,W,3,11,6,2,0,0,543853.5714285715,680037.5
Mount Road ATM,2015-06-12,447500,friday,W,4,12,6,2,0,0,548021.4285714285,694975.0
Mount Road ATM,2015-06-13,229000,saturday,H,5,13,6,2,0,0,542850.0,551500.0
Mount Road ATM,2015-06-14,347300,sunday,H,6,14,6,2,0,0,525275.0,702625.0
Mount Road ATM,2015-06-15,482100,monday,W,0,15,6,3,0,0,521414.28571428574,377400.0
Mount Road ATM,2015-06-16,707100,tuesday,W,1,16,6,3,0,0,525971.4285714285,513887.5
Mount Road ATM,2015-06-17,507800,wednesday,W,2,17,6,3,0,0,528225.0,657662.5
Mount Road ATM,2015-06-18,461700,thursday,W,3,18,6,3,0,0,533075.0,680225.0
Mount Road ATM,2015-06-19,357100,friday,W,4,19,6,3,0,0,532414.2857142857,697275.0
Mount Road ATM,2015-06-20,556200,saturday,H,5,20,6,3,0,0,524842.8571428572,526025.0
Mount Road ATM,2015-06-21,310500,sunday,H,6,21,6,3,0,0,519607.14285714284,690612.5
Mount Road ATM,2015-06-22,465000,monday,W,0,22,6,4,0,0,511217.85714285716,363750.0
Mount Road ATM,2015-06-23,267500,tuesday,W,1,23,6,4,0,0,508571.4285714286,481000.0
Mount Road ATM,2015-06-24,685800,wednesday,W,2,24,6,4,0,0,501260.71428571426,611725.0
Mount Road ATM,2015-06-25,528000,thursday,W,3,25,6,4,0,0,496053.5714285714,674137.5
Mount Road ATM,2015-06-26,571000,friday,W,4,26,6,4,0,0,489328.5714285714,682575.0
Mount Road ATM,2015-06-27,711400,saturday,H,5,27,6,4,0,0,499203.5714285714,525837.5
Mount Road ATM,2015-06-28,441000,sunday,H,6,28,6,4,0,1,493475.0,643800.0
Mount Road ATM,2015-06-29,499900,monday,W,0,29,6,5,0,1,491264.28571428574,410912.5
Mount Road ATM,2015-06-30,698400,tuesday,W,1,30,6,5,0,1,507178.5714285714,427350.0
Mount Road ATM,2015-07-01,673800,wednesday,W,2,1,7,1,1,0,516132.14285714284,564125.0
Mount Road ATM,2015-07-02,769800,thursday,W,3,2,7,1,1,0,506850.0,609962.5
Mount Road ATM,2015-07-03,381300,friday,W,4,3,7,1,1,0,497407.14285714284,659712.5
Mount Road ATM,2015-07-04,930900,saturday,H,5,4,7,1,0,0,493835.71428571426,461762.5
Mount Road ATM,2015-07-05,388700,sunday,H,6,5,7,1,0,0,504957.14285714284,667837.5
Mount Road ATM,2015-07-06,937300,monday,W,0,6,7,1,0,0,513300.0,393287.5
Mount Road ATM,2015-07-07,863200,tuesday,W,1,7,7,1,0,0,525482.1428571428,491050.0
Mount Road ATM,2015-07-08,1008600,wednesday,W,2,8,7,2,0,0,538657.1428571428,574300.0
Mount Road ATM,2015-07-09,783800,thursday,W,3,9,7,2,0,0,568928.5714285715,646787.5
Mount Road ATM,2015-07-10,649500,friday,W,4,10,7,2,0,0,571846.4285714285,684512.5
Mount Road ATM,2015-07-11,604000,saturday,H,5,11,7,2,0,0,579060.7142857143,468912.5
Mount Road ATM,2015-07-12,455400,sunday,H,6,12,7,2,0,0,592453.5714285715,653200.0
Mount Road ATM,2015-07-13,606800,monday,W,0,13,7,2,0,0,596314.2857142857,393287.5
Mount Road ATM,2015-07-14,513600,tuesday,W,1,14,7,2,0,0,600767.8571428572,522587.5
Mount Road ATM,2015-07-15,540900,wednesday,W,2,15,7,3,0,0,593857.1428571428,558000.0
Mount Road ATM,2015-07-16,172500,thursday,W,3,16,7,3,0,0,595039.2857142857,667900.0
Mount Road ATM,2015-07-17,585500,friday,W,4,17,7,3,0,0,584710.7142857143,646050.0
Mount Road ATM,2015-07-18,336400,saturday,H,5,18,7,3,0,0,592867.8571428572,470962.5
Mount Road ATM,2015-07-20,458300,monday,W,0,20,7,3,0,0,585017.8571428572,367162.5
Mount Road ATM,2015-07-21,620400,tuesday,W,1,21,7,3,0,0,590296.4285714285,512487.5
Mount Road ATM,2015-07-22,534100,wednesday,W,2,22,7,4,0,0,595846.4285714285,576525.0
Mount Road ATM,2015-07-23,630400,thursday,W,3,23,7,4,0,0,605367.8571428572,630712.5
Mount Road ATM,2015-07-24,438500,friday,W,4,24,7,4,0,0,603389.2857142857,635312.5
Mount Road ATM,2015-07-25,883600,saturday,H,5,25,7,4,0,0,600192.8571428572,488962.5
Mount Road ATM,2015-07-26,418900,sunday,H,6,26,7,4,0,0,611357.1428571428,675800.0
Mount Road ATM,2015-07-27,478700,monday,W,0,27,7,4,0,0,600910.7142857143,356662.5
Mount Road ATM,2015-07-28,499600,tuesday,W,1,28,7,4,0,0,602257.1428571428,565537.5
Mount Road ATM,2015-07-29,759000,wednesday,W,2,29,7,5,0,1,602246.4285714285,583012.5
Mount Road ATM,2015-07-30,315200,thursday,W,3,30,7,5,0,1,604410.7142857143,608875.0
Mount Road ATM,2015-07-31,585300,friday,W,4,31,7,5,0,1,591603.5714285715,545437.5
Mount Road ATM,2015-08-01,941600,saturday,H,5,1,8,1,1,0,585014.2857142857,501962.5
Mount Road ATM,2015-08-02,810400,sunday,H,6,2,8,1,1,0,605025.0,684525.0
Mount Road ATM,2015-08-03,960200,monday,W,0,3,8,1,1,0,600721.4285714285,438575.0
Mount Road ATM,2015-08-04,479000,tuesday,W,1,4,8,1,0,0,621132.1428571428,611037.5
Mount Road ATM,2015-08-05,217000,wednesday,W,2,5,8,1,0,0,604764.2857142857,581100.0
Mount Road ATM,2015-08-06,958500,thursday,W,3,6,8,1,0,0,581685.7142857143,615875.0
Mount Road ATM,2015-08-07,651000,friday,W,4,7,8,1,0,0,579896.4285714285,577487.5
Mount Road ATM,2015-08-08,756800,saturday,H,5,8,8,2,0,0,575153.5714285715,527400.0
Mount Road ATM,2015-08-09,589900,sunday,H,6,9,8,2,0,0,578985.7142857143,701687.5
Mount Road ATM,2015-08-10,667400,monday,W,0,10,8,2,0,0,578482.1428571428,468900.0
Mount Road ATM,2015-08-11,679900,tuesday,W,1,11,8,2,0,0,586053.5714285715,634200.0
Mount Road ATM,2015-08-12,598500,wednesday,W,2,12,8,2,0,0,588664.2857142857,577700.0
Mount Road ATM,2015-08-13,473700,thursday,W,3,13,8,2,0,0,591696.4285714285,627212.5
Mount Road ATM,2015-08-14,624000,friday,W,4,14,8,2,0,0,589296.4285714285,578987.5
Mount Road ATM,2015-08-15,571300,saturday,H,5,15,8,3,0,0,605421.4285714285,560762.5
Mount Road ATM,2015-08-16,245900,sunday,H,6,16,8,3,0,0,604914.2857142857,744475.0
Mount Road ATM,2015-08-17,690200,monday,W,0,17,8,3,0,0,601682.1428571428,460825.0
Mount Road ATM,2015-08-18,602000,tuesday,W,1,18,8,3,0,0,609964.2857142857,662350.0
Mount Road ATM,2015-08-19,860600,wednesday,W,2,19,8,3,0,0,609307.1428571428,619512.5
Mount Road ATM,2015-08-20,448200,thursday,W,3,20,8,3,0,0,620967.8571428572,649062.5
Mount Road ATM,2015-08-21,477800,friday,W,4,21,8,3,0,0,614460.7142857143,569012.5
Mount Road ATM,2015-08-22,670200,saturday,H,5,22,8,4,0,0,615864.2857142857,549112.5
Mount Road ATM,2015-08-23,230100,sunday,H,6,23,8,4,0,0,608242.8571428572,758725.0
Mount Road ATM,2015-08-24,541800,monday,W,0,24,8,4,0,0,601500.0,434462.5
Mount Road ATM,2015-08-25,554400,tuesday,W,1,25,8,4,0,0,603753.5714285715,667587.5
Mount Road ATM,2015-08-26,632000,wednesday,W,2,26,8,4,0,0,605710.7142857143,601512.5
Mount Road ATM,2015-08-27,659000,thursday,W,3,27,8,4,0,0,601175.0,643837.5
Mount Road ATM,2015-08-28,531800,friday,W,4,28,8,4,0,0,613453.5714285715,555162.5
Mount Road ATM,2015-08-29,493200,saturday,H,5,29,8,5,0,1,611542.8571428572,567925.0
Mount Road ATM,2015-08-30,649100,sunday,H,6,30,8,5,0,1,595528.5714285715,731450.0
Mount Road ATM,2015-08-31,557200,monday,W,0,31,8,5,0,1,589767.8571428572,467012.5
Mount Road ATM,2015-09-01,874500,tuesday,W,1,1,9,1,1,0,575375.0,620075.0
Mount Road ATM,2015-09-02,771400,wednesday,W,2,2,9,1,1,0,589500.0,602925.0
Mount Road ATM,2015-09-03,1059300,thursday,W,3,3,9,1,1,0,609300.0,614187.5
Mount Road ATM,2015-09-04,558200,friday,W,4,4,9,1,0,0,612900.0,589600.0
Mount Road ATM,2015-09-05,879400,saturday,H,5,5,9,1,0,0,609585.7142857143,556512.5
Mount Road ATM,2015-09-06,474300,sunday,H,6,6,9,1,0,0,613964.2857142857,725012.5
Mount Road ATM,2015-09-07,1256600,monday,W,0,7,9,1,0,0,609835.7142857143,469375.0
Mount Road ATM,2015-09-08,493400,tuesday,W,1,8,9,2,0,0,630878.5714285715,701300.0
Mount Road ATM,2015-09-09,582200,wednesday,W,2,9,9,2,0,0,624217.8571428572,600400.0
Mount Road ATM,2015-09-10,752800,thursday,W,3,10,9,2,0,0,623635.7142857143,619350.0
Mount Road ATM,2015-09-11,470200,friday,W,4,11,9,2,0,0,633603.5714285715,662137.5
Mount Road ATM,2015-09-12,697100,saturday,H,5,12,9,2,0,0,628110.7142857143,542100.0
Mount Road ATM,2015-09-13,356800,sunday,H,6,13,9,2,0,0,632603.5714285715,736650.0
Mount Road ATM,2015-09-14,642400,monday,W,0,14,9,2,0,0,636564.2857142857,471925.0
Mount Road ATM,2015-09-15,756300,tuesday,W,1,15,9,3,0,0,634857.1428571428,724312.5
Mount Road ATM,2015-09-16,732500,wednesday,W,2,16,9,3,0,0,640367.8571428572,617387.5
Mount Road ATM,2015-09-17,420500,thursday,H,3,17,9,3,0,0,635792.8571428572,644150.0
Mount Road ATM,2015-09-18,469900,friday,W,4,18,9,3,0,0,634803.5714285715,635900.0
Mount Road ATM,2015-09-19,664000,saturday,H,5,19,9,3,0,0,634521.4285714285,546025.0
Mount Road ATM,2015-09-20,472900,sunday,H,6,20,9,3,0,0,634300.0,709200.0
Mount Road ATM,2015-09-21,582800,monday,W,0,21,9,3,0,0,642971.4285714285,478675.0
Mount Road ATM,2015-09-22,517500,tuesday,W,1,22,9,4,0,0,644435.7142857143,737325.0
Mount Road ATM,2015-09-23,533800,wednesday,W,2,23,9,4,0,0,643117.8571428572,619625.0
Mount Road ATM,2015-09-24,480500,thursday,H,3,24,9,4,0,0,639610.7142857143,616000.0
Mount Road ATM,2015-09-25,744000,friday,W,4,25,9,4,0,0,633235.7142857143,656562.5
Mount Road ATM,2015-09-26,579300,saturday,H,5,26,9,4,0,0,640814.2857142857,565862.5
Mount Road ATM,2015-09-27,328100,sunday,H,6,27,9,4,0,0,643889.2857142857,663912.5
Mount Road ATM,2015-09-28,801000,monday,W,0,28,9,4,0,1,632425.0,418387.5
Mount Road ATM,2015-09-29,670300,tuesday,W,1,29,9,5,0,1,641132.1428571428,717425.0
Mount Road ATM,2015-09-30,549600,wednesday,W,2,30,9,5,0,1,633839.2857142857,643537.5
Mount Road ATM,2015-10-01,890800,thursday,W,3,1,10,1,1,0,625917.8571428572,657575.0
Mount Road ATM,2015-10-02,544400,friday,H,4,2,10,1,1,0,619900.0,648100.0
Mount Road ATM,2015-10-03,1040300,saturday,H,5,3,10,1,1,0,619407.1428571428,552537.5
Mount Road ATM,2015-10-04,433300,sunday,H,6,4,10,1,0,0,625153.5714285715,699350.0
Mount Road ATM,2015-10-05,1410700,monday,W,0,5,10,1,0,0,623689.2857142857,398812.5
Mount Road ATM,2015-10-06,1134300,tuesday,W,1,6,10,1,0,0,629192.8571428572,810337.5
Mount Road ATM,2015-10-07,1023300,wednesday,W,2,7,10,1,0,0,652082.1428571428,700337.5
Mount Road ATM,2015-10-08,1032600,thursday,W,3,8,10,2,0,0,667835.7142857143,710675.0
Mount Road ATM,2015-10-09,618700,friday,W,4,9,10,2,0,0,677828.5714285715,717962.5
Mount Road ATM,2015-10-10,943300,saturday,H,5,10,10,2,0,0,683132.1428571428,551875.0
Mount Road ATM,2015-10-11,672600,sunday,H,6,11,10,2,0,0,691925.0,745850.0
Mount Road ATM,2015-10-12,981000,monday,W,0,12,10,2,0,0,703203.5714285715,452150.0
Mount Road ATM,2015-10-13,858300,tuesday,W,1,13,10,2,0,0,715296.4285714285,846687.5
Mount Road ATM,2015-10-14,694100,wednesday,W,2,14,10,2,0,0,718939.2857142857,732375.0
Mount Road ATM,2015-10-15,771900,thursday,W,3,15,10,3,0,0,717567.8571428572,689862.5
Mount Road ATM,2015-10-16,488900,friday,W,4,16,10,3,0,0,730117.8571428572,758425.0
Mount Road ATM,2015-10-17,833200,saturday,H,5,17,10,3,0,0,730796.4285714285,553262.5
Mount Road ATM,2015-10-18,476800,sunday,H,6,18,10,3,0,0,736839.2857142857,766225.0
Mount Road ATM,2015-10-19,686100,monday,W,0,19,10,3,0,0,736978.5714285715,482987.5
Mount Road ATM,2015-10-20,512800,tuesday,W,1,20,10,3,0,0,740667.8571428572,864725.0
Mount Road ATM,2015-10-21,610900,wednesday,H,2,21,10,3,0,0,740500.0,727175.0
Mount Road ATM,2015-10-22,554100,thursday,H,3,22,10,4,0,0,743253.5714285715,687225.0
Mount Road ATM,2015-10-23,447600,friday,H,4,23,10,4,0,0,745882.1428571428,745312.5
Mount Road ATM,2015-10-24,702900,saturday,H,5,24,10,4,0,0,735296.4285714285,542737.5
Mount Road ATM,2015-10-25,476200,sunday,H,6,25,10,4,0,0,739710.7142857143,792437.5
Mount Road ATM,2015-10-26,565400,monday,W,0,26,10,4,0,0,745000.0,461375.0
Mount Road ATM,2015-10-27,516200,tuesday,W,1,27,10,4,0,0,736585.7142857143,865750.0
Mount Road ATM,2015-10-28,543700,wednesday,W,2,28,10,4,0,0,731082.1428571428,682387.5
Mount Road ATM,2015-10-29,640600,thursday,W,3,29,10,5,0,1,730871.4285714285,658762.5
Mount Road ATM,2015-10-30,693700,friday,W,4,30,10,5,0,1,721935.7142857143,692975.0
Mount Road ATM,2015-10-31,1047500,saturday,H,5,31,10,5,0,1,727267.8571428572,559675.0
Mount Road ATM,2015-11-01,782600,sunday,H,6,1,11,1,1,0,727525.0,813450.0
Mount Road ATM,2015-11-02,827000,monday,W,0,2,11,1,1,0,740000.0,499912.5
Mount Road ATM,2015-11-03,1004400,tuesday,W,1,3,11,1,1,0,719153.5714285715,812050.0
Mount Road ATM,2015-11-04,1084500,wednesday,W,2,4,11,1,0,0,714514.2857142857,746262.5
Mount Road ATM,2015-11-05,943100,thursday,W,3,5,11,1,0,0,716700.0,721550.0
Mount Road ATM,2015-11-06,993500,friday,W,4,6,11,1,0,0,713503.5714285715,716762.5
Mount Road ATM,2015-11-07,1075500,saturday,H,5,7,11,1,0,0,726889.2857142857,625087.5
Mount Road ATM,2015-11-08,347600,sunday,H,6,8,11,2,0,0,731610.7142857143,860750.0
Mount Road ATM,2015-11-09,614500,monday,W,0,9,11,2,0,0,720003.5714285715,498762.5
Mount Road ATM,2015-11-10,239900,tuesday,H,1,10,11,2,0,0,706914.2857142857,808562.5
Mount Road ATM,2015-11-11,405600,wednesday,W,2,11,11,2,0,0,684828.5714285715,681712.5
Mount Road ATM,2015-11-12,714300,thursday,W,3,12,11,2,0,0,674525.0,680687.5
Mount Road ATM,2015-11-13,262400,friday,W,4,13,11,2,0,0,672467.8571428572,753487.5
Mount Road ATM,2015-11-14,361500,saturday,H,5,14,11,2,0,0,664378.5714285715,599150.0
Mount Road ATM,2015-11-15,57400,sunday,H,6,15,11,3,0,0,647532.1428571428,822937.5
Mount Road ATM,2015-11-16,371000,monday,W,0,16,11,3,0,0,632553.5714285715,446825.0
Mount Road ATM,2015-11-17,759000,tuesday,W,1,17,11,3,0,0,621300.0,782087.5
Mount Road ATM,2015-11-18,430700,wednesday,W,2,18,11,3,0,0,630092.8571428572,711900.0
Mount Road ATM,2015-11-19,464900,thursday,W,3,19,11,3,0,0,623657.1428571428,667800.0
Mount Road ATM,2015-11-20,68100,friday,W,4,20,11,3,0,0,620471.4285714285,751537.5
Mount Road ATM,2015-11-21,471500,saturday,H,5,21,11,3,0,0,606917.8571428572,514662.5
Mount Road ATM,2015-11-22,305000,sunday,H,6,22,11,4,0,0,598653.5714285715,809462.5
Mount Road ATM,2015-11-23,218100,monday,H,0,23,11,4,0,0,592539.2857142857,443937.5
Mount Road ATM,2015-11-24,470300,tuesday,W,1,24,11,4,0,0,580135.7142857143,709225.0
Mount Road ATM,2015-11-25,396800,wednesday,W,2,25,11,4,0,0,578496.4285714285,686900.0
Mount Road ATM,2015-11-26,444200,thursday,W,3,26,11,4,0,0,573250.0,648700.0
Mount Road ATM,2015-11-27,208100,friday,W,4,27,11,4,0,0,566235.7142857143,695712.5
Mount Road ATM,2015-11-28,68400,saturday,H,5,28,11,4,0,1,548892.8571428572,472625.0
Mount Road ATM,2015-11-29,25600,sunday,H,6,29,11,5,0,1,513925.0,687975.0
Mount Road ATM,2015-11-30,248600,monday,W,0,30,11,5,0,1,486889.28571428574,392975.0
Mount Road ATM,2015-12-01,139700,tuesday,W,1,1,12,1,1,0,466232.14285714284,563962.5
Mount Road ATM,2015-12-02,10000,wednesday,W,2,2,12,1,1,0,435350.0,562575.0
Mount Road ATM,2015-12-05,20100,saturday,H,5,5,12,1,0,0,396975.0,396537.5
Mount Road ATM,2016-01-23,1800,saturday,H,5,23,1,4,0,0,364010.71428571426,337937.5
Mount Road ATM,2016-01-25,11100,monday,W,0,25,1,4,0,0,328592.85714285716,309125.0
Mount Road ATM,2016-01-27,15700,wednesday,W,2,27,1,4,0,0,290578.5714285714,456675.0
Mount Road ATM,2016-01-28,12100,thursday,W,3,28,1,4,0,0,278725.0,522750.0
Mount Road ATM,2016-01-29,132300,friday,W,4,29,1,5,0,1,257210.7142857143,568150.0
Mount Road ATM,2016-01-30,205500,saturday,H,5,30,1,5,0,1,253367.85714285713,298525.0
Mount Road ATM,2016-01-31,4500,sunday,H,6,31,1,5,0,1,246221.42857142858,595750.0
Mount Road ATM,2016-02-01,44200,monday,W,0,1,2,1,1,0,220871.42857142858,250087.5
Mount Road ATM,2016-02-02,13400,tuesday,W,1,2,2,1,1,0,213078.57142857142,446862.5
Mount Road ATM,2016-02-03,81600,wednesday,W,2,3,2,1,1,0,200646.42857142858,394250.0
Mount Road ATM,2016-02-04,772100,thursday,W,3,4,2,1,0,0,201510.7142857143,446187.5
Mount Road ATM,2016-02-05,668200,friday,W,4,5,2,1,0,0,215835.7142857143,568175.0
Mount Road ATM,2016-02-06,122200,saturday,H,5,6,2,1,0,0,212592.85714285713,295337.5
Mount Road ATM,2016-02-08,143000,monday,W,0,8,2,2,0,0,201575.0,205837.5
Mount Road ATM,2016-02-09,699800,tuesday,W,1,9,2,2,0,0,190078.57142857142,378975.0
Mount Road ATM,2016-02-11,68100,thursday,W,3,11,2,2,0,0,212639.2857142857,457300.0
Mount Road ATM,2016-02-12,180200,friday,W,4,12,2,2,0,0,198232.14285714287,507425.0
Mount Road ATM,2016-02-13,398400,saturday,H,5,13,2,2,0,0,193775.0,193675.0
Mount Road ATM,2016-02-14,273000,sunday,H,6,14,2,2,0,0,200214.2857142857,541400.0
Mount Road ATM,2016-02-15,214300,monday,W,0,15,2,3,0,0,193167.85714285713,142137.5
Mount Road ATM,2016-02-17,192600,wednesday,W,2,17,2,3,0,0,186650.0,356512.5
Mount Road ATM,2016-02-18,131100,thursday,W,3,18,2,3,0,0,177664.2857142857,413412.5
Mount Road ATM,2016-02-19,55100,friday,W,4,19,2,3,0,0,174914.2857142857,443737.5
Mount Road ATM,2016-02-20,296300,saturday,H,5,20,2,3,0,0,174439.2857142857,167762.5
Mount Road ATM,2016-02-21,350500,sunday,H,6,21,2,3,0,0,184107.14285714287,490575.0
Mount Road ATM,2016-02-22,18000,monday,W,0,22,2,4,0,0,187746.42857142858,142500.0
Mount Road ATM,2016-02-23,233600,tuesday,W,1,23,2,4,0,0,183400.0,310550.0
Mount Road ATM,2016-02-24,28400,wednesday,W,2,24,2,4,0,0,191385.7142857143,260162.5
Mount Road ATM,2016-02-25,199900,thursday,W,3,25,2,4,0,0,191682.14285714287,281400.0
Mount Road ATM,2016-02-26,13700,friday,W,4,26,2,4,0,0,198757.14285714287,350837.5
Mount Road ATM,2016-02-29,156600,monday,W,0,29,2,5,0,1,198850.0,137037.5
Mount Road ATM,2016-03-01,100300,tuesday,W,1,1,3,1,1,0,203882.14285714287,226750.0
Mount Road ATM,2016-03-02,446200,wednesday,W,2,2,3,1,1,0,207032.14285714287,242712.5
Mount Road ATM,2016-03-03,324900,thursday,W,3,3,3,1,1,0,218242.85714285713,286475.0
Mount Road ATM,2016-03-04,462700,friday,W,4,4,3,1,0,0,222507.14285714287,302162.5
Mount Road ATM,2016-03-05,369200,saturday,H,5,5,3,1,0,0,238871.42857142858,217087.5
Mount Road ATM,2016-03-06,444100,sunday,H,6,6,3,1,0,0,250478.57142857142,405787.5
Mount Road ATM,2016-03-07,29800,monday,W,0,7,3,1,0,0,265860.71428571426,154425.0
Mount Road ATM,2016-03-08,120000,tuesday,W,1,8,3,2,0,0,264010.71428571426,153662.5
Mount Road ATM,2016-03-09,129100,wednesday,W,2,9,3,2,0,0,240721.42857142858,162837.5
Mount Road ATM,2016-03-10,108500,thursday,W,3,10,3,2,0,0,221467.85714285713,248775.0
Mount Road ATM,2016-03-12,122500,saturday,H,5,12,3,2,0,0,220978.57142857142,204637.5
Mount Road ATM,2016-03-13,281500,sunday,H,6,13,3,2,0,0,220246.42857142858,286662.5
Mount Road ATM,2016-03-14,257100,monday,W,0,14,3,2,0,0,205307.14285714287,186412.5
Mount Road ATM,2016-03-15,210500,tuesday,W,1,15,3,3,0,0,212057.14285714287,139425.0
Mount Road ATM,2016-03-16,317200,wednesday,W,2,16,3,3,0,0,213139.2857142857,130362.5
Mount Road ATM,2016-03-20,191500,sunday,H,6,20,3,3,0,0,210239.2857142857,281125.0
Mount Road ATM,2016-03-21,265600,monday,W,0,21,3,3,0,0,207328.57142857142,210125.0
Mount Road ATM,2016-03-22,191300,tuesday,W,1,22,3,4,0,0,209160.7142857143,145362.5
Mount Road ATM,2016-03-23,43200,wednesday,W,2,23,3,4,0,0,209114.2857142857,136812.5
Mount Road ATM,2016-03-28,83100,monday,W,0,28,3,4,0,0,205975.0,214962.5
Mount Road ATM,2016-03-29,103000,tuesday,W,1,29,3,5,0,1,206975.0,124675.0
Mount Road ATM,2016-03-30,229800,wednesday,W,2,30,3,5,0,1,200071.42857142858,148300.0
Mount Road ATM,2016-03-31,237100,thursday,W,3,31,3,5,0,1,195760.7142857143,227900.0
Mount Road ATM,2016-04-01,295000,friday,W,4,1,4,1,1,0,203585.7142857143,273687.5
Mount Road ATM,2016-04-02,296700,saturday,H,5,2,4,1,1,0,205778.57142857142,240262.5
Mount Road ATM,2016-04-03,57900,sunday,H,6,3,4,1,1,0,215360.7142857143,259275.0
Mount Road ATM,2016-04-04,240100,monday,W,0,4,4,1,0,0,210289.2857142857,206925.0
Mount Road ATM,2016-04-05,517100,tuesday,W,1,5,4,1,0,0,218375.0,149162.5
Mount Road ATM,2016-04-06,200900,wednesday,W,2,6,4,1,0,0,231250.0,211262.5
Mount Road ATM,2016-04-07,313600,thursday,W,3,7,4,1,0,0,234842.85714285713,251050.0
Mount Road ATM,2016-04-09,736400,saturday,H,5,9,4,2,0,0,230107.14285714287,276950.0
Mount Road ATM,2016-04-10,694900,sunday,H,6,10,4,2,0,0,244803.57142857142,342775.0
Mount Road ATM,2016-04-11,409400,monday,W,0,11,4,2,0,0,253096.42857142858,259662.5
Mount Road ATM,2016-04-12,179700,tuesday,W,1,12,4,2,0,0,254532.14285714287,182462.5
Mount Road ATM,2016-04-13,89900,wednesday,W,2,13,4,2,0,0,245089.2857142857,206937.5
Mount Road ATM,2016-04-15,60000,friday,W,4,15,4,3,0,0,247235.7142857143,229400.0
Mount Road ATM,2016-04-16,61700,saturday,H,5,16,4,3,0,0,245092.85714285713,267912.5
Mount Road ATM,2016-04-18,60000,monday,W,0,18,4,3,0,0,242685.7142857143,223562.5
Mount Road ATM,2016-04-20,60000,wednesday,W,2,20,4,3,0,0,240953.57142857142,185237.5
Mount Road ATM,2016-04-21,43500,thursday,W,3,21,4,3,0,0,238721.42857142858,248350.0
Mount Road ATM,2016-04-22,181300,friday,W,4,22,4,4,0,0,230221.42857142858,233325.0
Mount Road ATM,2016-04-23,304100,saturday,H,5,23,4,4,0,0,227514.2857142857,207050.0
Mount Road ATM,2016-04-24,35000,sunday,H,6,24,4,4,0,0,230857.14285714287,355100.0
Mount Road ATM,2016-04-27,135500,wednesday,W,2,27,4,4,0,0,220778.57142857142,177075.0
Mount Road ATM,2016-04-28,114200,thursday,W,3,28,4,4,0,1,218778.57142857142,177812.5
Mount Road ATM,2016-04-29,33500,friday,W,4,29,4,5,0,1,213371.42857142858,151087.5
Mount Road ATM,2016-05-04,42500,wednesday,W,2,4,5,1,0,0,207735.7142857143,166262.5
Mount Road ATM,2016-05-08,35500,sunday,H,6,8,5,2,0,0,207710.7142857143,310612.5
Mount Road ATM,2016-05-09,141400,monday,W,0,9,5,2,0,0,206010.7142857143,226287.5
Mount Road ATM,2016-05-10,3800,tuesday,W,1,10,5,2,0,0,207382.14285714287,197887.5
Mount Road ATM,2016-05-11,251700,wednesday,W,2,11,5,2,0,0,199310.7142857143,140425.0
Mount Road ATM,2016-05-12,1900,thursday,W,3,12,5,2,0,0,199832.14285714287,185200.0
Mount Road ATM,2016-05-13,94600,friday,W,4,13,5,2,0,0,189364.2857142857,142812.5
Mount Road ATM,2016-05-14,81600,saturday,H,5,14,5,2,0,0,182146.42857142858,196350.0
Mount Road ATM,2016-05-18,18600,wednesday,W,2,18,5,3,0,0,182992.85714285713,126712.5
Mount Road ATM,2016-05-19,1200,thursday,W,3,19,5,3,0,0,175082.14285714287,183975.0
Mount Road ATM,2016-05-20,55600,friday,W,4,20,5,3,0,0,156657.14285714287,126575.0
Mount Road ATM,2016-05-21,5900,saturday,H,5,21,5,3,0,0,151467.85714285713,196412.5
Mount Road ATM,2016-05-22,1000,sunday,H,6,22,5,4,0,0,140478.57142857142,274312.5
Mount Road ATM,2016-05-23,87500,monday,W,0,23,5,4,0,0,114214.28571428571,170900.0
Mount Road ATM,2016-05-24,304000,tuesday,W,1,24,5,4,0,0,92521.42857142857,189250.0
Mount Road ATM,2016-05-25,256500,wednesday,W,2,25,5,4,0,0,88757.14285714286,151837.5
Mount Road ATM,2016-05-26,172500,thursday,W,3,26,5,4,0,0,91500.0,160262.5
Mount Road ATM,2016-05-27,185500,friday,W,4,27,5,4,0,0,94450.0,123150.0
Mount Road ATM,2016-06-01,105100,wednesday,W,2,1,6,1,1,0,98932.14285714286,110387.5
Mount Road ATM,2016-06-02,558800,thursday,W,3,2,6,1,1,0,100482.14285714286,157262.5
Mount Road ATM,2016-06-03,3500,friday,W,4,3,6,1,1,0,118296.42857142857,152387.5
Mount Road ATM,2016-06-04,145500,saturday,H,5,4,6,1,0,0,116278.57142857143,139012.5
Mount Road ATM,2016-06-05,60600,sunday,H,6,5,6,1,0,0,119921.42857142857,246350.0
Mount Road ATM,2016-06-06,700,monday,W,0,6,6,1,0,0,115610.71428571429,143287.5
Mount Road ATM,2016-06-10,77500,friday,W,4,10,6,2,0,0,104775.0,122837.5
Mount Road ATM,2016-06-13,133000,monday,W,0,13,6,2,0,0,106292.85714285714,129037.5
Mount Road ATM,2016-06-14,28000,tuesday,W,1,14,6,2,0,0,106203.57142857143,202150.0
Mount Road ATM,2016-06-15,50800,wednesday,W,2,15,6,3,0,0,103125.0,91425.0
Mount Road ATM,2016-06-16,181400,thursday,W,3,16,6,3,0,0,103742.85714285714,134887.5
Mount Road ATM,2016-06-17,93500,friday,W,4,17,6,3,0,0,108703.57142857143,134275.0
Mount Road ATM,2016-06-18,84000,saturday,H,5,18,6,3,0,0,110775.0,137137.5
Mount Road ATM,2016-06-25,100000,saturday,H,5,25,6,4,0,0,108725.0,110762.5
Mount Road ATM,2016-06-28,43000,tuesday,W,1,28,6,4,0,1,112160.71428571429,182512.5
Mount Road ATM,2016-06-29,2500,wednesday,W,2,29,6,5,0,1,104707.14285714286,89300.0
Mount Road ATM,2016-07-04,80500,monday,W,0,4,7,1,0,0,104728.57142857143,123950.0
Mount Road ATM,2016-07-05,531000,tuesday,W,1,5,7,1,0,0,104225.0,159375.0
Mount Road ATM,2016-07-06,52500,wednesday,W,2,6,7,1,0,0,120275.0,151300.0
Mount Road ATM,2016-07-07,252000,thursday,H,3,7,7,1,0,0,121485.71428571429,116337.5
Mount Road ATM,2016-07-08,500,friday,W,4,8,7,2,0,0,130442.85714285714,160337.5
Mount Road ATM,2016-07-11,94500,monday,W,0,11,7,2,0,0,128475.0,116775.0
Mount Road ATM,2016-07-12,265500,tuesday,W,1,12,7,2,0,0,131639.2857142857,160800.0
Mount Road ATM,2016-07-13,500,wednesday,W,2,13,7,2,0,0,141085.7142857143,180300.0
Mount Road ATM,2016-07-17,98000,sunday,H,6,17,7,3,0,0,137978.57142857142,231100.0
Mount Road ATM,2016-07-18,420400,monday,W,0,18,7,3,0,0,130621.42857142857,42162.5
Mount Road ATM,2016-07-19,481900,tuesday,W,1,19,7,3,0,0,136475.0,183337.5
Mount Road ATM,2016-07-20,419000,wednesday,W,2,20,7,3,0,0,147525.0,240062.5
Mount Road ATM,2016-07-21,45500,thursday,W,3,21,7,3,0,0,155864.2857142857,161212.5
Mount Road ATM,2016-07-22,440100,friday,W,4,22,7,4,0,0,153735.7142857143,151750.0
Mount Road ATM,2016-07-23,455000,saturday,H,5,23,7,4,0,0,149496.42857142858,126575.0
Mount Road ATM,2016-07-24,473000,sunday,H,6,24,7,4,0,0,165621.42857142858,248325.0
Mount Road ATM,2016-07-25,935500,monday,W,0,25,7,4,0,0,177317.85714285713,93575.0
Mount Road ATM,2016-07-26,501000,tuesday,W,1,26,7,4,0,0,208564.2857142857,249100.0
Mount Road ATM,2016-07-27,218500,wednesday,W,2,27,7,4,0,0,226432.14285714287,292487.5
Mount Road ATM,2016-07-28,26000,thursday,W,3,28,7,4,0,0,231467.85714285713,171587.5
Mount Road ATM,2016-07-29,155000,friday,W,4,29,7,5,0,1,227646.42857142858,154762.5
Mount Road ATM,2016-07-30,638000,saturday,H,5,30,7,5,0,1,232182.14285714287,138450.0
Mount Road ATM,2016-07-31,570000,sunday,H,6,31,7,5,0,1,253153.57142857142,290987.5
Mount Road ATM,2016-08-01,191000,monday,W,0,1,8,1,1,0,267032.14285714284,160387.5
Mount Road ATM,2016-08-02,88500,tuesday,W,1,2,8,1,1,0,270514.28571428574,255300.0
Mount Road ATM,2016-08-03,138000,wednesday,W,2,3,8,1,1,0,270675.0,265550.0
Mount Road ATM,2016-08-04,374000,thursday,W,3,4,8,1,0,0,272032.14285714284,157375.0
Mount Road ATM,2016-08-05,317800,friday,W,4,5,8,1,0,0,283853.5714285714,201362.5
Mount Road ATM,2016-08-06,513000,saturday,H,5,6,8,1,0,0,295114.28571428574,155512.5
Mount Road ATM,2016-08-07,452000,sunday,H,6,7,8,1,0,0,310560.71428571426,263062.5
Mount Road ATM,2016-08-08,252000,monday,W,0,8,8,2,0,0,307739.28571428574,216762.5
Mount Road ATM,2016-08-09,546500,tuesday,W,1,9,8,2,0,0,314864.28571428574,275862.5
Mount Road ATM,2016-08-10,436000,wednesday,W,2,10,8,2,0,0,325382.14285714284,310675.0
Mount Road ATM,2016-08-11,361000,thursday,W,3,11,8,2,0,0,340935.71428571426,209550.0
Mount Road ATM,2016-08-12,366000,friday,W,4,12,8,2,0,0,350453.5714285714,224925.0
Mount Road ATM,2016-08-13,448000,saturday,H,5,13,8,2,0,0,354042.85714285716,189437.5
Mount Road ATM,2016-08-14,326500,sunday,H,6,14,8,2,0,0,370025.0,281050.0
Mount Road ATM,2016-08-15,3500,monday,H,0,15,8,3,0,0,378185.71428571426,250000.0
Mount Road ATM,2016-08-16,109500,tuesday,W,1,16,8,3,0,0,363296.4285714286,259675.0
Mount Road ATM,2016-08-17,94500,wednesday,W,2,17,8,3,0,0,349996.4285714286,320862.5
Mount Road ATM,2016-08-18,118500,thursday,W,3,18,8,3,0,0,338407.14285714284,189300.0
Mount Road ATM,2016-08-19,43000,friday,W,4,19,8,3,0,0,341014.28571428574,169887.5
Mount Road ATM,2016-08-20,55500,saturday,H,5,20,8,3,0,0,326832.14285714284,187862.5
Mount Road ATM,2016-08-21,127300,sunday,H,6,21,8,3,0,0,312564.28571428574,282675.0
Mount Road ATM,2016-08-22,123000,monday,W,0,22,8,4,0,0,300217.85714285716,256225.0
Mount Road ATM,2016-08-23,273000,tuesday,W,1,23,8,4,0,0,271200.0,262550.0
Mount Road ATM,2016-08-24,348000,wednesday,W,2,24,8,4,0,0,263057.14285714284,349612.5
Mount Road ATM,2016-08-25,714500,thursday,H,3,25,8,4,0,0,267682.14285714284,219662.5
Mount Road ATM,2016-08-26,102500,friday,W,4,26,8,4,0,0,292271.4285714286,259112.5
Mount Road ATM,2016-08-28,293000,sunday,H,6,28,8,4,0,0,290396.4285714286,294750.0
Mount Road ATM,2016-08-29,60000,monday,W,0,29,8,5,0,1,278075.0,292537.5
Mount Road ATM,2016-08-30,91700,tuesday,W,1,30,8,5,0,1,259860.7142857143,259987.5
Mount Road ATM,2016-08-31,449500,wednesday,W,2,31,8,5,0,1,256314.2857142857,294700.0
Mount Road ATM,2016-09-01,365000,thursday,W,3,1,9,1,1,0,269207.14285714284,269500.0
Mount Road ATM,2016-09-02,128500,friday,W,4,2,9,1,1,0,277314.28571428574,282062.5
Mount Road ATM,2016-09-03,17000,saturday,H,5,3,9,1,1,0,268546.4285714286,203487.5
Mount Road ATM,2016-09-04,375000,sunday,H,6,4,9,1,0,0,257803.57142857142,278687.5
Mount Road ATM,2016-09-05,221000,monday,H,0,5,9,1,0,0,252875.0,339350.0
Mount Road ATM,2016-09-06,154000,tuesday,W,1,6,9,1,0,0,244625.0,275800.0
Mount Road ATM,2016-09-07,605100,wednesday,W,2,7,9,1,0,0,241125.0,280762.5
Mount Road ATM,2016-09-08,367500,thursday,W,3,8,9,2,0,0,243217.85714285713,338575.0
Mount Road ATM,2016-09-09,358000,friday,W,4,9,9,2,0,0,240771.42857142858,296500.0
Mount Road ATM,2016-09-10,118100,saturday,H,5,10,9,2,0,0,240664.2857142857,236550.0
Mount Road ATM,2016-09-11,95500,sunday,H,6,11,9,2,0,0,231810.7142857143,293387.5
Mount Road ATM,2016-09-12,424300,monday,W,0,12,9,2,0,0,219221.42857142858,339037.5
Mount Road ATM,2016-09-13,209000,tuesday,H,1,13,9,2,0,0,222714.2857142857,276287.5
Mount Road ATM,2016-09-14,206500,wednesday,W,2,14,9,2,0,0,230053.57142857142,246650.0
Mount Road ATM,2016-09-15,426000,thursday,W,3,15,9,3,0,0,233517.85714285713,312012.5
Mount Road ATM,2016-09-16,17000,friday,W,4,16,9,3,0,0,245357.14285714287,344062.5
Mount Road ATM,2016-09-17,29500,saturday,H,5,17,9,3,0,0,241732.14285714287,228175.0
Mount Road ATM,2016-09-18,475500,sunday,H,6,18,9,3,0,0,241250.0,240200.0
Mount Road ATM,2016-09-19,287200,monday,W,0,19,9,3,0,0,256250.0,339350.0
Mount Road ATM,2016-09-20,223500,tuesday,W,1,20,9,3,0,0,261960.7142857143,195250.0
Mount Road ATM,2016-09-21,127500,wednesday,W,2,21,9,3,0,0,265550.0,211962.5
Mount Road ATM,2016-09-22,137000,thursday,W,3,22,9,4,0,0,260353.57142857142,300637.5
Mount Road ATM,2016-09-23,6000,friday,W,4,23,9,4,0,0,252817.85714285713,357937.5
Mount Road ATM,2016-09-26,305500,monday,W,0,26,9,4,0,0,227514.2857142857,268850.0
Mount Road ATM,2016-09-27,103000,tuesday,W,1,27,9,4,0,0,234764.2857142857,209562.5
Mount Road ATM,2016-09-28,316000,wednesday,W,2,28,9,4,0,1,227978.57142857142,213775.0
Mount Road ATM,2016-09-29,289000,thursday,W,3,29,9,5,0,1,237121.42857142858,322887.5
Mount Road ATM,2016-09-30,244000,friday,W,4,30,9,5,0,1,244167.85714285713,347312.5
Mount Road ATM,2016-10-01,649000,saturday,H,5,1,10,1,1,0,236828.57142857142,203662.5
Mount Road ATM,2016-10-02,424000,sunday,H,6,2,10,1,1,0,246971.42857142858,241575.0
Mount Road ATM,2016-10-03,523500,monday,W,0,3,10,1,1,0,257525.0,265350.0
Mount Road ATM,2016-10-04,210000,tuesday,W,1,4,10,1,0,0,275614.28571428574,243500.0
Mount Road ATM,2016-10-05,532500,wednesday,W,2,5,10,1,0,0,269721.4285714286,171712.5
Mount Road ATM,2016-10-06,335900,thursday,W,3,6,10,1,0,0,280846.4285714286,334950.0
Mount Road ATM,2016-10-07,785800,friday,W,4,7,10,1,0,0,287342.85714285716,344175.0
Mount Road ATM,2016-10-08,301500,saturday,H,5,8,10,2,0,0,293796.4285714286,282512.5
Mount Road ATM,2016-10-09,333000,sunday,H,6,9,10,2,0,0,291439.28571428574,215137.5
Mount Road ATM,2016-10-10,523000,monday,H,0,10,10,2,0,0,290546.4285714286,266162.5
Mount Road ATM,2016-10-11,439500,tuesday,H,1,11,10,2,0,0,305007.14285714284,308437.5
Mount Road ATM,2016-10-12,53000,wednesday,H,2,12,10,2,0,0,317292.85714285716,212962.5
Mount Road ATM,2016-10-13,175400,thursday,W,3,13,10,2,0,0,304032.14285714284,329762.5
Mount Road ATM,2016-10-14,401500,friday,W,4,14,10,2,0,0,302832.14285714284,351287.5
Mount Road ATM,2016-10-15,23500,saturday,H,5,15,10,3,0,0,309796.4285714286,292975.0
Mount Road ATM,2016-10-16,143000,sunday,H,6,16,10,3,0,0,295421.4285714286,162075.0
Mount Road ATM,2016-10-17,208500,monday,W,0,17,10,3,0,0,299921.4285714286,268125.0
Mount Road ATM,2016-10-19,470500,wednesday,W,2,19,10,3,0,0,306314.28571428574,204900.0
Mount Road ATM,2016-10-20,267000,thursday,W,3,20,10,3,0,0,306135.71428571426,345075.0
Mount Road ATM,2016-10-21,112000,friday,W,4,21,10,3,0,0,305414.28571428574,295350.0
Mount Road ATM,2016-10-22,38000,saturday,H,5,22,10,4,0,0,301432.14285714284,261225.0
Mount Road ATM,2016-10-23,211000,sunday,H,6,23,10,4,0,0,298235.71428571426,159887.5
Mount Road ATM,2016-10-24,356000,monday,W,0,24,10,4,0,0,300878.5714285714,257875.0
Mount Road ATM,2016-10-25,173700,tuesday,W,1,25,10,4,0,0,313378.5714285714,337562.5
Mount Road ATM,2016-10-26,379200,wednesday,W,2,26,10,4,0,0,308671.4285714286,215150.0
Mount Road ATM,2016-10-27,287400,thursday,W,3,27,10,4,0,0,318535.71428571426,336287.5
Mount Road ATM,2016-10-28,47000,friday,W,4,28,10,4,0,0,317514.28571428574,285650.0
Mount Road ATM,2016-10-30,23900,sunday,H,6,30,10,5,0,1,308871.4285714286,152950.0
Mount Road ATM,2016-10-31,231100,monday,W,0,31,10,5,0,1,301010.71428571426,213987.5
Mount Road ATM,2016-11-01,264600,tuesday,W,1,1,11,1,1,0,286085.71428571426,358950.0
Mount Road ATM,2016-11-02,192900,wednesday,W,2,2,11,1,1,0,280392.85714285716,228975.0
Mount Road ATM,2016-11-03,57800,thursday,W,3,3,11,1,1,0,268585.71428571426,284762.5
Mount Road ATM,2016-11-04,161200,friday,W,4,4,11,1,0,0,263150.0,246937.5
Mount Road ATM,2016-11-05,241600,saturday,H,5,5,11,1,0,0,249889.2857142857,276000.0
Mount Road ATM,2016-11-06,67200,sunday,H,6,6,11,1,0,0,246521.42857142858,181025.0
Mount Road ATM,2016-11-07,222800,monday,W,0,7,11,1,0,0,220857.14285714287,210450.0
Mount Road ATM,2016-11-08,180300,tuesday,W,1,8,11,2,0,0,218046.42857142858,359175.0
Mount Road ATM,2016-11-19,5000,saturday,H,5,19,11,3,0,0,212592.85714285713,282475.0
Mount Road ATM,2016-11-20,4800,sunday,H,6,20,11,3,0,0,194092.85714285713,166887.5
Mount Road ATM,2016-11-22,1000,tuesday,W,1,22,11,4,0,0,178567.85714285713,306737.5
Mount Road ATM,2016-11-23,1500,wednesday,W,2,23,11,4,0,0,176710.7142857143,202975.0
Mount Road ATM,2016-11-24,7500,thursday,W,3,24,11,4,0,0,170500.0,259137.5
Mount Road ATM,2016-11-25,25100,friday,W,4,25,11,4,0,0,156428.57142857142,194625.0
Mount Road ATM,2016-11-26,4000,saturday,H,5,26,11,4,0,0,156485.7142857143,240862.5
Mount Road ATM,2016-11-28,12400,monday,W,0,28,11,4,0,1,151521.42857142858,151512.5
Mount Road ATM,2016-11-29,2400,tuesday,W,1,29,11,5,0,1,144517.85714285713,272387.5
Mount Road ATM,2016-11-30,16500,wednesday,W,2,30,11,5,0,1,127800.0,175337.5
Mount Road ATM,2016-12-01,100,thursday,W,3,1,12,1,1,0,118853.57142857143,245262.5
Mount Road ATM,2017-01-20,6100,friday,W,4,20,1,3,0,0,114857.14285714286,177512.5
Mount Road ATM,2017-01-21,351000,saturday,H,5,21,1,3,0,0,113717.85714285714,239500.0
Mount Road ATM,2017-01-25,347900,wednesday,W,2,25,1,4,0,0,118717.85714285714,206337.5
Mount Road ATM,2017-01-26,111000,thursday,H,3,26,1,4,0,0,118428.57142857143,249250.0
Mount Road ATM,2017-01-27,245300,friday,W,4,27,1,4,0,0,116189.28571428571,155262.5
Mount Road ATM,2017-01-28,355400,saturday,H,5,28,1,4,0,0,111407.14285714286,239662.5
Mount Road ATM,2017-01-29,338300,sunday,H,6,29,1,5,0,1,113835.71428571429,207625.0
Mount Road ATM,2017-01-30,206900,monday,W,0,30,1,5,0,1,124239.28571428571,193050.0
Mount Road ATM,2017-01-31,114900,tuesday,W,1,31,1,5,0,1,130775.0,260062.5
Mount Road ATM,2017-02-01,99600,wednesday,W,2,1,2,1,1,0,126625.0,194450.0
Mount Road ATM,2017-02-07,648800,tuesday,W,1,7,2,1,0,0,120732.14285714286,207075.0
Mount Road ATM,2017-02-08,410500,wednesday,W,2,8,2,2,0,0,137014.2857142857,220612.5
Mount Road ATM,2017-02-09,380700,thursday,W,3,9,2,2,0,0,149610.7142857143,234000.0
Mount Road ATM,2017-02-10,492300,friday,W,4,10,2,2,0,0,157450.0,160862.5
Mount Road ATM,2017-02-11,799400,saturday,H,5,11,2,2,0,0,166403.57142857142,202975.0
Mount Road ATM,2017-02-12,138400,sunday,H,6,12,2,2,0,0,192553.57142857142,226425.0
Mount Road ATM,2017-02-13,327400,monday,W,0,13,2,2,0,0,189539.2857142857,157350.0
Mount Road ATM,2017-02-14,335700,tuesday,W,1,14,2,2,0,0,194792.85714285713,182625.0
Mount Road ATM,2017-02-15,296800,wednesday,W,2,15,2,3,0,0,206603.57142857142,236512.5
Mount Road ATM,2017-02-16,311900,thursday,W,3,16,2,3,0,0,217032.14285714287,264475.0
Mount Road ATM,2017-02-17,255900,friday,W,4,17,2,3,0,0,228135.7142857143,177925.0
Mount Road ATM,2017-02-18,553800,saturday,H,5,18,2,3,0,0,237221.42857142858,184775.0
Mount Road ATM,2017-02-19,95500,sunday,H,6,19,2,3,0,0,256732.14285714287,257962.5
Mount Road ATM,2017-02-20,332000,monday,W,0,20,2,3,0,0,259246.42857142858,127662.5
Mount Road ATM,2017-02-21,159000,tuesday,W,1,21,2,3,0,0,270960.71428571426,179625.0
Mount Road ATM,2017-02-22,520600,wednesday,W,2,22,2,4,0,0,276196.4285714286,234675.0
Mount Road ATM,2017-02-23,689200,thursday,W,3,23,2,4,0,0,294703.5714285714,270737.5
Mount Road ATM,2017-02-24,197200,friday,W,4,24,2,4,0,0,318728.5714285714,230700.0
Mount Road ATM,2017-02-25,218900,saturday,H,5,25,2,4,0,0,325767.85714285716,195425.0
Mount Road ATM,2017-02-26,241000,sunday,H,6,26,2,4,0,1,333367.85714285716,282387.5
Mount Road ATM,2017-02-27,394600,monday,W,0,27,2,4,0,1,329439.28571428574,139912.5
Mount Road ATM,2017-02-28,458600,tuesday,W,1,28,2,4,0,1,331107.14285714284,200062.5
Mount Road ATM,2017-03-01,31000,wednesday,W,2,1,3,1,1,0,343521.4285714286,258925.0
Mount Road ATM,2017-03-04,2000,saturday,H,5,4,3,1,0,0,335867.85714285716,179150.0
Mount Road ATM,2017-03-06,621800,monday,W,0,6,3,1,0,0,323246.4285714286,113787.5
Mount Road ATM,2017-03-07,159500,tuesday,W,1,7,3,1,0,0,333371.4285714286,249937.5
Mount Road ATM,2017-03-10,131800,friday,W,4,10,3,2,0,0,331678.5714285714,214712.5
Mount Road ATM,2017-03-11,362200,saturday,H,5,11,3,2,0,0,332282.14285714284,173087.5
Mount Road ATM,2017-03-12,147000,sunday,H,6,12,3,2,0,0,341660.71428571426,322912.5
Mount Road ATM,2017-03-13,389400,monday,W,0,13,3,2,0,0,323739.28571428574,129175.0
Mount Road ATM,2017-03-14,277600,tuesday,W,1,14,3,2,0,0,322985.71428571426,298012.5
Mount Road ATM,2017-03-15,208600,wednesday,W,2,15,3,3,0,0,319303.5714285714,293500.0
Mount Road ATM,2017-03-16,354500,thursday,W,3,16,3,3,0,0,309171.4285714286,249412.5
Mount Road ATM,2017-03-17,408400,friday,W,4,17,3,3,0,0,293282.14285714284,251800.0
Mount Road ATM,2017-03-18,226300,saturday,H,5,18,3,3,0,0,302925.0,221000.0
Mount Road ATM,2017-03-19,52100,sunday,H,6,19,3,3,0,0,299314.28571428574,345325.0
Mount Road ATM,2017-03-20,158100,monday,W,0,20,3,3,0,0,289185.71428571426,127287.5
Mount Road ATM,2017-03-21,148000,tuesday,W,1,21,3,3,0,0,284232.14285714284,316225.0
Mount Road ATM,2017-03-22,257900,wednesday,W,2,22,3,4,0,0,278378.5714285714,311700.0
Mount Road ATM,2017-03-23,211000,thursday,W,3,23,3,4,0,0,278450.0,257537.5
Mount Road ATM,2017-03-24,202300,friday,W,4,24,3,4,0,0,266207.14285714284,277237.5
Mount Road ATM,2017-03-25,245500,saturday,H,5,25,3,4,0,0,270021.4285714286,245525.0
Mount Road ATM,2017-03-26,61100,sunday,H,6,26,3,4,0,0,266932.14285714284,345812.5
Mount Road ATM,2017-03-27,357700,monday,W,0,27,3,4,0,0,263435.71428571426,134425.0
Mount Road ATM,2017-03-28,70000,tuesday,W,1,28,3,4,0,0,257617.85714285713,335075.0
Mount Road ATM,2017-03-29,461300,wednesday,H,2,29,3,5,0,1,235503.57142857142,276575.0
Mount Road ATM,2017-03-30,200200,thursday,W,3,30,3,5,0,1,244935.7142857143,315012.5
Mount Road ATM,2017-03-31,330700,friday,W,4,31,3,5,0,1,244267.85714285713,302250.0
Mount Road ATM,2017-04-02,225300,sunday,H,6,2,4,1,1,0,247471.42857142858,386525.0
Mount Road ATM,2017-04-03,806600,monday,W,0,3,4,1,1,0,241425.0,120300.0
Mount Road ATM,2017-04-04,952800,tuesday,W,1,4,4,1,0,0,253853.57142857142,423450.0
Mount Road ATM,2017-04-05,768300,wednesday,W,2,5,4,1,0,0,286775.0,381312.5
Mount Road ATM,2017-04-06,695200,thursday,W,3,6,4,1,0,0,314142.85714285716,408987.5
Mount Road ATM,2017-04-07,1213600,friday,W,4,7,4,1,0,0,316764.28571428574,375275.0
Mount Road ATM,2017-04-08,572900,saturday,H,5,8,4,2,0,0,354410.71428571426,366562.5
Mount Road ATM,2017-04-09,507700,sunday,H,6,9,4,2,0,0,370164.28571428574,413712.5
Mount Road ATM,2017-04-10,648800,monday,W,0,10,4,2,0,0,375360.71428571426,166462.5
Mount Road ATM,2017-04-11,648700,tuesday,W,1,11,4,2,0,0,393282.14285714284,463625.0
Mount Road ATM,2017-04-12,349600,wednesday,W,2,12,4,2,0,0,402542.85714285716,381300.0
Mount Road ATM,2017-04-13,477400,thursday,W,3,13,4,2,0,0,405114.28571428574,409200.0
Mount Road ATM,2017-04-14,494200,friday,H,4,14,4,2,0,0,414714.28571428574,387362.5
Mount Road ATM,2017-04-15,299000,saturday,H,5,15,4,3,0,0,419703.5714285714,366800.0
Mount Road ATM,2017-04-16,200400,sunday,H,6,16,4,3,0,0,415796.4285714286,351162.5
Mount Road ATM,2017-04-17,202800,monday,W,0,17,4,3,0,0,414871.4285714286,179575.0
Mount Road ATM,2017-04-18,307900,tuesday,W,1,18,4,3,0,0,420253.5714285714,447475.0
Mount Road ATM,2017-04-19,229200,wednesday,W,2,19,4,3,0,0,425603.5714285714,377825.0
Mount Road ATM,2017-04-20,201700,thursday,W,3,20,4,3,0,0,428503.5714285714,386537.5
Mount Road ATM,2017-04-21,182200,friday,W,4,21,4,3,0,0,426496.4285714286,373587.5
Mount Road ATM,2017-04-22,449400,saturday,H,5,22,4,4,0,0,425467.85714285716,357587.5
Mount Road ATM,2017-04-23,95400,sunday,H,6,23,4,4,0,0,434292.85714285716,338112.5
Mount Road ATM,2017-04-24,179400,monday,W,0,24,4,4,0,0,428932.14285714284,161375.0
Mount Road ATM,2017-04-25,183400,tuesday,W,1,25,4,4,0,0,433157.14285714284,420575.0
Mount Road ATM,2017-04-26,352800,wednesday,W,2,26,4,4,0,0,426932.14285714284,380875.0
Mount Road ATM,2017-04-27,307100,thursday,W,3,27,4,4,0,0,437032.14285714284,393537.5
Mount Road ATM,2017-04-28,57400,friday,W,4,28,4,4,0,1,431525.0,325825.0
Mount Road ATM,2017-04-29,128800,saturday,H,5,29,4,5,0,1,426425.0,340112.5
Mount Road ATM,2017-04-30,84400,sunday,H,6,30,4,5,0,1,419214.28571428574,326850.0
Mount Road ATM,2017-05-01,65500,monday,H,0,1,5,1,1,0,414182.14285714284,171675.0
Mount Road ATM,2017-05-02,183200,tuesday,W,1,2,5,1,1,0,387714.28571428574,351037.5
Mount Road ATM,2017-05-03,195500,wednesday,W,2,3,5,1,1,0,360228.5714285714,346450.0
Mount Road ATM,2017-05-04,267200,thursday,W,3,4,5,1,0,0,339771.4285714286,352900.0
Mount Road ATM,2017-05-05,256200,friday,W,4,5,5,1,0,0,324485.71428571426,339287.5
Mount Road ATM,2017-05-06,164000,saturday,H,5,6,5,1,0,0,290292.85714285716,368262.5
Mount Road ATM,2017-05-07,101700,sunday,H,6,7,5,1,0,0,275689.28571428574,302075.0
Mount Road ATM,2017-05-08,202300,monday,W,0,8,5,2,0,0,261189.2857142857,166012.5
Mount Road ATM,2017-05-09,106700,tuesday,W,1,9,5,2,0,0,245242.85714285713,327650.0
Mount Road ATM,2017-05-10,134900,wednesday,W,2,10,5,2,0,0,225885.7142857143,325087.5
Mount Road ATM,2017-05-11,770400,thursday,W,3,11,5,2,0,0,218217.85714285713,343687.5
Mount Road ATM,2017-05-12,359600,friday,W,4,12,5,2,0,0,228682.14285714287,391275.0
Mount Road ATM,2017-05-13,293300,saturday,H,5,13,5,2,0,0,223875.0,396737.5
Mount Road ATM,2017-05-14,63700,sunday,H,6,14,5,2,0,0,223671.42857142858,310450.0
Mount Road ATM,2017-05-15,201300,monday,W,0,15,5,3,0,0,218789.2857142857,167462.5
Mount Road ATM,2017-05-16,270500,tuesday,W,1,16,5,3,0,0,218735.7142857143,333050.0
Mount Road ATM,2017-05-17,161400,wednesday,W,2,17,5,3,0,0,217400.0,340400.0
Mount Road ATM,2017-05-18,224400,thursday,W,3,18,5,3,0,0,214978.57142857142,331625.0
Mount Road ATM,2017-05-19,270000,friday,W,4,19,5,3,0,0,215789.2857142857,392950.0
Mount Road ATM,2017-05-20,104000,saturday,H,5,20,5,3,0,0,218925.0,379437.5
Mount Road ATM,2017-05-21,28400,sunday,H,6,21,5,3,0,0,206589.2857142857,292762.5
Mount Road ATM,2017-05-22,195700,monday,W,0,22,5,4,0,0,204196.42857142858,163375.0
Mount Road ATM,2017-05-23,365900,tuesday,W,1,23,5,4,0,0,204778.57142857142,312800.0
Mount Road ATM,2017-05-24,595800,wednesday,W,2,24,5,4,0,0,211296.42857142858,377387.5
Mount Road ATM,2017-05-25,280400,thursday,W,3,25,5,4,0,0,219975.0,348437.5
Mount Road ATM,2017-05-26,222000,friday,W,4,26,5,4,0,0,219021.42857142858,402975.0
Mount Road ATM,2017-05-27,221600,saturday,H,5,27,5,4,0,0,224900.0,381900.0
Mount Road ATM,2017-05-28,228700,sunday,H,6,28,5,4,0,0,228214.2857142857,279125.0
Mount Road ATM,2017-05-29,210500,monday,W,0,29,5,5,0,1,233367.85714285713,163800.0
Mount Road ATM,2017-05-30,247000,tuesday,W,1,30,5,5,0,1,238546.42857142858,238287.5
Mount Road ATM,2017-05-31,466800,wednesday,W,2,31,5,5,0,1,240825.0,289162.5
Mount Road ATM,2017-06-01,473000,thursday,W,3,1,6,1,1,0,250514.2857142857,310750.0
Mount Road ATM,2017-06-02,285100,friday,W,4,2,6,1,1,0,257864.2857142857,375200.0
Mount Road ATM,2017-06-03,449100,saturday,H,5,3,6,1,1,0,258896.42857142858,265837.5
Mount Road ATM,2017-06-04,181600,sunday,H,6,4,6,1,0,0,269078.5714285714,263650.0
Mount Road ATM,2017-06-05,398600,monday,W,0,5,6,1,0,0,271932.14285714284,123037.5
Mount Road ATM,2017-06-06,575500,tuesday,W,1,6,6,1,0,0,278942.85714285716,207012.5
Mount Road ATM,2017-06-07,856400,wednesday,W,2,7,6,1,0,0,295685.71428571426,280012.5
Mount Road ATM,2017-06-08,647900,thursday,W,3,8,6,2,0,0,321453.5714285714,374100.0
Mount Road ATM,2017-06-09,258900,friday,W,4,9,6,2,0,0,317078.5714285714,396512.5
Mount Road ATM,2017-06-10,124900,saturday,H,5,10,6,2,0,0,313482.14285714284,236425.0
Mount Road ATM,2017-06-11,184700,sunday,H,6,11,6,2,0,0,307467.85714285716,241887.5
Mount Road ATM,2017-06-12,142200,monday,W,0,12,6,2,0,0,311789.28571428574,121075.0
Mount Road ATM,2017-06-13,156800,tuesday,W,1,13,6,2,0,0,309678.5714285714,199437.5
Mount Road ATM,2017-06-14,185000,wednesday,W,2,14,6,2,0,0,305617.85714285716,261125.0
Mount Road ATM,2017-06-15,124400,thursday,W,3,15,6,3,0,0,306460.71428571426,368575.0
Mount Road ATM,2017-06-16,81600,friday,W,4,16,6,3,0,0,302889.28571428574,386850.0
Mount Road ATM,2017-06-17,115000,saturday,H,5,17,6,3,0,0,296160.71428571426,223850.0
Mount Road ATM,2017-06-18,35400,sunday,H,6,18,6,3,0,0,296553.5714285714,200087.5
Mount Road ATM,2017-06-19,80700,monday,W,0,19,6,3,0,0,296803.5714285714,113575.0
Mount Road ATM,2017-06-20,138000,tuesday,W,1,20,6,3,0,0,292696.4285714286,187100.0
Mount Road ATM,2017-06-21,170200,wednesday,W,2,21,6,3,0,0,284557.14285714284,255450.0
Mount Road ATM,2017-06-22,123500,thursday,W,3,22,6,4,0,0,269357.14285714284,345750.0
Mount Road ATM,2017-06-23,72500,friday,W,4,23,6,4,0,0,263753.5714285714,363900.0
Mount Road ATM,2017-06-24,117000,saturday,H,5,24,6,4,0,0,258414.2857142857,225737.5
Mount Road ATM,2017-06-25,83400,sunday,H,6,25,6,4,0,0,254678.57142857142,198612.5
Mount Road ATM,2017-06-26,211700,monday,H,0,26,6,4,0,0,249489.2857142857,113450.0
Mount Road ATM,2017-06-27,70100,tuesday,W,1,27,6,4,0,0,249532.14285714287,205375.0
Mount Road ATM,2017-06-28,125900,wednesday,W,2,28,6,4,0,1,243214.2857142857,241312.5
Mount Road ATM,2017-06-29,127300,thursday,W,3,29,6,5,0,1,231039.2857142857,337050.0
Mount Road ATM,2017-06-30,214700,friday,W,4,30,6,5,0,1,218692.85714285713,346412.5
Mount Road ATM,2017-07-01,104400,saturday,H,5,1,7,1,1,0,216178.57142857142,220550.0
Mount Road ATM,2017-07-02,127200,sunday,H,6,2,7,1,1,0,203867.85714285713,191162.5
Mount Road ATM,2017-07-03,414700,monday,W,0,3,7,1,1,0,201925.0,116637.5
Mount Road ATM,2017-07-04,252000,tuesday,W,1,4,7,1,0,0,202500.0,231925.0
Mount Road ATM,2017-07-05,978800,wednesday,W,2,5,7,1,0,0,190946.42857142858,259475.0
Mount Road ATM,2017-07-06,388600,thursday,W,3,6,7,1,0,0,195317.85714285713,442537.5
Mount Road ATM,2017-07-07,556000,friday,W,4,7,7,1,0,0,186057.14285714287,298687.5
Mount Road ATM,2017-07-08,197100,saturday,H,5,8,7,2,0,0,196667.85714285713,245100.0
Mount Road ATM,2017-07-09,184500,sunday,H,6,9,7,2,0,0,199246.42857142858,179137.5
Mount Road ATM,2017-07-10,214000,monday,W,0,10,7,2,0,0,199239.2857142857,131737.5
Mount Road ATM,2017-07-11,217500,tuesday,W,1,11,7,2,0,0,201803.57142857142,233512.5
Mount Road ATM,2017-07-12,118200,wednesday,W,2,12,7,2,0,0,203971.42857142858,252850.0
Mount Road ATM,2017-07-13,90300,thursday,W,3,13,7,2,0,0,201585.7142857143,437137.5
Mount Road ATM,2017-07-14,174800,friday,W,4,14,7,2,0,0,200367.85714285713,281925.0
Mount Road ATM,2017-07-15,265700,saturday,H,5,15,7,3,0,0,203696.42857142858,233200.0
Mount Road ATM,2017-07-16,138700,sunday,H,6,16,7,3,0,0,209078.57142857142,199350.0
Mount Road ATM,2017-07-17,182500,monday,W,0,17,7,3,0,0,212767.85714285713,145525.0
Mount Road ATM,2017-07-18,317300,tuesday,W,1,18,7,3,0,0,216403.57142857142,231862.5
Mount Road ATM,2017-07-19,135000,wednesday,W,2,19,7,3,0,0,222807.14285714287,246775.0
Mount Road ATM,2017-07-20,147900,thursday,W,3,20,7,3,0,0,221550.0,379537.5
Mount Road ATM,2017-07-21,163100,friday,W,4,21,7,3,0,0,222421.42857142858,265362.5
Mount Road ATM,2017-07-22,211800,saturday,H,5,22,7,4,0,0,225657.14285714287,225837.5
Mount Road ATM,2017-07-23,170100,sunday,H,6,23,7,4,0,0,229042.85714285713,198125.0
Mount Road ATM,2017-07-24,124700,monday,W,0,24,7,4,0,0,232139.2857142857,138200.0
Mount Road ATM,2017-07-25,190500,tuesday,W,1,25,7,4,0,0,229032.14285714287,221137.5
Mount Road ATM,2017-07-26,230500,wednesday,W,2,26,7,4,0,0,233332.14285714287,239712.5
Mount Road ATM,2017-07-27,300900,thursday,W,3,27,7,4,0,0,237067.85714285713,350000.0
Mount Road ATM,2017-07-28,230700,friday,W,4,28,7,4,0,0,243267.85714285713,243850.0
Mount Road ATM,2017-07-29,292200,saturday,H,5,29,7,5,0,1,243839.2857142857,219037.5
Mount Road ATM,2017-07-30,195200,sunday,H,6,30,7,5,0,1,250546.42857142858,178512.5
Mount Road ATM,2017-07-31,100800,monday,W,0,31,7,5,0,1,252975.0,139900.0
Mount Road ATM,2017-08-01,255000,tuesday,W,1,1,8,1,1,0,241764.2857142857,183912.5
Mount Road ATM,2017-08-02,315200,wednesday,W,2,2,8,1,1,0,241871.42857142858,199650.0
Mount Road ATM,2017-08-03,382100,thursday,W,3,3,8,1,1,0,218171.42857142858,282350.0
Mount Road ATM,2017-08-04,225400,friday,W,4,4,8,1,0,0,217939.2857142857,210625.0
Mount Road ATM,2017-08-05,505000,saturday,H,5,5,8,1,0,0,206132.14285714287,214850.0
Mount Road ATM,2017-08-06,247800,sunday,H,6,6,8,1,0,0,217128.57142857142,226025.0
Mount Road ATM,2017-08-07,567300,monday,W,0,7,8,1,0,0,219389.2857142857,147787.5
Mount Road ATM,2017-08-08,378600,tuesday,W,1,8,8,2,0,0,232007.14285714287,237050.0
Mount Road ATM,2017-08-09,315000,wednesday,W,2,9,8,2,0,0,237760.7142857143,227375.0
Mount Road ATM,2017-08-10,292300,thursday,W,3,10,8,2,0,0,244789.2857142857,298600.0
Mount Road ATM,2017-08-11,67600,friday,W,4,11,8,2,0,0,252003.57142857142,231612.5
Mount Road ATM,2017-08-16,105200,wednesday,H,2,16,8,3,0,0,248175.0,218575.0
Mount Road ATM,2017-08-17,376700,thursday,W,3,17,8,3,0,0,242442.85714285713,290475.0
Mount Road ATM,2017-08-18,466900,friday,W,4,18,8,3,0,0,250942.85714285713,263262.5
Mount Road ATM,2017-08-19,291900,saturday,H,5,19,8,3,0,0,261100.0,263012.5
Mount Road ATM,2017-08-20,183800,sunday,H,6,20,8,3,0,0,260192.85714285713,248137.5
Mount Road ATM,2017-08-21,54200,monday,W,0,21,8,3,0,0,261935.7142857143,166337.5
Mount Road ATM,2017-08-22,121500,tuesday,W,1,22,8,4,0,0,258589.2857142857,233737.5
Mount Road ATM,2017-08-23,303500,wednesday,W,2,23,8,4,0,0,257103.57142857142,225000.0
Mount Road ATM,2017-08-24,204500,thursday,W,3,24,8,4,0,0,260378.57142857142,312675.0
Mount Road ATM,2017-08-25,72000,friday,H,4,25,8,4,0,0,261607.14285714287,272912.5
Mount Road ATM,2017-08-26,216400,saturday,H,5,26,8,4,0,0,259725.0,262950.0
Mount Road ATM,2017-08-27,139200,sunday,H,6,27,8,4,0,0,260650.0,260562.5
Mount Road ATM,2017-08-28,238500,monday,W,0,28,8,4,0,0,257389.2857142857,173312.5
Mount Road ATM,2017-08-29,200700,tuesday,W,1,29,8,5,0,1,255160.7142857143,237087.5
Mount Road ATM,2017-08-30,287600,wednesday,W,2,30,8,5,0,1,254089.2857142857,218587.5
Mount Road ATM,2017-08-31,286300,thursday,W,3,31,8,5,0,1,253925.0,226275.0
Mount Road ATM,2017-09-01,245800,friday,W,4,1,9,1,1,0,257178.57142857142,260125.0
