hour_of_day,is_weekend,is_night_transaction,country,city,merchant_category,payment_method,device_type,customer_age,credit_score,account_age_years,account_balance,transaction_amount,num_prev_transactions,transaction_freq_monthly,distance_from_home_km,time_since_last_txn_hrs,is_international,failed_attempts,pin_changed_recently,is_fraud
17,1,0,Canada,Tokyo,Healthcare,Debit Card,ATM,37,645,3.5,3681.91,12.11,152,15,35.4,13.86,0,0,0,0
3,0,1,India,Osaka,Restaurant,Bank Transfer,Tablet,51,773,3.0,11564.36,23.8,142,16,18.0,11.57,0,0,0,0
18,0,0,Mexico,Rio,Gaming,Credit Card,Mobile,18,832,0.2,15157.6,51.44,148,12,15.3,9.3,0,0,0,0
6,0,1,USA,Guadalajara,Online Shopping,Credit Card,Desktop,40,672,1.5,4230.8,60.92,181,16,4.3,31.75,0,0,0,0
22,0,1,USA,Osaka,Jewelry,Credit Card,Desktop,68,793,9.7,8086.73,1445.83,158,20,56.4,11.57,0,0,1,0
14,0,0,France,São Paulo,Travel,Credit Card,Mobile,31,632,4.4,218831.8,512.97,138,21,6.9,15.73,0,0,0,0
4,1,1,UK,Melbourne,Electronics,Credit Card,Tablet,18,602,13.9,6768.7,1983.67,124,25,26.7,7.58,0,0,0,0
12,0,0,Japan,Paris,Restaurant,Mobile Payment,Mobile,50,661,0.1,4361.28,19.41,151,14,6.1,6.07,0,5,0,0
21,0,0,Japan,Vancouver,Travel,Bank Transfer,Desktop,54,721,16.7,5704.46,554.55,139,17,10.2,10.02,0,0,0,0
9,1,0,India,Delhi,Restaurant,Credit Card,Tablet,18,602,0.7,8821.02,84.92,158,20,2.0,21.29,1,0,0,0
11,0,0,France,Osaka,Jewelry,Debit Card,Desktop,34,610,4.0,1299.75,242.03,170,23,18.3,2.54,0,0,0,0
12,0,0,Brazil,Guadalajara,Travel,Debit Card,Desktop,37,700,7.5,16473.29,1225.64,145,18,44.3,1.72,0,0,0,0
5,0,1,Brazil,New York,ATM Withdrawal,Credit Card,Desktop,39,725,0.5,56048.3,51.4,145,20,14.3,10.25,0,0,0,0
20,0,0,Brazil,New York,Electronics,Debit Card,Desktop,59,677,0.7,6784.65,474.64,132,13,33.2,2.36,0,0,0,0
13,0,0,Germany,Mumbai,Online Shopping,Credit Card,Mobile,64,793,13.9,8483.98,604.41,175,16,14.9,4.02,0,0,0,0
20,0,0,Canada,Melbourne,Healthcare,Crypto,Tablet,35,605,10.2,9060.58,62.49,144,21,3.4,5.27,0,0,0,0
23,0,1,France,Sydney,Crypto Exchange,Credit Card,POS Terminal,30,661,1.8,801.76,23.57,158,13,16.7,54.87,0,0,0,1
14,0,0,Canada,São Paulo,Restaurant,Debit Card,Mobile,64,782,3.2,1730.47,12.9,163,18,6.4,3.53,0,0,0,0
16,1,0,Germany,Osaka,Education,Debit Card,Mobile,24,757,8.6,11375.23,93.02,171,16,18.9,8.5,0,0,0,0
2,0,1,India,Melbourne,Utilities,Debit Card,Mobile,53,624,0.3,2872.44,67.08,158,12,38.2,28.36,0,1,0,0
20,0,0,UK,Melbourne,Online Shopping,Bank Transfer,Mobile,35,712,3.2,2835.48,206.11,159,16,34.1,4.16,0,0,0,0
17,1,0,Japan,Rio,Electronics,Bank Transfer,POS Terminal,20,713,5.0,6380.02,244.56,159,18,0.1,14.69,0,0,0,0
7,1,0,Brazil,Toronto,Utilities,Debit Card,Mobile,32,782,16.1,1336.43,26.53,146,23,14.0,15.03,0,0,0,0
3,0,1,USA,Sydney,Grocery,Credit Card,Mobile,42,694,0.3,6228.01,29.29,155,23,22.5,1.04,0,0,0,1
3,0,1,France,Lyon,Entertainment,Debit Card,Mobile,24,653,6.7,56183.68,44.89,155,23,30.8,18.72,0,1,0,0
13,1,0,Australia,Osaka,Healthcare,Credit Card,Desktop,62,709,6.8,11752.08,23.37,149,16,43.0,19.03,0,1,0,0
6,0,1,USA,Guadalajara,Jewelry,Crypto,Mobile,44,580,11.2,9904.68,450.25,145,21,0.9,25.77,0,0,0,1
8,0,0,India,Vancouver,Healthcare,Crypto,Mobile,39,602,1.6,352924.31,22.22,144,13,60.2,15.01,0,0,0,0
6,0,1,UK,Vancouver,ATM Withdrawal,Bank Transfer,Mobile,43,663,10.1,7512.28,21.86,158,25,3.8,21.05,0,0,1,0
17,1,0,USA,Delhi,Utilities,Bank Transfer,Mobile,49,612,1.0,6734.37,90.68,147,25,6.1,8.06,0,0,0,0
17,0,0,France,Vancouver,Clothing,Credit Card,POS Terminal,38,586,2.2,4110.88,46.08,153,13,8.5,9.68,0,0,0,0
5,0,1,USA,Osaka,Fuel,Credit Card,POS Terminal,19,566,0.3,1596.28,26.04,129,15,51.2,15.95,0,1,0,0
19,1,0,Japan,Munich,Crypto Exchange,Credit Card,Mobile,44,776,0.1,7789.36,132.17,161,20,2.5,14.42,0,0,0,0
6,1,1,USA,Munich,Utilities,Debit Card,Mobile,56,663,3.3,24696.71,33.22,159,19,0.8,25.33,0,0,0,0
23,0,1,USA,Vancouver,Entertainment,Bank Transfer,Mobile,62,708,1.9,11911.54,51.72,148,16,13.6,8.98,0,0,0,0
7,0,0,USA,Los Angeles,Education,Debit Card,ATM,35,635,15.2,26904.19,39.64,124,23,24.2,10.19,0,5,0,0
7,1,0,USA,Rio,Electronics,Credit Card,Mobile,43,708,1.1,25547.81,40.41,155,16,32.7,21.29,0,0,0,0
7,0,0,Mexico,Mumbai,Grocery,Debit Card,POS Terminal,38,708,5.6,9083.72,63.22,130,13,17.5,3.5,1,0,0,0
2,0,1,India,Mexico City,Clothing,Credit Card,Mobile,64,658,7.0,18668.37,30.88,148,19,3.7,16.12,0,0,0,0
11,0,0,Germany,Rio,ATM Withdrawal,Debit Card,Desktop,48,719,1.4,14707.07,196.85,160,14,50.4,2.87,0,0,0,0
10,0,0,India,Los Angeles,Clothing,Debit Card,Mobile,18,620,4.6,51763.96,26.17,138,33,27.2,7.62,0,0,0,0
11,1,0,Germany,Rio,Travel,Crypto,ATM,42,725,2.4,268.8,972.54,163,14,24.0,9.77,0,0,0,0
1,0,1,France,Osaka,Electronics,Credit Card,Mobile,55,780,2.8,1234.01,587.16,154,20,9.9,14.67,0,0,0,0
15,0,0,USA,Melbourne,Healthcare,Bank Transfer,POS Terminal,45,795,2.3,5419.68,82.89,170,14,30.9,23.47,0,0,0,0
18,0,0,UK,Sydney,ATM Withdrawal,Bank Transfer,Desktop,29,669,0.9,8242.0,68.97,172,28,17.8,18.82,0,0,0,0
23,0,1,Germany,Munich,Education,Debit Card,ATM,65,681,1.3,1084.54,31.49,128,17,56.4,11.11,0,0,0,0
17,0,0,France,Mexico City,Gaming,Debit Card,Mobile,41,713,7.2,7950.75,80.21,132,21,49.6,3.18,1,5,0,0
20,0,0,India,Tokyo,Fuel,Credit Card,Mobile,54,630,0.2,35083.79,284.54,140,15,8.6,3.64,0,0,0,0
14,0,0,India,Delhi,Healthcare,Debit Card,ATM,43,729,3.3,1671.99,41.22,159,13,7.3,2.48,0,0,0,0
8,0,0,Brazil,São Paulo,Restaurant,Bank Transfer,Desktop,56,659,3.4,19832.78,22.72,144,20,6.0,13.19,0,0,0,0
17,1,0,USA,New York,Electronics,Credit Card,POS Terminal,31,725,2.2,4781.59,261.06,160,14,73.6,2.17,0,0,0,0
12,0,0,USA,Guadalajara,Entertainment,Credit Card,ATM,44,635,4.0,2865.28,5.77,138,20,5.3,7.78,0,0,0,0
10,0,0,Brazil,Rio,Online Shopping,Debit Card,Desktop,45,555,1.4,4504.21,44.13,162,16,0.4,3.06,0,1,0,0
15,0,0,UK,São Paulo,Travel,Crypto,Mobile,18,625,8.7,63782.34,449.13,170,25,8.0,18.52,0,0,0,0
17,0,0,Australia,Manchester,ATM Withdrawal,Debit Card,Mobile,18,616,20.1,13563.7,51.59,146,24,36.1,5.63,0,0,0,0
4,0,1,France,Mexico City,Online Shopping,Mobile Payment,Mobile,21,608,0.6,10410.66,240.38,165,23,45.5,5.14,1,1,0,1
23,0,1,Japan,São Paulo,Utilities,Debit Card,Desktop,49,683,15.0,6380.24,32.53,161,18,2.8,4.71,0,2,0,0
21,0,0,Mexico,London,Utilities,Bank Transfer,Mobile,56,683,5.0,8595.39,22.38,159,17,0.8,6.77,0,0,0,0
2,1,1,India,Manchester,Grocery,Debit Card,Mobile,39,779,3.5,27586.5,31.84,162,20,22.6,9.49,0,1,1,0
6,1,1,France,Osaka,ATM Withdrawal,Cheque,Mobile,44,624,7.0,4276.3,128.42,158,16,12.3,5.3,0,0,0,0
14,0,0,USA,Lyon,Jewelry,Mobile Payment,Mobile,29,719,10.2,32419.1,126.0,132,19,9.8,1.34,0,0,0,0
17,0,0,UK,Sydney,ATM Withdrawal,Bank Transfer,Desktop,49,683,7.6,2791.62,18.63,149,19,11.3,11.71,0,0,0,0
16,0,0,UK,Mumbai,Healthcare,Credit Card,Tablet,52,710,4.6,11159.43,35.62,159,21,6.2,9.32,0,0,0,0
4,0,1,Australia,New York,Gaming,Credit Card,Mobile,33,605,7.5,18898.52,144.75,150,12,2.9,12.34,0,0,0,0
14,0,0,USA,Berlin,Grocery,Credit Card,Desktop,33,527,4.3,7101.53,359.22,127,24,3.5,4.48,0,0,0,0
13,0,0,Germany,Vancouver,Grocery,Credit Card,Desktop,53,490,0.3,1114.92,16.06,168,27,16.6,3.14,0,0,0,0
13,0,0,Mexico,New York,Healthcare,Bank Transfer,ATM,40,782,2.6,22736.91,39.46,161,19,2.2,0.84,0,0,0,0
4,0,1,UK,Mexico City,Grocery,Debit Card,Mobile,40,562,6.6,7828.31,28.18,149,19,17.6,15.93,0,0,0,0
22,0,1,India,Mexico City,Healthcare,Debit Card,POS Terminal,48,670,16.0,5393.27,9.86,112,27,22.5,12.61,0,0,0,0
14,1,0,France,Rio,Utilities,Debit Card,Mobile,51,755,5.4,19293.56,52.27,149,21,43.7,3.44,1,0,0,0
9,0,0,India,São Paulo,Online Shopping,Crypto,Desktop,48,662,0.4,8955.21,8.95,143,22,6.4,8.82,1,0,1,0
16,0,0,India,Berlin,Clothing,Crypto,Mobile,50,647,4.1,6809.81,20.34,152,22,33.4,12.19,0,0,0,0
3,0,1,India,Toronto,Jewelry,Credit Card,ATM,35,616,23.5,3959.57,1384.72,182,17,63.9,19.32,1,0,0,0
3,0,1,UK,Mexico City,Crypto Exchange,Bank Transfer,Mobile,34,544,0.3,5755.57,8.91,157,22,7.4,12.77,1,0,0,0
20,0,0,Japan,Mexico City,Fuel,Debit Card,Mobile,27,609,2.4,11990.81,154.22,117,18,12.7,11.25,0,3,0,1
8,0,0,France,Berlin,Travel,Debit Card,Desktop,23,640,11.1,37169.81,294.85,166,22,12.3,4.53,0,0,0,0
18,0,0,UK,Melbourne,Healthcare,Credit Card,ATM,48,815,2.1,6283.17,35.3,140,20,7.7,28.23,0,2,0,0
7,0,0,Japan,Los Angeles,Crypto Exchange,Credit Card,POS Terminal,51,842,2.5,367.68,37.69,173,19,26.3,20.18,0,0,0,0
23,0,1,Germany,Paris,ATM Withdrawal,Debit Card,Mobile,53,793,4.5,13754.09,137.37,156,15,18.3,66.74,0,0,0,0
5,1,1,USA,Sydney,Clothing,Credit Card,ATM,67,514,0.6,4149.2,15.88,164,22,4.1,34.19,1,0,0,0
19,0,0,India,Lyon,Crypto Exchange,Credit Card,Mobile,51,804,1.4,569.27,40.62,142,22,0.5,8.77,0,3,0,0
4,1,1,Canada,Toronto,Travel,Debit Card,Mobile,19,732,4.2,18148.07,388.38,143,23,3.3,19.01,0,0,0,0
16,0,0,USA,New York,Healthcare,Debit Card,Mobile,36,692,1.9,20954.68,54.63,155,20,4.5,9.47,0,0,0,0
15,0,0,India,Delhi,Electronics,Crypto,Tablet,53,673,2.7,19854.32,585.08,140,23,0.4,25.46,1,0,0,0
0,1,1,UK,Manchester,Grocery,Debit Card,Mobile,41,850,6.1,9677.04,67.81,125,24,14.9,24.19,0,0,0,0
7,1,0,Brazil,Guadalajara,Gaming,Debit Card,Tablet,18,758,2.8,6872.11,25.11,164,15,4.0,14.08,0,0,0,0
18,1,0,UK,Toronto,Crypto Exchange,Mobile Payment,Tablet,53,589,4.1,9633.15,36.92,123,18,23.8,27.05,0,0,0,0
20,0,0,Germany,Tokyo,Utilities,Debit Card,Mobile,39,783,3.4,1297.25,85.43,138,23,9.6,17.88,0,0,0,0
16,1,0,USA,New York,Gaming,Credit Card,Mobile,27,625,4.6,2000.71,68.64,158,19,13.2,36.85,0,0,0,0
19,0,0,France,Tokyo,Healthcare,Credit Card,ATM,56,775,0.5,21189.28,44.98,146,24,37.9,12.06,0,0,0,0
16,0,0,India,London,Jewelry,Cheque,Tablet,36,742,0.2,8218.83,293.94,140,8,8.7,32.02,0,1,0,0
16,1,0,USA,Toronto,Travel,Credit Card,Mobile,70,772,6.6,24377.02,465.09,147,25,51.3,44.72,0,0,0,0
1,0,1,Brazil,Mexico City,Education,Credit Card,Mobile,25,708,11.6,16796.16,20.61,161,24,20.3,10.22,0,0,0,0
11,0,0,USA,Melbourne,Fuel,Bank Transfer,Desktop,29,850,7.0,2265.23,27.59,174,18,56.1,6.85,0,0,0,0
10,0,0,Germany,Sydney,Utilities,Bank Transfer,POS Terminal,25,744,17.6,10517.49,103.76,164,25,40.6,9.73,0,0,0,0
22,0,1,France,São Paulo,ATM Withdrawal,Mobile Payment,Mobile,24,747,2.4,3613.47,49.65,132,16,0.3,11.57,1,0,0,0
12,0,0,UK,Melbourne,Gaming,Crypto,Tablet,66,704,5.7,11783.68,46.29,139,21,27.9,23.32,0,4,0,0
13,1,0,Brazil,Toronto,Healthcare,Debit Card,POS Terminal,44,694,0.6,7266.48,55.65,153,21,8.7,1.63,0,0,0,0
11,0,0,Brazil,Los Angeles,Education,Credit Card,Desktop,45,641,3.3,33224.25,174.5,150,17,32.6,7.23,0,1,0,0
16,0,0,USA,Paris,Online Shopping,Bank Transfer,Mobile,52,535,5.7,23162.11,50.61,139,25,6.0,4.8,0,0,0,0
18,0,0,USA,São Paulo,Online Shopping,Credit Card,Mobile,27,744,5.3,3525.11,36.12,164,25,4.9,8.28,0,0,0,0
13,0,0,India,Paris,Electronics,Debit Card,Mobile,45,564,0.3,2680.24,323.95,123,19,5.0,4.76,0,0,0,0
0,0,1,Canada,Mexico City,Grocery,Credit Card,Mobile,50,765,3.2,17613.8,58.85,169,26,4.4,20.8,0,1,0,0
6,0,1,France,Osaka,Utilities,Cheque,ATM,30,642,4.2,5370.03,25.84,155,16,75.2,12.05,1,1,0,1
23,1,1,Australia,Mumbai,Entertainment,Debit Card,Mobile,60,750,0.5,483.61,23.68,148,17,15.6,5.3,0,0,0,0
3,0,1,India,Toronto,Utilities,Crypto,Desktop,60,612,0.1,12843.93,12.75,141,22,10.2,7.18,0,0,0,0
16,0,0,USA,São Paulo,Online Shopping,Credit Card,Mobile,50,678,3.8,5768.45,118.1,139,14,10.4,24.63,0,0,0,0
16,0,0,USA,Osaka,Utilities,Bank Transfer,Mobile,38,640,2.8,1863.46,118.63,149,22,2.1,17.08,0,0,0,0
23,1,1,France,Munich,Jewelry,Bank Transfer,Tablet,46,590,9.4,6203.88,203.43,133,20,30.8,2.18,0,0,1,0
17,0,0,USA,Guadalajara,Travel,Debit Card,ATM,24,645,2.5,22517.04,210.56,145,18,21.4,1.03,0,2,0,0
1,0,1,USA,Guadalajara,Electronics,Bank Transfer,Tablet,49,843,30.0,2602.06,1132.71,164,13,25.8,6.75,0,0,0,0
9,0,0,UK,Paris,Education,Credit Card,POS Terminal,58,584,1.6,9559.01,44.66,160,24,22.7,4.15,0,0,0,0
2,0,1,USA,Paris,Entertainment,Mobile Payment,Desktop,18,653,4.4,7938.1,20.21,145,23,2.0,12.99,0,0,0,0
5,0,1,Mexico,Munich,Restaurant,Mobile Payment,Mobile,54,604,5.4,9625.25,140.24,157,22,7.2,3.14,1,0,0,0
18,0,0,India,Sydney,ATM Withdrawal,Credit Card,Mobile,24,718,2.7,5455.33,31.82,165,14,30.8,3.85,0,0,0,0
8,1,0,Canada,Vancouver,ATM Withdrawal,Cheque,Desktop,63,688,9.5,94747.69,29.49,139,28,46.7,6.13,1,0,0,0
3,0,1,UK,Melbourne,Crypto Exchange,Mobile Payment,Tablet,55,681,1.3,16608.17,11.94,141,18,21.6,5.16,0,1,0,0
8,0,0,Germany,Paris,Entertainment,Crypto,POS Terminal,45,709,6.2,2240.41,106.83,150,22,20.3,8.22,0,1,0,0
4,0,1,Canada,Mexico City,Travel,Credit Card,Desktop,62,783,2.0,14713.05,528.3,149,19,2.4,12.9,0,3,0,0
7,1,0,USA,Guadalajara,Education,Debit Card,Desktop,78,722,1.6,15919.64,49.91,147,22,24.6,9.11,0,0,0,0
7,1,0,Brazil,Tokyo,Clothing,Credit Card,Mobile,30,810,2.1,1858.14,56.17,155,20,13.5,9.53,0,0,0,0
1,0,1,Germany,London,Grocery,Debit Card,Desktop,42,673,6.8,11805.11,56.85,134,22,1.7,10.04,0,0,0,0
22,1,1,India,Vancouver,Grocery,Debit Card,Desktop,65,796,2.3,5322.63,217.35,145,19,10.9,0.16,0,0,1,0
6,1,1,Mexico,London,Clothing,Bank Transfer,Mobile,63,621,6.6,3808.12,77.23,173,16,1.0,0.02,0,0,0,0
17,0,0,USA,Guadalajara,Travel,Credit Card,Mobile,38,629,2.9,194557.17,162.37,156,18,33.9,0.19,0,0,0,0
20,0,0,France,London,Online Shopping,Crypto,POS Terminal,42,614,0.8,1089.27,178.12,158,14,20.8,0.93,0,0,0,0
13,1,0,USA,Paris,Healthcare,Credit Card,Mobile,34,708,0.8,10220.12,48.35,161,18,49.9,6.38,0,1,0,0
13,0,0,USA,Los Angeles,Restaurant,Bank Transfer,Mobile,25,615,5.1,22118.02,42.39,141,21,58.9,1.4,0,2,1,0
8,0,0,USA,Osaka,Healthcare,Debit Card,Mobile,41,850,6.9,3090.3,49.3,155,26,11.3,74.07,0,0,0,0
3,0,1,India,Mexico City,Online Shopping,Bank Transfer,Mobile,22,577,16.0,5132.54,12.3,134,16,19.5,25.29,0,1,0,0
4,0,1,France,Osaka,Restaurant,Credit Card,Tablet,64,601,1.1,6786.77,17.75,153,18,6.3,4.37,0,0,0,0
16,0,0,France,São Paulo,Education,Mobile Payment,ATM,49,621,1.4,9193.21,32.13,131,21,14.5,9.96,0,0,0,0
16,0,0,Mexico,Toronto,Crypto Exchange,Bank Transfer,Mobile,38,618,1.5,33630.26,48.35,140,14,22.5,4.13,0,0,0,0
13,0,0,Germany,Mexico City,Clothing,Credit Card,ATM,25,833,0.6,15006.23,125.22,130,19,47.6,1.01,0,1,0,0
14,0,0,Brazil,Mexico City,Electronics,Debit Card,Tablet,44,716,0.9,1347.94,682.25,163,19,28.9,6.0,0,0,1,0
7,1,0,Mexico,New York,Fuel,Bank Transfer,Tablet,31,603,6.8,8933.79,288.48,143,20,20.2,19.48,1,0,0,0
15,1,0,USA,London,Fuel,Debit Card,Mobile,18,683,4.6,14925.46,93.35,145,25,9.1,23.61,0,0,0,0
15,0,0,USA,London,Clothing,Bank Transfer,ATM,56,697,6.4,11167.14,135.4,140,22,32.9,25.18,0,1,0,0
2,1,1,France,Los Angeles,Grocery,Debit Card,Desktop,50,676,8.1,9082.79,39.41,139,19,12.6,0.07,0,0,0,0
16,1,0,Japan,Paris,Grocery,Debit Card,Mobile,48,501,1.4,301.05,25.71,151,22,3.0,19.95,0,0,1,0
6,1,1,Brazil,Mumbai,Utilities,Bank Transfer,Mobile,62,534,5.9,123243.79,57.25,137,19,0.2,2.81,0,1,0,0
5,0,1,USA,Munich,Utilities,Credit Card,Desktop,36,514,0.5,4326.58,67.91,147,19,9.2,12.2,0,0,0,0
8,0,0,Brazil,Lyon,Utilities,Credit Card,Desktop,51,710,4.1,12300.07,220.55,150,18,5.4,35.07,0,0,0,0
11,1,0,France,Guadalajara,Electronics,Debit Card,POS Terminal,36,574,20.4,3060.54,197.43,140,13,11.7,16.53,0,0,0,0
20,0,0,USA,Delhi,Education,Bank Transfer,Desktop,46,632,4.0,5411.2,71.92,156,19,6.4,4.86,1,0,0,0
19,0,0,Canada,Guadalajara,Travel,Debit Card,Mobile,61,747,1.8,8620.91,455.71,139,21,10.3,17.76,0,0,0,0
23,1,1,India,Mumbai,Grocery,Cheque,Desktop,64,802,0.7,1219.05,12.83,163,27,5.5,56.55,0,0,0,0
23,0,1,USA,New York,Grocery,Debit Card,Desktop,18,764,0.8,1100.12,100.91,170,19,34.0,16.38,0,0,0,0
21,0,0,Brazil,Los Angeles,Crypto Exchange,Credit Card,Desktop,20,610,6.4,8621.54,25.39,170,25,23.1,0.27,0,0,0,0
9,0,0,UK,Los Angeles,Jewelry,Bank Transfer,Tablet,32,685,10.2,7104.31,422.48,139,14,0.0,20.91,0,1,0,0
0,1,1,India,Mumbai,ATM Withdrawal,Credit Card,Desktop,76,680,7.3,9089.78,51.22,136,22,25.3,8.48,0,0,0,0
8,0,0,France,Mumbai,Grocery,Bank Transfer,Mobile,24,850,4.8,10876.89,217.91,151,14,4.9,2.46,0,0,0,0
8,0,0,UK,Tokyo,Restaurant,Credit Card,Tablet,37,667,5.6,2627.2,200.86,168,18,27.3,27.0,0,0,0,0
14,0,0,USA,Delhi,Education,Credit Card,Mobile,51,675,18.1,37636.62,16.65,150,24,2.5,3.07,0,0,0,0
18,0,0,USA,New York,Restaurant,Mobile Payment,Mobile,48,785,1.7,14521.4,46.59,140,19,24.0,1.95,0,0,0,0
9,0,0,USA,New York,Utilities,Mobile Payment,Mobile,45,687,0.3,80097.75,90.86,139,17,57.0,14.47,0,2,0,0
21,0,0,USA,Melbourne,Grocery,Bank Transfer,Desktop,63,596,1.7,1292.17,57.54,138,17,4.2,2.71,0,4,0,0
5,0,1,Canada,Mumbai,Utilities,Debit Card,Desktop,41,679,7.5,6722.39,53.27,157,18,64.4,2.79,0,0,0,0
0,1,1,USA,Osaka,Travel,Credit Card,Mobile,37,798,3.0,1411.8,140.89,158,23,5.9,17.96,0,0,0,0
22,0,1,USA,Tokyo,Gaming,Credit Card,POS Terminal,40,609,12.1,6099.66,67.45,147,18,68.8,4.37,1,0,0,0
21,0,0,UK,Mexico City,Healthcare,Mobile Payment,Mobile,40,663,1.7,10499.59,77.64,144,24,73.0,18.91,0,0,0,0
13,0,0,Australia,Delhi,Grocery,Credit Card,Mobile,44,735,12.1,2850.21,9.78,135,25,7.1,1.93,0,0,0,1
14,0,0,Mexico,Sydney,Entertainment,Debit Card,Tablet,39,745,2.9,4475.62,164.84,155,16,23.7,7.96,1,0,0,0
9,1,0,Brazil,Mexico City,Utilities,Credit Card,Mobile,35,744,0.4,29935.46,19.8,161,21,4.7,12.2,0,0,0,0
5,1,1,India,London,Fuel,Credit Card,POS Terminal,47,686,1.6,3732.55,48.71,146,26,22.2,2.13,0,1,0,0
6,0,1,USA,São Paulo,Crypto Exchange,Cheque,ATM,44,637,2.7,1802.2,124.96,164,18,19.2,11.05,0,0,0,0
23,1,1,USA,Berlin,Gaming,Cheque,POS Terminal,50,776,1.5,10516.12,85.13,165,19,0.9,17.77,0,0,0,0
21,0,0,USA,Munich,Online Shopping,Credit Card,Mobile,32,713,4.9,2901.11,90.42,160,28,6.2,4.19,0,1,0,0
9,0,0,USA,Osaka,ATM Withdrawal,Credit Card,Desktop,47,701,1.3,13277.18,122.75,142,15,16.0,9.01,0,5,0,1
14,0,0,Germany,Tokyo,Crypto Exchange,Debit Card,Desktop,18,743,6.0,1585.37,87.64,135,16,51.0,0.26,1,0,0,0
21,1,0,Germany,Manchester,Gaming,Credit Card,Tablet,38,577,1.6,4451.17,125.18,158,16,1.6,0.83,0,0,0,0
6,1,1,Germany,Lyon,Restaurant,Credit Card,POS Terminal,50,490,1.7,2762.99,8.18,166,19,53.6,42.07,1,0,0,0
1,1,1,USA,Osaka,Education,Bank Transfer,Mobile,32,633,3.1,10697.51,248.3,166,13,0.4,7.7,0,1,1,0
13,0,0,Australia,Mexico City,Travel,Mobile Payment,Desktop,38,621,11.9,4637.74,138.22,145,19,12.4,11.72,0,1,0,0
0,0,1,France,Sydney,Grocery,Debit Card,POS Terminal,45,671,2.0,18583.84,64.81,141,13,9.8,7.93,0,0,0,0
7,0,0,USA,Rio,Electronics,Credit Card,Mobile,37,634,5.0,72950.79,392.07,138,30,3.9,16.5,0,0,0,0
1,0,1,Brazil,São Paulo,Utilities,Cheque,Desktop,29,759,0.3,8511.34,253.4,164,25,11.5,6.09,1,0,1,1
8,0,0,USA,Rio,Online Shopping,Debit Card,Mobile,58,508,6.2,14319.59,44.64,149,20,10.0,38.17,1,5,0,0
3,0,1,India,Rio,Restaurant,Credit Card,Tablet,28,716,13.7,6366.22,51.68,157,10,6.8,4.74,0,0,0,0
12,0,0,Mexico,Tokyo,Education,Credit Card,Mobile,55,723,1.1,11569.15,76.37,143,20,5.7,21.02,0,0,0,0
9,1,0,Brazil,Guadalajara,Grocery,Debit Card,Mobile,33,711,3.5,9106.92,69.1,145,20,5.5,7.4,0,0,0,0
9,0,0,Germany,Guadalajara,Utilities,Bank Transfer,ATM,37,462,0.1,2168.61,19.12,160,25,37.9,4.96,0,0,0,0
11,0,0,Japan,Rio,Healthcare,Debit Card,Mobile,21,708,0.9,29670.93,24.09,158,17,4.8,19.17,0,0,0,0
10,1,0,India,Delhi,Electronics,Credit Card,POS Terminal,51,687,1.9,1861.67,1213.19,135,11,0.8,2.03,1,1,0,0
5,1,1,USA,Los Angeles,Gaming,Credit Card,Mobile,40,696,11.0,8625.54,19.55,139,23,9.6,37.75,0,0,0,0
4,0,1,USA,Rio,ATM Withdrawal,Credit Card,Tablet,35,699,5.5,26308.9,42.21,150,17,30.8,5.92,0,0,0,0
21,0,0,India,Delhi,Crypto Exchange,Cheque,Mobile,45,658,0.7,30506.18,31.85,153,27,0.2,2.54,0,0,0,0
16,1,0,USA,Sydney,Entertainment,Credit Card,Desktop,32,726,4.9,6044.52,44.71,137,25,12.2,0.06,0,1,0,0
1,1,1,Japan,Los Angeles,Restaurant,Credit Card,Desktop,22,824,0.9,4773.96,214.56,146,19,14.2,21.29,0,0,1,0
22,0,1,France,Manchester,Education,Credit Card,Mobile,39,657,0.1,8122.58,492.96,149,10,76.2,2.66,1,3,0,0
12,1,0,Canada,Lyon,Utilities,Credit Card,Mobile,44,708,2.3,21890.98,39.35,166,20,3.7,17.59,0,0,1,0
11,1,0,UK,Melbourne,Electronics,Credit Card,Tablet,59,647,8.8,1172.27,356.11,151,17,36.4,6.35,0,3,0,0
10,0,0,France,Lyon,ATM Withdrawal,Cheque,Mobile,18,794,3.9,50068.85,52.84,158,21,5.8,7.51,0,0,0,0
8,0,0,Japan,Melbourne,Gaming,Credit Card,Mobile,36,796,1.1,35439.12,257.4,139,15,8.4,13.55,0,3,0,0
2,0,1,USA,Guadalajara,Entertainment,Crypto,ATM,64,677,18.0,4163.86,54.29,159,17,4.6,10.78,1,0,0,0
7,0,0,Germany,London,Electronics,Mobile Payment,Mobile,43,750,12.1,9598.59,137.17,146,26,1.2,1.18,0,0,0,0
12,0,0,USA,Lyon,Electronics,Debit Card,Tablet,53,631,4.6,12513.56,9343.9,138,14,2.3,23.72,0,0,0,0
0,0,1,USA,Paris,Crypto Exchange,Bank Transfer,Tablet,79,665,19.9,58821.52,58.8,161,17,53.2,11.98,0,0,0,0
14,0,0,UK,New York,Grocery,Mobile Payment,Mobile,48,665,16.4,3186.28,6.5,139,20,13.9,3.56,0,0,0,0
23,0,1,USA,Melbourne,Education,Mobile Payment,Mobile,32,669,5.3,6695.95,94.76,136,22,0.2,4.68,0,2,0,1
15,0,0,Japan,Los Angeles,Healthcare,Credit Card,Desktop,48,639,5.0,11851.35,23.79,146,22,30.2,31.0,0,1,0,0
2,1,1,USA,Guadalajara,Utilities,Bank Transfer,Tablet,19,631,3.7,7640.35,190.06,157,22,21.2,21.73,0,0,0,0
2,1,1,USA,Manchester,Electronics,Debit Card,Mobile,43,588,1.9,15670.47,154.28,173,27,20.9,3.26,1,0,0,0
17,1,0,USA,Lyon,Clothing,Mobile Payment,Desktop,57,718,4.3,8331.77,82.76,164,17,3.3,19.05,0,4,0,0
2,0,1,Japan,São Paulo,Clothing,Crypto,Mobile,23,678,16.1,1400.27,66.54,128,20,22.8,2.39,0,0,0,0
4,1,1,USA,Lyon,Fuel,Credit Card,Desktop,30,562,1.8,18296.04,33.4,144,20,40.0,1.36,0,0,0,0
19,0,0,USA,Guadalajara,ATM Withdrawal,Mobile Payment,POS Terminal,50,798,1.6,16307.9,63.58,146,21,4.1,5.88,0,0,0,0
15,0,0,USA,Osaka,Clothing,Credit Card,POS Terminal,26,526,0.7,6168.06,222.15,159,18,35.3,6.33,0,0,0,0
22,0,1,Germany,Osaka,Restaurant,Credit Card,Tablet,50,538,2.6,4184.35,63.89,157,22,17.6,7.34,1,0,0,0
1,1,1,USA,Melbourne,Entertainment,Credit Card,POS Terminal,35,730,1.1,2688.48,13.59,130,22,31.8,20.7,0,0,0,0
9,0,0,Germany,Mumbai,Restaurant,Bank Transfer,Desktop,25,704,2.8,3171.71,58.76,151,17,21.2,19.1,0,0,0,0
15,0,0,USA,Rio,Online Shopping,Mobile Payment,Desktop,42,617,10.5,874.82,122.88,143,23,24.5,6.09,0,0,0,0
17,0,0,UK,Melbourne,Online Shopping,Credit Card,Mobile,41,704,2.5,16975.33,80.7,167,15,2.2,2.03,0,0,0,0
3,0,1,USA,Vancouver,Crypto Exchange,Credit Card,Mobile,35,755,0.3,2807.54,73.6,160,20,0.8,5.65,0,0,0,0
10,0,0,UK,New York,Restaurant,Mobile Payment,Desktop,42,778,0.9,123683.28,26.95,173,28,52.3,8.09,0,0,0,0
10,0,0,USA,New York,Healthcare,Bank Transfer,POS Terminal,48,827,4.1,28630.12,161.11,130,19,18.0,9.56,0,0,0,0
23,1,1,USA,Los Angeles,Electronics,Credit Card,Mobile,43,674,18.0,4024.62,1139.84,161,33,22.8,3.66,1,0,0,0
9,0,0,India,Los Angeles,Crypto Exchange,Debit Card,Desktop,18,536,3.8,18093.5,87.58,173,23,0.5,1.79,0,0,0,0
10,0,0,USA,New York,ATM Withdrawal,Credit Card,Mobile,52,735,3.5,34283.96,52.87,144,22,59.0,10.91,1,0,0,0
14,0,0,Canada,Osaka,Clothing,Credit Card,Mobile,41,712,21.2,211733.74,112.69,156,19,3.4,13.77,0,0,0,0
1,0,1,USA,Tokyo,Jewelry,Credit Card,Desktop,39,799,10.5,7248.03,500.87,153,19,13.1,47.21,0,0,0,0
9,0,0,Brazil,Mexico City,Crypto Exchange,Credit Card,Desktop,47,565,1.3,2293.17,11.38,156,26,8.1,7.25,0,0,0,0
21,0,0,India,Munich,Electronics,Debit Card,Mobile,37,577,4.7,93541.25,125.21,158,22,0.3,16.27,0,0,0,0
12,0,0,UK,London,Restaurant,Credit Card,Desktop,40,673,1.9,7044.68,33.06,142,19,4.9,4.75,0,0,0,0
13,0,0,Australia,Sydney,Grocery,Mobile Payment,Mobile,33,673,2.2,1606.97,76.1,175,15,18.7,4.41,0,0,0,0
11,0,0,Japan,New York,Electronics,Credit Card,Mobile,40,635,6.3,32741.95,489.63,184,19,19.5,8.36,0,0,1,0
16,0,0,USA,Manchester,Gaming,Bank Transfer,Desktop,32,796,1.5,6402.36,69.22,157,19,5.7,0.26,0,0,0,0
0,0,1,USA,Tokyo,Entertainment,Bank Transfer,Desktop,65,781,4.7,21657.33,238.69,148,13,8.2,8.52,1,0,1,0
17,1,0,India,Tokyo,Education,Bank Transfer,Tablet,36,606,0.7,4568.78,246.81,160,21,3.1,13.5,0,0,0,0
1,1,1,Australia,Los Angeles,Clothing,Credit Card,Mobile,56,566,0.8,1698.21,41.83,163,23,9.6,10.5,0,0,0,0
18,0,0,Canada,Munich,Restaurant,Debit Card,POS Terminal,35,618,0.4,10261.92,64.57,163,24,39.0,1.07,1,1,1,0
6,0,1,USA,Toronto,Utilities,Debit Card,Mobile,40,506,3.8,1753.43,83.55,173,26,9.9,1.09,0,0,0,0
7,0,0,India,Sydney,Crypto Exchange,Debit Card,Desktop,43,669,13.1,40170.06,28.09,145,26,16.4,0.21,0,0,0,0
19,0,0,Australia,Los Angeles,Travel,Credit Card,Tablet,19,651,3.0,6820.01,488.6,135,24,1.6,8.82,0,0,0,0
3,0,1,USA,Osaka,Online Shopping,Bank Transfer,Tablet,20,795,0.5,14274.13,38.63,159,20,1.3,42.1,0,0,0,0
1,0,1,USA,Osaka,Clothing,Mobile Payment,ATM,63,697,14.8,4991.27,87.11,159,21,10.6,1.27,0,0,0,0
2,0,1,India,Delhi,Education,Credit Card,Mobile,23,669,19.7,1514.87,22.18,165,16,17.9,24.34,0,0,1,0
10,0,0,India,Osaka,Utilities,Debit Card,Desktop,57,657,6.4,3544.43,446.81,124,24,3.8,17.52,0,0,0,0
5,1,1,USA,New York,Fuel,Credit Card,ATM,56,733,10.1,1814.53,69.18,142,24,14.3,3.57,0,0,0,0
11,0,0,USA,Munich,Education,Bank Transfer,Mobile,27,634,1.9,3106.4,108.87,151,26,18.8,25.02,0,0,0,0
0,1,1,Mexico,Toronto,Utilities,Credit Card,Tablet,56,665,10.0,5511.15,39.18,159,29,11.0,3.49,0,0,0,0
7,0,0,Japan,Vancouver,Education,Debit Card,ATM,28,720,4.4,5605.91,34.13,147,17,61.7,1.34,1,0,0,0
20,0,0,Canada,Sydney,Healthcare,Crypto,POS Terminal,25,580,0.7,9177.43,107.34,144,30,0.1,13.16,0,0,0,0
7,0,0,USA,Vancouver,Clothing,Debit Card,ATM,61,506,1.5,7482.82,85.89,174,23,8.8,62.0,0,0,0,0
12,0,0,USA,Delhi,Jewelry,Debit Card,Mobile,50,757,0.4,22706.4,365.75,132,20,12.9,3.62,1,0,0,0
6,0,1,UK,Vancouver,ATM Withdrawal,Bank Transfer,Mobile,65,658,12.7,9100.62,11.87,156,19,5.3,28.42,0,0,0,0
13,0,0,Canada,Los Angeles,Education,Mobile Payment,Mobile,41,850,9.4,9559.18,26.63,144,15,5.5,2.24,1,0,1,0
17,0,0,USA,London,Online Shopping,Bank Transfer,Mobile,48,696,2.6,2232.46,141.97,153,23,2.7,11.09,0,0,0,0
9,1,0,France,Mexico City,Online Shopping,Debit Card,Desktop,18,757,4.7,18490.71,88.75,145,17,5.1,12.51,0,0,0,0
8,0,0,Germany,Manchester,Gaming,Mobile Payment,Desktop,21,652,17.9,3803.21,3.98,144,23,2.6,5.93,0,0,0,0
23,1,1,USA,Lyon,Electronics,Credit Card,Desktop,22,531,3.4,10281.15,316.52,139,20,2.2,3.21,0,0,0,0
22,0,1,Canada,London,Electronics,Credit Card,Tablet,22,691,0.9,42226.74,3161.03,146,20,23.9,6.42,0,0,0,0
1,0,1,Brazil,Berlin,Gaming,Crypto,ATM,72,707,0.2,7032.65,159.7,121,10,1.3,28.97,1,0,0,0
6,1,1,UK,Sydney,Jewelry,Mobile Payment,Tablet,20,653,0.5,15348.7,653.3,160,19,32.0,19.21,0,0,0,0
18,0,0,USA,Lyon,Clothing,Bank Transfer,Tablet,32,702,2.2,7766.66,129.64,174,15,42.9,1.39,0,0,0,0
12,0,0,Mexico,Rio,Entertainment,Debit Card,Tablet,27,768,4.8,16795.94,18.7,155,15,2.4,5.38,1,0,0,0
14,0,0,USA,Guadalajara,Fuel,Debit Card,Mobile,38,721,4.7,24656.01,17.49,146,18,1.2,8.36,0,0,0,0
12,0,0,Germany,Osaka,Electronics,Credit Card,Tablet,43,731,3.2,41225.33,1503.92,155,14,53.8,22.8,0,0,1,0
7,0,0,USA,Mexico City,Crypto Exchange,Debit Card,Mobile,46,467,1.5,75110.76,30.76,153,17,38.9,5.56,0,0,1,1
4,0,1,USA,Mexico City,Electronics,Debit Card,POS Terminal,34,627,0.1,3790.57,817.9,136,20,19.1,18.65,0,0,0,1
6,0,1,USA,Manchester,Grocery,Debit Card,Mobile,50,748,7.5,10203.18,178.03,151,29,29.6,1.05,1,5,0,0
18,0,0,India,London,Crypto Exchange,Debit Card,Desktop,57,699,1.9,6431.22,175.97,153,22,3.2,1.32,0,0,0,0
15,0,0,UK,Rio,Grocery,Credit Card,Mobile,48,727,17.1,513.09,36.07,143,15,2.2,11.7,1,0,1,0
0,1,1,India,Mexico City,Utilities,Debit Card,Mobile,25,626,1.2,4709.47,115.69,126,24,11.9,41.09,0,0,0,0
0,0,1,USA,Sydney,Jewelry,Mobile Payment,Mobile,44,746,9.9,8054.39,114.15,142,20,11.6,4.13,1,2,0,1
14,1,0,UK,São Paulo,Online Shopping,Credit Card,Mobile,72,781,10.1,8858.37,65.3,136,22,20.6,1.61,0,0,0,0
9,0,0,Australia,Toronto,ATM Withdrawal,Mobile Payment,ATM,53,694,6.6,3749.27,30.71,148,23,24.9,8.86,0,0,0,0
10,0,0,Canada,London,Education,Debit Card,ATM,39,574,2.4,1550.86,138.12,137,20,15.1,4.78,0,0,0,0
9,0,0,UK,Lyon,Entertainment,Debit Card,Mobile,22,556,1.6,15453.52,61.64,151,13,4.5,13.68,0,0,0,0
4,0,1,Brazil,Lyon,Restaurant,Debit Card,Desktop,39,691,2.6,13353.49,39.36,143,19,11.8,9.11,0,0,0,0
18,1,0,Germany,London,Clothing,Debit Card,Mobile,73,527,0.4,5030.0,71.85,155,21,12.4,17.94,0,0,1,1
7,0,0,Germany,Guadalajara,Entertainment,Debit Card,ATM,33,662,2.0,1724.69,35.89,150,18,0.2,2.85,1,0,0,0
4,0,1,Germany,Osaka,Travel,Debit Card,Tablet,56,673,10.2,7454.54,162.63,136,16,12.1,14.31,0,0,0,0
12,1,0,USA,Tokyo,Clothing,Bank Transfer,Mobile,36,619,1.6,44086.65,25.93,138,23,34.4,1.58,0,0,0,0
0,0,1,USA,Paris,Online Shopping,Mobile Payment,Mobile,65,687,0.3,17464.67,282.52,138,22,0.2,17.91,0,1,0,0
22,1,1,Mexico,Delhi,Travel,Mobile Payment,POS Terminal,22,715,15.4,10324.9,5895.46,150,15,8.5,5.25,0,1,0,0
14,0,0,Germany,London,Travel,Crypto,POS Terminal,37,832,10.2,18081.92,127.12,143,16,29.2,2.12,0,0,0,0
0,0,1,Canada,Mumbai,Travel,Crypto,ATM,44,644,2.3,42733.04,827.77,156,18,10.2,2.46,0,0,1,0
20,0,0,India,Paris,Clothing,Credit Card,Desktop,18,769,2.6,5462.81,62.18,165,13,19.8,12.08,0,0,0,0
9,0,0,France,Delhi,Grocery,Debit Card,Mobile,46,554,16.0,49824.5,63.52,158,20,14.2,7.32,0,0,0,0
10,1,0,Australia,Melbourne,Gaming,Crypto,Desktop,50,685,1.0,15700.81,17.11,120,23,9.6,14.56,1,0,1,0
2,1,1,USA,Berlin,Electronics,Credit Card,Desktop,36,592,2.9,4990.8,388.47,144,20,0.3,19.81,0,0,0,0
4,1,1,Germany,New York,Entertainment,Debit Card,Mobile,61,674,2.7,5881.13,10.51,163,27,95.8,15.02,0,0,0,0
12,0,0,Brazil,Mexico City,Electronics,Bank Transfer,Mobile,36,725,4.4,2197.32,76.78,152,11,62.7,2.45,0,0,0,0
22,1,1,Australia,Guadalajara,Electronics,Credit Card,Mobile,53,556,3.8,13155.24,308.97,138,21,37.2,4.56,0,0,0,1
5,0,1,USA,Lyon,Utilities,Credit Card,Desktop,42,734,6.7,10458.16,304.42,172,18,35.5,2.99,0,0,0,0
23,0,1,Canada,Mumbai,Clothing,Cheque,POS Terminal,53,678,3.3,35737.57,40.67,132,19,12.6,5.0,0,0,0,0
16,0,0,USA,São Paulo,Entertainment,Debit Card,Mobile,27,656,1.2,1875.78,8.14,156,15,5.2,6.46,1,0,1,0
1,1,1,USA,Melbourne,Education,Credit Card,Desktop,54,720,14.3,23209.5,137.51,148,22,28.5,36.07,0,0,0,0
14,0,0,USA,Mexico City,Grocery,Credit Card,ATM,21,764,6.6,10284.54,108.21,153,21,7.5,6.82,0,0,0,0
10,0,0,Brazil,Guadalajara,Electronics,Cheque,Tablet,46,749,3.8,3740.0,678.32,173,18,7.9,0.31,0,4,0,1
0,1,1,USA,Los Angeles,Utilities,Crypto,Mobile,43,763,8.0,2630.64,59.43,139,17,23.1,4.84,0,3,0,0
0,0,1,Australia,Los Angeles,Education,Debit Card,Mobile,46,682,12.9,28398.09,217.85,145,18,0.5,6.2,1,2,0,0
9,1,0,Japan,Mexico City,Restaurant,Credit Card,Mobile,48,677,3.5,11979.79,176.71,151,28,1.6,6.91,0,0,0,0
9,0,0,USA,Berlin,Healthcare,Bank Transfer,POS Terminal,62,703,7.6,10955.63,58.77,151,20,5.4,4.21,1,0,1,0
16,0,0,India,Vancouver,Grocery,Crypto,Tablet,48,761,3.5,11126.41,18.6,174,8,12.7,1.53,0,0,1,0
19,0,0,Canada,Lyon,ATM Withdrawal,Credit Card,POS Terminal,59,650,3.1,6323.83,137.16,143,17,30.9,15.26,0,0,0,0
0,0,1,France,Los Angeles,Electronics,Debit Card,Tablet,40,689,20.5,4776.13,798.89,146,15,11.6,10.56,0,0,0,0
21,0,0,USA,Osaka,Crypto Exchange,Debit Card,Desktop,60,692,5.9,10886.27,23.73,140,19,40.6,7.64,0,0,0,0
15,0,0,Japan,Guadalajara,Online Shopping,Bank Transfer,ATM,41,453,7.8,10931.17,197.12,154,10,16.0,18.64,0,0,0,0
10,0,0,Mexico,São Paulo,Online Shopping,Debit Card,Desktop,63,631,1.2,2399.78,57.63,150,25,46.1,29.18,0,1,0,0
16,0,0,Germany,Tokyo,ATM Withdrawal,Mobile Payment,ATM,29,608,4.3,32532.21,116.47,137,24,19.7,20.82,1,0,0,0
1,1,1,USA,Sydney,Education,Debit Card,Mobile,56,670,7.3,314.35,110.63,178,21,47.2,13.17,0,0,0,0
22,0,1,France,Delhi,Travel,Mobile Payment,Tablet,41,562,2.2,6153.62,886.16,162,27,4.8,9.2,0,0,0,0
19,0,0,France,Mexico City,Grocery,Credit Card,Tablet,60,806,4.7,15384.64,14.09,159,24,86.3,36.09,0,0,0,0
9,0,0,Canada,London,Entertainment,Debit Card,Mobile,23,599,10.3,76906.97,18.2,153,20,7.8,10.97,0,0,0,0
11,1,0,India,Tokyo,Fuel,Debit Card,Mobile,42,700,0.2,706.18,152.69,145,22,12.9,12.87,0,0,0,0
11,1,0,Canada,Toronto,Crypto Exchange,Debit Card,Mobile,42,719,13.9,266825.12,18.13,152,18,5.7,9.53,0,0,0,0
18,0,0,France,London,Travel,Bank Transfer,Desktop,47,698,1.1,2522.49,908.65,167,16,1.7,9.45,1,0,1,0
10,0,0,USA,Sydney,Crypto Exchange,Debit Card,POS Terminal,54,588,1.0,21536.5,24.55,154,20,14.5,0.68,0,0,0,0
8,0,0,India,Guadalajara,Crypto Exchange,Mobile Payment,ATM,51,703,4.8,1755.2,38.94,163,19,4.6,9.07,0,0,0,0
11,0,0,Canada,Guadalajara,Electronics,Credit Card,Mobile,62,736,2.9,18024.26,647.07,136,18,31.0,5.7,0,0,0,0
17,0,0,USA,Delhi,ATM Withdrawal,Credit Card,Mobile,40,674,5.0,10048.78,23.53,148,31,5.5,17.81,0,0,0,0
10,0,0,India,Osaka,Crypto Exchange,Debit Card,Desktop,31,722,7.8,2451.25,406.24,134,29,4.6,1.71,0,0,0,0
13,1,0,USA,Manchester,Education,Mobile Payment,Mobile,56,585,4.0,18773.72,10.53,143,15,92.3,7.36,0,0,0,0
9,0,0,USA,Mexico City,Crypto Exchange,Debit Card,Mobile,41,782,2.5,4137.82,47.7,138,21,30.4,5.24,0,0,0,0
20,0,0,USA,Toronto,Electronics,Debit Card,Mobile,60,518,0.6,15163.87,444.23,126,20,14.0,23.64,0,0,0,0
23,0,1,Canada,Sydney,Fuel,Crypto,Mobile,42,817,2.1,62519.67,10.4,143,25,31.5,1.2,0,0,0,0
20,1,0,Brazil,Mumbai,Healthcare,Credit Card,Desktop,58,613,0.5,30172.39,180.55,135,21,37.0,1.28,1,0,0,0
13,1,0,Germany,São Paulo,Travel,Bank Transfer,Tablet,47,674,1.0,735.33,179.38,169,20,5.4,29.65,0,1,0,0
4,0,1,India,Vancouver,Online Shopping,Credit Card,ATM,36,730,7.8,63277.7,9.59,150,23,6.9,0.44,0,0,0,0
12,0,0,Brazil,Vancouver,Clothing,Credit Card,Mobile,66,554,12.7,3904.7,66.58,155,19,34.1,5.52,1,1,0,0
5,0,1,India,Mumbai,Jewelry,Credit Card,Mobile,50,760,1.6,2393.91,886.0,156,24,15.8,8.77,0,0,0,1
8,1,0,Brazil,London,Healthcare,Debit Card,ATM,42,428,2.9,10488.51,164.72,140,23,6.4,12.18,0,2,0,0
17,0,0,Mexico,Munich,ATM Withdrawal,Debit Card,Desktop,39,730,13.8,16419.05,28.66,143,19,6.2,3.11,0,0,0,0
22,0,1,Germany,Osaka,Grocery,Debit Card,Desktop,51,620,6.9,1694.08,92.98,152,14,25.6,62.76,0,0,0,0
15,1,0,India,Paris,Grocery,Credit Card,Mobile,54,623,0.5,3993.94,76.09,143,16,1.8,8.34,0,0,0,0
15,0,0,USA,Tokyo,Online Shopping,Credit Card,Desktop,50,621,0.2,20860.38,17.18,143,21,23.1,5.82,1,3,0,0
12,0,0,France,Sydney,Electronics,Mobile Payment,Mobile,42,527,1.1,21323.73,63.78,151,16,0.2,3.82,0,1,0,0
9,1,0,Brazil,Mumbai,Clothing,Mobile Payment,Mobile,24,808,0.9,18846.27,28.95,139,18,30.6,0.8,1,1,0,1
10,0,0,USA,Guadalajara,ATM Withdrawal,Cheque,Desktop,58,678,2.6,18108.19,94.42,145,25,9.1,6.89,1,1,0,1
14,0,0,Mexico,Lyon,Online Shopping,Debit Card,Mobile,29,704,1.5,605.07,68.03,143,15,17.5,6.2,0,0,0,0
21,0,0,USA,São Paulo,Jewelry,Mobile Payment,Mobile,46,679,17.6,40728.52,169.99,150,22,36.3,13.04,1,0,0,0
18,1,0,UK,São Paulo,Education,Debit Card,Desktop,34,687,3.1,8192.02,71.88,151,26,27.6,46.9,0,0,0,0
16,0,0,UK,Lyon,Education,Credit Card,Desktop,52,547,1.4,30300.37,442.81,147,14,3.5,4.04,0,0,0,0
10,0,0,Germany,Toronto,Grocery,Bank Transfer,Mobile,26,806,2.0,24376.29,51.6,159,24,59.8,20.75,0,1,0,0
2,0,1,India,Vancouver,Healthcare,Bank Transfer,Desktop,52,712,9.9,16566.36,114.59,144,24,36.9,17.64,0,1,0,0
14,1,0,Canada,Mumbai,Education,Debit Card,Desktop,66,707,15.3,3578.8,44.06,149,16,3.2,0.3,0,0,0,0
6,0,1,USA,Sydney,Healthcare,Crypto,Mobile,46,796,3.0,28476.09,65.46,139,21,59.6,21.31,0,0,1,0
6,0,1,USA,Guadalajara,Fuel,Debit Card,Desktop,37,606,4.6,9105.7,14.65,166,17,11.7,11.41,0,0,0,1
6,0,1,Canada,São Paulo,Entertainment,Crypto,Desktop,24,620,28.9,15418.92,181.57,162,17,0.9,6.88,0,0,0,0
4,0,1,Brazil,Tokyo,Healthcare,Crypto,Mobile,18,535,1.0,16929.17,22.07,161,19,28.6,3.49,0,1,0,0
20,1,0,Canada,Berlin,Online Shopping,Mobile Payment,Tablet,46,650,3.0,29369.62,100.88,150,15,4.9,3.9,0,1,0,0
10,0,0,Canada,São Paulo,Education,Credit Card,Mobile,56,639,8.0,3642.2,87.02,159,11,12.8,15.3,0,0,0,0
8,0,0,Japan,Berlin,Entertainment,Mobile Payment,Mobile,27,671,12.3,23248.52,62.95,158,24,4.9,16.93,0,0,0,0
1,0,1,India,Vancouver,Travel,Credit Card,ATM,24,653,3.8,52246.12,999.6,162,18,13.8,11.0,1,0,0,0
13,1,0,India,Tokyo,Travel,Mobile Payment,Mobile,30,671,3.2,3682.67,269.3,169,24,4.7,5.11,0,0,0,0
3,0,1,Japan,New York,Travel,Debit Card,Desktop,31,605,4.1,679.37,7895.1,137,18,2.6,21.84,0,0,0,1
15,1,0,Japan,Paris,Grocery,Mobile Payment,Desktop,18,658,17.3,8003.42,69.6,153,14,13.6,54.31,0,0,0,0
22,0,1,France,New York,Education,Debit Card,Mobile,43,674,13.9,22109.29,12.11,161,16,96.9,15.42,0,0,0,0
7,0,0,Mexico,Manchester,Utilities,Mobile Payment,Mobile,31,716,2.5,751.75,8.07,147,15,34.1,2.57,1,1,1,0
16,0,0,Canada,Mumbai,Utilities,Mobile Payment,Mobile,54,665,4.8,1994.16,43.87,158,16,1.1,21.64,1,0,0,0
20,0,0,USA,Mumbai,Grocery,Credit Card,Mobile,49,678,22.8,7592.22,29.2,155,23,42.3,8.19,0,0,0,1
7,0,0,France,Paris,Education,Debit Card,Desktop,66,768,8.9,29795.99,13.56,145,23,1.4,16.17,0,0,0,0
19,0,0,USA,Los Angeles,Fuel,Debit Card,Mobile,51,736,3.9,7021.28,7.84,157,13,30.6,5.5,0,0,0,0
6,0,1,India,Rio,Healthcare,Bank Transfer,Mobile,52,731,1.1,27211.07,92.35,149,20,4.7,39.15,0,0,0,0
14,0,0,USA,Paris,Crypto Exchange,Credit Card,Tablet,37,789,3.7,5746.01,112.49,166,21,51.1,7.21,1,0,0,0
16,0,0,USA,Vancouver,Online Shopping,Credit Card,POS Terminal,62,730,9.9,27903.73,60.53,126,16,11.0,2.77,0,0,0,0
12,1,0,USA,Vancouver,Healthcare,Debit Card,Mobile,65,634,0.2,9731.49,37.74,167,18,9.4,0.78,0,0,0,0
5,0,1,Germany,Mexico City,Grocery,Credit Card,Desktop,36,637,3.3,10188.55,93.83,162,22,14.9,7.84,0,1,0,1
14,0,0,Brazil,Berlin,Utilities,Credit Card,Mobile,39,824,1.5,5711.64,43.13,138,25,13.8,47.62,0,1,0,0
14,1,0,France,Munich,Restaurant,Bank Transfer,Tablet,23,775,1.6,1356.58,73.42,171,30,48.8,7.07,1,0,0,0
9,1,0,Germany,London,Clothing,Debit Card,Mobile,25,613,0.6,1663.75,31.14,139,21,9.0,5.32,0,0,0,0
18,0,0,France,Osaka,Jewelry,Debit Card,Tablet,54,630,1.4,3286.85,160.9,144,28,60.3,1.33,0,0,0,0
3,1,1,Mexico,London,Fuel,Debit Card,Tablet,30,717,5.2,28941.61,176.96,146,24,1.4,12.27,0,0,0,0
2,1,1,India,Los Angeles,Jewelry,Debit Card,Tablet,57,668,0.7,3278.22,85.7,147,27,14.0,14.51,0,1,0,0
5,1,1,India,Osaka,Gaming,Debit Card,Mobile,56,688,2.5,13857.17,36.38,146,16,1.3,22.39,0,0,0,0
14,0,0,Canada,Lyon,Electronics,Debit Card,Desktop,34,740,14.8,26358.59,203.1,160,24,12.1,4.72,0,5,0,0
13,0,0,France,Vancouver,Grocery,Bank Transfer,POS Terminal,41,571,3.3,2286.13,38.9,126,20,38.1,5.29,0,3,0,0
1,0,1,Germany,London,Entertainment,Credit Card,ATM,18,673,2.1,8811.71,525.55,153,12,8.6,4.14,0,0,0,1
6,0,1,USA,Guadalajara,Jewelry,Mobile Payment,Desktop,56,698,2.9,1391.18,203.72,143,20,5.5,14.3,0,0,0,0
19,0,0,Canada,Mumbai,Fuel,Debit Card,ATM,31,705,5.9,18949.19,59.85,138,19,29.8,22.24,0,1,0,0
23,0,1,India,Paris,Clothing,Crypto,Mobile,34,844,17.8,15856.5,73.14,162,20,11.1,11.29,0,0,0,0
14,1,0,USA,Melbourne,Healthcare,Credit Card,Mobile,51,665,6.9,5949.15,105.82,157,12,0.9,1.16,0,0,0,0
9,0,0,UK,Mexico City,Electronics,Debit Card,ATM,38,569,6.7,17921.04,1585.17,141,22,9.0,32.52,0,1,0,0
4,1,1,India,London,Restaurant,Bank Transfer,Tablet,54,726,3.4,1324.01,297.85,166,20,2.1,14.75,0,0,0,0
1,0,1,France,Manchester,Online Shopping,Credit Card,Mobile,51,739,5.3,3303.86,21.77,147,21,56.5,3.82,0,0,0,0
19,0,0,Mexico,Lyon,Jewelry,Mobile Payment,Mobile,42,615,7.8,21446.38,983.74,139,15,72.3,6.18,1,1,0,0
22,0,1,USA,New York,Electronics,Bank Transfer,ATM,56,769,3.9,4000.14,391.12,161,22,17.6,22.76,0,0,1,0
5,0,1,UK,Mexico City,Clothing,Cheque,Mobile,42,696,0.3,18527.67,20.9,162,23,6.7,18.35,0,0,0,0
17,1,0,Mexico,Mumbai,Gaming,Credit Card,Mobile,58,618,0.2,16080.38,35.92,167,27,23.5,13.5,0,0,0,0
3,0,1,UK,Delhi,Electronics,Mobile Payment,Desktop,25,647,4.1,1872.46,239.96,158,25,2.2,7.01,0,1,0,0
8,0,0,Japan,Toronto,ATM Withdrawal,Debit Card,Tablet,18,686,4.6,3578.78,22.52,131,27,34.0,7.8,1,0,0,0
14,0,0,USA,Berlin,Grocery,Mobile Payment,Desktop,39,817,8.0,1490.02,26.29,162,18,9.2,27.99,0,0,0,0
7,0,0,USA,New York,Online Shopping,Credit Card,Mobile,30,763,1.1,36298.06,14.59,155,21,19.7,3.94,0,0,0,0
2,1,1,USA,Melbourne,Gaming,Bank Transfer,POS Terminal,45,676,1.7,10980.25,118.06,155,24,5.7,18.63,0,1,0,0
21,0,0,Canada,Guadalajara,Entertainment,Bank Transfer,Mobile,18,725,1.5,3201.3,160.43,149,27,5.1,18.47,0,0,0,0
15,0,0,USA,Delhi,Utilities,Debit Card,Tablet,59,556,7.4,12730.5,574.43,164,23,22.8,1.42,0,0,0,0
19,1,0,Germany,Munich,Crypto Exchange,Mobile Payment,Mobile,27,635,7.3,8152.53,26.35,154,26,40.0,5.98,0,0,0,0
18,0,0,Australia,Paris,Entertainment,Debit Card,Tablet,45,647,1.5,108343.9,51.03,148,17,9.8,8.93,0,0,0,0
2,1,1,France,London,Restaurant,Debit Card,ATM,42,750,7.4,1585.83,82.97,158,22,5.7,1.26,0,0,0,0
4,0,1,India,Manchester,Education,Credit Card,Mobile,41,575,4.3,9559.43,25.1,126,22,8.0,2.62,0,0,0,0
17,0,0,USA,Paris,ATM Withdrawal,Credit Card,Mobile,33,804,11.7,72842.87,113.45,177,13,29.7,17.87,0,0,0,0
9,0,0,USA,Toronto,Travel,Bank Transfer,Mobile,48,712,2.0,31641.99,185.9,162,16,19.2,26.93,0,1,0,0
16,0,0,Mexico,Osaka,Gaming,Credit Card,Mobile,25,735,9.1,4938.58,119.95,136,20,7.6,6.25,0,2,0,0
4,1,1,USA,Mumbai,Entertainment,Mobile Payment,Desktop,45,685,0.5,433.29,15.33,146,23,4.1,0.65,0,0,1,0
13,1,0,USA,Delhi,Online Shopping,Credit Card,Desktop,33,571,0.9,28774.31,37.42,146,20,9.9,21.32,0,0,0,0
2,0,1,USA,Lyon,ATM Withdrawal,Debit Card,POS Terminal,29,744,0.7,2274.08,137.38,162,16,39.1,3.22,0,0,0,0
7,0,0,France,Sydney,Gaming,Mobile Payment,Mobile,28,729,0.5,2931.77,153.09,156,15,4.5,28.91,0,1,1,1
14,1,0,India,London,Utilities,Mobile Payment,Mobile,37,745,1.7,3627.75,178.05,165,14,7.1,8.4,0,0,0,0
13,0,0,Germany,Manchester,Fuel,Mobile Payment,POS Terminal,35,571,6.2,16073.87,62.19,136,25,6.9,2.55,0,0,0,0
13,0,0,USA,Los Angeles,Travel,Bank Transfer,Mobile,22,620,4.0,14547.32,196.16,147,22,37.8,2.83,0,0,0,0
18,0,0,France,Rio,ATM Withdrawal,Credit Card,Desktop,27,528,1.0,17402.75,51.07,160,15,28.9,54.68,0,0,0,0
18,1,0,India,Sydney,Restaurant,Debit Card,ATM,32,727,5.5,7191.66,138.36,150,14,23.7,3.35,1,0,0,1
21,0,0,UK,Manchester,Restaurant,Debit Card,Mobile,43,695,6.9,33077.62,61.86,137,17,26.4,16.97,1,0,0,0
21,0,0,USA,Lyon,Education,Mobile Payment,Tablet,39,850,8.1,3608.4,6.6,165,19,3.3,13.88,0,0,0,0
20,0,0,USA,Osaka,Travel,Mobile Payment,Mobile,41,608,7.1,1467.17,665.35,164,24,55.3,27.42,0,2,0,0
11,1,0,Japan,Los Angeles,Restaurant,Credit Card,Mobile,41,640,2.9,21061.4,76.22,136,16,31.9,24.96,0,0,0,0
5,0,1,Japan,Mumbai,Online Shopping,Debit Card,ATM,57,755,11.6,3718.76,43.3,147,20,23.4,19.67,0,0,0,0
7,0,0,Brazil,Vancouver,Fuel,Debit Card,Tablet,49,706,7.0,12075.43,820.78,139,26,7.8,27.83,0,0,0,0
7,0,0,USA,Mexico City,Gaming,Debit Card,POS Terminal,43,687,0.5,3986.23,527.77,140,21,52.5,15.91,0,0,1,0
17,0,0,USA,Guadalajara,Healthcare,Crypto,Mobile,59,691,1.1,69612.29,7.01,142,24,0.2,0.88,0,0,0,0
1,1,1,Mexico,Mexico City,Utilities,Mobile Payment,Mobile,25,642,0.8,81577.56,24.13,172,17,11.4,6.94,1,0,0,1
3,0,1,Germany,Guadalajara,Electronics,Credit Card,Desktop,51,723,4.6,5154.36,103.6,157,28,38.9,4.86,0,0,0,0
15,1,0,India,Manchester,Jewelry,Cheque,Mobile,30,712,7.4,7428.28,439.68,130,23,10.9,8.97,0,4,0,0
23,1,1,Germany,London,Gaming,Mobile Payment,Tablet,20,628,22.0,65949.04,75.28,143,30,1.0,1.53,0,0,0,0
4,0,1,Japan,Lyon,Electronics,Crypto,Mobile,27,658,6.6,64811.32,122.26,152,22,4.2,27.37,0,1,0,0
21,0,0,Germany,Manchester,Online Shopping,Credit Card,Desktop,40,641,1.8,47753.91,32.01,151,23,1.7,12.24,1,0,0,0
16,0,0,Japan,London,Utilities,Bank Transfer,Desktop,63,791,5.2,16766.03,64.39,137,15,48.1,12.67,0,1,0,0
1,1,1,Germany,Manchester,Healthcare,Credit Card,Mobile,48,620,0.5,4430.12,18.03,154,22,1.1,7.47,0,0,0,0
15,0,0,Germany,Mumbai,Electronics,Credit Card,Mobile,44,744,2.8,9733.77,843.19,148,20,0.6,12.24,0,0,0,0
17,1,0,UK,Vancouver,Gaming,Bank Transfer,Mobile,55,660,17.2,64066.78,178.67,159,17,0.1,9.75,0,0,0,0
15,0,0,India,Manchester,Jewelry,Credit Card,Mobile,31,817,3.6,238.76,1632.21,155,24,36.1,1.86,1,0,0,0
7,0,0,India,Sydney,Restaurant,Credit Card,Mobile,45,741,3.0,2378.74,187.79,156,23,19.9,10.7,0,0,0,0
0,0,1,India,Mumbai,Gaming,Mobile Payment,Mobile,57,717,1.2,151289.44,12.46,142,16,67.0,12.42,0,0,0,0
2,1,1,USA,Munich,Fuel,Debit Card,Mobile,51,565,3.5,5088.86,27.1,147,25,12.0,0.57,0,0,1,0
1,1,1,UK,London,Clothing,Debit Card,ATM,47,721,4.0,24150.22,69.53,141,18,45.4,17.07,0,0,0,0
19,0,0,USA,Melbourne,Crypto Exchange,Bank Transfer,Mobile,18,833,1.5,25312.9,162.9,170,27,35.8,9.19,0,0,0,0
9,1,0,Brazil,Melbourne,Fuel,Debit Card,Desktop,34,558,1.7,58005.78,30.16,146,12,33.6,5.32,1,0,0,0
1,0,1,Germany,New York,Clothing,Debit Card,Desktop,63,662,1.1,37878.8,97.65,142,29,13.7,3.0,0,0,0,0
15,1,0,UK,Mexico City,Fuel,Debit Card,Mobile,27,719,1.9,5649.33,74.9,161,20,11.5,10.12,0,3,0,0
12,0,0,Mexico,Melbourne,Entertainment,Mobile Payment,Mobile,33,655,1.4,8730.88,126.67,121,13,2.4,3.29,0,0,0,0
21,0,0,Brazil,São Paulo,Entertainment,Debit Card,Tablet,22,732,3.5,7251.66,85.35,163,16,8.9,12.44,1,0,0,0
15,1,0,Brazil,São Paulo,Gaming,Bank Transfer,POS Terminal,40,537,0.9,818.72,5.91,165,13,34.6,33.45,0,0,0,0
23,0,1,Mexico,Lyon,Jewelry,Credit Card,POS Terminal,45,580,1.2,503.81,226.99,140,12,64.7,8.74,0,1,1,0
7,0,0,Australia,Mumbai,Grocery,Debit Card,Desktop,45,647,23.4,7296.67,259.76,131,16,8.3,18.55,0,0,0,0
0,1,1,India,Los Angeles,Grocery,Bank Transfer,Tablet,66,687,2.6,5019.73,23.61,155,28,20.6,6.84,1,0,0,0
2,0,1,Brazil,Vancouver,Electronics,Mobile Payment,Mobile,38,804,3.4,6869.85,3377.98,150,24,12.1,4.55,0,0,0,0
10,0,0,Brazil,London,Electronics,Mobile Payment,Mobile,53,616,0.9,7101.15,556.66,150,18,68.1,5.74,0,0,0,0
3,0,1,Japan,Munich,Education,Debit Card,Desktop,71,615,4.0,6883.96,18.2,134,20,5.8,2.64,0,0,0,0
21,0,0,USA,Munich,Electronics,Debit Card,POS Terminal,57,816,4.4,24837.77,199.19,149,19,25.2,0.94,0,1,0,0
0,0,1,USA,Manchester,Education,Cheque,ATM,23,714,0.7,8737.19,41.65,170,21,18.2,6.65,0,1,1,0
22,0,1,Brazil,São Paulo,Gaming,Debit Card,POS Terminal,44,655,2.7,9911.79,42.63,154,17,19.0,7.92,1,0,0,0
8,0,0,USA,London,Clothing,Debit Card,Desktop,18,719,4.3,11252.2,80.82,136,25,12.3,4.14,0,0,0,0
17,0,0,Brazil,London,Utilities,Credit Card,Mobile,26,815,0.3,29018.41,23.05,153,29,53.1,6.46,1,0,0,0
19,1,0,USA,Sydney,Travel,Bank Transfer,Desktop,39,850,6.3,2633.35,126.85,145,17,41.5,16.6,0,0,0,0
9,1,0,Germany,Los Angeles,Healthcare,Debit Card,Mobile,41,733,8.8,2700.42,29.43,152,25,14.5,9.44,0,0,0,0
13,0,0,Australia,Rio,Utilities,Mobile Payment,Desktop,65,631,2.3,22440.67,91.41,145,24,5.8,18.32,0,0,0,0
23,0,1,Canada,London,Electronics,Debit Card,Mobile,65,691,1.0,1030.54,65.98,137,23,13.4,0.7,1,0,0,0
15,0,0,Canada,Los Angeles,Entertainment,Credit Card,Desktop,54,630,11.0,25444.79,58.54,152,17,1.3,0.3,0,5,0,1
0,1,1,Australia,Mexico City,Jewelry,Credit Card,POS Terminal,51,694,8.3,24621.36,157.9,145,23,23.9,13.03,0,0,0,1
21,0,0,Germany,New York,Online Shopping,Mobile Payment,Desktop,24,625,0.4,3903.89,25.58,144,16,5.1,0.67,0,0,0,0
20,1,0,Germany,Toronto,Grocery,Credit Card,ATM,60,693,1.8,23026.9,88.64,166,21,3.5,1.96,1,0,0,0
22,1,1,Japan,Sydney,Online Shopping,Debit Card,Mobile,36,655,4.2,19365.84,159.17,141,26,27.9,18.25,0,0,0,0
6,0,1,India,London,ATM Withdrawal,Mobile Payment,Mobile,43,808,12.4,727.77,31.57,131,19,3.3,2.85,0,0,0,0
3,1,1,USA,Vancouver,Crypto Exchange,Debit Card,Desktop,30,705,8.8,2979.05,9.8,132,18,9.4,5.35,1,1,0,1
10,0,0,France,São Paulo,Grocery,Debit Card,Mobile,54,707,11.8,1844.64,7.73,144,18,34.0,0.99,0,0,0,0
17,0,0,UK,Tokyo,Online Shopping,Debit Card,Mobile,26,690,0.6,874.29,37.67,138,20,16.3,8.31,0,1,0,0
8,0,0,Germany,Manchester,Education,Mobile Payment,Mobile,48,845,5.5,6132.08,59.15,142,15,71.3,54.73,0,0,0,0
23,0,1,USA,New York,Electronics,Credit Card,Mobile,50,814,8.5,17574.89,699.77,151,21,4.9,10.11,0,0,0,0
4,0,1,USA,Toronto,Healthcare,Cheque,Tablet,61,574,15.5,6262.19,341.03,170,21,4.4,36.66,0,1,0,0
21,0,0,USA,Tokyo,Clothing,Credit Card,Desktop,30,838,1.5,3347.89,95.42,150,22,23.0,15.86,0,0,0,0
21,1,0,USA,New York,Online Shopping,Debit Card,Tablet,61,850,9.8,9784.29,133.82,129,15,22.5,30.24,0,0,1,0
16,0,0,Mexico,Manchester,Grocery,Crypto,Tablet,42,686,0.5,24024.81,26.04,151,17,22.3,1.42,1,0,0,0
7,0,0,Brazil,Osaka,Restaurant,Credit Card,Mobile,41,748,2.9,9318.12,18.08,146,16,2.4,0.29,0,1,0,0
0,0,1,UK,Rio,Gaming,Credit Card,Mobile,40,682,2.3,1442.42,69.36,146,16,6.4,13.5,0,1,0,0
23,1,1,Canada,London,Utilities,Credit Card,Tablet,33,635,0.9,3702.86,42.4,144,17,1.8,11.78,0,0,0,0
0,0,1,Japan,Rio,Gaming,Debit Card,Mobile,18,702,7.2,11504.54,52.42,169,17,65.0,0.61,0,0,0,0
13,0,0,UK,Tokyo,ATM Withdrawal,Credit Card,Tablet,34,625,19.5,35771.11,31.37,134,23,6.1,26.42,0,0,0,0
21,0,0,Mexico,Melbourne,Utilities,Credit Card,Mobile,28,656,1.4,8251.47,160.36,149,15,2.7,12.83,0,0,0,0
21,0,0,USA,Sydney,Travel,Credit Card,ATM,49,724,0.3,7226.78,363.69,149,20,30.1,11.55,0,0,1,0
1,0,1,Japan,Mexico City,Fuel,Mobile Payment,Mobile,62,715,8.4,15372.62,27.85,165,18,49.9,5.47,0,1,0,0
5,0,1,India,Tokyo,Healthcare,Credit Card,Mobile,18,633,5.5,10307.96,331.71,163,22,46.0,0.1,0,0,0,0
22,0,1,USA,Manchester,ATM Withdrawal,Debit Card,Mobile,54,708,0.3,4936.46,53.09,175,19,25.7,14.09,0,1,1,0
20,0,0,USA,Tokyo,ATM Withdrawal,Debit Card,Tablet,24,647,7.0,4459.66,1325.84,162,27,13.3,21.08,0,0,0,0
18,0,0,Canada,São Paulo,Gaming,Credit Card,Mobile,46,843,5.3,1223.63,148.73,162,16,20.9,1.35,0,0,0,0
10,0,0,USA,Rio,Utilities,Debit Card,Mobile,61,497,3.9,2656.85,25.63,151,18,51.8,11.84,0,0,1,0
21,1,0,India,Tokyo,Travel,Credit Card,Desktop,52,707,0.5,14055.66,163.57,156,18,25.2,8.26,0,0,0,0
0,1,1,Japan,Sydney,Healthcare,Debit Card,Mobile,40,775,7.3,2897.9,325.02,168,27,0.3,10.58,0,2,0,0
3,0,1,Japan,Los Angeles,Fuel,Credit Card,Mobile,31,696,0.6,10114.24,12.6,160,23,6.1,51.96,0,0,0,0
15,0,0,USA,Vancouver,ATM Withdrawal,Crypto,ATM,23,674,0.5,20555.89,206.65,170,19,38.2,23.08,0,0,0,0
15,1,0,USA,Melbourne,Entertainment,Credit Card,Tablet,29,707,9.9,14211.75,73.95,144,19,2.7,4.17,0,0,0,0
17,0,0,USA,Delhi,Education,Credit Card,Mobile,36,642,0.2,33465.1,23.67,137,13,10.7,6.86,0,0,0,0
12,1,0,India,São Paulo,Clothing,Bank Transfer,Mobile,71,678,1.2,42695.91,142.3,166,21,22.3,14.15,0,0,0,0
9,1,0,USA,Osaka,Clothing,Credit Card,Desktop,43,711,26.3,161980.91,28.86,143,21,2.5,4.33,0,0,0,0
9,1,0,USA,Toronto,ATM Withdrawal,Credit Card,Mobile,37,631,1.3,2615.23,58.87,140,31,14.8,24.47,0,0,0,0
7,0,0,Brazil,Manchester,Crypto Exchange,Credit Card,Desktop,27,725,0.8,6690.5,58.14,150,12,35.4,12.39,0,0,0,0
3,0,1,Australia,Guadalajara,Grocery,Credit Card,Mobile,22,834,3.2,35107.57,105.32,142,25,13.4,5.84,0,0,0,1
6,1,1,Germany,Lyon,ATM Withdrawal,Credit Card,ATM,53,680,3.0,3262.95,79.18,167,21,60.9,2.93,1,0,0,0
11,0,0,France,Paris,Travel,Cheque,Desktop,34,671,3.8,644.75,241.78,139,21,16.8,28.94,0,0,0,0
2,1,1,Mexico,Mumbai,Electronics,Debit Card,Mobile,23,593,5.3,17034.4,98.1,161,21,1.5,10.09,1,0,0,0
4,0,1,Germany,Berlin,Entertainment,Mobile Payment,Mobile,45,602,11.3,1596.76,113.75,136,20,5.6,13.28,1,1,0,0
21,0,0,USA,Mumbai,Clothing,Bank Transfer,Mobile,44,558,2.3,111945.9,59.5,129,28,6.8,1.94,0,0,0,0
20,0,0,UK,Mexico City,Travel,Debit Card,Tablet,60,663,1.4,11549.74,7681.64,154,26,90.0,5.0,0,0,0,1
9,1,0,USA,Mexico City,Restaurant,Debit Card,ATM,25,713,3.8,6568.47,40.08,148,26,28.1,20.22,0,1,0,0
12,0,0,USA,Delhi,ATM Withdrawal,Bank Transfer,POS Terminal,46,850,8.5,32685.59,151.3,159,26,14.0,8.54,0,0,0,0
17,0,0,Australia,Mumbai,Grocery,Credit Card,Mobile,39,660,0.3,1702.96,3.9,139,12,0.8,2.21,0,0,1,0
10,1,0,Mexico,Mumbai,Grocery,Debit Card,Mobile,36,792,2.8,4378.65,20.76,144,12,30.9,18.02,0,2,0,0
12,0,0,India,Paris,ATM Withdrawal,Debit Card,Mobile,39,784,13.1,2488.38,191.31,146,20,7.2,12.1,0,0,0,0
14,1,0,Germany,Paris,Grocery,Credit Card,ATM,28,738,2.7,9255.43,66.77,150,24,0.9,3.47,0,0,0,0
22,0,1,USA,Berlin,Utilities,Bank Transfer,Desktop,45,669,4.2,11589.36,13.23,151,19,2.8,10.87,0,0,0,0
6,0,1,Mexico,Manchester,Utilities,Debit Card,Mobile,68,592,1.7,55869.78,30.75,158,18,3.1,0.28,0,0,1,0
0,1,1,Japan,Osaka,Clothing,Cheque,Mobile,21,645,4.1,24296.87,35.66,143,24,9.7,2.92,0,0,0,0
14,1,0,France,Osaka,Healthcare,Bank Transfer,Desktop,55,712,3.4,9869.13,153.58,172,12,25.7,1.15,0,0,0,0
20,0,0,Germany,Lyon,ATM Withdrawal,Debit Card,Desktop,61,748,11.1,2151.96,6.93,168,26,13.7,3.6,0,0,0,0
15,0,0,Canada,Toronto,Restaurant,Debit Card,Tablet,60,699,1.1,6331.86,33.07,155,21,8.9,4.3,0,0,0,0
18,1,0,India,Guadalajara,Clothing,Debit Card,Mobile,52,745,0.5,4334.83,77.16,145,15,13.1,0.92,0,5,0,0
21,0,0,India,Tokyo,Healthcare,Credit Card,ATM,39,797,2.7,23814.67,227.33,143,22,1.0,5.23,0,0,0,0
6,0,1,Brazil,Berlin,Clothing,Cheque,ATM,34,761,5.9,6594.2,29.69,145,25,5.7,5.91,0,0,0,0
18,0,0,India,Guadalajara,Healthcare,Credit Card,Mobile,21,602,7.5,24834.95,154.03,148,23,3.1,8.62,0,0,0,0
1,1,1,UK,Vancouver,Fuel,Crypto,Mobile,18,742,4.1,17202.36,102.79,161,18,9.5,15.62,0,1,0,0
15,0,0,India,New York,ATM Withdrawal,Debit Card,Desktop,31,799,1.5,17815.56,229.95,163,20,5.4,2.77,0,0,0,0
3,1,1,Canada,Lyon,Utilities,Credit Card,Tablet,41,759,5.0,31760.45,20.87,141,15,2.5,1.58,0,0,0,0
16,1,0,Canada,New York,Utilities,Credit Card,Tablet,33,674,7.8,3152.57,95.62,156,21,59.1,41.17,0,2,0,0
19,1,0,Brazil,Rio,Healthcare,Debit Card,Desktop,42,809,0.6,67806.41,54.84,131,26,0.8,5.3,0,0,0,0
17,0,0,India,Mexico City,ATM Withdrawal,Crypto,POS Terminal,24,648,0.1,1754.16,46.87,140,22,7.9,1.78,0,1,0,0
21,0,0,USA,Rio,Restaurant,Bank Transfer,POS Terminal,62,713,4.3,1468.97,4.08,145,12,9.9,0.88,0,1,0,0
12,0,0,USA,London,Gaming,Credit Card,Desktop,35,611,1.0,24713.97,141.53,131,18,1.5,5.61,1,2,0,0
10,0,0,USA,Osaka,Utilities,Bank Transfer,Mobile,35,782,0.1,4253.17,42.59,155,20,39.1,1.49,1,2,0,0
6,1,1,Brazil,Paris,Healthcare,Debit Card,Desktop,26,736,1.9,13131.56,14.7,144,15,2.0,26.81,0,1,0,0
19,0,0,USA,New York,Electronics,Debit Card,Mobile,44,724,3.6,29666.31,449.78,149,23,5.1,11.38,0,0,0,0
0,0,1,Japan,Munich,Healthcare,Bank Transfer,Desktop,28,730,0.2,5120.38,275.28,167,23,39.5,8.57,0,0,0,0
11,1,0,USA,Berlin,Education,Cheque,ATM,28,803,5.1,8350.36,100.66,135,17,33.0,12.82,0,0,0,0
19,0,0,USA,New York,Clothing,Bank Transfer,POS Terminal,48,799,5.4,2045.69,225.43,152,20,16.9,12.1,0,0,0,0
1,0,1,India,Toronto,Clothing,Crypto,Desktop,47,564,3.4,967.89,71.39,129,20,22.3,0.72,0,0,0,0
3,0,1,Germany,Manchester,Clothing,Debit Card,Desktop,53,599,0.7,27265.06,36.43,139,19,11.6,0.16,0,0,0,0
12,0,0,Mexico,Guadalajara,Entertainment,Bank Transfer,Desktop,57,737,2.9,1518.49,14.03,138,28,44.9,2.02,0,0,0,0
4,1,1,Brazil,Mexico City,Entertainment,Bank Transfer,Mobile,44,605,4.2,111179.81,37.05,155,19,2.4,6.47,0,0,0,0
2,0,1,Mexico,Mumbai,Online Shopping,Credit Card,Mobile,29,640,14.0,3337.53,22.03,176,19,2.6,5.33,1,0,0,0
5,0,1,France,Mumbai,Crypto Exchange,Credit Card,POS Terminal,35,648,7.8,13415.42,56.33,141,23,6.1,1.84,1,0,0,0
22,0,1,UK,Paris,Fuel,Credit Card,Mobile,42,585,1.5,36044.42,11.3,147,27,14.1,25.26,0,0,0,0
1,0,1,France,Los Angeles,Grocery,Credit Card,Mobile,35,850,5.1,1033.8,58.13,135,22,1.4,5.2,1,0,0,0
18,1,0,Brazil,London,Online Shopping,Debit Card,ATM,55,576,5.0,992.33,22.8,161,27,8.0,4.02,0,0,0,0
3,0,1,USA,Mexico City,Education,Crypto,Desktop,18,737,0.6,554.31,180.29,160,20,17.9,20.87,0,0,0,0
2,0,1,Germany,London,ATM Withdrawal,Credit Card,Mobile,32,604,2.0,3824.01,17.16,130,18,9.7,11.33,0,1,1,1
19,0,0,France,São Paulo,Entertainment,Debit Card,Desktop,43,736,3.5,3163.37,58.9,120,22,5.7,2.57,1,2,0,0
14,0,0,USA,Vancouver,Travel,Cheque,Mobile,31,750,4.8,1658.3,166.18,132,20,24.9,3.9,0,2,0,0
19,1,0,Australia,Mexico City,Travel,Debit Card,Mobile,45,628,3.2,46500.52,312.61,149,22,52.4,4.61,0,0,0,0
4,0,1,USA,Tokyo,Fuel,Credit Card,Desktop,43,676,0.9,17605.51,172.31,176,19,7.4,15.84,1,0,0,0
20,0,0,USA,Manchester,Grocery,Bank Transfer,POS Terminal,52,639,5.0,20517.89,121.44,145,21,16.3,1.43,0,5,0,0
2,0,1,UK,Rio,Online Shopping,Crypto,POS Terminal,32,731,5.4,10667.53,141.74,130,20,10.7,18.39,0,0,0,0
9,0,0,Brazil,São Paulo,ATM Withdrawal,Debit Card,Mobile,18,675,0.2,1379.66,179.34,161,24,29.0,25.23,0,0,0,0
18,0,0,UK,Los Angeles,Grocery,Debit Card,Mobile,18,736,9.6,4928.46,36.03,142,18,3.3,8.38,0,0,0,0
0,0,1,India,Mumbai,Crypto Exchange,Bank Transfer,Desktop,33,732,1.4,6469.67,16.23,140,15,39.1,2.65,0,2,0,0
22,0,1,Mexico,Berlin,Entertainment,Debit Card,Desktop,44,701,0.2,7518.19,56.29,139,19,13.4,20.92,1,1,0,1
6,0,1,France,Tokyo,Travel,Bank Transfer,ATM,18,690,8.4,1614.6,352.45,155,18,39.3,1.42,1,0,0,0
10,0,0,USA,Los Angeles,Entertainment,Credit Card,Desktop,41,621,12.9,5577.74,11.3,132,20,19.8,10.91,0,0,0,0
21,1,0,India,London,Entertainment,Mobile Payment,Mobile,36,633,2.8,10452.1,422.66,154,23,21.2,5.01,0,0,0,0
6,0,1,Mexico,Los Angeles,Electronics,Credit Card,POS Terminal,29,796,8.0,6263.35,1110.37,169,21,4.0,10.45,0,0,0,0
17,1,0,Japan,New York,Online Shopping,Bank Transfer,Mobile,55,775,5.3,14846.35,66.83,135,19,10.0,3.0,1,0,0,0
6,0,1,UK,Vancouver,Entertainment,Debit Card,Mobile,35,607,5.0,14899.03,32.0,183,18,1.7,18.35,1,3,0,0
8,0,0,USA,Los Angeles,Entertainment,Mobile Payment,Mobile,54,663,7.0,8379.03,171.2,147,16,22.9,4.76,0,0,0,0
12,0,0,Germany,Mexico City,Grocery,Debit Card,Mobile,54,683,5.1,2171.66,15.91,158,14,22.8,35.2,1,0,1,1
14,1,0,Mexico,São Paulo,Fuel,Credit Card,Tablet,59,631,3.0,16750.71,44.92,168,25,21.4,37.6,0,0,1,0
7,0,0,USA,Melbourne,Restaurant,Debit Card,Tablet,55,633,0.9,933.01,119.49,138,23,3.2,4.18,0,0,0,0
14,0,0,India,London,Clothing,Debit Card,Desktop,53,605,0.1,25902.1,100.48,158,23,44.7,3.03,0,0,0,0
17,0,0,UK,Lyon,Online Shopping,Crypto,Mobile,44,726,2.1,3109.47,11.91,162,21,0.1,1.62,1,0,0,0
17,0,0,Mexico,Mumbai,Clothing,Credit Card,Mobile,38,619,0.7,27014.14,153.13,135,10,1.8,7.92,1,0,0,0
9,0,0,USA,Melbourne,Fuel,Debit Card,Desktop,33,808,5.3,1543.64,30.98,160,22,22.1,15.98,0,0,0,0
14,1,0,USA,Lyon,Clothing,Bank Transfer,Mobile,36,552,1.1,8476.96,25.9,161,22,0.8,6.37,0,2,0,0
0,1,1,USA,Mexico City,Jewelry,Debit Card,Mobile,18,766,12.1,9974.8,289.15,141,20,8.5,4.28,1,1,0,0
1,0,1,France,Lyon,Fuel,Debit Card,POS Terminal,46,671,3.0,4363.82,37.08,124,20,34.4,10.7,0,4,1,0
20,0,0,Brazil,Toronto,Gaming,Credit Card,Mobile,25,797,1.7,26353.26,13.29,156,23,11.3,4.09,0,3,1,0
2,1,1,USA,Delhi,Jewelry,Debit Card,Desktop,28,468,10.8,3520.31,1637.98,153,22,19.1,10.4,0,0,0,1
23,1,1,USA,Vancouver,Clothing,Credit Card,Mobile,35,531,10.9,6437.92,154.29,144,18,109.8,0.88,0,0,0,1
4,1,1,Japan,Osaka,Electronics,Mobile Payment,Tablet,22,645,6.1,446.65,566.48,117,20,5.2,17.01,1,0,0,1
1,0,1,Japan,Los Angeles,Online Shopping,Debit Card,Mobile,33,649,5.1,11048.73,61.27,133,13,19.4,3.6,0,0,0,0
22,1,1,Mexico,São Paulo,Crypto Exchange,Debit Card,ATM,33,602,3.9,6768.6,97.72,154,23,5.7,6.27,0,0,0,0
16,0,0,USA,Sydney,Grocery,Mobile Payment,POS Terminal,60,672,0.4,13533.95,100.71,154,12,68.4,7.68,0,1,0,0
8,0,0,USA,Melbourne,ATM Withdrawal,Bank Transfer,Desktop,46,671,1.1,711.67,40.17,158,19,20.0,9.1,0,0,0,0
10,0,0,USA,Berlin,Travel,Crypto,Mobile,49,749,7.7,4067.65,507.66,135,19,6.5,51.6,0,0,0,0
2,0,1,Canada,Paris,Online Shopping,Bank Transfer,Mobile,50,777,5.9,5683.85,20.25,145,22,2.3,3.2,0,0,0,0
10,0,0,USA,Vancouver,Crypto Exchange,Debit Card,Tablet,42,680,0.9,10422.59,46.78,159,24,21.7,38.69,0,0,0,0
18,0,0,USA,New York,Jewelry,Debit Card,Mobile,33,822,7.8,2063.31,1081.91,145,20,49.6,12.83,0,0,0,0
13,1,0,Mexico,Delhi,Online Shopping,Debit Card,Desktop,41,766,4.0,71106.94,6.63,156,22,9.3,12.57,0,0,0,0
21,0,0,France,Tokyo,Utilities,Bank Transfer,ATM,31,681,3.2,7134.11,21.44,161,20,11.7,5.48,0,0,0,0
20,0,0,India,Delhi,Grocery,Credit Card,Mobile,52,747,11.6,18922.97,123.96,145,17,12.8,0.83,0,0,0,0
5,1,1,Germany,Berlin,Healthcare,Cheque,Mobile,46,818,2.6,28322.89,141.55,151,17,63.0,4.97,0,0,0,0
6,0,1,Brazil,Melbourne,Grocery,Credit Card,Mobile,37,616,1.3,15028.19,28.04,166,18,34.9,19.08,1,0,0,0
15,1,0,UK,Los Angeles,Travel,Credit Card,ATM,57,694,2.0,13548.41,389.09,154,23,27.5,14.7,0,0,0,0
5,0,1,India,Vancouver,Entertainment,Credit Card,Mobile,52,745,7.6,4660.75,56.33,160,19,29.6,4.7,0,0,0,0
23,0,1,India,Manchester,Utilities,Credit Card,Desktop,32,519,9.0,23393.09,25.6,177,21,3.8,15.61,0,0,0,0
1,0,1,UK,Rio,Utilities,Debit Card,Mobile,53,694,2.3,4805.88,71.03,143,25,33.5,1.92,0,0,0,0
18,0,0,Australia,Rio,Utilities,Debit Card,ATM,40,659,1.2,30348.49,8.16,141,18,28.0,40.3,0,1,0,0
19,1,0,India,Delhi,Utilities,Credit Card,Mobile,20,802,9.9,19267.04,28.3,163,33,86.4,9.97,0,0,0,0
23,0,1,India,Guadalajara,Gaming,Credit Card,POS Terminal,55,638,1.0,4853.35,64.04,139,24,76.3,2.37,0,0,0,0
2,0,1,USA,Toronto,Healthcare,Crypto,POS Terminal,47,704,3.0,2539.9,67.94,153,26,14.1,49.74,1,0,0,0
8,0,0,Brazil,Melbourne,ATM Withdrawal,Cheque,Mobile,46,673,0.4,2254.96,16.76,136,25,78.0,3.78,0,0,0,0
21,0,0,UK,Rio,Grocery,Bank Transfer,Mobile,31,542,4.9,10666.99,146.32,159,12,5.9,1.73,0,0,1,0
3,1,1,UK,London,Clothing,Crypto,Mobile,29,654,10.3,7421.26,402.92,124,17,0.4,10.4,0,0,0,0
8,0,0,Japan,São Paulo,Fuel,Debit Card,Mobile,18,672,8.6,54934.69,28.66,155,21,2.6,0.69,0,0,0,0
13,0,0,India,Mumbai,Online Shopping,Bank Transfer,Mobile,51,506,10.0,9112.12,90.96,154,27,22.2,4.28,0,0,0,0
18,0,0,India,Melbourne,Crypto Exchange,Credit Card,Tablet,50,714,3.0,551.26,243.59,144,24,0.5,4.21,1,0,0,0
7,0,0,Germany,Toronto,Clothing,Debit Card,Desktop,53,649,3.8,13797.12,66.78,142,29,50.6,17.27,0,0,0,0
20,1,0,USA,Vancouver,Travel,Mobile Payment,POS Terminal,19,704,2.4,7900.0,721.71,144,17,2.4,8.89,1,1,0,0
18,1,0,Germany,Melbourne,Education,Debit Card,ATM,37,584,7.0,4051.74,20.38,139,13,14.9,19.29,0,0,1,0
20,0,0,Mexico,Berlin,Fuel,Credit Card,Mobile,24,659,6.5,9329.15,23.36,147,24,12.5,29.93,0,0,0,0
22,0,1,Canada,Delhi,Electronics,Credit Card,Mobile,64,850,4.0,1287.92,112.57,149,16,9.3,5.28,0,0,0,0
4,0,1,USA,Delhi,Travel,Mobile Payment,POS Terminal,18,604,3.7,114555.11,529.61,156,18,4.6,7.62,0,0,0,0
21,0,0,USA,Munich,Grocery,Debit Card,Mobile,46,634,6.0,14569.44,10.15,144,18,17.5,5.39,1,0,0,0
1,0,1,Mexico,London,ATM Withdrawal,Credit Card,Mobile,52,779,4.0,209.23,29.81,135,16,3.6,11.56,0,0,0,0
3,1,1,Australia,New York,Travel,Credit Card,Desktop,47,676,0.9,22742.27,299.56,125,26,13.5,11.96,0,0,0,0
13,0,0,India,Berlin,Gaming,Credit Card,Mobile,29,671,7.5,11508.02,59.47,154,27,6.2,1.03,0,0,1,0
2,1,1,USA,Delhi,Grocery,Credit Card,Desktop,66,574,0.2,1503.22,38.94,140,19,5.1,41.71,0,3,0,0
5,0,1,France,Rio,Crypto Exchange,Credit Card,Tablet,18,688,0.3,79325.61,12.02,136,13,14.2,14.22,0,1,0,0
23,0,1,UK,São Paulo,Healthcare,Credit Card,Desktop,35,634,4.5,25137.88,10.63,153,24,3.2,6.48,0,0,0,0
20,0,0,USA,Berlin,Education,Bank Transfer,Desktop,25,600,2.8,21132.06,64.07,147,27,11.2,9.64,0,0,0,0
18,0,0,Germany,Lyon,Education,Credit Card,Desktop,71,740,3.0,3849.95,72.03,150,16,35.9,11.85,0,0,0,0
23,0,1,USA,Guadalajara,Healthcare,Debit Card,Desktop,42,606,2.2,578.85,27.62,151,20,22.5,11.7,0,0,0,0
22,1,1,UK,Mexico City,Utilities,Debit Card,Mobile,29,637,4.6,27509.38,37.96,139,16,12.4,9.57,0,0,0,0
7,0,0,Brazil,Toronto,Grocery,Debit Card,Desktop,35,675,0.6,1519.35,25.37,155,31,12.5,15.0,1,1,0,1
3,0,1,UK,Vancouver,Jewelry,Credit Card,Mobile,27,626,2.2,3454.49,1952.8,146,34,37.2,4.33,0,0,0,1
8,1,0,USA,New York,Restaurant,Debit Card,Desktop,63,687,3.9,10694.28,40.8,148,23,31.4,7.21,0,0,0,0
4,0,1,India,Munich,Online Shopping,Bank Transfer,Desktop,53,678,1.1,8926.92,72.8,149,13,4.1,33.04,0,3,0,0
17,1,0,UK,Manchester,Travel,Credit Card,Desktop,36,813,18.7,4708.12,250.23,140,25,6.8,5.69,1,0,0,0
3,0,1,Japan,Toronto,Jewelry,Bank Transfer,Desktop,29,619,3.5,19141.99,146.01,151,18,1.2,5.09,0,0,0,0
11,0,0,USA,São Paulo,Clothing,Mobile Payment,ATM,38,530,13.4,1959.17,75.88,137,16,3.3,8.24,0,0,0,0
11,0,0,USA,Mexico City,Healthcare,Bank Transfer,POS Terminal,55,512,1.6,13317.49,26.54,158,17,16.2,34.23,0,0,0,0
17,0,0,USA,Vancouver,Fuel,Credit Card,ATM,18,573,5.4,14815.39,101.62,150,27,12.6,6.14,0,0,0,0
11,0,0,France,Mumbai,ATM Withdrawal,Credit Card,Desktop,25,646,1.7,10406.35,34.38,140,20,42.4,26.38,0,0,0,0
20,0,0,USA,Lyon,Jewelry,Credit Card,Tablet,44,515,1.9,22688.36,337.17,136,16,20.6,5.77,0,0,0,0
3,0,1,USA,Toronto,Fuel,Debit Card,Mobile,41,810,0.2,10804.13,46.51,163,24,3.9,1.42,0,0,0,0
4,0,1,UK,Delhi,Utilities,Credit Card,ATM,55,643,4.0,8654.54,53.89,178,18,97.9,3.35,0,3,0,0
23,0,1,France,Los Angeles,Clothing,Mobile Payment,Desktop,48,738,14.0,18861.48,5.13,137,17,10.5,20.69,1,0,0,1
14,0,0,USA,Los Angeles,Online Shopping,Bank Transfer,Mobile,26,714,7.9,6632.55,20.83,142,22,3.9,70.36,0,0,0,0
1,0,1,UK,Paris,Clothing,Bank Transfer,Desktop,58,662,2.9,31050.33,32.42,172,22,23.9,42.2,0,3,0,0
2,0,1,India,Melbourne,Clothing,Bank Transfer,POS Terminal,69,739,8.2,4150.27,139.5,165,22,15.5,21.65,0,0,0,0
7,0,0,UK,Los Angeles,Gaming,Debit Card,Desktop,58,643,1.8,8788.93,43.57,161,16,22.4,13.15,0,0,0,0
11,0,0,Australia,Tokyo,Electronics,Mobile Payment,Mobile,59,735,3.7,46773.64,265.72,148,17,61.6,4.42,0,0,0,0
7,0,0,USA,Manchester,Fuel,Credit Card,Mobile,27,757,2.9,92706.25,13.84,147,14,33.7,2.66,0,1,0,0
5,0,1,France,Mexico City,Gaming,Credit Card,Desktop,46,687,3.4,3052.6,90.88,158,19,0.8,22.1,0,0,0,0
19,0,0,Brazil,Toronto,Crypto Exchange,Debit Card,Tablet,31,719,10.2,6723.61,66.4,124,18,9.2,23.16,0,0,0,0
4,0,1,Australia,Guadalajara,Restaurant,Crypto,POS Terminal,58,640,0.4,27370.29,62.17,144,17,23.6,22.67,0,0,0,0
23,0,1,Australia,Rio,Utilities,Debit Card,ATM,34,663,18.0,9692.45,33.07,141,24,14.8,10.86,0,1,1,0
0,1,1,Mexico,Sydney,Fuel,Mobile Payment,Mobile,44,606,10.5,7866.16,12.43,164,17,7.0,2.52,0,0,0,0
7,0,0,Japan,London,Entertainment,Bank Transfer,Mobile,62,501,1.5,10057.49,36.97,152,29,21.0,7.72,0,5,0,0
21,0,0,Brazil,Osaka,Jewelry,Debit Card,ATM,31,643,0.1,4308.68,1955.51,163,21,1.9,11.76,0,0,0,0
4,0,1,Mexico,Rio,ATM Withdrawal,Credit Card,Tablet,32,666,4.1,24946.52,178.24,161,17,3.5,17.35,1,0,0,0
16,0,0,Mexico,Paris,Fuel,Credit Card,POS Terminal,42,688,7.2,10099.65,61.12,168,18,11.2,10.8,0,0,0,0
1,0,1,USA,Delhi,Entertainment,Credit Card,POS Terminal,46,797,2.0,6989.51,16.87,124,15,6.2,2.91,0,0,0,0
13,0,0,USA,London,Clothing,Cheque,Desktop,42,850,4.4,16763.24,112.38,129,22,13.2,0.85,0,3,0,0
0,1,1,Brazil,Manchester,ATM Withdrawal,Cheque,Mobile,59,680,11.2,12117.57,235.97,176,23,24.6,39.32,0,0,0,0
15,1,0,USA,London,Fuel,Mobile Payment,Mobile,51,723,6.9,2932.54,22.88,165,16,0.9,3.52,0,0,0,0
1,0,1,Brazil,Paris,Crypto Exchange,Credit Card,Tablet,36,686,7.9,23537.46,19.55,170,21,8.7,6.58,0,0,1,0
13,1,0,USA,Manchester,Entertainment,Credit Card,POS Terminal,27,703,5.2,10372.35,40.3,173,17,6.6,10.19,0,0,0,0
0,0,1,UK,São Paulo,Restaurant,Credit Card,POS Terminal,37,663,1.6,4205.48,264.5,138,12,43.3,5.45,1,0,0,0
14,0,0,USA,Berlin,ATM Withdrawal,Credit Card,ATM,25,797,0.7,10918.68,26.97,154,24,19.6,34.07,0,0,0,0
15,0,0,Australia,Manchester,ATM Withdrawal,Debit Card,Desktop,53,728,4.4,1044.62,22.99,150,24,27.9,6.38,0,0,0,0
7,1,0,Brazil,Toronto,Jewelry,Debit Card,Mobile,34,730,6.0,11795.12,1210.1,148,16,44.1,9.58,0,0,0,0
1,0,1,Canada,Vancouver,Electronics,Mobile Payment,Desktop,53,695,1.4,2357.53,1276.86,149,15,55.9,36.19,0,0,0,0
15,0,0,USA,Los Angeles,Online Shopping,Bank Transfer,ATM,51,797,2.4,6483.38,77.74,143,35,13.2,14.78,0,0,1,1
15,0,0,USA,Mumbai,Utilities,Bank Transfer,Mobile,45,690,9.9,4041.86,43.81,149,17,66.6,11.71,1,0,0,0
15,1,0,India,Los Angeles,ATM Withdrawal,Crypto,Mobile,38,748,1.3,42202.48,363.38,131,28,2.0,5.09,0,0,0,1
23,1,1,Canada,Rio,Electronics,Credit Card,POS Terminal,53,734,8.1,20727.2,146.02,167,18,1.1,6.64,0,1,0,0
18,0,0,Mexico,Toronto,Gaming,Crypto,Tablet,36,706,3.5,20038.01,29.69,154,29,64.9,1.27,0,0,0,0
7,0,0,Canada,Lyon,Gaming,Bank Transfer,ATM,40,710,4.2,5971.72,60.59,137,17,1.1,2.16,0,0,0,0
9,1,0,USA,Toronto,Gaming,Credit Card,Tablet,56,671,6.4,7808.24,68.82,135,23,34.0,9.72,0,0,0,0
13,0,0,Australia,Toronto,Entertainment,Debit Card,Mobile,41,706,0.7,20420.31,1522.32,157,16,35.8,1.41,0,0,0,0
19,1,0,USA,New York,Jewelry,Bank Transfer,Mobile,37,694,1.1,6301.63,762.42,157,15,9.9,8.37,0,0,0,0
10,1,0,UK,Vancouver,Restaurant,Mobile Payment,ATM,40,589,4.7,2604.85,6.08,151,21,36.6,23.0,0,1,1,0
15,0,0,UK,Toronto,Gaming,Debit Card,ATM,37,575,0.6,11823.85,49.9,162,23,2.7,3.72,0,0,0,0
11,0,0,India,Paris,Healthcare,Debit Card,Mobile,41,833,6.5,19867.2,44.31,159,16,22.2,6.43,1,2,0,0
18,0,0,Australia,Toronto,Clothing,Credit Card,Mobile,19,643,0.5,20382.37,114.14,150,14,11.3,6.4,0,0,0,0
20,0,0,Germany,Berlin,Fuel,Mobile Payment,Mobile,39,652,0.1,25758.5,43.54,161,23,6.1,1.63,1,0,0,0
2,0,1,Brazil,London,Travel,Debit Card,Desktop,29,792,1.7,10270.34,311.18,137,13,35.2,5.86,1,0,0,0
0,0,1,UK,São Paulo,Utilities,Bank Transfer,ATM,52,656,1.0,16925.66,16.45,137,16,22.0,21.52,1,0,0,0
18,0,0,Mexico,Munich,Gaming,Credit Card,Desktop,57,523,9.2,2641.1,46.96,166,15,8.7,1.28,1,1,0,0
4,0,1,Australia,Mumbai,Crypto Exchange,Credit Card,Desktop,18,731,6.7,7592.35,19.92,166,16,3.4,5.84,0,0,0,0
1,0,1,USA,Melbourne,Grocery,Cheque,Desktop,49,696,0.1,3469.11,33.22,141,18,20.4,1.8,0,0,0,0
23,0,1,Brazil,Los Angeles,Healthcare,Debit Card,POS Terminal,59,826,4.9,18794.48,102.29,156,25,5.9,8.42,0,0,0,0
0,0,1,USA,Munich,Entertainment,Debit Card,Mobile,51,641,14.2,49980.85,28.05,143,20,9.4,1.33,0,0,0,0
1,0,1,USA,Melbourne,Jewelry,Debit Card,POS Terminal,69,608,8.7,28621.3,407.6,128,25,19.6,5.31,0,0,1,0
7,1,0,India,Manchester,Online Shopping,Debit Card,Mobile,38,618,8.4,6583.6,108.41,141,11,37.9,2.4,0,0,0,0
17,1,0,Japan,Osaka,Utilities,Credit Card,Mobile,28,600,1.0,1142.77,11.64,120,22,25.8,0.61,0,1,0,0
6,0,1,USA,Osaka,Gaming,Crypto,ATM,33,700,0.5,26721.07,10.24,136,22,23.5,7.92,0,0,0,0
21,0,0,Brazil,São Paulo,Jewelry,Bank Transfer,POS Terminal,23,735,2.8,7879.33,1482.37,170,15,21.9,58.31,1,0,0,0
5,0,1,Australia,São Paulo,Gaming,Mobile Payment,Tablet,55,740,0.3,9122.07,6.56,121,25,27.4,49.7,0,1,0,0
11,0,0,India,New York,Fuel,Credit Card,Mobile,50,777,1.5,5235.15,169.06,153,14,4.0,16.65,0,0,0,0
10,1,0,Mexico,Mumbai,Gaming,Credit Card,POS Terminal,69,683,9.2,3310.95,80.77,154,17,34.5,4.22,0,0,0,0
7,1,0,USA,Munich,Jewelry,Bank Transfer,POS Terminal,69,713,1.0,22367.45,386.96,150,12,85.5,5.94,0,0,0,0
0,0,1,USA,Manchester,Healthcare,Credit Card,Mobile,27,678,5.3,176227.8,34.07,142,17,8.8,4.12,0,0,0,0
21,1,0,India,Mumbai,Travel,Mobile Payment,Desktop,70,671,0.4,3511.5,188.2,134,18,3.7,8.67,1,0,0,0
19,0,0,USA,São Paulo,Travel,Bank Transfer,ATM,54,598,0.7,45188.37,205.57,162,23,7.3,3.04,0,3,0,1
10,0,0,UK,New York,Utilities,Debit Card,Mobile,54,712,5.7,6355.59,122.5,158,12,47.2,45.6,0,0,0,0
0,0,1,Japan,Paris,Grocery,Credit Card,Desktop,37,576,10.4,3283.83,43.94,155,19,1.6,9.98,0,0,0,0
2,0,1,USA,Manchester,Grocery,Credit Card,Desktop,68,624,2.3,3290.01,17.11,154,15,12.3,20.28,0,0,0,1
2,0,1,Australia,New York,Electronics,Bank Transfer,Tablet,32,624,1.0,3388.46,1674.74,159,21,28.8,36.82,0,0,0,0
21,0,0,Japan,Munich,Healthcare,Credit Card,Desktop,44,802,3.4,488.84,30.66,156,21,37.4,6.85,0,0,1,0
20,0,0,Australia,Melbourne,Utilities,Credit Card,Mobile,40,603,2.4,18376.7,332.85,162,29,63.5,4.91,1,0,0,0
11,0,0,USA,Los Angeles,Clothing,Debit Card,Desktop,18,717,4.2,1265.22,46.88,177,17,26.3,0.99,0,0,0,0
16,0,0,UK,Tokyo,ATM Withdrawal,Mobile Payment,Desktop,38,651,13.3,7299.99,11.68,139,20,25.4,3.82,0,0,0,0
7,1,0,USA,Manchester,Grocery,Credit Card,Desktop,30,703,23.0,105414.68,98.85,169,14,7.9,11.18,0,0,0,0
16,0,0,France,Mumbai,Travel,Mobile Payment,POS Terminal,46,662,0.8,10661.61,61.08,147,18,46.0,1.72,0,1,1,1
9,0,0,USA,Rio,Fuel,Bank Transfer,Mobile,60,688,6.5,5691.23,121.72,143,23,27.8,2.91,1,1,0,0
20,0,0,USA,Guadalajara,Travel,Credit Card,Mobile,26,662,2.7,17912.77,156.42,161,24,15.2,1.46,0,0,1,0
4,1,1,Mexico,Paris,Entertainment,Credit Card,Mobile,32,635,1.5,553.66,35.21,156,24,1.2,27.69,0,2,0,0
20,0,0,UK,Manchester,Online Shopping,Mobile Payment,Mobile,46,709,30.0,12556.52,42.58,141,22,40.1,32.51,0,0,0,0
4,0,1,Japan,Los Angeles,Utilities,Mobile Payment,Mobile,32,688,1.3,63286.39,15.29,165,17,12.6,1.3,0,0,0,0
13,0,0,India,Sydney,Jewelry,Debit Card,Desktop,45,787,6.0,10272.48,754.16,165,17,9.5,2.21,0,0,0,0
12,1,0,India,Vancouver,Electronics,Credit Card,Mobile,65,691,2.2,3005.73,678.18,142,21,15.8,19.37,0,0,0,0
11,0,0,India,Paris,Online Shopping,Crypto,Mobile,24,625,1.1,4125.19,16.16,174,15,79.1,7.02,1,0,0,0
23,1,1,USA,London,Gaming,Cheque,POS Terminal,35,844,1.4,6472.46,41.87,163,21,35.3,5.91,0,2,0,0
20,0,0,USA,Berlin,Utilities,Credit Card,Desktop,47,629,5.7,9586.99,42.24,144,23,12.1,8.08,0,0,0,0
15,1,0,USA,Sydney,ATM Withdrawal,Credit Card,Desktop,52,749,15.1,7874.02,29.3,164,22,2.1,3.1,0,0,0,0
14,0,0,Australia,Sydney,Healthcare,Credit Card,Mobile,37,502,1.7,3318.41,21.15,138,13,58.9,26.72,1,0,0,0
10,0,0,USA,Toronto,Electronics,Bank Transfer,Mobile,66,850,1.7,4745.49,511.84,151,25,3.6,3.02,0,0,0,0
17,1,0,Germany,Rio,ATM Withdrawal,Bank Transfer,Mobile,40,558,10.1,5838.18,61.5,134,19,75.3,3.26,0,0,0,0
4,0,1,Japan,Paris,Fuel,Debit Card,Mobile,42,643,2.2,5098.17,131.4,142,13,7.6,7.47,1,0,0,0
0,1,1,USA,Toronto,Crypto Exchange,Debit Card,Desktop,48,721,2.4,51345.58,89.32,130,20,0.2,6.68,0,0,0,0
20,0,0,USA,Guadalajara,Restaurant,Credit Card,Mobile,44,670,5.3,12849.16,171.47,168,22,1.3,4.5,0,0,0,0
12,1,0,France,Melbourne,Gaming,Credit Card,Mobile,26,604,3.5,5291.45,67.1,168,22,9.8,0.45,0,0,0,0
12,0,0,India,Tokyo,Healthcare,Mobile Payment,Mobile,57,821,7.5,34819.0,47.76,142,19,11.9,21.67,0,0,0,0
18,1,0,UK,Tokyo,Electronics,Cheque,Mobile,47,714,8.7,5942.81,1249.8,160,25,38.5,20.58,0,0,0,0
5,0,1,UK,Los Angeles,ATM Withdrawal,Credit Card,Mobile,51,593,6.3,22586.58,19.68,151,15,20.4,12.69,1,0,0,0
1,0,1,UK,Vancouver,Restaurant,Mobile Payment,Desktop,41,677,3.0,14953.13,28.79,137,19,98.3,0.66,0,0,1,0
7,1,0,Brazil,Mexico City,Clothing,Debit Card,POS Terminal,41,739,2.6,34712.5,54.66,141,21,17.4,9.72,0,0,0,0
14,1,0,Australia,Mexico City,Travel,Credit Card,Mobile,23,735,7.7,7647.21,141.57,139,20,4.9,18.1,0,0,0,0
22,0,1,India,Mexico City,Healthcare,Credit Card,Mobile,27,650,2.3,12425.71,78.38,150,16,2.3,54.82,0,0,1,0
17,0,0,USA,London,Gaming,Debit Card,Mobile,56,651,0.6,8917.8,107.65,154,16,13.9,12.42,1,1,0,0
0,1,1,Japan,London,Clothing,Mobile Payment,Mobile,46,749,5.0,33070.51,854.97,176,16,12.3,0.56,1,0,0,0
20,1,0,USA,London,Utilities,Debit Card,ATM,50,805,2.5,6257.7,99.29,162,22,5.7,36.59,0,0,0,0
5,1,1,France,Lyon,Travel,Debit Card,POS Terminal,40,692,9.4,2022.2,194.36,177,19,6.5,0.24,0,0,1,0
3,0,1,UK,Osaka,Education,Mobile Payment,Mobile,35,761,1.7,83805.04,28.15,127,23,10.7,4.51,0,0,0,0
6,0,1,USA,Lyon,Gaming,Debit Card,Mobile,49,694,13.2,24428.87,119.91,145,19,1.3,4.12,0,0,0,0
11,0,0,Canada,Guadalajara,Electronics,Bank Transfer,Desktop,48,576,0.3,6727.39,42.97,126,27,2.2,8.76,0,2,0,0
6,0,1,USA,Tokyo,ATM Withdrawal,Crypto,Mobile,25,765,3.2,36516.15,138.76,138,22,31.7,0.51,0,0,0,0
20,0,0,USA,Osaka,Healthcare,Credit Card,Mobile,24,714,9.1,26082.81,242.87,163,26,12.1,0.55,0,0,0,0
22,1,1,USA,Toronto,Utilities,Debit Card,Tablet,42,789,8.4,20520.58,11.85,158,24,60.4,25.36,0,0,0,0
5,0,1,Japan,Berlin,Online Shopping,Debit Card,POS Terminal,37,682,1.4,9169.01,80.35,135,28,3.7,12.15,0,0,0,0
22,1,1,USA,Paris,Restaurant,Credit Card,Mobile,26,763,3.0,24862.93,171.98,152,20,32.6,6.83,0,3,0,0
6,0,1,UK,Mumbai,Utilities,Mobile Payment,Desktop,18,703,0.7,30930.83,478.79,141,18,2.9,6.16,0,0,0,0
19,0,0,France,New York,Grocery,Credit Card,ATM,53,682,5.6,8349.0,71.34,143,22,19.7,6.65,0,0,0,0
8,0,0,USA,Melbourne,ATM Withdrawal,Debit Card,Mobile,36,655,2.4,74838.68,23.44,165,24,3.6,2.41,0,0,0,0
18,0,0,USA,Paris,Grocery,Cheque,Mobile,18,806,10.6,4595.34,30.68,181,23,20.3,8.42,0,0,0,1
12,1,0,UK,Toronto,Online Shopping,Debit Card,POS Terminal,51,697,3.6,45166.18,40.89,153,16,58.4,2.44,0,1,0,0
0,0,1,Australia,Guadalajara,Restaurant,Mobile Payment,Mobile,71,850,2.8,2394.74,116.1,139,16,13.1,3.17,0,0,0,0
10,0,0,Brazil,Paris,Travel,Credit Card,POS Terminal,18,714,6.0,23734.31,226.09,156,18,38.9,59.58,0,1,0,0
4,1,1,USA,Tokyo,Utilities,Bank Transfer,ATM,39,497,5.0,686.89,98.23,138,13,22.7,26.27,0,0,0,0
6,1,1,USA,Rio,Healthcare,Debit Card,Tablet,46,653,14.6,5081.13,10.53,150,12,6.0,19.73,0,1,1,0
14,0,0,Brazil,Osaka,Utilities,Bank Transfer,Mobile,39,648,10.2,43789.93,58.63,143,21,49.1,11.74,0,0,0,0
19,1,0,India,Rio,Restaurant,Crypto,Mobile,39,684,4.2,718.41,62.5,142,19,2.8,13.98,0,0,0,0
4,0,1,Japan,Mumbai,Healthcare,Bank Transfer,Mobile,35,617,1.6,5217.54,132.27,147,15,38.9,13.89,0,0,0,0
11,0,0,USA,Berlin,ATM Withdrawal,Debit Card,Mobile,61,703,6.5,45907.65,15.07,128,17,22.0,40.33,0,0,0,0
23,0,1,Mexico,New York,Gaming,Credit Card,ATM,52,753,0.4,4227.44,123.9,165,21,11.6,0.47,0,0,0,0
10,1,0,USA,Toronto,Healthcare,Debit Card,Tablet,40,768,4.3,16659.1,10.99,162,15,5.4,42.8,0,1,0,0
7,0,0,USA,São Paulo,Travel,Credit Card,Desktop,25,735,1.6,21849.25,105.64,147,17,6.2,24.73,0,0,0,0
17,0,0,Mexico,New York,Clothing,Mobile Payment,ATM,34,666,2.0,12973.62,67.18,139,25,13.0,3.07,0,3,0,0
19,0,0,Mexico,London,ATM Withdrawal,Credit Card,Mobile,47,673,2.0,6448.53,3.86,155,21,37.7,13.73,0,0,0,0
0,0,1,USA,New York,Jewelry,Mobile Payment,Mobile,18,697,1.5,1701.48,70.64,138,19,9.1,4.19,0,4,0,0
6,0,1,USA,Manchester,Utilities,Credit Card,Mobile,48,746,3.2,11084.8,64.57,142,14,0.3,7.19,0,0,0,0
0,1,1,USA,Rio,Crypto Exchange,Debit Card,Tablet,28,667,2.6,4183.12,30.24,131,13,0.9,3.13,0,0,1,0
8,0,0,France,Sydney,Crypto Exchange,Credit Card,Mobile,57,583,3.2,64261.17,42.57,144,21,15.3,0.94,0,0,0,0
10,0,0,USA,Delhi,Utilities,Debit Card,Desktop,50,590,6.3,20775.91,20.9,182,21,5.9,1.15,0,1,0,0
8,0,0,USA,Manchester,Restaurant,Bank Transfer,Mobile,33,745,2.0,4023.63,26.69,144,20,9.1,3.4,0,0,0,0
22,1,1,USA,New York,Jewelry,Bank Transfer,Tablet,42,752,3.4,2641.25,5742.52,159,13,27.0,20.77,0,0,0,0
23,0,1,USA,Lyon,Restaurant,Debit Card,Mobile,58,625,13.8,22043.34,116.29,139,22,0.8,37.03,0,0,1,1
13,1,0,France,Los Angeles,Travel,Credit Card,Mobile,43,705,7.7,3805.92,327.67,143,21,25.2,10.22,1,0,0,1
18,1,0,USA,Osaka,Jewelry,Credit Card,Desktop,57,693,20.5,7143.05,447.4,136,14,3.5,12.03,0,0,0,0
6,0,1,UK,Delhi,Gaming,Credit Card,POS Terminal,55,651,0.9,18871.91,8.97,165,13,1.8,0.0,0,0,0,0
11,0,0,Japan,New York,Jewelry,Credit Card,Desktop,64,646,13.4,5080.61,69.95,156,12,13.9,0.45,1,0,0,0
14,0,0,USA,Manchester,Entertainment,Debit Card,Mobile,59,614,0.6,5251.33,17.75,154,23,123.7,4.73,0,2,0,0
4,1,1,France,Toronto,Travel,Mobile Payment,Mobile,36,521,2.3,1659.98,1379.96,164,21,8.0,6.87,0,0,0,0
3,0,1,Brazil,Paris,Electronics,Debit Card,Mobile,29,694,2.0,1223.74,289.0,167,20,6.3,5.2,0,0,0,0
21,0,0,Japan,Los Angeles,Fuel,Credit Card,Desktop,34,599,0.9,13643.29,35.32,151,25,3.6,9.94,1,1,0,1
16,1,0,Germany,Osaka,Clothing,Mobile Payment,Mobile,33,562,30.0,17324.45,19.43,127,18,19.2,10.91,0,0,0,0
0,1,1,France,Vancouver,ATM Withdrawal,Credit Card,Mobile,42,696,2.1,24070.83,139.26,155,17,35.8,6.97,0,0,1,1
1,0,1,USA,Delhi,Clothing,Mobile Payment,Mobile,26,736,0.7,2037.93,56.73,138,20,18.1,5.68,0,0,0,0
1,0,1,France,New York,Education,Bank Transfer,POS Terminal,27,667,2.2,7512.57,70.54,146,18,16.3,2.51,0,0,0,0
8,1,0,Japan,Melbourne,Crypto Exchange,Credit Card,POS Terminal,61,759,1.0,2119.58,63.84,172,15,48.7,5.66,0,0,0,0
18,0,0,USA,Los Angeles,Grocery,Debit Card,Mobile,39,626,9.7,16151.26,73.35,151,13,4.2,17.98,0,0,0,0
2,0,1,Mexico,Munich,Utilities,Credit Card,Mobile,39,653,5.1,62998.02,21.02,116,20,19.8,4.91,0,3,0,0
1,0,1,India,Delhi,Education,Debit Card,POS Terminal,34,709,14.1,22977.46,43.08,150,7,5.9,5.53,0,0,0,1
13,0,0,Germany,Manchester,Online Shopping,Debit Card,Mobile,48,756,1.1,13639.57,7.9,154,23,43.0,1.15,0,0,0,0
10,0,0,Japan,Vancouver,Travel,Crypto,Mobile,33,708,3.5,1356.44,795.13,176,30,16.8,1.16,1,0,0,0
23,0,1,Canada,São Paulo,Fuel,Credit Card,Mobile,38,625,8.5,6153.7,13.17,179,14,6.1,10.61,0,0,0,0
18,0,0,India,Mexico City,Clothing,Mobile Payment,Desktop,19,683,3.1,5295.44,57.58,154,19,48.0,6.07,0,0,0,0
10,0,0,Australia,Lyon,Grocery,Debit Card,Desktop,51,765,1.8,48983.17,27.07,168,7,1.2,18.56,0,0,0,0
3,0,1,USA,Lyon,Electronics,Credit Card,Mobile,33,703,0.3,5463.64,1750.77,126,27,20.6,10.84,0,0,1,0
1,0,1,Brazil,Vancouver,Travel,Bank Transfer,Mobile,60,640,10.9,3034.08,267.67,142,25,31.3,6.8,0,1,1,1
17,0,0,UK,Munich,Grocery,Mobile Payment,Mobile,21,690,0.4,439.27,23.36,148,19,27.1,20.7,0,0,0,0
0,1,1,Japan,Guadalajara,Gaming,Mobile Payment,Desktop,40,661,7.6,3147.74,240.58,137,26,10.3,15.2,0,0,0,0
6,1,1,Mexico,Sydney,ATM Withdrawal,Credit Card,Desktop,49,693,8.0,30102.94,97.44,177,17,41.7,16.01,0,0,0,0
5,1,1,Mexico,Manchester,Restaurant,Debit Card,Desktop,29,719,2.0,2422.3,61.7,142,18,3.3,25.24,0,0,0,1
1,0,1,Germany,Berlin,Utilities,Credit Card,Mobile,37,799,7.7,7739.43,87.8,143,18,50.7,12.17,1,0,0,0
14,1,0,Brazil,Delhi,ATM Withdrawal,Debit Card,Tablet,73,585,9.1,19580.35,192.88,157,23,2.1,1.52,0,0,0,0
8,1,0,USA,Toronto,Education,Debit Card,Mobile,36,633,0.7,2003.83,87.2,151,22,10.8,2.93,0,0,0,0
15,0,0,Japan,Berlin,Grocery,Crypto,Desktop,51,696,3.8,14169.05,84.25,147,25,78.3,16.04,0,0,0,0
14,0,0,UK,London,Electronics,Bank Transfer,Tablet,30,746,0.2,6169.72,237.77,144,16,33.3,11.27,0,0,0,0
17,1,0,Australia,Tokyo,Online Shopping,Credit Card,POS Terminal,40,620,3.9,3110.01,14.21,150,24,12.3,14.54,0,0,0,0
20,0,0,India,New York,Education,Debit Card,Mobile,41,692,1.6,20099.99,61.62,169,19,12.8,22.58,0,0,0,0
4,0,1,France,Toronto,Travel,Mobile Payment,Mobile,36,514,3.1,3383.76,230.83,148,22,0.1,1.8,0,0,0,0
5,1,1,UK,Berlin,Crypto Exchange,Mobile Payment,Mobile,43,751,5.3,7642.89,36.62,163,16,13.4,3.35,0,0,0,0
2,0,1,Brazil,Los Angeles,Fuel,Debit Card,Desktop,66,696,0.1,28853.53,17.63,125,26,40.4,20.34,0,0,0,0
8,1,0,USA,Paris,Gaming,Debit Card,Mobile,40,751,3.7,3664.89,166.89,149,20,0.3,20.61,0,0,1,0
16,1,0,Japan,Rio,Healthcare,Mobile Payment,Mobile,51,661,9.1,51184.65,160.05,172,22,14.2,0.52,0,0,0,0
19,0,0,USA,Munich,Grocery,Mobile Payment,Mobile,64,702,7.9,1698.49,78.58,150,21,57.4,8.58,0,0,0,0
21,0,0,UK,Paris,Restaurant,Debit Card,ATM,64,694,1.9,1938.34,122.97,167,23,2.7,33.23,0,0,0,0
0,1,1,USA,Melbourne,Gaming,Credit Card,Mobile,45,549,7.9,14090.14,16.44,148,16,14.7,27.93,1,0,0,1
23,0,1,UK,Guadalajara,Travel,Mobile Payment,Mobile,54,662,2.0,3131.63,1276.09,142,13,15.7,22.05,1,0,0,0
3,0,1,UK,Tokyo,Grocery,Bank Transfer,Mobile,63,738,4.2,5140.0,15.2,155,8,10.2,1.59,0,0,0,0
21,0,0,Brazil,Lyon,ATM Withdrawal,Credit Card,Desktop,37,755,12.1,5394.54,43.53,143,14,13.1,12.19,0,0,0,1
19,0,0,Canada,Paris,Online Shopping,Credit Card,Mobile,18,817,14.2,729.92,84.79,146,20,12.9,1.43,0,0,0,0
21,1,0,Germany,Toronto,Electronics,Mobile Payment,Desktop,59,571,6.8,11425.84,322.51,161,21,2.8,19.71,0,0,0,0
17,1,0,Brazil,Delhi,Entertainment,Mobile Payment,POS Terminal,31,797,0.1,4814.77,33.07,164,13,17.9,2.11,0,0,0,0
8,0,0,France,Guadalajara,Utilities,Credit Card,Desktop,25,731,3.7,8293.32,95.09,146,20,28.6,1.22,0,0,0,0
21,0,0,Mexico,Berlin,ATM Withdrawal,Debit Card,ATM,36,699,0.8,11727.53,22.58,141,7,23.6,13.58,0,0,0,0
2,0,1,USA,Munich,Clothing,Credit Card,Desktop,48,603,4.7,3652.46,11.33,151,22,2.9,6.11,0,2,0,0
10,0,0,UK,Los Angeles,Jewelry,Credit Card,POS Terminal,26,764,4.3,5956.79,360.23,148,20,36.8,12.25,0,0,0,0
6,0,1,Mexico,Melbourne,Healthcare,Crypto,Desktop,54,754,2.3,2649.68,69.89,155,20,32.1,2.46,0,0,0,0
20,0,0,Germany,Los Angeles,Education,Credit Card,POS Terminal,41,672,0.9,530.11,59.56,172,19,19.9,0.33,0,2,0,0
1,0,1,India,Mexico City,Fuel,Debit Card,Tablet,18,618,4.2,7031.8,300.51,140,21,1.5,15.76,0,0,0,0
19,1,0,UK,Osaka,Education,Credit Card,Desktop,29,549,2.0,13849.31,60.87,154,20,8.0,17.06,0,0,0,0
8,0,0,Brazil,Melbourne,Fuel,Debit Card,Mobile,51,667,7.0,21052.75,4.99,150,30,57.7,5.2,0,0,0,0
20,0,0,India,Sydney,Clothing,Credit Card,Desktop,18,754,2.3,4467.33,79.35,135,16,21.8,8.85,0,0,0,0
22,0,1,India,Mexico City,ATM Withdrawal,Bank Transfer,Desktop,57,699,3.1,13741.56,88.1,157,23,13.2,18.94,1,0,0,0
14,0,0,USA,Mexico City,Gaming,Credit Card,Mobile,29,745,7.1,5329.7,24.46,139,27,2.5,18.11,0,0,1,0
11,0,0,Canada,Munich,Travel,Debit Card,Tablet,28,640,1.8,10786.5,259.77,170,17,37.2,0.92,0,1,1,1
13,1,0,Japan,São Paulo,Electronics,Credit Card,Mobile,34,632,2.0,21050.56,531.98,160,21,22.8,2.66,0,0,0,0
12,0,0,USA,Munich,Crypto Exchange,Credit Card,Mobile,61,749,1.8,141212.54,35.95,158,16,0.9,9.24,0,0,0,0
15,0,0,UK,Rio,Clothing,Bank Transfer,POS Terminal,42,601,0.7,10029.26,25.36,147,10,9.4,21.26,0,1,0,0
5,1,1,USA,Osaka,Entertainment,Debit Card,Desktop,68,569,3.7,22036.68,38.43,149,15,26.5,2.22,1,2,0,0
18,0,0,USA,Vancouver,Entertainment,Bank Transfer,Mobile,53,527,10.7,35418.45,56.19,153,21,2.8,4.62,0,0,0,0
8,0,0,Japan,Guadalajara,Education,Debit Card,Mobile,28,661,3.8,19171.54,22.14,151,22,16.7,16.35,0,0,0,0
5,0,1,UK,Delhi,Utilities,Mobile Payment,Mobile,47,650,0.4,2503.15,261.71,168,21,6.5,7.28,0,1,0,0
5,0,1,USA,Toronto,Clothing,Debit Card,Desktop,38,731,0.4,17164.79,90.65,158,29,18.4,9.64,0,0,0,0
1,0,1,USA,Lyon,Fuel,Bank Transfer,Mobile,51,679,4.2,3813.48,6.27,158,20,33.0,0.11,0,0,0,0
5,1,1,Mexico,Manchester,Entertainment,Debit Card,Desktop,38,752,2.0,105324.22,96.22,151,13,19.5,6.14,0,0,0,0
15,1,0,USA,New York,Clothing,Bank Transfer,Mobile,44,804,5.2,8467.39,29.63,131,24,79.9,9.0,1,0,0,1
8,0,0,Germany,Osaka,Fuel,Bank Transfer,Mobile,58,585,0.5,8687.6,33.26,154,17,12.7,3.45,0,0,0,0
0,0,1,USA,Rio,Restaurant,Bank Transfer,Mobile,48,734,3.1,652.87,9.13,141,30,35.6,7.38,0,0,0,0
11,1,0,UK,New York,Travel,Credit Card,Mobile,23,596,4.5,4353.61,151.2,140,26,50.7,18.04,0,0,0,0
11,0,0,Brazil,Lyon,Electronics,Debit Card,Mobile,41,649,6.0,588.47,1529.59,129,17,0.1,5.87,0,0,0,0
16,0,0,Germany,London,Utilities,Credit Card,POS Terminal,56,698,8.0,26427.57,47.88,151,13,12.5,0.28,0,0,0,1
10,0,0,USA,Los Angeles,Entertainment,Debit Card,Desktop,48,694,0.4,4179.44,40.37,151,17,10.8,41.86,0,0,0,0
9,0,0,Australia,Rio,Electronics,Credit Card,Mobile,18,591,7.1,139150.77,187.47,135,14,18.8,12.92,0,0,0,0
18,1,0,Brazil,Melbourne,Fuel,Debit Card,POS Terminal,40,618,9.7,4379.65,104.69,162,17,25.6,6.96,0,0,0,0
1,0,1,Canada,New York,Grocery,Mobile Payment,Mobile,56,725,9.5,42778.94,153.19,154,19,2.9,0.26,0,0,1,0
6,1,1,USA,New York,Restaurant,Debit Card,Mobile,64,743,6.3,9902.41,16.36,150,12,12.6,1.61,0,0,0,0
13,0,0,USA,Toronto,Utilities,Debit Card,Mobile,48,724,0.4,259331.1,39.92,150,24,16.0,3.92,0,0,1,0
11,0,0,Australia,Guadalajara,Healthcare,Credit Card,Desktop,18,660,13.7,6060.55,9.97,140,13,8.9,18.56,1,0,0,0
12,0,0,Japan,Munich,Electronics,Credit Card,POS Terminal,63,616,5.3,6370.95,258.33,180,18,60.0,22.72,0,1,0,0
21,0,0,Australia,Osaka,Online Shopping,Debit Card,Mobile,58,642,0.5,12441.94,19.56,159,23,0.9,7.67,0,0,0,0
7,0,0,UK,Manchester,ATM Withdrawal,Credit Card,POS Terminal,45,683,0.7,3003.38,16.99,127,18,24.4,5.91,0,0,0,0
0,0,1,India,Tokyo,Entertainment,Crypto,Tablet,70,764,5.2,1709.92,22.71,142,18,41.2,29.12,0,0,0,0
13,1,0,Australia,Toronto,Fuel,Debit Card,Mobile,49,597,1.2,14033.4,6.14,131,22,32.4,7.53,0,0,0,0
23,0,1,Canada,Rio,Gaming,Credit Card,Desktop,47,725,8.1,48873.78,16.68,141,28,5.9,1.91,0,0,0,0
11,0,0,USA,Osaka,Online Shopping,Debit Card,Mobile,46,661,2.9,5099.28,56.36,146,23,23.8,6.24,0,1,0,0
5,0,1,Brazil,Toronto,Fuel,Debit Card,Tablet,28,634,2.2,9048.44,48.03,166,16,20.9,5.72,1,5,0,0
2,1,1,France,São Paulo,ATM Withdrawal,Mobile Payment,POS Terminal,31,597,5.0,32013.74,7.01,161,29,80.1,44.02,0,0,0,0
0,0,1,Canada,Mexico City,Healthcare,Credit Card,Mobile,46,759,2.9,14207.19,46.69,152,17,6.0,39.37,0,0,0,0
19,0,0,France,Rio,Clothing,Credit Card,Tablet,55,800,4.4,6521.64,380.32,149,21,6.8,13.25,0,0,0,0
11,0,0,India,London,Clothing,Mobile Payment,Desktop,32,647,13.7,3100.79,77.01,160,30,50.7,15.32,0,1,0,0
23,0,1,USA,Manchester,Entertainment,Debit Card,Desktop,20,696,7.4,36603.91,69.98,154,13,36.9,1.65,0,1,0,0
22,0,1,UK,Munich,Entertainment,Debit Card,Mobile,30,613,0.5,16539.25,99.91,144,10,3.8,7.17,0,0,1,0
5,0,1,USA,Vancouver,Fuel,Debit Card,Desktop,38,771,7.5,63404.17,194.18,152,14,1.6,3.95,0,0,0,0
16,0,0,Japan,São Paulo,Healthcare,Mobile Payment,ATM,55,669,1.8,1893.39,486.61,144,15,20.4,17.84,0,0,0,0
4,0,1,Australia,Melbourne,ATM Withdrawal,Debit Card,Mobile,77,494,2.8,24235.16,8.01,146,19,1.7,13.58,0,0,0,0
18,0,0,USA,Melbourne,Restaurant,Mobile Payment,Tablet,37,644,7.5,4377.73,27.58,146,16,3.1,22.76,0,0,0,0
18,0,0,USA,New York,ATM Withdrawal,Debit Card,Mobile,33,574,1.7,19078.45,14.43,163,26,12.9,10.7,0,0,0,0
18,0,0,Brazil,Manchester,Grocery,Credit Card,ATM,18,601,0.4,2246.93,182.15,138,16,57.3,1.95,0,2,0,0
9,0,0,Brazil,Manchester,Grocery,Cheque,ATM,27,711,5.8,5417.56,247.16,155,21,8.0,36.62,0,0,0,0
2,1,1,India,Sydney,Online Shopping,Debit Card,Desktop,33,707,0.1,67197.67,138.53,145,26,14.1,17.24,0,0,1,0
17,0,0,Mexico,Tokyo,Clothing,Mobile Payment,Mobile,50,690,1.2,45488.43,13.57,149,17,7.8,3.37,0,0,0,0
1,0,1,France,Sydney,Utilities,Credit Card,Mobile,55,716,3.9,266810.29,26.87,153,21,4.9,36.67,1,2,0,0
21,1,0,Japan,Los Angeles,Healthcare,Mobile Payment,Desktop,44,716,10.1,7812.84,54.04,148,23,3.5,10.79,0,1,0,0
15,0,0,Japan,Toronto,Travel,Credit Card,Desktop,35,625,11.2,13713.04,140.24,142,16,3.3,1.72,0,1,0,0
1,1,1,Germany,Toronto,Healthcare,Debit Card,Mobile,24,537,2.8,22252.55,21.54,162,19,22.7,14.49,0,0,0,0
7,0,0,USA,Rio,Restaurant,Debit Card,Tablet,47,644,2.9,16158.21,358.63,161,26,16.9,15.06,0,3,0,0
9,0,0,USA,Mexico City,Electronics,Credit Card,Mobile,23,693,3.0,5417.34,253.42,135,17,31.5,0.71,0,1,0,0
1,1,1,Germany,Melbourne,Fuel,Bank Transfer,POS Terminal,20,687,2.7,8188.51,170.1,149,19,0.6,14.3,0,0,0,0
14,0,0,Germany,Los Angeles,ATM Withdrawal,Credit Card,Desktop,35,658,6.6,7077.41,279.88,134,18,8.0,5.47,0,0,0,0
4,0,1,Mexico,Delhi,Electronics,Bank Transfer,POS Terminal,42,521,6.5,1418.65,294.41,152,20,34.2,4.1,0,0,0,1
17,1,0,Canada,Guadalajara,ATM Withdrawal,Credit Card,POS Terminal,51,642,5.7,7865.87,127.52,155,10,39.8,1.2,0,0,0,0
14,0,0,France,Los Angeles,Utilities,Debit Card,ATM,63,802,1.4,43834.94,12.46,137,21,52.5,4.57,0,0,0,0
8,0,0,USA,Toronto,Healthcare,Credit Card,Mobile,45,644,4.2,90262.23,70.22,159,17,7.0,22.18,0,2,0,1
3,0,1,Japan,Toronto,Entertainment,Mobile Payment,POS Terminal,28,587,6.3,4312.84,89.51,140,19,19.3,9.39,0,0,0,0
17,0,0,India,Berlin,Electronics,Debit Card,POS Terminal,43,605,5.3,7368.09,255.54,163,19,3.2,0.33,0,0,0,1
20,0,0,Mexico,Vancouver,Clothing,Crypto,Mobile,55,631,2.1,6774.04,26.05,154,19,11.3,20.0,0,0,0,0
4,1,1,UK,Delhi,Jewelry,Debit Card,Mobile,27,777,3.6,2620.53,185.16,148,19,51.1,10.76,0,3,0,0
22,1,1,USA,São Paulo,Crypto Exchange,Crypto,Mobile,47,823,19.6,845.83,84.03,132,22,17.9,3.54,1,1,0,0
6,1,1,Australia,Tokyo,ATM Withdrawal,Credit Card,Desktop,35,794,3.9,5836.16,38.18,159,26,7.6,5.55,0,0,1,0
15,0,0,Japan,Mumbai,Healthcare,Credit Card,Desktop,29,569,0.7,5786.68,22.28,121,20,4.7,16.23,0,2,0,0
19,1,0,Australia,Mumbai,Grocery,Crypto,Mobile,53,850,0.2,2209.42,74.46,146,16,4.0,7.8,0,0,0,0
9,0,0,Germany,Sydney,Utilities,Debit Card,Mobile,30,744,2.5,5407.69,101.86,141,25,7.6,5.61,0,0,0,0
20,0,0,Germany,Los Angeles,Entertainment,Credit Card,ATM,56,729,12.1,7895.08,83.9,135,21,3.6,11.65,1,0,0,0
13,0,0,Mexico,Los Angeles,Education,Credit Card,Mobile,38,676,4.8,7483.12,27.07,149,34,83.9,0.93,1,0,0,0
8,0,0,USA,Manchester,ATM Withdrawal,Debit Card,Mobile,61,712,1.9,1897.09,38.2,161,21,7.7,12.6,0,0,0,0
1,0,1,Germany,Lyon,Entertainment,Credit Card,Mobile,61,650,0.8,38704.73,50.37,168,19,16.2,10.94,0,0,0,0
1,1,1,Brazil,São Paulo,Entertainment,Mobile Payment,Mobile,25,527,10.3,7533.21,37.5,154,20,24.1,11.22,1,0,0,0
12,0,0,UK,Berlin,Crypto Exchange,Credit Card,Tablet,62,602,17.9,16310.44,290.81,141,16,7.3,25.57,0,0,0,0
5,0,1,USA,São Paulo,Travel,Credit Card,POS Terminal,46,684,12.6,6883.28,377.08,175,15,36.6,1.58,0,0,0,0
14,0,0,USA,Toronto,Healthcare,Credit Card,Mobile,37,699,8.7,6289.86,59.27,160,22,40.4,9.56,0,0,0,0
22,0,1,USA,Vancouver,Utilities,Bank Transfer,Mobile,39,749,0.4,3955.82,64.88,151,15,11.9,12.13,1,0,0,0
2,0,1,India,Melbourne,Utilities,Credit Card,POS Terminal,49,713,3.2,2496.17,75.03,138,17,9.0,48.95,0,0,0,0
21,0,0,Brazil,Berlin,Electronics,Credit Card,Mobile,48,653,6.8,4520.68,120.1,159,23,63.6,13.02,0,0,0,0
20,1,0,Mexico,Rio,Entertainment,Debit Card,Mobile,38,742,1.7,5089.11,121.94,126,18,24.1,2.05,1,0,0,0
14,0,0,UK,Mexico City,Clothing,Debit Card,POS Terminal,49,702,14.0,13748.31,141.61,140,18,5.9,2.72,0,0,0,0
8,0,0,UK,Mexico City,Entertainment,Credit Card,Desktop,44,843,14.2,13252.71,68.1,157,25,30.8,7.95,0,0,0,0
17,0,0,USA,New York,Travel,Debit Card,Mobile,32,692,2.3,3748.96,298.88,148,21,21.5,1.99,0,1,0,0
20,0,0,Brazil,Lyon,Electronics,Debit Card,POS Terminal,18,655,1.6,1794.32,552.75,130,28,6.1,43.13,0,0,0,0
17,0,0,USA,Tokyo,Utilities,Debit Card,ATM,61,671,0.5,70765.52,45.05,162,22,8.3,1.99,0,0,0,0
20,1,0,India,London,Entertainment,Credit Card,Mobile,43,730,4.9,26045.18,9.91,135,17,17.9,4.01,0,0,0,0
23,0,1,France,Melbourne,Clothing,Credit Card,ATM,19,698,1.3,6639.99,18.98,161,25,14.1,0.57,1,0,1,0
18,0,0,Canada,Rio,Online Shopping,Debit Card,Desktop,27,627,9.9,28795.3,87.6,154,26,1.3,1.66,1,0,0,0
9,0,0,Japan,Delhi,Online Shopping,Cheque,Mobile,33,427,7.1,10192.86,21.84,161,15,9.2,23.29,1,0,0,0
3,0,1,Mexico,Sydney,Online Shopping,Credit Card,Mobile,29,549,2.0,2152.25,14.93,143,27,10.7,11.34,1,0,0,0
11,0,0,India,Sydney,Restaurant,Debit Card,ATM,35,710,5.1,95596.1,129.65,140,24,11.6,30.88,0,0,0,0
21,0,0,UK,Osaka,Entertainment,Debit Card,Mobile,55,705,0.1,23177.46,32.83,151,26,73.6,20.79,0,0,0,0
7,0,0,France,Guadalajara,Electronics,Crypto,Tablet,29,624,18.3,126458.5,669.01,132,19,48.0,2.34,0,1,0,0
6,0,1,USA,New York,Restaurant,Debit Card,Mobile,48,850,2.7,9542.02,218.03,157,23,5.6,5.69,1,0,0,0
19,1,0,Mexico,Mexico City,Education,Bank Transfer,Mobile,18,650,1.0,54811.51,47.28,155,22,1.0,15.13,0,2,0,0
12,0,0,USA,Vancouver,Travel,Bank Transfer,Desktop,70,646,4.5,560.39,786.47,161,20,29.8,1.21,0,0,0,0
8,0,0,UK,London,Clothing,Credit Card,POS Terminal,45,636,5.2,4922.16,128.1,170,29,0.6,2.87,0,0,0,0
3,0,1,France,Sydney,Travel,Bank Transfer,Mobile,18,536,8.7,1198.36,2007.12,159,15,53.3,25.15,0,2,0,1
15,1,0,Australia,Tokyo,Crypto Exchange,Debit Card,Desktop,44,704,0.1,4022.29,4.37,131,13,19.3,25.98,0,0,0,0
15,0,0,USA,São Paulo,Utilities,Debit Card,Mobile,72,739,0.8,996.33,129.56,142,18,19.8,41.82,0,2,0,0
7,1,0,USA,Vancouver,Gaming,Mobile Payment,Desktop,26,685,4.4,24958.82,15.53,159,25,0.3,0.52,0,0,0,0
17,0,0,Germany,Vancouver,Electronics,Debit Card,Mobile,60,591,6.9,5335.88,520.58,169,23,77.2,47.66,0,0,0,0
2,0,1,Brazil,Los Angeles,Gaming,Debit Card,Mobile,69,721,6.1,2673.92,112.01,150,20,36.7,55.21,0,0,0,0
22,1,1,Canada,Rio,Fuel,Mobile Payment,POS Terminal,63,671,3.9,2999.41,46.45,166,11,13.8,9.91,0,0,1,0
6,0,1,India,Osaka,Restaurant,Crypto,POS Terminal,24,651,27.7,25018.08,95.6,163,26,60.1,14.78,0,0,0,0
15,1,0,Canada,Guadalajara,Healthcare,Debit Card,Desktop,31,677,8.7,29675.61,20.81,169,15,2.0,17.43,0,0,0,0
17,1,0,Japan,Vancouver,Grocery,Credit Card,Desktop,59,663,5.3,8205.37,52.32,143,22,3.0,7.37,0,0,0,0
5,0,1,USA,Guadalajara,ATM Withdrawal,Bank Transfer,ATM,44,702,2.3,17933.23,3.93,135,17,7.2,7.06,0,0,1,0
0,1,1,Germany,Los Angeles,Jewelry,Mobile Payment,Mobile,32,638,8.9,4730.49,2392.62,139,27,13.0,1.61,0,2,0,0
13,0,0,USA,Los Angeles,Jewelry,Credit Card,Desktop,43,669,3.3,6132.46,345.49,157,15,47.8,19.75,1,1,0,0
15,1,0,Brazil,Toronto,Utilities,Bank Transfer,Desktop,70,771,8.1,186.74,43.74,143,22,14.4,8.75,0,2,0,0
13,0,0,USA,Delhi,ATM Withdrawal,Credit Card,Mobile,31,820,2.4,64648.63,16.87,164,15,25.5,8.34,0,0,0,0
14,1,0,Brazil,Lyon,Travel,Credit Card,Tablet,18,551,0.6,17265.25,316.44,142,22,15.8,9.36,0,5,0,0
13,0,0,UK,Delhi,Online Shopping,Credit Card,Mobile,68,705,2.3,25866.19,53.66,153,16,24.1,1.02,0,1,0,0
19,0,0,India,New York,Electronics,Mobile Payment,Tablet,36,757,3.4,85637.46,85.84,138,21,21.6,14.05,1,0,0,0
8,0,0,India,Munich,Gaming,Debit Card,Desktop,26,584,1.0,2465.64,161.63,152,19,15.7,27.2,1,0,1,0
21,1,0,Canada,Melbourne,Crypto Exchange,Debit Card,Desktop,36,795,8.1,1747.94,108.39,130,17,18.2,15.33,0,0,0,0
5,0,1,Japan,Mumbai,Fuel,Debit Card,Mobile,62,549,0.9,5110.81,10.29,142,16,6.9,8.44,0,2,0,0
3,0,1,India,Toronto,Electronics,Debit Card,Mobile,25,782,2.0,14335.67,1347.76,144,18,9.8,8.32,0,0,0,0
15,0,0,USA,Sydney,Healthcare,Debit Card,ATM,61,574,1.7,51891.99,67.64,152,20,14.0,4.78,1,0,0,0
9,1,0,Australia,Lyon,Gaming,Credit Card,Mobile,40,617,2.4,565.4,41.25,135,21,40.9,13.14,0,0,0,0
16,1,0,USA,Rio,Travel,Bank Transfer,Mobile,51,775,4.5,16997.04,1183.24,135,14,42.4,7.95,0,1,0,0
3,0,1,USA,São Paulo,Fuel,Crypto,Tablet,24,647,25.8,932.27,124.92,170,24,0.8,22.6,0,0,1,0
22,0,1,USA,Sydney,Utilities,Mobile Payment,POS Terminal,26,790,3.6,40873.38,1.9,150,21,1.8,27.76,0,0,0,0
1,0,1,Mexico,Munich,Jewelry,Credit Card,Mobile,54,797,6.5,33630.85,307.92,136,15,13.9,2.09,0,0,0,0
10,1,0,USA,Rio,Grocery,Bank Transfer,Desktop,34,663,0.2,883.77,41.19,139,17,0.2,13.3,0,0,0,0
1,0,1,UK,Paris,Jewelry,Credit Card,Desktop,27,699,0.9,69215.08,168.58,152,17,1.3,16.42,0,0,0,0
11,1,0,USA,Los Angeles,Electronics,Debit Card,Desktop,29,643,9.0,10368.88,63.02,133,30,55.1,22.69,1,0,0,0
1,0,1,UK,Delhi,Online Shopping,Debit Card,Desktop,67,560,0.2,1440.87,126.68,120,28,39.0,18.6,0,1,0,0
8,0,0,USA,Sydney,ATM Withdrawal,Credit Card,Desktop,57,603,8.0,25400.47,106.45,143,20,1.4,7.47,0,0,0,1
8,0,0,UK,Rio,Electronics,Bank Transfer,ATM,35,651,1.6,9167.34,963.13,168,19,1.8,4.91,0,0,0,0
1,0,1,Australia,São Paulo,Utilities,Debit Card,POS Terminal,38,850,2.6,32635.6,8.84,150,18,16.0,13.17,0,0,0,0
11,1,0,France,Tokyo,Fuel,Debit Card,Mobile,29,723,10.6,3197.6,110.13,177,16,5.0,19.78,0,0,0,0
13,1,0,Australia,Los Angeles,Electronics,Credit Card,Desktop,30,557,6.7,20613.77,1261.13,168,22,12.5,3.09,0,0,0,0
22,0,1,Canada,Sydney,Jewelry,Credit Card,Desktop,50,599,8.3,9480.91,239.49,159,26,2.5,35.03,1,0,0,0
9,0,0,Germany,Tokyo,Online Shopping,Crypto,Tablet,56,769,2.8,5371.68,73.55,144,17,39.7,36.58,0,0,0,0
9,0,0,Germany,Munich,Jewelry,Debit Card,Mobile,46,510,3.4,1629.57,464.85,167,18,113.0,2.72,1,3,0,0
5,0,1,USA,Toronto,Fuel,Debit Card,Tablet,56,633,0.9,9056.74,43.85,132,13,2.1,5.41,0,0,0,0
10,0,0,Mexico,Tokyo,Crypto Exchange,Debit Card,POS Terminal,56,639,0.4,26265.65,222.98,133,13,32.4,5.72,0,0,0,0
1,0,1,USA,Munich,Utilities,Debit Card,Mobile,26,647,2.1,59033.17,123.87,142,19,88.9,137.13,0,0,0,0
4,0,1,USA,Toronto,Grocery,Credit Card,ATM,48,561,3.9,3589.77,58.79,156,18,3.1,30.03,0,0,0,0
12,1,0,France,Lyon,Grocery,Bank Transfer,ATM,32,712,4.3,21249.21,133.83,149,14,28.2,10.1,0,0,0,0
19,1,0,UK,Manchester,Online Shopping,Cheque,Mobile,62,659,1.5,17307.6,56.4,145,16,73.8,8.63,0,1,0,0
18,0,0,USA,Berlin,Electronics,Credit Card,Tablet,18,603,0.9,21818.19,1152.66,124,14,1.3,7.41,0,0,0,0
23,0,1,Canada,Vancouver,Healthcare,Cheque,Desktop,26,734,8.4,31627.36,430.93,134,22,14.1,4.22,0,0,0,0
4,0,1,France,Mexico City,Utilities,Mobile Payment,Tablet,18,838,10.8,3686.26,9.57,150,15,19.4,18.8,0,0,0,0
7,1,0,France,Manchester,Utilities,Bank Transfer,Mobile,54,680,4.7,2466.26,9.82,170,17,2.7,1.77,0,0,0,0
12,0,0,Mexico,Tokyo,Education,Credit Card,Mobile,18,605,6.3,17916.73,396.96,144,16,4.0,43.25,1,0,0,0
20,0,0,India,São Paulo,Electronics,Credit Card,Mobile,60,611,7.4,3255.16,384.56,154,19,10.9,28.54,1,0,0,0
20,0,0,India,Los Angeles,Education,Bank Transfer,Mobile,61,784,5.2,3102.26,10.84,171,24,34.1,0.01,0,0,0,0
6,1,1,Australia,São Paulo,Restaurant,Mobile Payment,Tablet,18,576,3.5,8756.87,32.57,156,19,1.9,11.14,0,0,0,0
0,0,1,France,Tokyo,Online Shopping,Mobile Payment,ATM,65,696,3.0,6406.22,54.68,138,17,20.3,11.7,0,0,0,0
6,0,1,India,Toronto,Travel,Bank Transfer,POS Terminal,34,679,0.7,1729.21,2643.45,156,25,11.0,8.71,0,1,0,0
21,1,0,Germany,Rio,Crypto Exchange,Credit Card,Desktop,38,741,8.1,18686.19,133.2,152,25,9.4,8.77,0,0,0,0
19,1,0,Brazil,Vancouver,Electronics,Mobile Payment,POS Terminal,18,600,3.1,22135.45,211.14,138,28,39.2,2.54,1,0,0,0
22,1,1,Mexico,Lyon,Crypto Exchange,Bank Transfer,Tablet,40,703,26.2,56032.53,16.11,154,22,10.0,25.54,0,0,0,0
17,0,0,France,Lyon,Healthcare,Mobile Payment,Mobile,44,636,2.7,1565.49,58.04,170,16,8.0,2.98,0,0,0,0
11,0,0,India,Berlin,Jewelry,Bank Transfer,Desktop,32,719,9.8,11668.09,1969.34,165,28,23.0,4.38,1,0,0,0
13,0,0,USA,Vancouver,Electronics,Debit Card,Tablet,34,721,2.1,17577.57,339.02,141,15,11.2,7.39,0,0,0,0
5,0,1,UK,London,Gaming,Debit Card,Mobile,45,534,0.1,12554.91,400.0,145,13,38.8,20.56,0,1,0,0
5,0,1,UK,Tokyo,Restaurant,Debit Card,Tablet,43,758,10.5,22630.63,15.61,165,20,19.9,22.0,0,0,0,0
13,1,0,USA,Mumbai,Travel,Debit Card,Mobile,47,619,0.6,1686.91,170.52,137,27,4.3,0.35,0,0,0,0
9,0,0,Canada,Guadalajara,Clothing,Debit Card,Mobile,71,749,1.3,5046.83,14.44,152,14,0.5,7.4,0,0,0,0
20,0,0,UK,Toronto,Restaurant,Mobile Payment,Desktop,61,627,1.0,11338.45,76.08,153,15,1.5,1.54,1,1,0,0
21,0,0,Mexico,Mumbai,Gaming,Debit Card,Tablet,47,698,0.2,7164.49,44.52,157,21,33.6,4.3,0,0,0,0
14,0,0,UK,Munich,Electronics,Mobile Payment,Mobile,60,682,6.3,102286.15,261.69,146,20,2.8,1.52,1,0,0,0
20,0,0,India,Tokyo,Clothing,Credit Card,Mobile,54,701,2.6,14600.85,46.2,134,15,14.1,7.87,1,0,1,0
21,0,0,India,Lyon,Restaurant,Debit Card,Mobile,32,594,11.4,30506.94,98.52,170,16,13.5,15.37,1,0,0,0
12,0,0,France,Rio,ATM Withdrawal,Credit Card,Mobile,46,745,4.6,84037.81,10.99,152,16,23.3,29.63,0,0,0,0
4,0,1,India,Mexico City,Clothing,Credit Card,POS Terminal,22,643,10.3,13506.56,156.86,145,25,72.8,37.19,0,0,0,0
3,0,1,Canada,New York,Restaurant,Debit Card,Mobile,38,850,0.1,22937.66,141.41,144,26,3.9,3.84,0,0,0,0
3,0,1,Australia,Rio,ATM Withdrawal,Bank Transfer,Desktop,25,636,2.7,8872.93,134.83,142,21,18.0,1.39,0,0,1,0
13,0,0,Brazil,Toronto,Healthcare,Credit Card,Tablet,46,670,1.6,3902.73,32.63,146,17,7.6,1.99,0,0,0,0
21,0,0,USA,São Paulo,Restaurant,Debit Card,POS Terminal,18,583,2.9,3640.32,16.1,165,19,13.6,47.54,0,0,1,0
1,0,1,Germany,Delhi,Utilities,Credit Card,Desktop,40,720,6.8,36143.38,113.51,165,19,2.1,1.33,0,0,0,1
11,0,0,USA,Osaka,Crypto Exchange,Debit Card,Mobile,63,636,1.3,18394.81,29.49,126,19,15.3,6.6,0,0,0,1
11,0,0,USA,São Paulo,Travel,Crypto,Mobile,61,612,7.0,5493.79,549.95,124,13,79.9,2.87,0,0,0,0
1,0,1,Australia,Manchester,Gaming,Debit Card,Mobile,41,683,0.1,3821.83,490.03,139,20,17.3,5.4,1,1,0,0
22,0,1,India,Melbourne,Clothing,Credit Card,Mobile,32,662,16.5,17183.72,13.79,134,18,10.2,41.71,1,0,1,1
20,1,0,USA,Berlin,Clothing,Mobile Payment,Mobile,49,819,0.4,2117.32,24.2,157,17,1.7,27.45,0,0,0,0
18,0,0,USA,Los Angeles,Grocery,Mobile Payment,ATM,18,799,1.2,2892.43,15.57,133,16,58.6,5.71,0,0,0,0
23,1,1,USA,Berlin,Grocery,Credit Card,Mobile,59,589,4.8,4727.02,13.42,147,21,29.2,16.31,0,0,0,0
4,0,1,USA,New York,Crypto Exchange,Credit Card,POS Terminal,47,654,3.3,7424.98,28.99,147,19,0.9,5.49,0,1,0,0
4,0,1,Brazil,Tokyo,Education,Mobile Payment,Tablet,52,723,3.4,6168.1,53.6,178,19,22.2,21.85,0,0,0,0
1,1,1,UK,London,Electronics,Debit Card,Mobile,36,795,3.6,3069.15,786.55,149,28,36.5,17.4,0,0,0,0
8,0,0,Mexico,Toronto,Clothing,Bank Transfer,Mobile,37,636,5.0,9441.61,55.46,158,19,31.6,7.77,1,0,0,0
1,0,1,Australia,Mumbai,Grocery,Mobile Payment,Tablet,66,621,11.8,9076.9,76.81,156,21,6.3,38.87,0,0,0,0
13,1,0,USA,São Paulo,Restaurant,Cheque,Mobile,34,767,4.2,6762.8,250.9,156,21,0.7,1.14,0,0,0,0
5,1,1,Germany,Manchester,Utilities,Credit Card,Mobile,36,636,0.1,20966.81,62.55,150,29,10.9,0.68,1,0,0,0
16,0,0,India,New York,Gaming,Credit Card,ATM,28,701,15.1,6623.34,22.23,163,25,18.2,15.61,0,1,0,0
18,0,0,USA,Lyon,Entertainment,Debit Card,Mobile,32,667,2.2,24357.35,165.61,135,24,27.6,8.82,0,0,0,0
5,0,1,USA,Delhi,Online Shopping,Credit Card,Desktop,66,656,7.1,57399.6,70.93,158,19,29.8,4.47,0,0,0,0
17,1,0,Japan,Sydney,Grocery,Credit Card,Mobile,46,680,0.7,21374.04,138.33,163,21,6.0,31.42,0,0,0,0
3,1,1,India,Osaka,Travel,Credit Card,ATM,22,662,5.3,24712.78,247.93,134,18,8.9,11.02,0,0,0,0
4,1,1,Germany,Los Angeles,Electronics,Credit Card,ATM,30,746,2.8,4052.0,140.31,143,13,25.0,1.14,0,1,0,0
14,0,0,Brazil,Manchester,Jewelry,Credit Card,Desktop,35,697,2.8,1379.8,1779.4,140,24,5.2,21.37,0,0,0,0
8,0,0,USA,New York,Clothing,Mobile Payment,Tablet,59,582,0.8,10417.94,91.27,152,18,44.5,8.41,1,0,1,0
23,1,1,USA,London,Online Shopping,Debit Card,Mobile,46,708,2.1,3615.57,359.08,132,26,16.2,23.36,0,0,0,0
13,0,0,Australia,Rio,Travel,Debit Card,Mobile,26,766,6.3,13952.84,800.06,159,22,20.7,14.74,0,0,0,0
8,0,0,USA,Osaka,Education,Credit Card,Mobile,46,595,12.0,5694.56,273.16,139,19,33.5,3.03,0,0,0,0
9,0,0,Australia,Delhi,ATM Withdrawal,Credit Card,POS Terminal,44,609,3.8,38642.35,26.66,145,17,21.7,5.2,1,0,0,1
0,0,1,UK,Tokyo,Travel,Credit Card,Desktop,43,825,7.5,12369.59,551.96,134,16,48.1,13.36,0,0,0,0
16,0,0,India,Rio,Grocery,Debit Card,ATM,50,619,4.3,9001.14,113.23,137,18,46.1,45.52,0,0,0,0
2,0,1,Germany,Mexico City,Utilities,Bank Transfer,Desktop,69,740,1.6,3509.81,149.32,148,21,0.5,12.36,0,0,0,0
21,0,0,USA,Sydney,Fuel,Mobile Payment,Mobile,35,760,5.6,8482.71,62.54,150,20,3.6,15.54,0,0,0,0
16,0,0,UK,Mumbai,Clothing,Bank Transfer,POS Terminal,27,674,8.8,5246.41,55.56,140,23,2.8,13.4,0,0,0,0
0,1,1,USA,Sydney,Crypto Exchange,Mobile Payment,Mobile,30,720,0.4,33267.96,62.47,144,27,31.2,8.52,0,0,0,0
13,0,0,USA,New York,Grocery,Bank Transfer,Desktop,18,850,1.1,5443.11,61.56,143,21,6.5,1.18,0,0,0,0
20,0,0,India,São Paulo,ATM Withdrawal,Mobile Payment,ATM,33,655,2.9,6926.13,182.76,160,28,0.7,15.17,0,0,0,0
22,1,1,Mexico,Osaka,Electronics,Debit Card,Tablet,48,738,2.4,3041.48,610.35,162,18,0.5,22.37,0,0,0,0
23,0,1,Canada,Los Angeles,Fuel,Credit Card,Mobile,45,605,6.9,3213.79,270.76,159,20,23.3,19.3,0,0,0,0
11,1,0,USA,Berlin,ATM Withdrawal,Credit Card,Desktop,34,792,5.3,3565.25,264.41,150,18,11.2,8.88,0,0,0,0
19,0,0,USA,Paris,Healthcare,Cheque,POS Terminal,48,686,4.7,22227.99,7.87,132,35,46.8,18.04,0,1,0,0
13,0,0,Germany,Lyon,Entertainment,Bank Transfer,Mobile,28,728,1.4,3683.17,52.21,158,24,18.3,8.28,0,0,0,0
9,0,0,Canada,Vancouver,ATM Withdrawal,Debit Card,ATM,34,596,6.6,7834.36,472.41,181,17,54.1,4.26,0,0,0,0
11,0,0,USA,Sydney,Fuel,Bank Transfer,ATM,50,694,3.9,5011.03,563.39,154,17,46.0,12.23,0,0,0,0
23,0,1,Japan,Osaka,Healthcare,Credit Card,Desktop,42,487,3.9,2407.74,215.6,169,22,27.0,16.92,0,2,0,0
2,0,1,India,Osaka,Travel,Bank Transfer,Mobile,23,817,18.8,12674.92,731.76,130,17,23.4,18.76,0,0,0,0
9,1,0,UK,São Paulo,Grocery,Debit Card,Mobile,45,611,10.5,6412.55,71.17,162,25,53.2,10.32,1,0,1,0
10,0,0,USA,Osaka,Utilities,Debit Card,Tablet,48,692,1.5,13498.43,34.17,152,16,20.5,1.76,0,2,0,0
15,0,0,USA,Vancouver,Online Shopping,Bank Transfer,Mobile,18,731,0.2,12815.17,4.36,141,19,28.1,0.31,1,0,0,0
1,0,1,Mexico,Sydney,Jewelry,Mobile Payment,Mobile,47,580,1.3,73029.89,288.2,165,17,0.1,7.63,0,1,0,0
11,0,0,Australia,Melbourne,Gaming,Credit Card,Mobile,37,635,5.4,2512.65,44.45,141,27,13.0,0.64,0,0,0,0
2,1,1,USA,Manchester,ATM Withdrawal,Debit Card,Mobile,39,619,7.6,1422.48,54.08,146,23,3.5,6.37,0,0,0,0
12,0,0,USA,Munich,Gaming,Credit Card,Tablet,45,648,11.3,8132.34,51.86,156,16,5.5,9.23,0,0,0,0
7,0,0,Germany,Mumbai,Jewelry,Debit Card,Mobile,23,695,7.3,35534.84,796.48,155,18,1.4,4.59,0,0,0,0
13,0,0,India,Vancouver,Gaming,Credit Card,Mobile,37,682,2.2,4494.29,36.18,141,19,3.4,35.97,0,0,0,0
13,0,0,Canada,Tokyo,Utilities,Debit Card,Mobile,45,643,14.3,4322.24,76.23,161,17,0.3,33.85,0,0,0,0
12,1,0,USA,Sydney,Restaurant,Credit Card,Mobile,43,701,0.1,6633.71,54.51,171,17,14.4,34.15,0,0,0,0
22,0,1,Japan,Manchester,ATM Withdrawal,Cheque,POS Terminal,22,681,1.8,7294.97,262.05,155,19,5.0,1.78,0,0,0,0
19,1,0,France,Mumbai,Education,Credit Card,Desktop,33,629,4.3,12199.2,30.78,138,20,54.3,0.5,0,0,0,0
13,1,0,USA,Munich,Utilities,Debit Card,Desktop,31,618,11.6,6024.26,29.43,148,22,1.1,39.61,0,0,0,0
15,0,0,USA,Paris,ATM Withdrawal,Mobile Payment,Desktop,32,754,0.5,51502.56,41.32,166,14,5.9,19.25,0,5,0,0
13,0,0,Japan,Lyon,Healthcare,Debit Card,Mobile,28,812,4.3,3411.74,33.03,150,22,33.5,1.38,0,0,1,0
21,1,0,France,Sydney,Education,Credit Card,Mobile,51,642,5.2,67293.37,79.83,154,13,34.7,36.23,0,0,0,0
22,0,1,India,Munich,Education,Bank Transfer,Desktop,55,716,2.7,12027.09,128.99,128,19,3.1,16.38,0,0,0,0
10,1,0,USA,London,Crypto Exchange,Debit Card,Desktop,18,735,1.3,16626.4,89.42,135,19,11.1,0.56,1,0,0,0
12,0,0,Canada,Melbourne,Online Shopping,Credit Card,Mobile,54,740,0.5,5458.09,183.19,151,15,9.0,9.76,0,0,0,0
21,1,0,USA,London,ATM Withdrawal,Credit Card,Mobile,58,653,1.7,11971.7,57.78,150,19,33.1,27.69,0,0,0,0
12,0,0,Japan,São Paulo,Utilities,Crypto,Mobile,64,530,2.3,3099.75,128.72,162,10,1.9,4.55,0,0,0,0
7,0,0,USA,Sydney,Healthcare,Credit Card,ATM,55,585,5.5,41624.9,21.9,151,22,12.3,12.71,0,0,0,0
0,0,1,Japan,Paris,Online Shopping,Debit Card,Mobile,43,574,0.6,34216.79,43.1,130,15,68.3,14.34,0,0,0,0
8,0,0,France,Toronto,Restaurant,Bank Transfer,Tablet,37,662,1.2,6258.16,102.34,123,20,3.0,2.59,0,0,1,0
14,1,0,Australia,Guadalajara,Entertainment,Credit Card,Tablet,34,658,4.9,3746.64,33.28,131,22,8.5,0.9,0,0,0,0
9,1,0,USA,London,Online Shopping,Crypto,POS Terminal,53,775,6.2,7902.4,34.67,169,17,13.9,1.23,0,0,0,0
22,0,1,India,Berlin,Grocery,Debit Card,Mobile,20,657,1.2,13045.76,45.44,141,23,23.7,7.84,0,0,0,0
4,0,1,UK,London,Gaming,Debit Card,Mobile,40,634,0.1,329.94,37.35,162,20,4.4,23.89,1,0,0,0
17,0,0,UK,Los Angeles,Entertainment,Credit Card,Mobile,33,552,1.0,102242.49,41.89,160,27,7.3,24.48,0,0,0,0
15,1,0,USA,Osaka,Education,Debit Card,Tablet,39,564,5.3,17083.6,101.44,151,17,6.4,7.6,0,0,0,0
7,0,0,France,Mexico City,Education,Debit Card,Mobile,67,554,1.9,56014.61,87.21,145,19,12.7,27.43,0,0,1,0
10,0,0,USA,Sydney,Utilities,Credit Card,Mobile,73,664,1.8,34096.74,250.6,165,19,10.9,10.07,0,0,0,0
22,1,1,Brazil,Manchester,Healthcare,Credit Card,Desktop,18,760,9.0,8662.36,417.73,160,19,3.0,1.12,1,2,0,1
0,1,1,USA,Mumbai,Jewelry,Debit Card,Mobile,45,662,3.1,722.2,846.8,140,17,3.3,3.15,0,2,0,0
16,1,0,Brazil,Munich,Utilities,Credit Card,ATM,73,710,2.8,19604.16,30.41,148,16,5.8,14.89,1,0,0,0
21,0,0,UK,Berlin,Grocery,Bank Transfer,Mobile,61,672,3.7,965.02,64.34,176,24,28.3,14.18,0,0,0,0
11,1,0,USA,Berlin,ATM Withdrawal,Credit Card,Mobile,37,569,8.0,513.62,157.63,140,25,1.5,18.06,0,0,0,0
3,0,1,Germany,Melbourne,Utilities,Bank Transfer,Mobile,34,660,1.4,11238.16,7.45,146,26,16.2,22.27,0,0,0,0
8,1,0,India,London,Healthcare,Debit Card,Mobile,35,717,1.6,23059.88,14.46,151,15,17.9,16.6,0,0,0,0
8,1,0,Brazil,Mumbai,Crypto Exchange,Credit Card,Mobile,62,581,0.8,5104.56,33.02,145,19,2.0,5.61,0,4,1,0
14,0,0,UK,New York,Clothing,Debit Card,Desktop,37,680,5.2,2193.01,14.24,165,11,1.6,12.52,0,0,0,0
0,1,1,Germany,Vancouver,Clothing,Credit Card,Desktop,47,784,5.3,3276.76,26.46,139,21,29.0,2.45,0,0,0,0
7,1,0,Canada,Vancouver,Grocery,Crypto,Desktop,32,728,2.2,24677.17,510.15,144,14,5.1,3.8,0,0,0,0
16,0,0,France,Mumbai,Education,Credit Card,Tablet,48,850,6.3,5356.83,91.2,148,23,21.2,0.08,0,0,0,1
19,0,0,UK,Munich,Healthcare,Debit Card,Desktop,55,763,30.0,6531.02,94.17,135,24,6.5,18.36,1,0,0,0
23,1,1,UK,Mumbai,Gaming,Credit Card,Mobile,63,755,2.3,5055.03,63.77,154,19,38.8,6.24,0,2,0,1
9,0,0,Japan,Lyon,Education,Debit Card,Mobile,52,692,2.0,6154.13,33.2,134,16,6.3,20.05,0,0,0,0
20,0,0,Germany,Paris,Entertainment,Credit Card,Mobile,55,751,0.1,4625.19,79.57,147,17,24.8,2.24,0,0,0,0
20,1,0,France,Berlin,Online Shopping,Credit Card,Mobile,55,850,10.0,31318.28,21.4,166,26,4.0,24.77,0,0,0,0
8,0,0,UK,Guadalajara,Gaming,Debit Card,Mobile,41,613,1.3,3803.18,339.3,165,20,41.9,0.92,0,0,0,0
6,0,1,Brazil,London,Crypto Exchange,Bank Transfer,Mobile,31,606,10.8,87137.95,13.05,144,13,27.8,3.65,0,1,0,0
9,0,0,UK,Mexico City,Gaming,Credit Card,POS Terminal,62,731,12.1,4242.27,21.09,152,20,23.3,10.25,1,0,0,0
11,0,0,Canada,Toronto,Gaming,Mobile Payment,Mobile,44,737,7.6,5198.97,45.77,150,21,17.0,1.43,0,3,0,0
3,0,1,Mexico,Paris,Utilities,Bank Transfer,Desktop,18,525,4.0,1269.99,19.14,149,24,47.9,9.46,0,0,0,0
6,0,1,USA,Melbourne,Crypto Exchange,Credit Card,Mobile,60,730,1.0,11087.79,61.44,160,19,4.4,10.58,0,0,1,0
0,0,1,India,Los Angeles,Gaming,Credit Card,Tablet,62,619,0.2,1658.09,19.26,152,22,23.2,4.74,0,0,0,0
9,0,0,USA,Guadalajara,Online Shopping,Bank Transfer,Tablet,23,737,8.8,11738.51,310.97,162,23,3.4,8.12,0,0,0,0
16,0,0,USA,New York,Jewelry,Credit Card,Mobile,35,758,7.3,274.77,4017.5,153,23,21.6,2.26,0,1,0,0
16,0,0,Brazil,Tokyo,Travel,Credit Card,Mobile,49,685,9.9,7180.07,1151.9,146,23,17.2,12.73,0,0,0,0
18,0,0,India,London,Grocery,Credit Card,Mobile,29,850,3.3,1688.05,30.17,150,23,4.2,2.14,0,1,0,0
15,0,0,UK,Manchester,Education,Credit Card,ATM,35,595,4.3,23852.42,31.61,144,20,0.3,29.42,0,0,0,0
8,0,0,USA,São Paulo,Crypto Exchange,Bank Transfer,Desktop,39,761,0.1,12083.88,79.16,158,24,14.0,2.74,0,0,0,0
14,0,0,UK,Paris,Online Shopping,Debit Card,ATM,37,543,2.4,8801.17,43.62,152,15,5.7,16.07,0,0,0,0
0,0,1,USA,Mumbai,Healthcare,Mobile Payment,Mobile,31,649,5.6,24852.65,29.67,147,21,18.0,7.4,0,0,0,0
0,1,1,Mexico,Lyon,Electronics,Bank Transfer,ATM,41,695,5.4,3875.29,1259.92,154,16,1.4,4.49,0,0,0,0
3,1,1,USA,Sydney,ATM Withdrawal,Crypto,Mobile,49,579,2.6,10472.56,145.24,152,18,13.8,10.01,0,0,0,0
14,0,0,Brazil,Mumbai,Online Shopping,Crypto,Tablet,59,701,9.9,1135.58,6.6,144,14,20.5,1.86,1,1,0,0
8,1,0,Canada,Mumbai,Grocery,Bank Transfer,Desktop,33,850,8.4,968.62,147.19,159,23,0.9,2.49,0,2,0,0
3,0,1,USA,Osaka,Crypto Exchange,Credit Card,Mobile,59,512,10.5,7576.92,183.56,146,22,39.9,35.15,0,0,0,0
20,0,0,Australia,New York,Fuel,Debit Card,Desktop,30,695,2.6,17887.8,82.9,146,20,3.3,10.22,0,0,0,0
9,0,0,USA,Melbourne,Crypto Exchange,Mobile Payment,Desktop,61,626,3.2,19847.48,54.52,134,19,13.2,4.85,0,0,0,0
23,0,1,USA,New York,Electronics,Crypto,Desktop,85,594,2.2,8471.32,127.26,171,23,57.8,20.66,0,3,0,0
2,0,1,USA,Melbourne,Fuel,Debit Card,POS Terminal,42,584,0.4,6432.92,16.71,162,20,13.7,5.11,0,0,1,0
8,0,0,UK,Rio,Travel,Debit Card,Tablet,34,771,5.9,8358.56,625.84,154,31,14.8,1.44,0,1,0,0
13,0,0,Canada,London,Electronics,Debit Card,Mobile,33,687,0.3,7081.35,615.39,139,26,22.6,3.93,1,0,0,1
23,0,1,Brazil,Mumbai,Electronics,Debit Card,Mobile,21,678,2.4,6992.46,248.23,168,18,9.5,25.06,0,2,0,1
9,1,0,India,Manchester,Jewelry,Credit Card,Mobile,61,796,2.6,1345.99,1337.27,142,16,11.1,19.55,1,1,0,1
19,0,0,USA,São Paulo,ATM Withdrawal,Mobile Payment,Mobile,45,615,3.2,5689.82,44.27,136,20,35.7,45.29,0,0,0,0
11,1,0,UK,Mumbai,Education,Mobile Payment,ATM,42,616,0.1,1752.78,14.78,143,25,80.7,6.72,0,0,0,0
22,1,1,India,Toronto,Grocery,Crypto,Mobile,23,677,5.2,10082.93,26.24,166,18,39.7,25.55,0,0,0,0
2,0,1,Japan,Delhi,Gaming,Credit Card,Mobile,18,584,2.1,2443.08,27.81,158,21,14.2,1.92,0,0,0,0
3,0,1,USA,Sydney,Utilities,Cheque,Mobile,38,622,0.7,7891.3,21.84,134,20,45.7,3.31,0,2,0,0
17,1,0,USA,Melbourne,Education,Debit Card,Mobile,35,745,1.6,3701.47,76.23,151,25,11.6,27.4,0,0,0,0
13,0,0,Japan,Mexico City,Jewelry,Mobile Payment,Mobile,59,843,0.3,13364.61,851.27,144,19,31.4,2.85,0,0,0,0
22,1,1,Canada,Tokyo,Healthcare,Credit Card,Desktop,51,641,3.5,10489.65,36.17,152,18,8.3,2.39,0,0,0,0
15,0,0,Mexico,Rio,Entertainment,Debit Card,Desktop,48,634,1.8,8044.94,13.58,150,14,2.2,13.97,0,0,0,0
14,0,0,France,Rio,Grocery,Mobile Payment,ATM,49,771,1.8,12713.19,114.21,164,19,99.8,8.44,0,0,0,0
22,0,1,USA,Rio,Entertainment,Debit Card,Mobile,55,673,9.4,19694.74,50.37,154,12,4.7,7.93,0,0,0,0
10,0,0,Japan,Mumbai,Online Shopping,Bank Transfer,ATM,54,558,3.8,2020.22,92.51,135,24,16.6,4.03,0,1,0,0
7,1,0,UK,Melbourne,Restaurant,Credit Card,ATM,23,485,2.6,3429.35,26.97,158,13,7.6,12.37,0,0,0,0
13,0,0,USA,Rio,Gaming,Debit Card,Desktop,45,639,5.2,2035.28,58.87,144,26,1.5,10.74,0,0,0,0
17,0,0,USA,Rio,Grocery,Debit Card,Mobile,46,656,16.5,14200.17,182.41,152,20,0.2,23.41,0,3,0,0
1,1,1,USA,Tokyo,Healthcare,Credit Card,Mobile,39,685,1.5,3426.98,7.86,146,14,3.2,1.99,0,0,0,0
4,0,1,UK,Osaka,Travel,Credit Card,Desktop,77,605,6.9,17205.31,6774.31,167,16,26.6,2.39,0,0,0,0
9,0,0,Japan,Osaka,Travel,Credit Card,Desktop,54,775,7.3,8366.92,136.71,150,17,53.5,4.19,0,0,1,0
16,0,0,USA,Paris,Jewelry,Credit Card,ATM,66,735,1.5,4844.52,308.12,167,28,6.7,1.52,0,0,0,0
22,0,1,Australia,Tokyo,Jewelry,Mobile Payment,POS Terminal,44,761,1.1,19188.52,2265.47,151,23,44.1,14.92,0,1,1,0
14,0,0,Brazil,Rio,Education,Bank Transfer,ATM,49,628,5.2,19039.54,7.32,152,16,6.6,2.79,0,1,0,0
9,1,0,India,Toronto,Fuel,Debit Card,Mobile,55,770,2.8,27546.6,92.3,149,24,0.2,14.78,0,2,0,0
6,0,1,UK,Munich,Entertainment,Debit Card,Mobile,79,626,8.2,4007.44,18.76,146,19,21.9,7.04,1,0,0,0
6,0,1,Japan,Guadalajara,Gaming,Bank Transfer,Tablet,50,743,7.4,2911.17,39.93,139,25,40.0,1.22,0,0,0,0
10,0,0,Mexico,Tokyo,Education,Credit Card,Desktop,42,754,0.8,6762.54,48.3,159,19,36.7,13.1,0,0,0,0
9,0,0,Japan,London,Restaurant,Debit Card,Mobile,56,691,0.8,2996.89,78.16,131,19,34.8,15.77,0,1,0,0
9,1,0,France,Rio,Restaurant,Credit Card,Mobile,40,703,1.8,29617.3,41.6,158,17,4.6,29.75,1,0,0,0
16,0,0,UK,New York,Travel,Credit Card,Tablet,53,727,4.5,10321.53,78.26,164,24,7.5,13.88,0,0,0,0
13,1,0,Mexico,Melbourne,Grocery,Credit Card,Tablet,55,690,2.0,2620.97,9.94,153,17,30.5,20.52,0,1,0,0
13,0,0,USA,Mumbai,Jewelry,Debit Card,Mobile,18,737,8.4,13804.28,154.93,154,23,13.8,1.85,0,0,1,0
22,0,1,Canada,Mumbai,Fuel,Debit Card,ATM,60,784,2.4,5548.75,23.74,142,19,16.3,9.12,0,1,0,0
13,0,0,USA,Rio,Restaurant,Bank Transfer,Desktop,41,632,1.2,10503.07,47.26,174,18,2.9,11.07,0,0,0,0
12,0,0,Australia,New York,Grocery,Credit Card,Desktop,58,666,2.0,7290.79,26.45,143,20,35.5,11.07,0,0,0,0
11,0,0,Germany,New York,Jewelry,Debit Card,POS Terminal,27,745,5.5,41521.41,414.53,153,18,5.0,0.04,0,0,0,0
18,0,0,USA,Rio,Healthcare,Debit Card,POS Terminal,36,700,17.1,4705.78,29.87,163,20,2.0,0.67,0,0,0,0
1,1,1,Germany,Delhi,Gaming,Credit Card,Tablet,55,686,5.7,1607.42,175.53,151,13,30.5,6.97,1,0,0,0
17,0,0,USA,New York,Crypto Exchange,Credit Card,Mobile,70,485,4.9,759.39,75.98,153,26,18.6,4.54,1,0,0,0
12,0,0,Canada,Mexico City,Clothing,Debit Card,Desktop,43,642,1.3,11518.32,31.15,137,22,10.2,5.34,0,0,0,0
22,1,1,France,Delhi,Fuel,Credit Card,Mobile,42,602,6.9,1378.51,30.94,139,14,34.5,5.73,0,0,0,0
14,1,0,Japan,Guadalajara,Healthcare,Credit Card,Mobile,19,595,0.9,15515.25,95.28,142,21,11.5,10.04,0,0,0,0
2,1,1,USA,São Paulo,Clothing,Credit Card,ATM,18,597,9.5,105474.7,80.77,160,26,23.5,11.22,0,0,1,0
2,0,1,India,Los Angeles,ATM Withdrawal,Bank Transfer,Mobile,52,648,0.8,30796.84,62.34,127,23,4.3,4.49,0,0,0,0
1,0,1,UK,Melbourne,Healthcare,Crypto,Desktop,21,656,1.3,17169.67,49.17,145,16,5.1,10.88,0,0,0,0
0,0,1,France,Mexico City,Grocery,Debit Card,Tablet,47,743,1.9,713.9,249.24,134,19,1.5,13.7,0,0,0,0
4,0,1,Japan,Mexico City,Gaming,Credit Card,Tablet,26,567,2.9,12775.16,43.63,139,23,52.7,10.14,1,0,0,1
18,0,0,Canada,Munich,Travel,Mobile Payment,Mobile,18,695,0.8,4379.46,944.1,170,21,19.4,22.35,0,0,0,0
6,0,1,Japan,New York,Education,Bank Transfer,POS Terminal,18,490,6.9,4602.8,22.07,157,16,23.0,35.13,0,0,1,0
7,0,0,Japan,Mumbai,Electronics,Crypto,POS Terminal,45,621,16.1,7801.43,72.92,152,19,16.0,13.35,0,0,0,0
13,0,0,Germany,Melbourne,ATM Withdrawal,Bank Transfer,POS Terminal,18,445,2.2,17002.52,128.75,149,16,1.8,5.89,0,0,0,0
13,0,0,UK,Melbourne,Education,Cheque,Desktop,65,748,8.5,22200.65,10.65,144,19,28.2,26.94,0,0,0,0
13,1,0,Canada,London,Crypto Exchange,Debit Card,Desktop,32,730,2.7,11850.88,20.37,156,20,84.6,12.0,0,0,0,0
14,1,0,Brazil,Mexico City,Clothing,Bank Transfer,Mobile,18,703,12.3,42198.8,396.61,154,14,31.0,3.65,1,0,0,1
14,0,0,USA,Munich,Entertainment,Credit Card,POS Terminal,55,499,7.8,449.62,51.1,166,19,42.5,12.8,0,0,0,1
12,1,0,France,São Paulo,Travel,Debit Card,POS Terminal,52,700,0.9,13338.85,167.05,161,13,30.3,0.61,0,0,0,0
7,0,0,Canada,Manchester,Grocery,Bank Transfer,Mobile,54,582,9.8,50848.43,53.22,152,20,5.5,8.97,0,0,0,0
3,0,1,USA,New York,Gaming,Debit Card,Mobile,50,496,10.1,10267.85,5.88,160,12,41.6,7.19,0,0,0,0
6,0,1,Brazil,Toronto,Utilities,Credit Card,Mobile,18,710,10.0,219959.58,39.95,131,26,1.1,24.33,0,5,0,0
14,0,0,Australia,Lyon,Fuel,Bank Transfer,Desktop,69,770,5.0,64248.44,41.87,171,17,1.1,11.67,0,0,0,0
2,0,1,Australia,New York,Healthcare,Bank Transfer,Mobile,29,705,3.9,8615.07,204.55,139,23,2.7,10.79,1,0,0,0
6,0,1,France,Tokyo,Travel,Debit Card,Mobile,46,715,4.4,67663.96,97.34,154,17,2.7,49.72,0,0,0,0
17,1,0,USA,Berlin,Entertainment,Bank Transfer,POS Terminal,52,676,22.7,1265.37,15.1,130,27,30.9,9.17,1,0,0,0
20,0,0,USA,Toronto,Education,Cheque,Mobile,45,720,2.6,13034.75,84.26,153,23,0.2,25.16,0,0,0,0
0,0,1,France,São Paulo,Fuel,Mobile Payment,Mobile,30,716,0.5,7792.18,203.38,147,20,8.8,10.22,0,0,0,0
21,0,0,Japan,Los Angeles,Electronics,Debit Card,POS Terminal,61,715,2.9,5929.09,472.1,121,23,1.6,4.97,0,0,0,0
3,0,1,USA,Berlin,Gaming,Credit Card,Desktop,45,564,2.5,3593.48,10.75,149,12,46.8,24.34,0,0,0,0
22,0,1,USA,Lyon,Clothing,Debit Card,Desktop,62,758,1.4,7399.34,186.03,142,18,23.6,3.34,0,2,0,0
10,0,0,India,Melbourne,Utilities,Debit Card,Desktop,68,642,1.6,4425.36,169.58,161,21,1.3,6.79,0,0,0,0
22,0,1,USA,Lyon,Jewelry,Debit Card,Mobile,57,645,0.3,30759.72,712.02,157,18,2.6,10.3,0,0,0,0
8,0,0,Brazil,Toronto,Grocery,Debit Card,Mobile,22,678,4.9,19122.97,142.08,132,22,20.2,30.17,0,0,0,0
4,0,1,Brazil,Tokyo,Education,Debit Card,POS Terminal,26,714,2.3,5419.05,202.03,147,19,23.8,27.61,0,1,1,1
9,0,0,India,Vancouver,Education,Bank Transfer,Mobile,25,562,2.1,2800.94,11.53,139,16,36.5,16.56,0,1,0,0
8,0,0,India,Mumbai,Restaurant,Bank Transfer,Tablet,46,724,1.6,5142.57,310.23,152,16,5.6,1.01,1,0,0,0
12,1,0,USA,New York,Electronics,Debit Card,Desktop,59,491,5.5,11732.14,454.31,162,19,1.3,1.55,0,0,0,0
5,1,1,Brazil,Tokyo,Gaming,Debit Card,Mobile,35,679,5.3,2982.82,14.13,188,14,26.3,18.36,0,0,0,0
0,0,1,India,Tokyo,Jewelry,Credit Card,Mobile,31,710,1.8,45989.88,508.63,158,20,8.5,0.77,1,0,0,0
9,0,0,USA,Paris,Electronics,Credit Card,Mobile,45,653,2.1,4220.94,226.48,158,19,2.7,1.03,1,0,0,0
16,0,0,France,Munich,ATM Withdrawal,Credit Card,Mobile,51,648,10.2,29021.63,20.79,148,25,24.0,19.46,0,0,0,0
12,1,0,USA,São Paulo,Gaming,Credit Card,ATM,36,707,0.9,4691.58,40.02,138,20,24.9,15.19,0,0,0,0
2,0,1,USA,Delhi,Healthcare,Mobile Payment,Mobile,54,689,14.3,3502.88,47.78,141,21,18.4,11.5,1,0,0,0
2,0,1,Japan,Tokyo,ATM Withdrawal,Credit Card,ATM,47,738,5.5,48940.4,95.58,146,20,20.1,1.54,1,0,0,0
21,1,0,India,Vancouver,Travel,Cheque,ATM,29,593,2.6,7135.25,1165.48,112,24,22.8,11.38,1,4,0,0
1,0,1,India,Los Angeles,Entertainment,Debit Card,Tablet,27,736,0.9,25438.4,54.12,132,13,99.5,1.11,1,0,0,0
3,0,1,Japan,Lyon,Grocery,Credit Card,Mobile,29,563,6.9,15784.76,138.35,153,21,45.8,55.18,0,0,0,0
21,0,0,Germany,Melbourne,Jewelry,Debit Card,Mobile,33,670,11.2,25253.7,349.62,171,24,0.8,20.71,0,0,0,0
21,0,0,Canada,Vancouver,Electronics,Crypto,Mobile,37,633,0.2,6064.64,6362.55,132,20,40.9,8.31,0,1,0,0
1,0,1,Mexico,Tokyo,Travel,Credit Card,Tablet,50,618,6.6,2247.47,131.51,122,20,12.8,2.3,1,0,0,1
19,0,0,Germany,Toronto,Electronics,Debit Card,Mobile,56,713,12.3,18809.1,267.47,154,22,46.9,9.39,1,2,0,1
10,1,0,UK,Munich,Healthcare,Credit Card,Mobile,41,684,2.4,5775.47,50.13,133,15,4.0,57.23,0,0,0,0
18,0,0,Germany,Osaka,Restaurant,Credit Card,Mobile,23,587,0.2,646.67,101.03,148,20,13.0,10.54,0,0,0,0
21,1,0,UK,New York,Electronics,Credit Card,Mobile,38,569,9.1,15770.31,84.33,168,27,36.5,7.23,0,0,0,0
22,0,1,USA,Manchester,Jewelry,Credit Card,Mobile,32,712,6.5,3994.48,689.8,140,14,6.4,30.84,0,0,0,0
20,0,0,UK,Osaka,Jewelry,Credit Card,Desktop,30,479,4.2,8785.01,152.6,144,14,85.1,0.38,0,0,0,0
2,0,1,Mexico,Vancouver,Healthcare,Crypto,Mobile,42,648,1.7,10802.44,8.45,110,19,22.6,54.01,0,0,0,0
6,0,1,France,Guadalajara,Fuel,Debit Card,ATM,66,681,12.6,3579.69,73.89,129,18,29.4,9.68,1,0,0,0
18,0,0,Japan,Lyon,Online Shopping,Debit Card,POS Terminal,68,572,5.1,3811.24,16.3,156,27,50.0,31.72,0,0,0,0
3,1,1,Canada,Sydney,ATM Withdrawal,Credit Card,POS Terminal,29,690,0.5,16914.28,44.34,144,22,80.0,6.64,0,0,0,0
14,0,0,Brazil,Vancouver,Grocery,Bank Transfer,Tablet,67,653,3.7,9201.82,23.88,165,17,36.3,5.61,0,0,0,0
20,0,0,Brazil,London,Utilities,Debit Card,Mobile,72,768,10.4,6407.91,44.93,137,22,12.5,28.53,0,0,0,0
22,0,1,Japan,Vancouver,Online Shopping,Debit Card,Tablet,36,612,0.8,9508.53,33.41,167,17,12.6,3.44,0,2,0,0
5,0,1,Brazil,Sydney,Online Shopping,Debit Card,Desktop,35,733,3.3,2057.82,146.04,156,26,43.1,12.7,0,0,0,0
13,0,0,Mexico,Los Angeles,ATM Withdrawal,Credit Card,Mobile,52,610,1.2,3620.39,37.8,151,30,2.1,49.49,0,0,0,0
0,0,1,Germany,Osaka,Grocery,Credit Card,Mobile,49,639,0.2,3872.21,194.3,156,13,44.8,7.74,0,0,0,0
19,0,0,USA,Melbourne,Gaming,Debit Card,POS Terminal,40,621,3.0,1900.99,46.95,150,30,5.0,1.76,0,0,0,0
4,0,1,USA,São Paulo,ATM Withdrawal,Debit Card,Desktop,46,604,9.7,6966.49,63.62,154,24,4.2,34.51,0,1,0,0
14,0,0,Mexico,Tokyo,Healthcare,Credit Card,Mobile,18,788,8.9,3868.27,25.11,159,20,10.4,15.72,1,0,0,0
12,1,0,USA,Los Angeles,Clothing,Credit Card,Desktop,26,626,4.7,8480.43,19.65,154,18,27.7,12.77,1,0,0,0
15,0,0,Brazil,Tokyo,Clothing,Debit Card,Mobile,40,783,1.6,12857.66,260.6,152,17,1.1,3.33,0,0,1,1
23,0,1,Japan,São Paulo,Gaming,Debit Card,Mobile,61,742,0.4,28889.92,70.87,156,17,38.1,3.72,0,0,0,0
15,0,0,UK,London,Healthcare,Bank Transfer,Desktop,40,601,0.1,25488.32,67.95,151,27,13.5,12.5,0,0,0,0
16,0,0,India,Manchester,Online Shopping,Credit Card,ATM,50,668,0.1,3211.74,31.95,135,14,7.8,29.92,0,0,0,0
4,0,1,Brazil,Melbourne,Utilities,Debit Card,ATM,43,712,2.3,101454.45,33.03,152,14,50.8,2.35,1,0,0,0
22,1,1,USA,Delhi,Gaming,Credit Card,Tablet,35,684,3.0,10775.6,53.34,146,15,20.6,15.54,0,0,0,0
7,1,0,Mexico,New York,Education,Credit Card,Tablet,45,748,5.8,2175.89,71.05,160,21,0.7,1.14,0,0,0,0
9,1,0,USA,Tokyo,Grocery,Debit Card,Mobile,49,600,6.3,2374.55,34.93,158,24,12.3,10.05,0,0,0,0
6,0,1,France,Toronto,Entertainment,Credit Card,Tablet,37,657,0.6,9298.3,100.1,151,29,19.0,6.55,1,0,0,0
6,0,1,Mexico,Munich,Education,Debit Card,Mobile,40,717,2.8,77773.96,75.02,162,19,10.6,34.96,0,0,0,0
11,0,0,UK,São Paulo,Crypto Exchange,Debit Card,Mobile,35,755,0.7,2541.87,4.13,111,21,14.7,4.56,0,0,0,0
8,0,0,UK,Tokyo,Jewelry,Mobile Payment,Desktop,24,629,2.0,12388.41,733.63,148,30,3.8,2.79,0,0,0,0
8,1,0,USA,New York,Electronics,Debit Card,Mobile,44,694,2.5,14394.58,383.56,153,23,15.0,4.9,0,0,0,1
7,0,0,USA,Paris,Healthcare,Debit Card,Mobile,36,582,21.5,3286.36,17.93,154,27,4.2,33.96,1,0,0,0
12,0,0,France,Lyon,Utilities,Cheque,Mobile,36,850,5.5,14954.24,217.69,171,17,10.0,12.01,0,0,0,0
15,0,0,USA,Lyon,Travel,Debit Card,POS Terminal,52,687,30.0,2744.56,495.72,143,15,40.8,9.02,0,0,0,0
0,1,1,UK,Mumbai,Crypto Exchange,Bank Transfer,Desktop,61,748,7.2,25276.45,132.06,154,24,26.3,5.26,0,0,0,0
13,0,0,Japan,Guadalajara,Online Shopping,Credit Card,POS Terminal,50,607,10.2,47530.69,29.03,165,23,29.3,21.13,0,0,0,0
14,0,0,USA,Mexico City,Online Shopping,Cheque,Mobile,50,677,4.3,805.37,178.25,168,21,7.0,13.78,0,0,0,0
21,0,0,UK,Berlin,Grocery,Bank Transfer,Tablet,33,634,1.6,1573.61,243.17,144,20,16.5,8.04,0,0,0,0
15,0,0,India,Berlin,Education,Credit Card,Mobile,40,619,3.8,4918.76,64.81,142,19,37.0,16.35,0,0,0,0
14,0,0,USA,Osaka,Travel,Mobile Payment,Mobile,29,697,4.3,9725.29,116.94,147,22,14.0,0.71,0,0,0,0
21,1,0,Germany,Osaka,ATM Withdrawal,Debit Card,Tablet,69,599,6.6,1010.6,187.32,136,19,34.4,1.26,0,0,0,0
9,1,0,Germany,São Paulo,Fuel,Debit Card,Desktop,40,785,3.8,12219.76,52.24,144,28,9.8,21.52,0,0,1,0
20,0,0,Canada,Paris,Online Shopping,Debit Card,Mobile,61,656,0.4,3406.26,82.03,172,19,70.4,16.56,0,0,0,0
22,0,1,UK,Munich,Grocery,Debit Card,ATM,74,653,7.3,8839.92,7.1,153,14,28.2,5.77,1,0,0,0
20,0,0,Mexico,Mexico City,ATM Withdrawal,Debit Card,Desktop,40,658,13.6,6855.07,65.32,138,25,14.7,34.22,0,0,0,0
21,0,0,USA,Rio,Healthcare,Credit Card,Desktop,20,727,3.1,4446.69,112.37,158,19,35.7,6.74,0,0,0,0
15,0,0,Canada,Rio,Fuel,Credit Card,Tablet,53,620,2.4,880.4,68.42,152,23,43.8,7.63,0,2,0,0
23,1,1,France,Berlin,Electronics,Credit Card,ATM,44,639,9.4,26966.31,213.63,135,13,1.0,0.19,0,0,0,0
6,0,1,USA,Mumbai,Jewelry,Credit Card,Mobile,67,670,8.4,11918.25,585.45,162,23,0.5,22.84,0,0,1,1
23,0,1,USA,São Paulo,Restaurant,Debit Card,Mobile,59,622,4.7,6870.87,69.93,176,23,103.0,10.88,0,3,0,0
11,1,0,USA,New York,Fuel,Bank Transfer,Mobile,32,581,3.6,1827.46,21.84,168,21,19.2,5.4,0,0,0,0
13,1,0,USA,Toronto,Jewelry,Mobile Payment,Tablet,44,524,1.3,2671.21,367.62,145,13,24.4,8.94,0,0,0,0
7,0,0,USA,São Paulo,Travel,Debit Card,Tablet,23,803,8.9,84094.26,110.36,144,20,9.8,16.4,0,0,0,0
2,0,1,India,Tokyo,Entertainment,Bank Transfer,Desktop,31,795,1.8,3042.05,254.6,168,22,9.9,8.2,0,0,0,0
8,1,0,USA,Mumbai,Gaming,Bank Transfer,Desktop,26,732,1.7,7355.86,12.46,136,26,31.1,10.74,1,0,0,0
23,1,1,Germany,Vancouver,Electronics,Cheque,ATM,18,611,7.1,937.57,449.0,149,26,2.3,25.76,0,0,0,0
3,1,1,UK,São Paulo,Fuel,Cheque,Desktop,35,764,0.2,4206.65,26.33,163,24,72.2,11.96,0,1,0,0
11,0,0,USA,São Paulo,Clothing,Credit Card,Mobile,50,642,4.6,2933.7,121.69,154,23,10.3,3.77,0,0,0,0
16,0,0,Mexico,Mexico City,Restaurant,Debit Card,Mobile,29,684,1.0,9810.91,170.55,153,21,3.9,22.15,0,0,1,0
7,0,0,UK,Guadalajara,Healthcare,Credit Card,Mobile,61,716,5.9,1621.22,19.79,143,21,10.2,3.64,0,0,0,0
10,0,0,USA,Mumbai,Utilities,Debit Card,Desktop,55,721,4.2,3091.83,10.24,143,22,41.7,14.09,0,0,0,0
21,0,0,USA,Mumbai,Healthcare,Bank Transfer,Mobile,44,689,2.5,18960.36,50.57,141,17,2.7,3.79,1,0,0,0
19,0,0,Brazil,Munich,Gaming,Debit Card,Mobile,44,591,12.5,65767.11,9.32,158,17,0.6,22.5,0,0,0,0
8,0,0,Germany,Tokyo,Entertainment,Debit Card,POS Terminal,18,707,5.7,5130.84,319.56,135,15,1.9,27.12,0,0,0,0
22,1,1,Germany,Toronto,Clothing,Debit Card,Mobile,51,623,0.4,5720.96,90.77,128,21,15.5,1.28,0,0,0,0
6,0,1,USA,Paris,Education,Mobile Payment,Mobile,39,606,6.2,6519.46,138.0,136,18,1.5,13.35,0,0,0,0
22,0,1,UK,London,Restaurant,Credit Card,POS Terminal,32,747,5.9,35186.29,101.27,151,24,43.0,17.1,0,0,0,0
7,0,0,USA,Vancouver,Utilities,Mobile Payment,ATM,34,638,9.5,12520.0,70.54,148,15,6.6,16.45,0,0,0,0
11,0,0,Germany,Berlin,Education,Credit Card,Desktop,26,535,1.0,4498.38,22.51,158,17,4.3,34.44,0,1,0,0
6,0,1,India,Delhi,Gaming,Credit Card,Mobile,63,723,20.2,4428.73,50.57,180,22,13.6,0.95,0,0,0,0
7,0,0,USA,Mumbai,Online Shopping,Debit Card,POS Terminal,49,690,2.3,18219.43,346.77,152,15,15.8,0.25,0,0,0,0
11,0,0,UK,Rio,ATM Withdrawal,Credit Card,Mobile,54,680,0.1,2885.32,119.14,169,23,10.5,30.62,0,0,0,0
15,0,0,Canada,Munich,Travel,Debit Card,Desktop,75,618,13.3,15014.88,713.33,145,16,6.7,6.83,0,0,0,0
12,1,0,USA,Sydney,Online Shopping,Debit Card,Mobile,43,713,1.8,41183.8,311.51,170,22,31.7,0.99,0,0,0,0
20,0,0,Australia,Manchester,Education,Cheque,POS Terminal,27,655,0.9,2273.1,86.96,174,26,6.4,9.89,0,0,0,0
15,1,0,Japan,Delhi,Utilities,Mobile Payment,ATM,59,596,1.4,17780.77,12.93,135,23,35.6,16.84,1,1,0,0
14,0,0,Japan,Osaka,Restaurant,Credit Card,Mobile,27,557,0.1,2949.12,34.74,159,28,3.8,12.69,0,0,0,0
22,0,1,USA,New York,Electronics,Credit Card,Mobile,25,776,3.6,4647.48,1516.01,159,14,7.0,5.97,0,0,0,0
13,0,0,France,Rio,ATM Withdrawal,Mobile Payment,Desktop,45,642,0.4,3541.58,32.57,145,21,59.6,17.56,0,0,0,0
21,0,0,USA,Osaka,Utilities,Bank Transfer,Tablet,30,701,2.0,50585.53,47.09,169,18,26.1,15.18,0,0,0,0
8,0,0,UK,Vancouver,Education,Debit Card,Mobile,34,550,2.8,14468.54,10.18,141,21,2.8,5.2,0,0,0,0
0,1,1,USA,Sydney,Electronics,Bank Transfer,Mobile,47,626,2.9,4087.16,242.21,153,24,7.3,0.69,0,0,0,0
14,1,0,USA,Toronto,Healthcare,Debit Card,Desktop,46,635,5.4,26675.31,135.97,141,25,12.5,0.84,0,1,0,0
14,1,0,Germany,Tokyo,Jewelry,Credit Card,Mobile,48,703,0.3,5891.99,1319.17,153,24,6.6,0.4,0,0,0,0
21,0,0,USA,New York,Restaurant,Debit Card,Desktop,44,831,7.0,35889.55,106.93,158,21,0.9,28.76,0,0,0,0
17,1,0,Mexico,Munich,ATM Withdrawal,Credit Card,Mobile,32,729,8.2,1515.33,106.63,151,25,10.1,8.34,0,0,0,0
17,0,0,Japan,Mumbai,Utilities,Debit Card,Desktop,18,743,0.1,15661.92,27.88,172,13,2.9,0.61,0,2,1,0
3,1,1,Germany,Toronto,Gaming,Mobile Payment,Desktop,22,516,7.3,3312.62,11.43,153,23,9.5,3.91,0,0,0,0
10,0,0,USA,Tokyo,Restaurant,Debit Card,Desktop,52,763,0.2,3355.14,134.7,144,21,11.1,5.33,0,0,0,0
20,1,0,Germany,Melbourne,Crypto Exchange,Cheque,Mobile,33,663,2.4,7177.12,12.6,137,17,19.8,0.63,0,0,0,0
20,0,0,UK,Sydney,Education,Credit Card,POS Terminal,35,735,8.5,12850.43,61.87,147,24,13.2,2.6,1,0,0,0
16,0,0,UK,Osaka,Travel,Bank Transfer,Desktop,18,676,6.7,15029.03,68.89,148,27,20.8,2.82,0,0,1,0
10,0,0,Japan,Guadalajara,ATM Withdrawal,Credit Card,Tablet,53,650,0.8,9496.69,39.02,145,17,7.9,16.75,0,5,0,0
18,1,0,Brazil,Toronto,Entertainment,Bank Transfer,Mobile,63,717,17.4,2400.86,138.9,162,24,3.2,0.82,0,0,0,0
9,1,0,India,Toronto,Jewelry,Debit Card,Mobile,50,777,13.5,26249.81,547.56,163,24,8.6,4.76,0,0,0,0
0,1,1,India,New York,Travel,Bank Transfer,POS Terminal,31,725,9.9,37958.91,1202.96,160,25,0.4,14.0,0,0,0,0
18,0,0,France,Toronto,Clothing,Credit Card,ATM,18,753,10.2,24446.65,36.27,145,24,2.8,6.44,0,0,1,0
1,1,1,France,Paris,Crypto Exchange,Debit Card,Mobile,18,717,1.8,4594.31,102.17,143,27,0.8,8.2,0,0,0,0
1,0,1,Australia,Sydney,Travel,Debit Card,ATM,40,638,0.4,19902.4,320.28,141,19,12.7,4.62,0,0,0,0
8,0,0,UK,Lyon,ATM Withdrawal,Mobile Payment,Mobile,31,603,0.7,15089.88,19.35,157,17,83.1,0.03,0,0,0,0
13,1,0,USA,Sydney,Clothing,Bank Transfer,Desktop,51,731,22.5,15706.87,13.14,132,12,8.5,10.29,0,0,0,0
22,1,1,USA,Munich,Jewelry,Bank Transfer,Tablet,53,648,1.4,6354.4,338.68,165,21,0.2,16.19,0,0,0,0
14,1,0,Mexico,Paris,Travel,Mobile Payment,Mobile,24,594,0.2,1736.6,688.48,175,26,25.3,18.0,0,0,0,0
10,0,0,France,São Paulo,Gaming,Debit Card,Tablet,44,741,0.1,1129.84,2.28,135,19,11.9,7.97,1,0,0,0
5,0,1,India,Vancouver,Entertainment,Credit Card,Tablet,59,624,2.5,40913.12,31.68,142,21,5.8,0.86,0,0,0,0
10,0,0,Brazil,Lyon,ATM Withdrawal,Debit Card,ATM,49,740,3.6,6572.84,91.05,172,15,26.9,0.51,0,0,0,0
16,0,0,USA,Mumbai,ATM Withdrawal,Bank Transfer,Tablet,49,660,0.1,18970.44,205.72,157,17,8.0,8.88,0,0,0,0
14,0,0,Canada,Rio,Utilities,Credit Card,Tablet,25,684,1.5,8079.19,55.48,156,19,3.3,1.09,0,0,0,0
21,1,0,Germany,Osaka,Crypto Exchange,Crypto,Desktop,45,779,1.8,5972.91,126.72,145,21,2.8,3.45,0,0,0,0
5,0,1,India,São Paulo,Entertainment,Credit Card,Desktop,19,670,2.0,2104.07,35.54,148,20,32.3,14.82,0,1,0,0
12,0,0,Mexico,Vancouver,Entertainment,Bank Transfer,Desktop,36,448,6.0,8311.81,93.3,171,26,17.9,8.35,0,0,0,0
23,0,1,Brazil,Delhi,Travel,Bank Transfer,Mobile,53,734,1.6,22077.19,2456.72,155,20,15.3,19.13,0,0,0,0
9,1,0,USA,Paris,Travel,Crypto,Mobile,39,840,0.1,3925.4,421.62,130,25,5.2,44.6,0,0,0,0
23,0,1,USA,Berlin,Crypto Exchange,Mobile Payment,Tablet,36,692,0.9,1734.36,31.05,149,14,26.4,8.47,0,1,0,0
5,1,1,UK,Paris,Jewelry,Credit Card,POS Terminal,47,608,7.1,15382.52,389.62,162,23,78.1,4.52,0,0,0,0
8,0,0,UK,Tokyo,Grocery,Bank Transfer,Mobile,55,687,7.7,48064.9,59.53,134,18,1.0,4.57,0,0,0,0
10,0,0,UK,São Paulo,Electronics,Debit Card,ATM,46,633,4.8,3576.16,178.75,158,22,1.6,16.83,0,0,0,0
11,0,0,USA,São Paulo,Jewelry,Debit Card,Desktop,43,650,18.0,5416.13,869.45,146,22,19.8,3.19,0,0,0,0
19,0,0,UK,Vancouver,Healthcare,Mobile Payment,Desktop,18,787,0.7,5023.61,20.93,155,21,18.2,12.45,0,0,0,0
13,0,0,UK,Guadalajara,Utilities,Bank Transfer,Mobile,61,584,0.7,5181.63,84.43,158,16,45.1,8.91,0,0,0,0
17,0,0,Canada,Osaka,ATM Withdrawal,Debit Card,Mobile,23,615,2.7,14139.51,14.62,124,24,7.7,12.23,0,0,0,0
10,0,0,India,Osaka,Education,Bank Transfer,ATM,27,734,6.0,2818.57,13.1,137,25,65.5,46.32,0,1,0,0
1,0,1,USA,London,Utilities,Credit Card,Mobile,45,732,1.6,5991.6,15.88,162,18,17.7,11.95,0,0,0,1
13,0,0,Canada,Osaka,Crypto Exchange,Mobile Payment,Mobile,64,566,3.0,146956.18,68.63,164,25,30.3,12.92,0,0,0,1
11,1,0,Mexico,Manchester,Clothing,Crypto,Mobile,47,652,0.4,6294.34,65.78,153,21,5.7,25.59,0,3,0,0
18,0,0,India,Munich,Entertainment,Mobile Payment,Mobile,47,725,4.2,4478.01,25.91,136,22,49.6,11.44,0,0,0,0
23,0,1,France,Manchester,Healthcare,Cheque,Tablet,54,613,1.6,12147.69,8.49,154,20,38.7,31.24,1,0,0,0
12,0,0,USA,Toronto,Online Shopping,Bank Transfer,Desktop,39,670,29.3,2123.05,78.07,144,18,9.8,3.7,0,1,0,0
18,0,0,India,Rio,Entertainment,Credit Card,Mobile,26,707,2.0,11294.35,203.98,136,32,53.1,27.15,0,1,0,0
11,0,0,USA,Berlin,Online Shopping,Debit Card,Desktop,19,755,2.1,8451.6,10.34,161,20,31.4,17.41,0,0,0,0
15,0,0,Germany,Vancouver,Travel,Debit Card,Mobile,63,850,2.5,23260.44,664.67,154,17,18.9,5.06,0,0,0,0
6,0,1,USA,Rio,Crypto Exchange,Mobile Payment,Mobile,43,756,12.8,4011.03,19.48,149,23,29.0,5.55,0,0,0,0
10,0,0,USA,Los Angeles,Jewelry,Credit Card,Mobile,58,771,1.7,1819.84,168.9,144,24,4.7,15.7,0,1,0,0
9,0,0,Japan,Delhi,Electronics,Credit Card,Desktop,41,718,8.9,17007.75,524.66,157,29,14.3,2.1,0,1,0,0
10,0,0,Japan,Vancouver,Gaming,Debit Card,Tablet,62,531,16.3,4511.74,26.48,176,17,21.1,5.93,0,0,0,0
7,0,0,France,Lyon,Jewelry,Credit Card,Mobile,46,718,7.4,86081.26,139.39,153,21,38.0,1.28,0,3,0,0
23,0,1,India,Vancouver,Clothing,Mobile Payment,Mobile,28,636,1.6,10446.98,32.83,150,18,1.1,28.55,0,5,0,0
7,1,0,Brazil,New York,Education,Cheque,Mobile,52,624,6.3,97148.36,224.02,164,27,6.2,12.71,1,0,0,0
7,0,0,Germany,New York,Fuel,Debit Card,Desktop,44,667,4.7,8866.47,35.16,171,15,4.2,21.87,0,0,0,0
21,0,0,USA,Osaka,Gaming,Bank Transfer,ATM,37,594,14.5,30908.23,120.13,153,23,5.6,7.31,0,0,0,0
14,1,0,USA,Guadalajara,Gaming,Bank Transfer,Tablet,53,759,3.8,7347.24,455.87,143,21,2.4,35.38,0,0,0,0
1,0,1,USA,Munich,Utilities,Mobile Payment,ATM,27,792,4.4,48781.1,39.46,140,19,6.7,6.57,1,0,0,0
11,1,0,USA,Delhi,Travel,Debit Card,POS Terminal,34,791,1.6,27203.8,71.89,170,20,43.3,1.5,0,0,0,0
22,1,1,Germany,New York,Jewelry,Credit Card,Desktop,21,522,2.2,2320.1,357.2,150,17,8.7,3.44,0,1,0,1
3,1,1,Canada,Lyon,Gaming,Credit Card,Mobile,42,706,0.9,1601.33,230.47,138,30,11.3,6.59,0,0,0,0
0,0,1,Canada,Vancouver,Utilities,Debit Card,Mobile,58,850,2.1,10276.53,50.09,144,22,19.5,29.12,0,0,0,0
18,0,0,France,Munich,Education,Bank Transfer,ATM,48,605,2.5,11819.81,125.71,147,24,14.5,0.45,1,1,0,0
16,1,0,Germany,Osaka,Fuel,Bank Transfer,Desktop,46,658,2.6,12917.56,39.74,140,14,3.6,4.68,0,0,0,0
1,0,1,UK,Los Angeles,ATM Withdrawal,Credit Card,Mobile,21,676,3.3,105498.55,21.03,148,22,6.3,5.79,0,3,0,0
19,0,0,Canada,Mexico City,Fuel,Mobile Payment,Desktop,23,625,15.2,3174.95,56.01,140,20,61.8,21.68,0,0,0,0
5,0,1,India,Melbourne,Clothing,Debit Card,Desktop,20,845,0.1,20312.15,39.68,141,31,7.6,2.48,0,0,0,0
19,0,0,India,Vancouver,Online Shopping,Bank Transfer,Mobile,48,570,1.2,21957.08,61.88,153,18,40.4,3.54,0,0,0,0
5,0,1,France,Mexico City,Crypto Exchange,Debit Card,Mobile,43,665,11.7,8855.37,59.24,163,16,7.0,2.17,0,0,0,0
3,0,1,USA,Los Angeles,Travel,Credit Card,POS Terminal,33,714,1.2,1506.52,1005.46,149,22,58.7,0.67,1,0,0,0
4,1,1,Brazil,Tokyo,Entertainment,Debit Card,ATM,31,691,2.1,17753.37,9.01,140,18,11.5,31.88,0,0,0,0
0,0,1,USA,Melbourne,Utilities,Debit Card,Tablet,29,641,0.8,1051.12,81.78,164,15,24.5,5.44,0,0,1,0
9,0,0,USA,Paris,Jewelry,Credit Card,Desktop,49,494,8.6,11101.09,363.71,149,22,7.3,18.4,1,0,0,0
16,0,0,USA,Paris,Travel,Debit Card,POS Terminal,48,849,14.7,10481.65,164.99,144,22,22.7,11.38,0,1,0,0
18,1,0,USA,New York,Education,Credit Card,Mobile,45,581,10.8,8744.38,49.62,153,16,20.3,33.05,0,1,0,0
0,0,1,Canada,Tokyo,Crypto Exchange,Debit Card,Mobile,53,653,2.6,705.06,9.71,154,21,93.2,4.93,0,0,0,0
4,0,1,Germany,Guadalajara,Fuel,Bank Transfer,Desktop,29,644,10.5,56983.71,219.85,156,16,24.5,7.68,1,0,0,0
15,0,0,Canada,Melbourne,Restaurant,Mobile Payment,Desktop,58,668,0.4,4264.48,85.11,133,17,18.7,8.71,0,1,0,0
1,0,1,France,Munich,ATM Withdrawal,Debit Card,Desktop,56,577,5.0,649.0,31.97,133,18,18.8,19.33,0,1,0,0
5,0,1,Mexico,Berlin,Jewelry,Bank Transfer,POS Terminal,51,612,6.9,16294.37,340.51,153,30,20.0,0.73,0,0,0,0
17,0,0,UK,Mexico City,ATM Withdrawal,Credit Card,Mobile,58,664,0.5,21491.99,75.62,167,13,43.6,16.89,1,0,0,0
10,0,0,USA,Toronto,Fuel,Credit Card,Mobile,29,608,1.7,4874.36,29.71,157,13,2.6,25.42,0,0,0,0
0,0,1,USA,Paris,Healthcare,Credit Card,Mobile,37,774,0.1,6112.65,59.26,147,23,17.5,9.41,0,1,0,1
6,0,1,Japan,Manchester,Grocery,Debit Card,Desktop,29,617,1.3,3638.5,12.47,155,26,3.7,69.02,0,1,0,0
19,1,0,USA,Berlin,Jewelry,Crypto,Mobile,41,704,4.2,8394.56,396.2,132,19,0.7,1.33,0,1,0,0
13,0,0,France,Berlin,Entertainment,Mobile Payment,Tablet,64,574,1.9,36991.97,30.35,125,20,3.4,2.56,0,0,0,0
0,1,1,UK,Vancouver,Education,Credit Card,Desktop,53,755,0.1,14859.1,25.89,140,20,16.3,0.08,0,0,0,1
4,0,1,USA,Sydney,Clothing,Debit Card,Mobile,71,716,7.7,74377.32,213.38,167,17,10.0,6.75,0,0,0,0
18,1,0,Canada,Lyon,Utilities,Debit Card,Desktop,25,817,8.6,40005.67,49.34,142,14,19.9,26.59,0,0,0,0
11,0,0,USA,Melbourne,Clothing,Bank Transfer,Mobile,37,594,1.8,2039.14,34.03,153,17,19.2,4.81,0,0,0,0
1,0,1,Brazil,Guadalajara,Online Shopping,Bank Transfer,Mobile,42,814,1.6,32789.27,50.29,138,18,20.0,41.86,1,0,0,0
0,0,1,Japan,Paris,Electronics,Credit Card,POS Terminal,47,761,3.7,11937.03,115.17,158,26,42.7,4.97,0,0,0,0
9,0,0,USA,Tokyo,Online Shopping,Bank Transfer,Tablet,56,619,4.8,71795.83,52.92,131,21,6.7,6.52,0,0,0,0
12,0,0,Japan,Vancouver,ATM Withdrawal,Credit Card,Tablet,39,743,2.6,28684.52,66.12,149,24,23.4,1.4,0,0,0,0
1,0,1,India,Rio,Utilities,Credit Card,POS Terminal,49,578,6.3,6792.66,72.96,158,28,50.4,3.2,1,0,0,0
5,0,1,India,Mumbai,Education,Debit Card,Mobile,49,772,2.6,765.41,79.62,148,23,14.8,0.2,1,0,0,0
12,0,0,Japan,Tokyo,Crypto Exchange,Cheque,Tablet,72,653,0.5,1405.1,19.03,133,22,12.3,1.28,0,1,1,0
22,0,1,USA,Manchester,Electronics,Credit Card,ATM,59,776,2.5,2406.97,456.78,143,14,40.9,3.65,0,3,0,0
13,0,0,UK,London,ATM Withdrawal,Mobile Payment,Mobile,45,710,2.0,2541.58,106.88,158,26,1.1,0.05,0,0,0,1
6,0,1,Canada,Toronto,Electronics,Debit Card,Tablet,40,789,2.1,70051.91,163.14,162,20,67.9,1.86,1,0,0,0
6,0,1,Mexico,Melbourne,Gaming,Credit Card,Desktop,59,575,0.4,124279.01,97.09,151,23,6.3,2.57,0,0,0,0
19,1,0,USA,Berlin,Jewelry,Credit Card,Tablet,53,620,1.8,4040.05,903.14,169,18,33.1,3.61,0,0,0,0
23,0,1,Brazil,Sydney,Utilities,Debit Card,Mobile,35,676,5.2,49240.6,127.82,159,20,6.3,10.28,0,0,0,0
1,1,1,Japan,London,Online Shopping,Debit Card,ATM,42,679,6.0,32771.85,111.9,163,19,27.5,5.29,0,0,0,0
3,0,1,Japan,Toronto,Restaurant,Debit Card,Desktop,18,603,1.5,4262.71,8.93,141,21,10.0,1.94,0,0,0,0
18,0,0,USA,Tokyo,Travel,Mobile Payment,Desktop,32,616,2.2,6588.73,90.01,144,22,10.1,9.82,0,0,0,0
14,0,0,USA,Sydney,Travel,Debit Card,Mobile,44,781,3.9,24168.07,1234.8,141,17,8.6,12.19,0,0,0,0
20,1,0,Brazil,Munich,Clothing,Debit Card,POS Terminal,45,636,2.7,2994.9,115.29,152,17,7.1,14.95,0,0,0,0
0,0,1,USA,Tokyo,Grocery,Credit Card,Tablet,38,709,7.7,95498.93,99.1,143,25,14.8,2.18,0,2,1,0
13,0,0,USA,Mumbai,Electronics,Credit Card,Mobile,55,750,13.7,20086.4,158.27,153,19,19.2,7.48,0,0,0,0
11,0,0,India,Mumbai,Entertainment,Bank Transfer,ATM,45,817,0.3,17069.18,9.95,146,13,18.7,0.26,0,0,0,0
10,0,0,UK,Rio,Travel,Credit Card,Desktop,48,709,1.8,13296.18,571.06,147,26,0.5,9.62,0,0,0,0
3,1,1,USA,Munich,Grocery,Debit Card,Desktop,25,739,1.3,1707.82,9.24,143,16,88.1,2.92,1,0,0,0
12,0,0,Australia,Rio,Grocery,Credit Card,ATM,18,742,4.9,8169.27,89.27,151,18,87.4,49.35,0,3,0,0
12,0,0,Mexico,Mexico City,Gaming,Credit Card,Mobile,61,751,0.1,12304.75,63.49,146,22,40.0,14.99,0,0,0,0
18,0,0,UK,Mexico City,Clothing,Credit Card,Tablet,33,748,24.2,3315.67,95.47,158,17,9.8,12.07,0,5,0,0
1,1,1,USA,Berlin,Fuel,Credit Card,Desktop,57,692,2.0,1334.43,56.83,141,23,21.0,6.59,0,0,0,0
5,0,1,USA,Tokyo,Clothing,Credit Card,ATM,62,786,4.3,11320.27,54.89,149,22,27.9,0.22,0,2,0,0
23,0,1,USA,Melbourne,Travel,Cheque,Mobile,25,608,2.6,46910.36,992.4,164,18,40.2,22.46,1,2,0,0
13,1,0,India,São Paulo,Fuel,Credit Card,Desktop,54,719,2.7,38942.89,29.71,155,27,14.1,10.3,0,0,0,0
1,1,1,France,Tokyo,Entertainment,Crypto,Desktop,54,697,4.6,6520.12,23.25,153,19,8.3,18.08,0,0,0,0
20,1,0,India,Melbourne,Healthcare,Mobile Payment,Mobile,56,632,0.9,12777.49,139.02,142,19,44.9,17.51,0,0,0,0
14,1,0,Japan,London,Entertainment,Mobile Payment,ATM,47,780,1.4,16605.35,9.56,143,19,10.3,2.26,0,0,0,0
8,0,0,Japan,Los Angeles,Gaming,Bank Transfer,Mobile,42,678,8.3,17340.06,81.61,135,16,19.8,9.79,0,2,0,0
0,0,1,UK,New York,Fuel,Debit Card,Mobile,54,586,0.1,11677.77,50.74,137,15,5.2,2.59,0,1,0,0
6,0,1,USA,London,Travel,Credit Card,Mobile,42,609,1.3,5706.99,1331.97,147,16,19.6,1.84,0,0,0,0
4,1,1,Mexico,Manchester,Utilities,Credit Card,Desktop,48,523,7.1,22266.98,38.84,123,16,10.8,9.15,0,0,0,0
7,1,0,USA,Lyon,Jewelry,Mobile Payment,ATM,49,587,14.1,3513.34,143.08,137,26,70.2,8.78,0,0,0,0
9,0,0,UK,Guadalajara,Clothing,Debit Card,Tablet,60,667,19.5,13609.41,112.84,155,25,37.8,6.37,0,0,0,0
18,0,0,India,Mexico City,Education,Mobile Payment,Mobile,29,666,0.4,5329.03,69.6,158,22,4.6,15.96,0,0,0,0
0,1,1,Australia,Paris,Grocery,Cheque,Mobile,32,800,9.1,46021.8,105.07,149,17,49.7,6.69,0,1,0,0
11,0,0,UK,New York,Electronics,Credit Card,Mobile,47,652,3.2,15661.05,664.79,157,21,4.2,24.45,0,0,0,0
17,0,0,Australia,Vancouver,Grocery,Credit Card,Tablet,42,800,1.4,19586.23,358.78,154,20,20.0,13.79,0,0,0,0
2,1,1,USA,Osaka,Fuel,Credit Card,POS Terminal,48,640,3.7,4995.37,33.66,176,19,45.7,24.6,0,0,0,0
4,0,1,India,Los Angeles,Restaurant,Crypto,Mobile,36,634,14.9,2358.32,52.85,141,12,23.6,6.34,0,0,0,0
5,0,1,Mexico,São Paulo,Gaming,Credit Card,POS Terminal,48,797,0.7,27528.98,132.99,144,15,5.8,19.78,1,2,0,1
13,0,0,UK,Melbourne,Crypto Exchange,Mobile Payment,Mobile,44,636,1.4,28599.99,8.88,151,21,4.2,13.02,0,0,1,0
4,0,1,USA,Berlin,Education,Bank Transfer,Desktop,51,729,8.0,16142.34,27.37,171,8,27.1,1.06,0,0,0,0
2,0,1,USA,London,Grocery,Cheque,Mobile,49,802,2.0,11915.09,112.94,138,21,1.9,5.16,0,0,0,0
20,0,0,USA,Vancouver,Online Shopping,Credit Card,Desktop,52,689,2.8,26578.17,78.49,149,14,11.4,8.89,1,0,0,0
4,0,1,USA,Paris,ATM Withdrawal,Credit Card,POS Terminal,70,507,1.7,13067.12,37.28,139,26,31.0,7.68,1,0,0,0
19,0,0,Canada,Osaka,Crypto Exchange,Credit Card,Mobile,49,674,5.5,8464.52,36.46,164,18,40.7,18.0,0,0,0,0
3,1,1,France,Paris,Healthcare,Credit Card,POS Terminal,30,608,3.0,11316.68,114.82,119,18,4.5,28.46,0,0,0,0
2,0,1,USA,Tokyo,Online Shopping,Mobile Payment,Tablet,39,635,9.9,19638.48,121.52,155,14,3.7,4.78,0,0,0,0
11,0,0,Mexico,Sydney,Fuel,Bank Transfer,ATM,18,653,8.8,7130.44,29.8,154,18,3.0,7.75,0,0,0,0
19,1,0,Brazil,Lyon,Healthcare,Debit Card,Mobile,48,662,9.9,5740.43,68.33,136,19,17.7,23.74,0,2,0,0
16,0,0,USA,Mexico City,Education,Cheque,Desktop,43,775,2.8,20789.25,40.3,166,9,20.1,3.61,1,0,0,0
1,0,1,Japan,Delhi,Jewelry,Credit Card,Mobile,57,641,0.2,23085.93,350.92,117,21,11.4,24.09,1,0,1,0
15,0,0,Brazil,Sydney,Clothing,Debit Card,Mobile,28,693,29.1,2550.0,59.48,143,25,40.5,37.43,0,0,0,0
20,0,0,Mexico,Mumbai,Gaming,Debit Card,Tablet,54,720,1.3,779.67,36.41,140,25,4.7,8.2,0,0,1,0
5,0,1,UK,Munich,Grocery,Mobile Payment,ATM,76,721,1.7,9156.32,206.56,163,19,12.4,25.75,0,4,0,0
7,0,0,Mexico,Tokyo,Clothing,Cheque,Mobile,47,627,26.4,28931.01,51.2,168,23,8.0,11.64,0,2,0,0
13,0,0,India,Toronto,Travel,Credit Card,Mobile,40,697,5.2,25820.46,58.26,147,23,8.0,7.73,0,2,0,0
13,0,0,USA,Lyon,Entertainment,Crypto,ATM,32,620,3.4,4957.59,140.18,140,23,30.0,36.61,0,0,0,0
19,1,0,Canada,Berlin,Grocery,Credit Card,Mobile,28,531,2.6,4820.02,87.68,163,17,29.2,19.14,0,0,0,0
13,0,0,USA,Mumbai,Entertainment,Debit Card,Mobile,55,710,2.1,9890.9,52.08,131,19,9.0,3.33,0,0,0,0
9,1,0,Canada,New York,Education,Debit Card,Mobile,50,720,2.7,10352.68,100.21,145,14,9.9,2.91,0,0,0,0
23,0,1,Australia,Delhi,Clothing,Credit Card,ATM,39,814,1.4,4174.33,76.65,137,21,38.7,2.89,0,0,0,0
11,0,0,Germany,Manchester,Crypto Exchange,Crypto,Mobile,43,629,11.5,1808.36,69.94,165,24,11.7,16.94,0,0,0,0
10,0,0,USA,Los Angeles,Jewelry,Mobile Payment,Mobile,32,774,3.8,8329.81,1883.82,158,28,70.2,0.35,0,0,0,0
10,1,0,France,Tokyo,Clothing,Mobile Payment,Tablet,45,659,10.5,4949.19,678.57,134,15,33.2,4.05,0,0,0,0
5,0,1,Mexico,Rio,Utilities,Debit Card,POS Terminal,39,750,11.4,3927.26,10.55,141,19,16.7,6.47,0,0,0,0
2,0,1,Brazil,Tokyo,Jewelry,Bank Transfer,Desktop,30,671,6.3,3007.13,952.79,157,22,9.0,1.89,0,0,0,0
0,0,1,UK,Lyon,Clothing,Debit Card,Mobile,36,744,2.0,8110.19,27.69,146,24,4.4,0.69,0,0,0,0
0,1,1,Brazil,Berlin,Electronics,Credit Card,Mobile,35,635,1.3,3496.03,257.4,163,20,0.4,1.49,0,0,0,0
17,0,0,India,Guadalajara,Online Shopping,Debit Card,Desktop,41,662,16.5,15938.89,121.87,152,22,1.9,2.68,0,0,0,0
18,1,0,India,Manchester,ATM Withdrawal,Mobile Payment,Tablet,22,699,6.1,88655.11,42.21,162,20,13.8,26.56,0,0,0,0
12,0,0,Canada,Manchester,Grocery,Crypto,ATM,37,808,3.7,8251.58,21.38,153,23,13.4,7.55,1,0,0,0
22,1,1,India,Lyon,Utilities,Credit Card,Desktop,46,666,1.2,39814.73,77.49,159,23,6.7,18.6,0,1,0,0
17,0,0,UK,Sydney,Crypto Exchange,Bank Transfer,Mobile,40,776,2.8,1113.22,88.15,149,14,11.8,0.81,0,0,1,0
13,1,0,India,Melbourne,Utilities,Credit Card,Tablet,43,666,11.2,9755.2,67.82,157,18,6.8,5.36,0,0,0,0
21,0,0,India,Melbourne,Clothing,Credit Card,Desktop,19,677,4.2,264.24,14.99,124,21,24.8,3.91,0,1,0,0
2,0,1,UK,Berlin,Crypto Exchange,Debit Card,Mobile,26,496,3.7,10599.4,37.48,131,14,16.8,0.71,0,0,0,0
2,0,1,India,London,Clothing,Debit Card,ATM,54,705,0.7,5007.9,9.43,135,21,4.7,2.27,0,0,0,0
23,0,1,USA,São Paulo,Grocery,Bank Transfer,Desktop,56,766,6.7,1654.91,118.93,133,19,5.2,17.95,0,0,0,0
14,0,0,Germany,New York,Education,Credit Card,ATM,44,552,0.7,17507.63,9.73,139,24,19.7,19.84,0,0,0,0
18,1,0,Canada,Vancouver,Entertainment,Mobile Payment,Desktop,25,657,10.3,6331.39,45.77,166,14,26.7,7.79,1,0,0,0
22,0,1,Canada,Berlin,Online Shopping,Mobile Payment,Mobile,33,708,3.0,16323.27,100.13,145,16,4.6,10.73,0,0,0,0
11,0,0,USA,Los Angeles,Online Shopping,Mobile Payment,ATM,31,712,1.1,5248.69,628.76,144,18,25.9,3.21,0,0,0,0
22,0,1,India,Toronto,Education,Mobile Payment,Desktop,43,516,20.9,112421.16,73.56,163,21,25.5,34.91,0,0,0,0
2,0,1,Mexico,Tokyo,Clothing,Credit Card,Mobile,53,520,0.8,18772.49,17.2,154,14,43.5,2.6,0,0,0,0
13,0,0,Germany,Rio,Utilities,Debit Card,Mobile,34,544,3.9,1403.64,36.25,144,16,33.8,10.0,0,4,0,0
10,1,0,Australia,New York,Gaming,Bank Transfer,ATM,18,637,9.4,9635.66,19.6,141,24,30.9,6.5,0,0,0,0
4,0,1,Brazil,Munich,Education,Debit Card,Tablet,46,674,21.7,4633.51,16.0,139,23,8.7,1.31,0,0,0,0
2,0,1,UK,Sydney,Electronics,Credit Card,Mobile,35,750,4.0,20127.5,164.67,140,29,17.7,5.22,0,1,0,0
16,0,0,Brazil,Melbourne,ATM Withdrawal,Credit Card,Tablet,58,686,6.3,5543.12,83.45,139,23,35.7,5.97,0,1,0,0
18,1,0,Japan,Paris,Gaming,Credit Card,Desktop,47,725,2.1,3021.94,27.87,143,19,11.5,5.94,0,0,0,0
9,1,0,USA,Mexico City,Fuel,Debit Card,Mobile,58,704,9.1,11745.46,49.46,159,20,7.3,8.57,0,0,0,0
16,0,0,USA,New York,Fuel,Debit Card,Mobile,41,808,6.7,1799.87,32.78,158,12,8.7,9.38,0,0,1,0
10,0,0,France,Sydney,Gaming,Mobile Payment,ATM,71,577,13.3,33278.76,74.12,147,31,26.4,11.49,0,0,0,0
13,1,0,Japan,Toronto,Electronics,Credit Card,Mobile,52,590,11.4,4573.03,264.44,149,17,1.4,41.09,0,2,0,0
17,0,0,Mexico,Sydney,Clothing,Bank Transfer,Mobile,65,666,7.7,26355.07,93.68,118,25,49.4,16.86,0,4,0,0
4,1,1,Germany,Tokyo,Electronics,Bank Transfer,Mobile,44,728,1.4,6767.26,2369.45,135,20,43.0,13.93,0,0,0,0
2,0,1,Australia,Toronto,Entertainment,Mobile Payment,Tablet,54,607,0.6,5743.11,57.62,160,22,1.2,6.27,1,0,0,0
14,0,0,Japan,Munich,Fuel,Debit Card,Desktop,31,720,8.7,10105.88,55.74,157,25,9.7,4.42,0,3,0,0
22,1,1,Canada,São Paulo,Travel,Credit Card,Desktop,70,754,2.0,4773.51,116.14,164,15,7.6,7.02,0,0,0,0
3,0,1,Australia,Tokyo,Jewelry,Credit Card,Desktop,32,800,2.3,12907.61,481.21,165,18,11.7,1.08,0,0,0,1
8,0,0,USA,São Paulo,Grocery,Credit Card,Mobile,46,597,9.4,24675.02,31.41,154,20,14.5,0.39,0,0,0,0
3,1,1,India,Osaka,Crypto Exchange,Debit Card,POS Terminal,63,651,1.4,3459.66,14.91,128,27,23.4,11.15,0,0,0,0
6,0,1,Australia,Manchester,Entertainment,Credit Card,Mobile,45,691,12.8,2584.34,4.52,178,31,40.8,18.09,0,1,0,0
20,0,0,Canada,Berlin,Grocery,Credit Card,Desktop,48,709,14.0,20708.23,218.78,134,19,45.1,7.42,0,0,0,0
22,1,1,UK,Mumbai,Restaurant,Debit Card,POS Terminal,43,738,3.3,3110.55,91.04,150,10,43.9,1.21,1,0,0,0
23,0,1,Canada,Melbourne,ATM Withdrawal,Debit Card,Desktop,34,565,5.2,29323.7,110.77,165,18,2.8,7.15,0,0,0,0
22,0,1,USA,Paris,Online Shopping,Crypto,Mobile,58,663,19.8,32598.84,25.98,144,19,21.2,19.22,1,0,0,1
7,1,0,USA,Berlin,Healthcare,Bank Transfer,Tablet,62,630,4.0,3781.64,118.92,136,18,3.9,5.6,0,1,0,0
13,1,0,Germany,Mexico City,Entertainment,Bank Transfer,Tablet,49,627,0.8,2694.26,60.52,142,25,82.6,46.99,0,0,0,0
10,1,0,India,Delhi,Grocery,Mobile Payment,Mobile,47,638,3.0,283.96,6.89,152,22,25.2,8.67,0,0,1,0
21,1,0,USA,Munich,Fuel,Debit Card,Mobile,47,700,15.6,20163.72,86.58,140,17,12.2,0.06,0,0,0,0
1,0,1,USA,Toronto,Education,Credit Card,Mobile,35,641,0.9,18737.55,193.18,143,19,34.2,4.82,0,0,1,0
5,0,1,UK,Munich,ATM Withdrawal,Mobile Payment,Mobile,25,650,15.0,22317.33,28.13,145,13,68.3,17.13,0,0,0,0
12,0,0,France,Delhi,Gaming,Debit Card,ATM,40,665,0.5,17504.64,541.13,170,26,1.3,0.2,1,0,0,0
4,0,1,Australia,Guadalajara,ATM Withdrawal,Crypto,Desktop,38,753,4.4,28780.73,33.29,151,25,63.9,1.91,0,0,0,0
21,0,0,UK,Mumbai,Grocery,Credit Card,Mobile,45,633,1.7,137.69,14.31,155,13,32.1,16.05,0,0,0,0
11,0,0,Japan,Paris,Entertainment,Credit Card,Desktop,50,644,3.8,7141.23,60.86,152,13,20.3,10.55,0,2,0,0
20,0,0,India,Delhi,Grocery,Credit Card,ATM,43,604,2.9,12409.19,41.89,143,19,0.4,2.68,0,0,0,0
18,1,0,France,Tokyo,Restaurant,Debit Card,Desktop,37,663,0.7,3373.94,309.49,148,21,5.0,9.62,0,0,0,0
21,0,0,USA,London,Online Shopping,Credit Card,Tablet,46,705,3.8,12488.08,33.95,134,22,85.3,10.79,0,1,1,0
19,1,0,India,São Paulo,Gaming,Credit Card,ATM,48,691,10.8,26524.51,18.54,150,20,6.7,2.57,0,0,0,0
9,0,0,Canada,Manchester,Gaming,Debit Card,Desktop,34,646,1.7,19776.43,53.94,153,12,13.9,15.44,0,0,0,0
7,1,0,USA,Osaka,Clothing,Credit Card,ATM,65,695,0.7,3567.02,26.31,127,21,24.3,8.7,1,0,0,0
14,0,0,UK,Los Angeles,ATM Withdrawal,Debit Card,Mobile,63,644,4.5,13133.75,27.01,151,23,22.5,2.52,0,0,0,0
10,0,0,Brazil,Berlin,Electronics,Mobile Payment,ATM,21,728,10.3,5662.82,243.78,158,16,0.6,0.11,1,0,0,0
17,0,0,USA,New York,Fuel,Credit Card,ATM,39,793,2.9,5375.31,14.43,144,19,0.6,5.88,1,0,0,0
21,0,0,France,Guadalajara,Utilities,Debit Card,Mobile,32,850,5.9,5832.06,189.92,155,32,131.9,10.94,0,0,0,0
3,0,1,Canada,Vancouver,Clothing,Credit Card,Desktop,58,561,13.1,1581.46,18.7,150,22,28.3,1.41,0,0,0,0
13,0,0,India,Melbourne,ATM Withdrawal,Bank Transfer,Mobile,36,613,0.9,690.82,40.19,161,21,8.6,46.94,0,0,0,0
22,0,1,Australia,New York,Gaming,Credit Card,Mobile,45,693,4.7,7140.22,64.28,120,22,10.8,7.91,0,0,0,0
5,0,1,Australia,Guadalajara,Travel,Credit Card,Mobile,23,734,3.5,1275.73,59.31,145,23,4.6,17.82,0,0,0,0
4,0,1,India,Delhi,ATM Withdrawal,Debit Card,Mobile,51,740,8.4,18049.41,154.89,175,21,1.7,8.65,0,0,0,0
0,0,1,USA,Rio,Clothing,Mobile Payment,Mobile,32,687,1.8,31035.76,113.08,150,21,0.6,11.23,0,0,0,0
10,0,0,France,Munich,Online Shopping,Credit Card,Desktop,46,675,10.0,6716.58,408.92,154,21,1.8,15.44,0,0,0,0
23,0,1,India,Paris,Crypto Exchange,Bank Transfer,Mobile,46,715,6.7,1382.02,145.44,140,22,29.8,0.33,0,0,0,0
18,1,0,Canada,Vancouver,ATM Withdrawal,Credit Card,Mobile,46,546,5.9,9457.24,65.38,158,21,25.6,10.27,1,0,0,0
20,0,0,Brazil,Berlin,Entertainment,Bank Transfer,Mobile,35,814,6.4,18851.45,40.34,143,18,27.5,15.87,0,1,0,0
8,1,0,UK,Tokyo,Gaming,Bank Transfer,Mobile,22,595,10.1,1736.95,24.03,158,17,47.9,8.07,0,1,0,0
12,1,0,Mexico,Sydney,Clothing,Debit Card,Mobile,35,582,7.5,1950.98,86.55,168,23,4.3,0.08,0,1,1,0
15,0,0,USA,Delhi,Travel,Mobile Payment,Desktop,46,574,5.3,10088.7,233.25,149,18,44.9,0.86,0,0,0,0
23,0,1,UK,London,Jewelry,Debit Card,POS Terminal,28,688,18.9,1024.63,968.7,132,21,19.2,0.19,0,0,0,1
7,0,0,Canada,Rio,Education,Bank Transfer,Mobile,45,692,7.7,2251.98,620.43,155,23,19.7,2.12,0,0,0,0
20,0,0,Canada,São Paulo,Electronics,Debit Card,POS Terminal,47,734,0.3,3332.81,355.54,158,23,30.8,2.05,0,0,0,0
8,0,0,Canada,New York,ATM Withdrawal,Credit Card,Desktop,32,614,13.1,5375.99,74.87,160,21,32.9,11.54,1,0,0,0
13,0,0,USA,Toronto,Jewelry,Credit Card,Mobile,50,613,2.4,934.24,621.82,122,24,3.1,37.4,0,0,0,0
20,0,0,France,Toronto,Online Shopping,Bank Transfer,Mobile,53,681,1.8,9138.58,111.32,149,20,7.2,5.87,0,0,0,0
16,0,0,USA,Delhi,Entertainment,Debit Card,Tablet,54,740,1.8,1869.06,242.88,165,21,28.4,5.36,0,0,0,0
13,0,0,India,Mumbai,ATM Withdrawal,Debit Card,Mobile,39,586,0.5,19390.48,154.59,136,21,16.5,2.47,0,0,0,0
4,1,1,USA,Sydney,Clothing,Credit Card,ATM,43,662,0.8,9128.04,35.36,158,22,1.1,2.84,0,0,0,0
22,0,1,UK,Sydney,Gaming,Mobile Payment,Mobile,31,511,3.8,5715.28,109.07,142,20,9.6,23.88,0,0,0,0
18,0,0,France,Sydney,Utilities,Credit Card,Mobile,64,652,15.6,3379.81,516.98,165,22,52.8,5.87,0,2,0,0
5,0,1,Brazil,Rio,Education,Debit Card,Desktop,33,672,8.8,2503.93,35.0,133,22,8.5,2.1,0,1,0,0
16,0,0,UK,Mexico City,Fuel,Debit Card,Tablet,30,694,5.3,1837.16,43.81,183,18,49.4,0.64,0,0,0,0
19,0,0,USA,Sydney,Utilities,Debit Card,Mobile,56,843,0.6,27518.05,63.04,166,18,15.8,6.09,0,0,0,0
7,0,0,Mexico,New York,Restaurant,Debit Card,Desktop,59,831,1.2,2424.48,128.05,143,24,17.2,23.41,1,0,0,0
19,0,0,Mexico,Toronto,Clothing,Credit Card,Mobile,53,665,16.3,1975.73,30.27,152,18,3.3,4.34,1,1,0,0
18,0,0,Japan,Rio,Electronics,Crypto,Tablet,58,753,17.7,19748.74,1854.36,153,15,18.3,0.59,0,0,1,0
19,0,0,Germany,São Paulo,Jewelry,Crypto,Mobile,46,638,3.8,7151.18,604.58,171,23,56.1,6.98,1,0,1,0
5,0,1,USA,Tokyo,Healthcare,Bank Transfer,Mobile,36,677,1.0,35542.69,42.07,155,21,4.0,9.05,0,0,0,0
22,1,1,USA,Tokyo,Crypto Exchange,Mobile Payment,Desktop,41,566,2.5,34676.0,140.62,169,23,12.1,12.65,0,1,0,0
17,1,0,Japan,Mexico City,Jewelry,Credit Card,Desktop,33,750,1.7,991.77,587.53,141,20,20.6,3.07,0,2,0,0
16,0,0,USA,Guadalajara,Gaming,Credit Card,Desktop,18,640,10.9,11231.22,32.47,137,17,5.0,43.55,0,0,0,0
17,0,0,Canada,Paris,Education,Debit Card,Mobile,42,718,6.5,32137.67,26.43,140,19,18.2,12.3,0,0,0,0
9,0,0,Australia,Guadalajara,Fuel,Debit Card,Mobile,33,682,5.8,1481.33,134.59,125,12,0.8,8.23,0,0,0,1
11,0,0,Australia,Melbourne,Utilities,Bank Transfer,Desktop,25,630,7.9,56523.11,36.8,143,21,29.9,0.17,0,0,0,0
21,1,0,Canada,Munich,Electronics,Credit Card,Desktop,32,596,2.3,3757.08,731.43,150,17,14.6,1.68,0,0,0,0
1,0,1,France,Munich,Grocery,Crypto,Mobile,28,628,8.6,11787.84,8.9,138,14,15.5,13.06,0,0,0,0
20,0,0,India,Mexico City,Electronics,Mobile Payment,Tablet,30,592,3.6,15743.72,672.29,152,26,5.2,4.37,0,0,0,0
5,0,1,UK,Vancouver,Entertainment,Bank Transfer,Mobile,38,695,6.1,22493.37,268.68,158,19,62.8,6.26,0,0,0,0
8,0,0,Canada,Paris,Jewelry,Debit Card,Mobile,23,752,7.0,4956.11,610.82,134,15,35.0,22.22,0,0,0,0
12,0,0,USA,Paris,Entertainment,Debit Card,Tablet,36,793,1.9,25543.61,56.46,156,24,1.4,25.37,0,0,1,0
23,0,1,France,New York,Gaming,Bank Transfer,Mobile,40,597,1.4,8522.81,16.66,115,24,31.0,10.83,0,0,0,0
11,0,0,Brazil,Manchester,Clothing,Crypto,Tablet,18,571,1.2,18612.68,30.28,153,13,2.3,20.0,0,0,0,0
21,0,0,Japan,São Paulo,Healthcare,Credit Card,Desktop,59,656,1.1,24029.58,117.5,132,18,7.6,6.55,0,0,0,0
16,0,0,USA,Paris,Entertainment,Debit Card,Mobile,51,628,2.8,12329.68,35.59,141,23,4.0,1.95,0,1,0,0
19,0,0,India,Melbourne,Fuel,Debit Card,POS Terminal,46,550,1.6,15897.48,38.49,151,18,51.1,29.63,0,0,0,0
15,0,0,UK,Guadalajara,Travel,Mobile Payment,Desktop,49,628,1.0,2492.08,116.59,143,25,1.5,12.28,0,0,1,0
0,0,1,Germany,Munich,Grocery,Mobile Payment,POS Terminal,38,713,0.9,46952.98,46.29,140,23,23.9,1.53,0,2,0,0
14,1,0,USA,Tokyo,Utilities,Credit Card,POS Terminal,41,657,0.2,4976.85,24.8,152,26,5.8,23.44,0,0,0,0
13,0,0,USA,Manchester,Travel,Debit Card,Tablet,41,570,1.5,454.86,361.54,170,12,16.2,20.7,0,0,0,0
23,1,1,UK,Tokyo,ATM Withdrawal,Debit Card,Mobile,29,643,0.2,2832.04,14.14,144,25,19.9,4.99,1,3,0,0
18,1,0,Japan,Toronto,Utilities,Credit Card,Mobile,34,748,0.9,1423.19,45.76,155,25,2.2,9.05,0,2,0,0
8,0,0,Canada,Tokyo,Entertainment,Debit Card,POS Terminal,51,647,8.7,2297.41,149.65,154,13,0.5,0.26,1,1,0,0
16,0,0,Australia,Berlin,Clothing,Credit Card,Desktop,40,686,13.9,29931.86,254.48,155,24,16.5,19.84,0,0,0,0
20,0,0,Japan,São Paulo,Electronics,Credit Card,ATM,60,543,4.0,4715.73,543.15,144,21,14.2,4.63,0,1,0,0
13,0,0,Brazil,Paris,Jewelry,Debit Card,Mobile,34,650,0.1,6874.12,386.62,166,21,16.2,0.52,0,0,0,0
1,0,1,Japan,Delhi,ATM Withdrawal,Crypto,Tablet,34,528,19.7,3308.08,46.29,154,14,22.8,5.39,0,0,0,0
19,0,0,Japan,Paris,ATM Withdrawal,Debit Card,Tablet,57,692,7.0,4165.59,53.37,164,19,17.5,17.75,0,0,0,0
13,0,0,USA,New York,Education,Debit Card,Mobile,28,609,10.8,1330.42,99.44,152,23,4.8,22.39,1,0,1,0
8,0,0,France,Mumbai,ATM Withdrawal,Credit Card,Desktop,61,702,0.9,2882.45,11.64,143,27,7.5,74.41,0,0,0,0
9,0,0,USA,Paris,Education,Debit Card,Desktop,42,636,7.6,2168.64,25.82,147,17,12.4,0.98,0,3,0,0
9,0,0,Canada,Sydney,Gaming,Mobile Payment,Tablet,32,728,3.0,5611.26,30.7,164,23,18.6,11.71,0,0,0,0
18,0,0,USA,Munich,Entertainment,Debit Card,Mobile,26,799,1.7,1034.15,177.81,154,19,1.5,9.0,0,0,0,0
21,0,0,Australia,Sydney,Travel,Debit Card,ATM,53,700,5.5,7440.28,311.28,168,16,22.2,9.69,0,0,0,0
21,1,0,Japan,Rio,Clothing,Bank Transfer,POS Terminal,36,643,6.3,8036.02,160.69,150,23,0.7,16.43,0,0,0,0
16,0,0,USA,Osaka,Grocery,Credit Card,Mobile,58,794,1.2,15429.83,19.07,147,28,10.3,5.62,0,0,0,0
8,0,0,UK,Vancouver,Travel,Debit Card,Desktop,85,623,3.8,92596.97,912.98,148,26,17.9,6.69,0,2,0,0
20,0,0,USA,Tokyo,Healthcare,Bank Transfer,Mobile,57,581,0.3,2483.97,116.87,137,24,13.6,6.0,1,0,0,0
22,0,1,UK,Toronto,Crypto Exchange,Bank Transfer,POS Terminal,37,671,1.3,8309.55,80.81,125,18,7.4,2.3,0,0,0,0
1,0,1,USA,Munich,Utilities,Credit Card,Mobile,44,685,18.2,8578.27,58.71,140,19,29.7,13.97,0,0,0,0
15,0,0,Canada,Osaka,Fuel,Credit Card,Desktop,47,727,0.7,9069.14,43.78,159,24,26.7,17.61,0,0,0,0
0,0,1,UK,Sydney,Entertainment,Debit Card,Mobile,27,760,1.8,34388.63,29.27,144,26,11.8,2.85,0,0,0,0
23,0,1,USA,Mumbai,Travel,Credit Card,Mobile,60,766,18.7,14736.2,453.84,161,19,1.5,11.25,0,0,0,0
8,0,0,Brazil,Sydney,Grocery,Bank Transfer,Mobile,30,727,11.0,2672.62,296.77,163,14,41.4,3.12,0,2,0,0
23,0,1,USA,Sydney,ATM Withdrawal,Debit Card,ATM,42,624,9.6,2139.94,46.4,153,33,0.5,1.65,0,0,0,0
19,1,0,Germany,Berlin,Gaming,Bank Transfer,POS Terminal,29,634,6.9,60974.53,67.1,136,18,11.5,15.84,0,0,0,0
1,1,1,UK,Guadalajara,Entertainment,Bank Transfer,Tablet,42,740,0.1,16780.21,81.9,151,17,3.1,8.77,0,3,0,0
0,0,1,Canada,London,Crypto Exchange,Cheque,ATM,45,752,7.2,3929.19,48.93,146,24,5.8,23.53,0,0,0,1
12,1,0,Japan,Mexico City,Jewelry,Credit Card,Desktop,60,587,2.0,12269.44,753.01,160,31,0.1,7.76,0,0,0,1
21,0,0,Brazil,Lyon,Electronics,Debit Card,ATM,44,687,6.6,8647.02,329.07,149,15,12.1,23.96,0,1,0,0
12,0,0,Germany,London,Restaurant,Credit Card,Mobile,18,643,0.5,6205.11,123.23,145,17,4.1,8.06,0,2,0,0
0,1,1,USA,Sydney,ATM Withdrawal,Debit Card,Tablet,42,777,12.6,21335.51,34.01,133,23,8.5,0.95,0,0,0,0
11,0,0,Germany,Melbourne,Online Shopping,Debit Card,ATM,37,609,6.6,33045.14,59.08,157,23,5.5,23.71,0,0,0,0
19,0,0,USA,London,Fuel,Debit Card,Mobile,41,636,2.4,17616.36,42.67,149,16,6.6,6.91,0,0,1,0
13,1,0,Canada,New York,Fuel,Bank Transfer,Tablet,47,613,9.7,8062.85,564.49,166,22,0.6,27.95,0,0,1,0
1,0,1,Australia,Sydney,Healthcare,Debit Card,Mobile,55,662,0.9,27239.75,55.65,118,21,20.1,0.26,0,0,0,1
23,0,1,Brazil,Mumbai,Crypto Exchange,Credit Card,Mobile,55,693,0.1,11561.95,131.07,162,12,8.9,8.52,0,0,0,0
10,1,0,Canada,Munich,Entertainment,Bank Transfer,Desktop,33,695,1.2,9298.17,57.77,134,18,23.9,9.21,1,0,0,0
16,0,0,USA,Osaka,Utilities,Credit Card,Mobile,43,596,7.6,2234.38,50.59,161,24,57.4,7.45,0,0,0,0
1,1,1,USA,London,Travel,Credit Card,Mobile,47,706,0.8,872.75,1583.86,126,13,2.7,14.46,0,0,0,0
11,0,0,India,Delhi,Jewelry,Credit Card,Mobile,25,605,1.9,5084.85,779.84,155,19,40.8,0.51,0,3,0,0
1,0,1,Brazil,London,Utilities,Credit Card,POS Terminal,28,609,0.9,2009.36,114.8,145,20,24.0,7.73,1,0,0,0
23,0,1,Japan,Toronto,Healthcare,Debit Card,Mobile,39,616,6.7,9068.54,344.2,173,23,66.2,3.46,0,1,0,0
17,0,0,UK,Osaka,Online Shopping,Bank Transfer,Desktop,26,602,7.6,9974.19,14.35,162,18,15.4,5.86,0,0,0,0
0,0,1,Brazil,Paris,Grocery,Credit Card,Mobile,57,734,3.5,9419.61,26.84,138,20,20.6,32.78,0,4,0,0
6,0,1,Germany,Sydney,Electronics,Credit Card,Mobile,61,850,1.4,8706.06,2286.19,170,16,26.6,3.52,0,0,0,0
5,0,1,UK,Mexico City,Online Shopping,Cheque,Desktop,32,784,0.4,6282.27,34.13,146,19,3.0,5.5,0,0,0,0
22,0,1,France,Melbourne,Restaurant,Debit Card,Mobile,35,760,1.6,17558.78,47.11,144,16,53.6,3.85,0,0,0,0
7,0,0,USA,Mexico City,Crypto Exchange,Credit Card,Mobile,30,782,3.0,5272.67,94.8,141,16,13.6,28.02,0,0,0,0
0,1,1,Germany,Manchester,ATM Withdrawal,Bank Transfer,Mobile,39,725,4.0,3549.85,112.31,155,32,16.1,2.36,0,0,0,0
10,0,0,France,Mumbai,ATM Withdrawal,Crypto,Desktop,72,611,5.1,2030.59,46.27,138,20,23.2,14.29,1,0,0,0
18,1,0,France,Paris,Travel,Credit Card,Desktop,65,802,5.0,6181.38,380.22,138,23,23.7,2.0,0,0,1,0
10,0,0,USA,Tokyo,Healthcare,Debit Card,ATM,65,664,5.8,9594.31,15.88,135,30,5.0,0.99,1,0,0,1
0,0,1,India,Osaka,Healthcare,Bank Transfer,Mobile,35,604,2.4,4896.77,37.25,150,18,84.3,24.71,0,0,0,0
4,0,1,Australia,Osaka,Healthcare,Debit Card,Mobile,44,603,1.1,3903.74,18.93,154,25,19.4,4.61,1,0,0,1
1,0,1,Germany,Tokyo,Utilities,Debit Card,Tablet,35,526,9.0,27515.7,42.9,168,27,2.1,5.53,0,0,0,0
18,0,0,USA,Berlin,Electronics,Credit Card,Mobile,45,627,0.8,1066.49,476.97,160,13,3.4,13.26,0,0,0,0
2,0,1,Canada,Guadalajara,Education,Debit Card,ATM,30,684,0.3,2879.88,4.65,172,30,1.0,15.97,0,0,0,0
4,0,1,USA,Osaka,ATM Withdrawal,Debit Card,Tablet,32,719,1.1,13808.3,64.44,153,24,20.8,13.78,0,0,0,0
12,0,0,USA,Toronto,Education,Bank Transfer,Tablet,51,685,3.6,34972.33,30.77,154,28,0.1,3.46,0,0,0,0
6,1,1,Canada,Mexico City,Utilities,Credit Card,ATM,27,782,2.1,1788.27,82.94,151,28,6.8,0.18,0,0,0,1
12,0,0,Germany,Sydney,Restaurant,Bank Transfer,Mobile,41,535,7.9,15021.57,59.24,121,15,26.2,9.34,0,0,0,0
18,1,0,Australia,Guadalajara,Travel,Mobile Payment,Mobile,30,678,4.5,11391.54,1158.4,153,25,21.0,5.46,0,0,0,0
3,0,1,France,Delhi,Restaurant,Credit Card,Desktop,50,731,4.1,1662.83,20.27,155,26,93.8,1.77,0,0,0,0
11,1,0,Brazil,New York,Electronics,Debit Card,ATM,31,641,8.5,3491.08,85.69,145,25,36.8,2.54,0,0,0,0
19,0,0,UK,Guadalajara,Grocery,Bank Transfer,Desktop,61,718,3.1,1486.37,196.97,155,30,37.8,9.6,0,0,0,0
9,0,0,USA,Delhi,Clothing,Debit Card,Desktop,43,848,1.1,2934.09,50.22,133,27,16.8,10.75,0,3,0,0
2,0,1,Japan,Rio,Utilities,Debit Card,POS Terminal,59,599,11.4,8587.5,166.66,151,22,4.1,7.29,0,0,0,0
20,0,0,USA,Guadalajara,Jewelry,Credit Card,Mobile,29,704,4.9,9006.5,399.8,144,20,15.9,28.23,1,0,0,0
20,0,0,India,Berlin,ATM Withdrawal,Debit Card,Desktop,44,590,0.4,28347.33,293.27,140,20,42.5,17.77,0,3,0,0
17,0,0,France,Paris,ATM Withdrawal,Debit Card,ATM,49,566,1.4,52517.82,36.74,142,29,12.8,9.77,0,1,0,1
11,0,0,UK,Guadalajara,Healthcare,Crypto,Desktop,62,764,3.0,20742.42,69.9,141,23,5.5,0.7,0,0,0,0
21,0,0,Japan,Mexico City,Jewelry,Bank Transfer,Desktop,32,787,2.5,8451.67,235.27,155,23,2.0,9.14,0,0,0,0
20,0,0,Mexico,Osaka,ATM Withdrawal,Credit Card,Mobile,67,737,13.1,6730.66,165.75,147,21,5.3,1.4,0,0,0,0
23,0,1,Canada,Munich,Grocery,Credit Card,Tablet,43,731,4.4,13660.15,44.8,133,14,3.3,21.87,0,0,0,0
17,0,0,Japan,Berlin,ATM Withdrawal,Credit Card,POS Terminal,37,773,5.3,31214.41,273.66,159,30,9.5,1.36,0,0,0,0
10,0,0,USA,Vancouver,Utilities,Credit Card,Mobile,46,603,2.1,4954.7,70.3,148,17,38.1,30.47,0,0,0,0
18,0,0,Germany,Munich,Online Shopping,Debit Card,Mobile,39,581,1.1,966.19,46.43,136,24,14.9,5.7,1,0,0,0
16,0,0,USA,Osaka,Jewelry,Credit Card,Mobile,32,527,2.6,13519.54,1446.72,170,21,9.9,24.22,0,0,0,0
15,1,0,India,São Paulo,Fuel,Credit Card,Desktop,18,614,4.7,6651.36,119.46,149,20,69.7,2.66,0,0,0,0
16,0,0,UK,Guadalajara,Restaurant,Credit Card,Desktop,61,605,2.0,22285.47,56.2,133,24,16.3,15.35,1,0,0,0
2,1,1,Japan,Los Angeles,Crypto Exchange,Credit Card,Mobile,23,714,18.1,1846.0,31.75,166,24,3.6,12.19,0,0,0,0
3,1,1,India,Melbourne,Clothing,Bank Transfer,Tablet,18,640,10.5,8071.64,210.81,140,23,9.7,12.59,0,0,0,0
21,0,0,USA,New York,Utilities,Credit Card,Mobile,26,603,12.6,44676.07,146.41,134,22,73.3,2.47,0,0,0,0
22,1,1,Japan,Melbourne,Grocery,Credit Card,Desktop,37,645,0.8,24827.47,16.36,144,21,6.9,5.47,0,0,0,0
13,1,0,USA,Manchester,Healthcare,Credit Card,Desktop,28,762,1.7,7099.65,145.88,167,19,2.6,11.33,0,0,1,1
8,0,0,Australia,New York,Fuel,Credit Card,Desktop,29,837,0.5,34260.67,165.4,157,19,3.9,17.91,0,0,0,0
23,1,1,India,Osaka,Crypto Exchange,Debit Card,Desktop,42,678,8.1,4084.6,48.79,142,20,25.7,13.2,0,0,0,0
21,1,0,Germany,Munich,Utilities,Bank Transfer,Tablet,44,703,11.0,1362.29,46.68,153,25,0.7,36.78,0,1,0,0
17,0,0,USA,Rio,Crypto Exchange,Debit Card,Mobile,45,660,27.1,15473.69,35.35,142,22,11.5,3.12,0,1,0,0
19,1,0,USA,Paris,Grocery,Debit Card,Desktop,18,671,5.5,22493.27,55.94,150,23,26.6,3.7,0,0,0,0
14,1,0,Germany,Mexico City,Utilities,Credit Card,Mobile,32,791,4.4,7709.77,82.45,141,16,2.9,27.99,0,1,0,0
2,0,1,Japan,Osaka,Utilities,Mobile Payment,Tablet,37,837,1.7,6813.67,279.87,156,23,0.9,19.09,0,0,0,0
1,0,1,USA,Mumbai,Education,Credit Card,Desktop,18,748,5.6,15425.64,12.09,174,15,8.4,6.68,0,4,0,0
9,0,0,USA,Munich,Crypto Exchange,Credit Card,Mobile,55,596,0.6,9326.7,91.91,139,20,0.5,22.42,0,0,0,0
12,1,0,USA,Tokyo,Healthcare,Mobile Payment,Desktop,60,712,3.2,15943.67,132.55,159,17,9.8,41.48,0,0,0,0
6,1,1,USA,Rio,ATM Withdrawal,Credit Card,Desktop,24,636,6.5,1451.74,14.91,158,18,24.7,17.47,0,0,0,0
7,0,0,Japan,Vancouver,Clothing,Debit Card,Tablet,52,648,1.6,274130.99,25.0,137,28,21.4,13.07,0,0,1,0
10,0,0,USA,Munich,Education,Debit Card,Mobile,38,631,4.4,23975.39,114.99,141,26,2.9,5.15,0,0,0,0
0,0,1,USA,New York,Jewelry,Bank Transfer,Desktop,45,720,3.3,1074.81,895.21,162,18,22.9,21.28,0,1,0,1
11,0,0,India,New York,Entertainment,Bank Transfer,Mobile,46,742,2.8,12037.85,44.54,181,28,1.9,28.17,0,0,0,0
9,0,0,Mexico,Guadalajara,Clothing,Credit Card,Mobile,39,694,12.8,36567.67,64.26,146,25,7.5,7.23,0,0,0,0
15,0,0,Canada,Sydney,Entertainment,Debit Card,Desktop,19,776,2.5,3104.73,21.76,142,19,5.1,1.95,0,0,0,0
2,0,1,USA,Lyon,Entertainment,Credit Card,Desktop,55,608,1.2,6754.02,34.16,168,26,65.6,9.97,0,0,0,0
12,0,0,UK,Rio,Utilities,Credit Card,POS Terminal,27,739,19.3,6620.97,17.77,135,24,50.3,0.21,0,1,0,0
1,1,1,Mexico,Mexico City,Utilities,Credit Card,Mobile,36,770,1.6,304031.69,96.75,155,20,20.1,27.41,0,1,0,0
18,0,0,Germany,Lyon,Crypto Exchange,Bank Transfer,Mobile,41,796,0.8,827.65,35.3,152,23,1.1,7.23,1,0,0,0
6,0,1,Brazil,Tokyo,Online Shopping,Debit Card,ATM,45,669,0.7,21938.84,15.35,179,20,10.2,32.27,0,0,0,0
11,0,0,Mexico,New York,Fuel,Debit Card,Mobile,36,661,0.5,10523.3,72.22,163,30,6.9,5.01,0,0,0,0
23,0,1,India,Vancouver,Electronics,Debit Card,POS Terminal,56,538,7.1,20396.21,77.46,160,6,17.8,15.42,1,0,0,0
19,0,0,Brazil,London,Travel,Credit Card,POS Terminal,24,672,0.9,2800.61,53.34,137,14,8.1,3.14,0,0,0,0
1,0,1,USA,Toronto,Healthcare,Debit Card,Desktop,18,838,2.3,8198.78,32.88,128,21,21.4,0.83,0,1,0,0
15,1,0,India,Guadalajara,Electronics,Credit Card,Mobile,42,829,12.6,6344.1,389.24,170,11,6.2,9.88,0,0,0,0
0,0,1,Japan,Paris,Healthcare,Mobile Payment,ATM,18,531,4.3,11956.92,42.91,149,21,1.4,9.03,0,0,0,1
22,0,1,USA,Munich,Jewelry,Mobile Payment,Mobile,25,665,3.2,2675.1,73.63,159,27,2.9,29.7,0,0,1,0
16,0,0,Australia,Berlin,Utilities,Debit Card,ATM,47,709,4.9,1075.21,436.85,154,18,3.5,1.74,0,0,0,0
10,1,0,Germany,Manchester,Gaming,Credit Card,Desktop,26,670,0.7,264299.85,32.87,160,21,4.9,23.51,0,0,0,0
13,0,0,France,Los Angeles,ATM Withdrawal,Credit Card,Mobile,49,700,2.8,55146.18,5.17,169,13,2.7,11.71,0,0,0,0
20,0,0,Germany,Osaka,Utilities,Bank Transfer,Mobile,26,646,8.6,8511.1,31.3,160,12,12.5,60.84,0,0,0,0
15,1,0,Mexico,London,Healthcare,Credit Card,Tablet,55,677,4.7,1453.19,87.99,157,18,6.0,4.63,0,0,0,0
14,0,0,Germany,Tokyo,Entertainment,Credit Card,Desktop,49,728,6.9,6858.34,18.11,133,23,10.6,14.31,0,1,0,0
15,0,0,USA,Sydney,Travel,Credit Card,Mobile,36,737,3.3,84692.07,296.21,142,20,14.3,5.28,1,0,0,0
4,0,1,Germany,Lyon,ATM Withdrawal,Bank Transfer,Tablet,34,779,1.8,3321.45,6.18,139,11,15.6,24.87,1,3,0,0
7,0,0,USA,Sydney,Entertainment,Credit Card,Mobile,53,777,2.3,12218.04,70.04,147,14,19.0,14.94,0,0,0,0
8,0,0,India,Lyon,Restaurant,Mobile Payment,ATM,71,734,30.0,1186.01,954.81,129,13,1.7,12.4,0,0,0,0
20,1,0,USA,São Paulo,Clothing,Bank Transfer,POS Terminal,50,606,4.3,30975.46,63.84,153,19,8.6,5.26,0,0,0,0
2,0,1,Japan,Manchester,Online Shopping,Mobile Payment,Mobile,47,611,5.6,22835.08,125.63,153,19,21.2,23.37,0,0,0,0
17,1,0,USA,Melbourne,Jewelry,Credit Card,Mobile,22,651,16.6,9256.41,500.73,144,24,28.9,0.39,0,0,0,0
19,0,0,USA,Berlin,Clothing,Debit Card,ATM,57,587,3.8,26495.95,69.97,132,20,21.4,1.51,0,1,0,0
3,0,1,Brazil,Guadalajara,Restaurant,Credit Card,ATM,33,821,3.9,1885.4,11.27,148,22,6.8,0.33,0,1,0,0
22,1,1,Mexico,Los Angeles,Education,Debit Card,ATM,21,850,3.7,10151.57,22.14,141,12,54.0,2.23,0,0,0,0
14,0,0,USA,Manchester,Entertainment,Credit Card,ATM,62,529,4.1,3550.66,12.32,159,27,0.7,2.21,0,1,0,0
20,0,0,Mexico,Mexico City,Jewelry,Credit Card,Mobile,60,773,11.0,8046.47,478.35,170,19,3.5,3.63,0,0,1,1
13,0,0,Germany,Vancouver,Jewelry,Crypto,Mobile,57,559,6.6,6244.53,415.43,183,20,2.5,7.92,0,0,0,0
23,1,1,Japan,Mexico City,Travel,Bank Transfer,ATM,49,736,4.8,38153.92,1032.56,142,22,107.5,10.26,0,0,0,0
21,0,0,USA,Munich,Grocery,Bank Transfer,Mobile,67,651,8.2,9033.3,59.64,168,21,1.2,3.42,0,0,0,0
4,0,1,Japan,Mumbai,Healthcare,Mobile Payment,Desktop,60,616,12.9,11116.41,24.34,144,23,22.6,10.22,0,0,0,0
7,0,0,Brazil,Delhi,Grocery,Credit Card,POS Terminal,18,604,1.1,38025.93,41.46,150,12,9.8,31.96,0,0,0,0
13,1,0,USA,New York,Entertainment,Credit Card,Desktop,31,620,3.4,1729.72,116.65,134,12,11.2,0.21,0,2,0,0
9,0,0,Germany,Melbourne,Fuel,Crypto,Mobile,46,812,0.7,5767.16,59.18,146,28,26.3,9.8,0,0,0,0
14,0,0,USA,Manchester,Electronics,Mobile Payment,POS Terminal,55,639,7.5,4397.87,200.53,158,18,6.4,15.91,1,0,0,0
15,0,0,Australia,Delhi,Grocery,Credit Card,Mobile,19,634,16.5,13621.65,133.31,139,20,29.8,8.48,0,0,0,0
17,0,0,USA,Tokyo,Electronics,Credit Card,Mobile,37,654,2.1,17941.73,210.78,142,20,50.8,9.97,0,0,0,0
0,0,1,Germany,Paris,Electronics,Credit Card,POS Terminal,52,717,8.1,25147.32,975.98,136,24,22.5,46.02,1,0,0,0
9,0,0,USA,Paris,Travel,Credit Card,Desktop,61,794,0.3,102505.19,2809.22,153,16,90.6,70.14,0,2,0,0
12,0,0,UK,Vancouver,Jewelry,Debit Card,Mobile,44,646,0.4,4409.86,1151.78,138,23,6.1,24.21,0,0,0,0
10,0,0,France,Toronto,Jewelry,Bank Transfer,Desktop,57,679,12.7,16101.92,136.71,167,17,22.0,47.34,0,0,0,0
6,0,1,USA,São Paulo,Grocery,Credit Card,Mobile,78,748,3.4,42119.05,30.03,147,23,15.9,0.72,0,0,0,0
3,0,1,Germany,Mexico City,Travel,Debit Card,Desktop,61,699,1.0,21860.37,121.19,144,29,29.8,0.03,0,1,0,0
7,0,0,UK,Guadalajara,Education,Bank Transfer,Desktop,45,840,4.4,15125.77,52.17,152,17,3.7,6.16,0,0,0,0
23,1,1,USA,Berlin,Clothing,Bank Transfer,Mobile,29,667,13.2,2740.48,136.26,142,28,1.9,4.47,0,0,0,0
6,0,1,Mexico,Manchester,Gaming,Credit Card,POS Terminal,32,622,4.6,16146.0,99.28,158,22,38.8,43.61,0,0,0,0
13,0,0,France,Tokyo,Utilities,Credit Card,ATM,42,694,0.2,5157.01,16.2,153,14,4.4,5.63,0,0,0,0
18,0,0,UK,Rio,Gaming,Crypto,Mobile,19,850,6.7,4315.67,22.37,162,31,8.3,18.69,1,0,0,0
5,0,1,USA,Guadalajara,Healthcare,Credit Card,Desktop,70,731,3.0,5938.05,26.09,153,19,8.6,36.65,0,0,1,0
17,0,0,Germany,Guadalajara,Jewelry,Debit Card,Mobile,55,596,1.1,1431.68,319.55,153,18,31.4,17.27,0,0,0,0
15,0,0,France,São Paulo,Education,Bank Transfer,Mobile,50,635,20.8,19534.69,68.68,163,30,28.4,7.26,0,0,0,0
22,0,1,USA,London,Jewelry,Crypto,Desktop,34,850,10.3,43445.76,1533.42,157,12,0.3,18.47,0,0,0,0
7,0,0,USA,Berlin,Entertainment,Bank Transfer,Desktop,49,835,9.0,5607.55,64.59,156,18,34.9,5.76,0,1,0,0
20,0,0,USA,Los Angeles,Utilities,Debit Card,Mobile,42,712,3.3,3955.24,16.25,145,18,0.9,2.22,0,0,0,0
23,0,1,USA,London,Electronics,Debit Card,Desktop,49,697,1.4,640.45,1221.5,149,26,27.9,1.87,0,0,0,0
23,1,1,Japan,Guadalajara,Education,Credit Card,Tablet,18,543,1.4,9639.82,9.78,160,20,49.6,5.26,1,0,0,1
13,1,0,India,Mexico City,Travel,Debit Card,Mobile,46,843,11.3,5677.74,425.2,129,21,4.4,4.22,0,0,0,0
10,1,0,USA,Los Angeles,Jewelry,Credit Card,Mobile,38,757,5.0,107054.33,108.6,141,22,5.7,1.56,0,0,0,0
9,0,0,Canada,Munich,Restaurant,Debit Card,Mobile,39,538,5.6,4869.51,59.27,163,20,29.5,6.25,1,0,0,0
3,1,1,UK,Paris,Clothing,Credit Card,POS Terminal,32,757,1.9,8457.81,204.92,152,19,9.5,10.17,1,0,0,0
5,0,1,USA,Los Angeles,Clothing,Debit Card,Desktop,18,632,10.6,24856.32,33.55,165,19,0.3,18.73,0,0,0,0
8,1,0,USA,Delhi,Grocery,Bank Transfer,Mobile,49,557,1.4,9212.36,39.81,146,15,5.1,1.3,0,0,1,0
23,0,1,UK,São Paulo,Restaurant,Credit Card,Mobile,30,813,0.9,18028.34,30.13,156,19,4.9,17.09,0,0,0,0
1,0,1,Canada,Osaka,Restaurant,Debit Card,Mobile,56,722,11.7,5972.42,73.15,163,19,11.3,19.53,0,0,1,0
4,0,1,Brazil,São Paulo,Healthcare,Mobile Payment,Mobile,52,651,2.0,30629.52,240.85,138,21,17.5,18.18,0,0,0,0
18,0,0,France,Berlin,Crypto Exchange,Credit Card,Desktop,53,739,3.2,33099.33,20.51,157,21,47.5,1.85,0,0,0,0
21,0,0,USA,Vancouver,Restaurant,Credit Card,Mobile,47,672,1.3,3876.7,53.84,164,18,8.7,21.28,1,0,1,0
23,0,1,Brazil,São Paulo,Education,Credit Card,Desktop,62,742,11.1,4434.87,8.19,142,25,33.1,0.15,1,0,0,0
1,0,1,France,Toronto,Online Shopping,Crypto,Desktop,32,670,0.3,4383.36,168.99,160,16,16.1,7.35,0,0,0,0
6,0,1,USA,Munich,Crypto Exchange,Debit Card,POS Terminal,42,727,1.4,2262.31,61.74,149,15,26.9,17.9,0,0,0,1
20,0,0,UK,São Paulo,Online Shopping,Debit Card,POS Terminal,24,850,3.9,2283.17,17.66,150,19,22.7,10.27,0,0,0,0
18,0,0,Japan,Osaka,Entertainment,Crypto,Mobile,67,641,7.3,2256.93,56.23,146,26,39.6,0.08,0,1,0,0
20,1,0,UK,Guadalajara,Utilities,Credit Card,ATM,18,694,6.5,11146.46,97.94,131,22,11.5,12.12,0,0,0,0
1,0,1,USA,Berlin,Electronics,Bank Transfer,Desktop,34,643,2.9,21939.03,181.27,145,25,17.3,12.62,0,0,0,0
5,1,1,USA,Los Angeles,Electronics,Debit Card,Mobile,25,636,7.6,3215.13,844.38,169,19,17.4,14.85,0,0,0,0
13,0,0,Germany,London,Clothing,Debit Card,ATM,39,674,1.5,12092.5,127.59,173,20,3.1,10.58,0,0,0,0
6,0,1,Germany,Sydney,Jewelry,Mobile Payment,POS Terminal,78,649,3.2,1722.99,83.23,151,26,39.0,9.07,0,0,0,0
11,1,0,USA,Vancouver,Education,Crypto,Mobile,69,680,2.6,52639.53,463.29,153,33,22.3,4.02,0,0,0,0
13,0,0,Australia,Munich,Healthcare,Credit Card,Desktop,37,635,7.6,3331.9,154.37,151,25,8.9,17.69,0,0,0,0
22,0,1,Japan,Sydney,ATM Withdrawal,Mobile Payment,Desktop,23,731,7.3,12252.19,96.03,141,18,2.7,13.86,0,0,0,0
4,1,1,USA,Paris,Gaming,Credit Card,Mobile,30,651,4.8,2291.45,10.44,144,19,10.7,13.02,0,0,0,0
2,1,1,USA,Melbourne,Entertainment,Credit Card,Desktop,32,749,8.6,1968.67,24.41,137,14,16.1,8.52,0,0,0,0
15,1,0,UK,London,Online Shopping,Debit Card,Desktop,36,659,6.9,907.52,113.16,134,19,36.4,7.97,0,1,0,0
11,1,0,India,Berlin,Online Shopping,Credit Card,POS Terminal,43,625,1.8,3546.68,118.44,141,23,17.7,9.7,1,0,0,0
7,1,0,Mexico,Mumbai,Electronics,Credit Card,POS Terminal,47,662,3.6,1685.43,308.74,149,28,3.8,6.35,0,0,0,0
10,0,0,USA,Berlin,Jewelry,Debit Card,Tablet,62,483,0.2,24858.6,443.68,143,16,5.2,0.11,0,1,0,0
15,1,0,Mexico,Sydney,Gaming,Debit Card,Mobile,46,660,0.6,9295.37,52.06,117,20,5.5,7.83,0,0,1,0
17,0,0,France,Munich,Education,Credit Card,POS Terminal,55,594,1.5,33589.97,123.68,151,32,1.8,11.85,1,0,0,0
11,0,0,India,Sydney,Healthcare,Mobile Payment,Desktop,43,746,2.4,13098.51,24.15,146,24,16.9,1.38,0,0,1,0
20,1,0,USA,Sydney,Travel,Debit Card,Mobile,47,554,6.6,15254.15,126.29,139,22,27.6,2.83,1,0,0,0
1,0,1,Brazil,Los Angeles,Crypto Exchange,Bank Transfer,POS Terminal,18,636,1.6,2652.44,158.31,155,23,0.0,2.02,1,1,0,0
17,0,0,India,Guadalajara,Healthcare,Bank Transfer,ATM,40,739,1.7,4516.15,33.36,133,22,39.2,11.8,0,0,0,0
9,0,0,UK,Rio,Electronics,Mobile Payment,Mobile,21,687,5.0,778.86,1654.12,153,16,26.9,0.81,1,0,0,0
3,0,1,USA,Toronto,Restaurant,Credit Card,Mobile,39,759,1.5,2095.17,49.73,144,18,51.2,21.13,0,4,0,0
13,0,0,Japan,Los Angeles,Online Shopping,Credit Card,Mobile,31,768,6.3,17415.77,23.68,144,17,24.9,4.86,1,0,0,0
13,0,0,Brazil,London,ATM Withdrawal,Credit Card,Tablet,69,692,27.3,5897.08,76.41,165,25,1.9,26.53,0,0,0,0
23,0,1,Brazil,Toronto,Entertainment,Debit Card,Mobile,66,730,1.8,999.79,7.95,146,25,44.9,14.38,0,0,0,0
6,0,1,UK,Guadalajara,Gaming,Debit Card,Desktop,77,662,1.1,1536.63,36.12,140,28,8.3,15.74,0,0,0,0
2,0,1,USA,Los Angeles,Entertainment,Bank Transfer,Tablet,21,754,2.0,108154.22,151.28,137,20,21.2,22.38,1,0,0,0
4,1,1,Germany,Melbourne,Utilities,Credit Card,Tablet,65,720,8.3,26557.16,136.83,152,21,10.8,8.7,1,0,0,0
18,0,0,France,Sydney,Entertainment,Credit Card,Tablet,25,662,4.9,2238.36,81.81,159,20,3.5,20.41,0,0,0,0
4,0,1,UK,Mexico City,Clothing,Debit Card,Tablet,28,756,1.2,1392.61,92.1,125,17,7.2,63.2,0,0,0,0
5,0,1,France,Toronto,Healthcare,Credit Card,Tablet,39,707,1.9,13311.19,35.23,131,16,27.5,4.53,0,1,1,0
21,0,0,France,Los Angeles,Entertainment,Credit Card,POS Terminal,53,652,2.8,17853.04,50.02,176,16,1.0,2.47,0,0,0,0
23,0,1,Mexico,Guadalajara,Education,Credit Card,Mobile,34,758,0.5,16431.86,129.48,146,18,11.6,6.58,1,1,0,0
22,0,1,UK,Paris,Travel,Credit Card,ATM,29,646,7.4,5753.78,48.53,159,24,7.3,3.9,1,3,0,0
16,1,0,Brazil,Munich,Healthcare,Crypto,Desktop,52,665,0.7,388.29,55.3,148,18,13.2,0.42,0,0,0,0
16,0,0,Mexico,Mumbai,Healthcare,Mobile Payment,Tablet,28,608,1.9,15745.92,63.29,167,17,9.5,8.69,1,0,0,0
23,0,1,France,Paris,Healthcare,Debit Card,Tablet,40,588,4.6,5355.38,71.74,144,26,33.9,5.72,0,0,0,0
13,0,0,Mexico,Paris,Education,Crypto,Mobile,31,735,0.2,1324.69,11.76,169,19,11.1,34.65,1,1,0,0
15,0,0,Germany,Lyon,Online Shopping,Credit Card,Desktop,54,537,0.1,2395.86,25.19,161,23,24.0,14.64,0,0,0,0
9,0,0,Canada,Osaka,Education,Debit Card,Mobile,30,640,7.9,23004.0,25.27,154,21,2.6,5.34,0,0,0,0
21,0,0,Mexico,Mumbai,Electronics,Bank Transfer,Mobile,31,782,0.1,8095.2,210.4,152,17,58.8,25.2,1,2,0,0
14,1,0,UK,Vancouver,Utilities,Mobile Payment,Desktop,54,570,1.7,5040.44,46.54,167,19,5.5,13.86,0,3,0,0
2,0,1,India,Lyon,Travel,Credit Card,Mobile,27,690,5.9,19017.47,279.83,160,23,10.7,0.16,0,0,0,0
5,1,1,Japan,Delhi,Utilities,Credit Card,Mobile,83,645,3.9,190241.86,24.51,123,26,27.8,9.65,0,0,0,0
20,0,0,USA,Delhi,Travel,Credit Card,Tablet,20,775,9.2,8549.18,141.41,127,20,26.3,24.1,0,0,0,0
23,0,1,France,Mexico City,Grocery,Debit Card,Mobile,62,720,7.8,1412.98,224.33,151,18,39.5,4.2,1,0,0,0
19,0,0,USA,Delhi,ATM Withdrawal,Debit Card,Mobile,31,738,7.1,5224.69,47.24,155,19,4.2,6.56,0,2,0,1
4,0,1,USA,Paris,Crypto Exchange,Mobile Payment,Mobile,55,643,6.0,2249.66,92.67,144,26,17.3,13.7,1,0,0,0
15,1,0,Canada,Sydney,Grocery,Bank Transfer,ATM,58,811,3.1,26691.99,79.67,134,18,12.7,7.84,0,0,0,0
15,0,0,Australia,Berlin,Utilities,Debit Card,POS Terminal,73,665,0.9,17825.85,311.52,154,20,4.8,13.65,1,0,0,0
16,0,0,Australia,Sydney,Electronics,Debit Card,Desktop,57,744,5.3,14981.72,196.79,147,22,1.3,5.79,1,0,0,0
6,0,1,USA,Mumbai,Travel,Debit Card,Tablet,46,585,2.8,5074.9,83.79,140,21,32.5,5.19,0,5,0,0
0,0,1,USA,São Paulo,Fuel,Debit Card,Mobile,28,765,5.2,6280.82,33.37,150,15,0.4,39.68,0,0,0,0
7,0,0,Canada,London,Utilities,Cheque,Desktop,31,646,6.1,8762.74,675.37,141,20,46.2,2.86,0,0,0,0
6,0,1,India,Guadalajara,Fuel,Mobile Payment,Mobile,30,731,2.9,104497.48,313.28,154,20,17.0,36.3,0,0,0,0
20,1,0,India,New York,Entertainment,Mobile Payment,Mobile,25,775,5.2,5517.67,65.2,153,28,3.0,9.46,0,0,0,0
3,1,1,Brazil,Melbourne,Utilities,Crypto,Mobile,60,850,10.0,8483.77,32.14,140,20,14.0,17.62,0,0,0,0
13,0,0,USA,Rio,Crypto Exchange,Debit Card,Mobile,39,724,0.7,2982.45,65.16,151,20,0.4,12.83,0,0,0,0
10,0,0,India,Tokyo,Utilities,Credit Card,ATM,39,678,4.7,9241.78,24.11,146,13,43.8,10.48,0,0,0,0
1,0,1,Brazil,Tokyo,Clothing,Debit Card,Mobile,45,654,1.1,21543.71,32.9,145,16,2.3,3.14,0,0,0,0
19,0,0,USA,Tokyo,Online Shopping,Debit Card,Mobile,62,762,4.5,66132.88,16.54,168,18,7.8,3.82,0,0,0,0
15,1,0,USA,Tokyo,Clothing,Credit Card,Desktop,62,739,3.8,7319.52,49.24,156,15,1.8,3.64,0,0,0,0
21,1,0,India,São Paulo,Online Shopping,Debit Card,Mobile,73,753,9.3,34581.41,25.55,157,23,51.0,4.83,0,0,0,0
1,1,1,Canada,São Paulo,Grocery,Crypto,Mobile,22,685,10.0,7956.16,123.63,136,23,28.9,14.07,0,0,0,0
6,0,1,Japan,London,ATM Withdrawal,Credit Card,Mobile,37,554,1.6,4473.94,86.91,125,25,37.1,11.49,0,1,0,1
11,0,0,USA,Sydney,Fuel,Credit Card,ATM,54,732,2.4,13018.15,50.04,164,27,31.3,6.88,0,0,0,0
1,1,1,USA,Sydney,Online Shopping,Mobile Payment,ATM,54,700,1.2,26855.99,718.39,165,19,93.3,10.45,0,2,0,0
5,1,1,USA,Melbourne,Travel,Credit Card,Mobile,49,691,6.6,3659.72,661.22,147,20,110.8,2.24,0,0,0,0
8,1,0,USA,Guadalajara,Utilities,Mobile Payment,Desktop,36,739,8.1,16606.6,43.84,159,19,15.4,23.55,0,0,0,0
14,0,0,France,Mumbai,Crypto Exchange,Mobile Payment,POS Terminal,57,713,16.3,4486.68,46.08,171,22,0.5,20.33,0,0,0,0
22,0,1,USA,Manchester,ATM Withdrawal,Credit Card,Tablet,55,668,4.0,105029.49,31.77,147,23,26.6,6.72,0,0,0,0
8,0,0,Brazil,Delhi,Utilities,Mobile Payment,Desktop,77,571,2.9,580.54,31.69,142,18,8.3,38.78,0,0,0,0
3,0,1,India,London,Restaurant,Credit Card,Tablet,34,712,0.7,11868.78,138.43,147,18,17.5,10.48,0,0,0,0
14,1,0,France,Guadalajara,Restaurant,Credit Card,Mobile,41,645,1.5,4840.8,127.02,147,26,1.3,35.36,0,0,0,0
4,0,1,UK,Berlin,Grocery,Credit Card,Mobile,30,802,0.1,31108.63,49.47,132,22,14.6,5.16,1,0,0,0
2,0,1,Germany,Melbourne,Restaurant,Bank Transfer,Mobile,51,829,13.2,9579.89,4.76,166,19,5.7,6.57,0,0,1,0
11,0,0,USA,Munich,Travel,Mobile Payment,ATM,71,721,0.1,2594.13,728.99,149,22,23.8,18.55,0,0,1,0
19,0,0,USA,Toronto,Clothing,Credit Card,Desktop,51,797,0.5,2015.61,67.78,150,22,44.2,9.66,0,2,0,0
3,1,1,Australia,Guadalajara,Travel,Credit Card,Desktop,43,664,0.1,8635.4,32.6,137,19,6.8,12.63,1,2,0,0
4,1,1,Germany,Paris,Fuel,Credit Card,Desktop,35,655,8.3,4507.71,60.2,152,26,56.1,23.58,1,3,0,0
3,0,1,USA,Guadalajara,Fuel,Credit Card,ATM,36,677,1.4,847.87,76.3,153,17,19.7,5.38,0,0,0,0
13,0,0,USA,Berlin,Jewelry,Cheque,Desktop,22,610,1.6,1528.46,353.01,146,19,3.3,6.44,0,0,0,0
7,0,0,USA,Vancouver,Jewelry,Debit Card,Mobile,32,850,1.0,4789.94,820.98,148,23,37.9,2.1,1,0,0,0
20,0,0,India,Vancouver,Gaming,Bank Transfer,Mobile,32,611,7.0,14260.37,106.86,155,23,71.8,10.03,0,2,1,0
11,1,0,Germany,Guadalajara,Online Shopping,Bank Transfer,Tablet,34,572,1.1,7265.29,19.21,168,22,151.5,12.35,1,0,0,1
2,1,1,Australia,Paris,Entertainment,Credit Card,Mobile,48,777,3.3,10485.54,32.67,138,20,19.2,6.33,0,0,0,0
6,0,1,Germany,Toronto,Fuel,Credit Card,Tablet,30,719,2.2,4026.81,58.8,153,24,11.4,8.93,0,0,0,0
9,0,0,USA,Berlin,Travel,Credit Card,Tablet,41,684,0.5,6561.72,625.96,169,20,86.9,23.5,0,0,0,0
3,0,1,USA,Paris,Electronics,Debit Card,Mobile,22,695,12.3,1977.95,281.0,166,13,146.2,15.09,0,3,0,1
13,0,0,UK,Guadalajara,Restaurant,Debit Card,ATM,50,683,3.9,29592.73,92.13,171,20,2.7,4.67,0,0,0,0
21,0,0,USA,Delhi,Utilities,Credit Card,Tablet,32,683,0.3,4976.33,66.63,141,22,5.9,0.65,0,0,0,0
8,0,0,France,São Paulo,ATM Withdrawal,Credit Card,POS Terminal,47,634,3.8,81965.2,53.48,138,19,21.6,2.97,0,1,0,0
20,1,0,Australia,Osaka,Restaurant,Debit Card,Mobile,27,733,8.4,11101.4,128.09,145,22,8.6,0.63,0,0,0,0
22,0,1,Mexico,Osaka,Crypto Exchange,Credit Card,Desktop,51,623,1.0,820.47,12.89,152,19,5.6,69.82,0,1,0,0
10,0,0,USA,Mexico City,Online Shopping,Debit Card,ATM,26,792,1.8,5478.57,198.37,143,16,5.9,1.47,0,0,0,0
14,1,0,Germany,Los Angeles,Utilities,Credit Card,Mobile,37,710,2.4,12432.07,6.61,150,22,2.8,13.0,0,0,0,0
17,0,0,USA,London,Online Shopping,Credit Card,ATM,18,568,12.8,30167.78,48.11,132,27,18.8,92.1,0,1,0,0
3,1,1,India,Berlin,Entertainment,Credit Card,ATM,29,578,4.6,22133.56,141.85,156,14,32.7,17.06,0,0,0,0
20,0,0,Australia,New York,Travel,Mobile Payment,Mobile,27,632,4.1,92851.9,1605.36,139,19,10.9,48.42,0,0,0,0
19,0,0,Canada,Lyon,Gaming,Credit Card,POS Terminal,42,686,18.7,3510.51,39.36,157,15,13.7,11.68,0,1,0,0
0,0,1,UK,Delhi,Utilities,Debit Card,Desktop,22,747,5.0,33799.16,111.89,136,22,14.5,24.3,0,0,0,0
8,1,0,France,Paris,Crypto Exchange,Mobile Payment,Mobile,65,741,2.2,27990.14,112.69,143,16,6.0,2.98,0,0,0,0
22,0,1,France,Berlin,Grocery,Mobile Payment,Mobile,65,581,15.5,1348.61,41.2,136,24,65.1,7.83,0,0,0,0
12,1,0,Mexico,Tokyo,Grocery,Credit Card,ATM,73,742,13.5,23023.26,267.54,147,20,5.6,37.48,0,0,0,0
3,1,1,India,Berlin,ATM Withdrawal,Cheque,Desktop,24,571,12.4,1311.14,19.24,165,14,4.5,17.03,1,0,0,1
14,0,0,France,Guadalajara,Healthcare,Cheque,Mobile,30,699,0.4,12585.0,66.85,153,21,22.6,18.46,0,0,0,0
22,0,1,USA,Sydney,Crypto Exchange,Bank Transfer,Mobile,37,842,7.4,3893.14,18.36,181,27,15.1,12.97,0,0,1,0
22,1,1,Canada,Guadalajara,Healthcare,Credit Card,Mobile,54,677,6.4,3515.69,217.78,157,15,24.6,18.89,0,0,1,0
18,1,0,Japan,Mexico City,Healthcare,Credit Card,Mobile,38,850,6.0,47835.52,55.09,129,23,4.0,28.28,0,0,0,0
6,0,1,USA,Vancouver,Gaming,Mobile Payment,ATM,22,694,3.0,23217.43,54.57,152,20,17.4,15.84,0,1,0,0
5,0,1,Canada,Vancouver,Utilities,Credit Card,Mobile,36,733,0.1,7961.34,16.91,152,16,12.2,7.42,0,0,0,0
6,1,1,Canada,Tokyo,Jewelry,Credit Card,Mobile,61,620,3.5,59257.89,390.12,151,19,51.1,12.36,0,1,0,0
0,0,1,France,Lyon,Healthcare,Crypto,POS Terminal,40,638,4.0,4229.72,83.17,150,15,6.5,6.79,0,0,0,0
15,0,0,France,Los Angeles,Jewelry,Mobile Payment,Desktop,51,711,0.4,3732.2,210.48,149,21,12.2,28.42,0,0,0,0
9,0,0,India,Lyon,ATM Withdrawal,Credit Card,Tablet,33,770,9.9,14441.87,26.7,157,19,9.0,2.59,0,0,0,0
10,1,0,Brazil,Paris,Utilities,Credit Card,ATM,29,597,3.5,16265.08,117.3,142,20,62.1,11.31,0,1,0,0
6,0,1,India,Sydney,Education,Credit Card,ATM,37,733,12.6,5363.18,37.05,167,26,32.7,18.38,0,0,0,0
6,0,1,India,Manchester,Jewelry,Credit Card,Mobile,49,730,10.3,8353.0,979.47,140,25,14.3,14.65,0,1,0,0
23,0,1,Japan,Rio,Healthcare,Credit Card,Mobile,36,551,4.0,16761.7,72.33,153,12,1.2,6.7,0,0,0,0
23,0,1,Canada,Paris,ATM Withdrawal,Bank Transfer,Mobile,25,601,4.6,2548.53,23.98,154,25,8.9,32.51,0,0,0,0
6,0,1,Canada,Paris,Grocery,Credit Card,Desktop,50,694,0.1,9140.15,16.69,152,25,5.9,23.86,0,0,0,0
16,0,0,UK,Paris,Healthcare,Debit Card,Mobile,67,623,7.0,16341.85,65.94,152,13,4.5,7.08,1,1,0,0
5,0,1,Germany,Manchester,Education,Debit Card,Tablet,75,804,11.3,15499.5,153.58,143,22,29.0,1.25,0,1,0,0
13,0,0,USA,Delhi,ATM Withdrawal,Debit Card,Mobile,44,789,0.3,2239.1,113.23,145,15,33.9,15.95,0,3,0,1
7,0,0,Brazil,São Paulo,Healthcare,Credit Card,Mobile,35,737,15.6,8250.03,71.91,162,27,0.5,7.16,0,0,0,0
13,0,0,India,Rio,Grocery,Cheque,Mobile,31,715,7.4,7105.09,159.45,132,19,47.5,1.25,0,2,0,0
0,0,1,France,Berlin,ATM Withdrawal,Credit Card,Desktop,37,682,1.8,6548.79,28.54,169,17,12.8,19.01,0,1,0,0
8,0,0,India,Sydney,Restaurant,Debit Card,Mobile,55,682,11.2,1860.23,91.15,161,19,49.2,6.05,0,1,0,0
19,0,0,Germany,Guadalajara,Electronics,Credit Card,Tablet,57,822,2.3,1264.92,78.62,154,10,1.0,1.86,0,0,0,0
3,0,1,Mexico,Vancouver,Online Shopping,Bank Transfer,ATM,23,549,2.2,12214.27,25.82,141,23,1.7,3.87,0,0,0,0
17,0,0,USA,Mexico City,Electronics,Credit Card,Desktop,18,694,6.8,5134.6,319.23,143,17,8.9,8.05,0,0,0,0
16,0,0,Mexico,Toronto,Travel,Mobile Payment,Desktop,46,733,1.8,16507.14,632.4,174,19,9.2,21.46,0,0,0,0
17,0,0,Mexico,Manchester,Crypto Exchange,Credit Card,Mobile,44,717,0.1,3508.04,34.66,155,17,29.8,4.06,0,0,0,0
2,0,1,Mexico,Manchester,Jewelry,Debit Card,Desktop,35,587,0.1,73383.84,133.74,172,17,43.7,36.83,0,0,0,1
3,0,1,Germany,Mumbai,Electronics,Credit Card,Mobile,40,779,0.1,4614.79,84.65,143,20,18.7,2.48,0,0,0,0
15,0,0,Australia,Lyon,Grocery,Credit Card,Desktop,53,690,6.0,9658.96,109.09,154,11,19.7,1.72,0,0,0,0
7,0,0,Brazil,Lyon,ATM Withdrawal,Credit Card,POS Terminal,55,554,1.2,12736.6,107.42,141,21,1.3,19.48,0,4,0,0
23,0,1,India,Mumbai,Gaming,Debit Card,ATM,28,565,2.7,13791.06,307.84,160,23,14.0,3.33,1,0,0,0
14,1,0,Brazil,Mumbai,Utilities,Credit Card,Mobile,51,679,7.7,14755.0,73.71,151,20,1.0,16.69,0,0,0,0
10,0,0,USA,São Paulo,Electronics,Bank Transfer,Mobile,54,637,18.1,12703.89,592.92,146,15,77.5,19.92,0,2,0,0
21,0,0,Brazil,São Paulo,Education,Credit Card,Tablet,25,650,10.1,34876.97,44.13,156,28,6.8,0.56,1,0,0,0
2,0,1,USA,Toronto,Electronics,Debit Card,Mobile,30,688,6.6,5973.67,451.62,137,13,0.6,20.09,0,0,0,0
9,0,0,Mexico,Melbourne,Restaurant,Debit Card,Mobile,36,612,0.6,2838.92,23.64,158,27,22.6,1.07,0,0,0,0
6,0,1,USA,Berlin,Entertainment,Bank Transfer,Tablet,45,645,1.4,6800.11,123.7,139,12,8.5,27.54,0,0,0,0
5,0,1,Japan,Toronto,ATM Withdrawal,Bank Transfer,Desktop,65,695,1.6,5216.43,292.26,144,21,4.7,5.18,0,0,0,0
7,1,0,UK,Los Angeles,Education,Bank Transfer,Mobile,25,743,6.0,7117.76,115.48,173,35,7.1,0.81,0,0,0,0
11,0,0,Australia,Melbourne,Gaming,Credit Card,POS Terminal,41,765,7.2,4742.31,110.23,161,23,36.8,22.94,0,0,0,0
5,0,1,India,São Paulo,ATM Withdrawal,Credit Card,Tablet,43,782,4.0,5645.61,224.94,144,18,12.5,8.19,0,0,0,0
16,1,0,USA,Mexico City,Entertainment,Mobile Payment,Mobile,55,850,5.3,5535.39,76.12,152,14,7.6,4.43,1,0,0,0
1,1,1,UK,Vancouver,Grocery,Bank Transfer,Desktop,40,712,4.4,7940.71,35.6,150,21,10.4,11.16,1,0,0,0
8,0,0,USA,Lyon,Jewelry,Debit Card,Mobile,65,736,4.5,1008.9,206.65,143,19,20.8,11.84,0,0,0,0
1,0,1,Canada,Manchester,Travel,Debit Card,Desktop,25,763,17.2,7027.55,282.61,154,21,17.8,11.2,0,0,0,0
4,1,1,Germany,Osaka,Electronics,Mobile Payment,Mobile,27,740,11.1,11779.17,103.32,146,17,17.4,15.68,0,2,0,0
8,0,0,Mexico,Vancouver,Online Shopping,Debit Card,Tablet,39,705,9.8,1490.64,26.49,152,19,3.6,7.81,0,0,0,0
22,0,1,Canada,São Paulo,Restaurant,Debit Card,Mobile,31,608,1.5,1673.66,172.45,133,23,0.4,4.99,0,0,0,0
12,1,0,Canada,London,Crypto Exchange,Debit Card,Mobile,51,713,9.8,16354.52,23.59,144,18,4.4,22.07,0,2,0,0
1,1,1,USA,Munich,Grocery,Crypto,Tablet,31,573,2.3,23072.46,151.34,137,29,28.3,36.6,0,2,0,0
18,0,0,UK,Toronto,Restaurant,Mobile Payment,POS Terminal,74,803,4.5,14901.15,44.89,159,26,16.6,12.38,0,0,0,0
20,0,0,USA,Mexico City,ATM Withdrawal,Credit Card,Mobile,50,664,1.6,11804.73,79.94,160,17,3.1,7.0,0,0,0,0
8,0,0,USA,Paris,Crypto Exchange,Mobile Payment,Mobile,44,741,4.2,7398.89,9.31,136,22,5.0,1.26,0,1,0,0
20,1,0,Germany,Manchester,Online Shopping,Debit Card,Mobile,49,697,20.0,11894.74,94.19,138,22,3.7,9.62,0,0,0,0
8,0,0,India,Rio,Jewelry,Credit Card,Mobile,59,528,1.6,4285.1,138.16,153,20,37.9,10.44,0,2,0,0
12,0,0,Brazil,New York,Crypto Exchange,Credit Card,Mobile,44,624,17.4,2607.03,28.9,142,26,23.9,1.32,0,0,0,0
20,1,0,France,Lyon,Restaurant,Credit Card,Desktop,25,724,8.5,32240.74,23.78,139,19,15.9,21.11,0,0,0,0
19,1,0,Mexico,Rio,Restaurant,Credit Card,POS Terminal,27,726,3.9,16223.15,15.15,157,26,50.3,4.23,0,0,0,0
12,1,0,France,Vancouver,Utilities,Credit Card,Mobile,44,686,6.5,4973.04,8.77,153,21,77.9,32.38,1,0,0,0
8,0,0,Mexico,Manchester,Entertainment,Credit Card,Desktop,47,767,5.3,14286.7,78.05,162,22,17.8,7.76,0,0,0,0
0,0,1,France,Rio,Utilities,Debit Card,Mobile,65,737,0.1,171139.18,13.58,128,19,63.3,19.12,0,0,0,0
9,1,0,UK,Melbourne,Travel,Credit Card,Tablet,46,647,2.5,12600.85,168.55,141,25,9.1,1.46,0,0,1,1
7,0,0,Brazil,Mumbai,Entertainment,Credit Card,POS Terminal,65,669,6.4,2956.7,40.46,165,19,2.0,4.52,0,0,0,0
11,0,0,USA,Melbourne,Utilities,Credit Card,Desktop,47,572,9.4,24288.21,26.9,150,21,23.2,12.58,0,3,0,0
11,0,0,France,Manchester,Electronics,Credit Card,Mobile,46,758,21.2,67203.21,39.44,142,16,38.1,7.1,0,0,0,0
17,1,0,Brazil,London,Online Shopping,Credit Card,Mobile,52,776,18.3,5201.93,63.44,149,24,10.5,0.1,0,2,0,0
21,0,0,India,Tokyo,Grocery,Bank Transfer,Desktop,53,761,8.0,24173.89,20.33,164,16,14.4,57.4,0,0,0,0
6,0,1,Japan,Rio,Jewelry,Bank Transfer,Mobile,18,746,4.3,70818.08,751.51,138,17,8.7,22.6,1,0,0,0
14,0,0,USA,Toronto,Jewelry,Debit Card,Desktop,51,668,8.2,51741.41,1794.85,159,22,29.3,0.59,0,0,0,0
9,0,0,Germany,Manchester,Online Shopping,Credit Card,Mobile,29,782,11.6,34782.82,54.12,118,19,5.3,0.63,0,0,1,0
8,0,0,Australia,Mumbai,Electronics,Credit Card,Mobile,28,580,11.5,19658.34,830.18,140,21,11.5,0.94,0,0,0,0
17,1,0,USA,Tokyo,ATM Withdrawal,Crypto,Mobile,61,572,3.6,478.7,29.15,170,18,1.9,15.46,0,0,0,0
13,0,0,Germany,Los Angeles,Entertainment,Bank Transfer,Desktop,42,560,11.9,4325.39,52.42,150,27,67.3,2.54,0,0,0,0
6,0,1,India,São Paulo,Utilities,Debit Card,Mobile,20,520,1.3,8510.39,58.19,130,21,18.2,4.6,0,0,0,0
23,0,1,USA,Delhi,Gaming,Credit Card,Mobile,36,580,0.9,21433.75,55.33,151,17,9.5,14.34,0,0,0,0
4,0,1,Brazil,Manchester,Restaurant,Credit Card,Desktop,69,708,3.9,57163.87,159.82,161,14,12.5,18.59,0,0,0,0
13,1,0,Germany,Vancouver,Entertainment,Debit Card,Mobile,40,692,6.1,3014.02,246.44,166,22,5.5,23.26,0,0,0,0
11,1,0,France,Paris,Healthcare,Mobile Payment,Mobile,59,805,3.8,11095.89,100.99,137,20,15.1,9.19,0,0,1,0
21,0,0,UK,Sydney,Electronics,Debit Card,Desktop,40,779,2.6,9058.64,212.36,163,24,4.1,7.62,0,0,0,0
11,0,0,Brazil,Paris,Travel,Credit Card,Desktop,34,630,16.2,13501.05,2636.12,145,15,7.2,11.54,0,0,0,0
8,0,0,UK,Los Angeles,Healthcare,Credit Card,Mobile,48,736,2.4,3564.37,10.21,130,23,21.0,22.08,0,0,0,0
13,1,0,UK,Tokyo,Healthcare,Credit Card,Mobile,42,778,0.1,3434.6,87.65,159,15,23.5,1.45,0,1,0,0
1,0,1,India,Mexico City,Electronics,Mobile Payment,Desktop,73,643,5.9,2316.64,144.06,139,12,24.3,8.68,1,2,1,0
6,0,1,Canada,Vancouver,Education,Mobile Payment,ATM,41,701,4.8,3828.52,243.98,145,28,9.7,52.31,0,0,0,0
20,0,0,UK,Delhi,Fuel,Debit Card,Mobile,19,654,8.1,3337.33,170.15,158,17,12.7,0.37,0,0,0,0
10,0,0,USA,Los Angeles,Healthcare,Bank Transfer,Desktop,62,606,7.7,4254.05,37.1,139,22,12.0,0.83,0,0,0,0
10,0,0,Germany,Osaka,Utilities,Credit Card,Mobile,27,677,6.4,5431.43,17.42,144,18,57.6,20.96,0,0,0,0
1,0,1,USA,London,Entertainment,Debit Card,Mobile,41,564,13.6,2306.52,26.21,153,29,10.9,8.86,0,0,0,0
13,0,0,USA,Lyon,Online Shopping,Credit Card,ATM,42,749,3.4,7143.28,35.6,146,20,5.0,15.74,0,0,0,0
15,1,0,Japan,Toronto,Crypto Exchange,Crypto,Mobile,34,685,2.1,19924.77,43.86,147,25,23.5,4.57,0,1,0,0
19,0,0,Germany,Melbourne,Utilities,Credit Card,Mobile,49,823,0.2,50236.05,92.0,130,20,1.6,6.29,1,0,0,0
0,0,1,UK,Berlin,Entertainment,Bank Transfer,Mobile,21,694,7.9,2171.07,24.34,155,17,32.6,0.87,1,0,0,0
5,0,1,USA,Manchester,Online Shopping,Credit Card,Mobile,40,697,3.6,2739.31,48.45,161,24,54.7,5.89,0,0,0,0
0,1,1,USA,Berlin,Grocery,Cheque,Tablet,38,723,3.3,25996.1,80.61,159,18,25.1,17.99,1,1,0,0
15,1,0,Canada,Guadalajara,Utilities,Credit Card,Mobile,51,641,0.4,2490.17,34.91,159,24,1.3,4.54,0,1,0,0
8,0,0,USA,Toronto,Entertainment,Credit Card,POS Terminal,62,676,1.7,12387.34,39.58,164,23,37.4,7.31,1,0,0,0
12,0,0,USA,Tokyo,Fuel,Credit Card,ATM,41,700,5.7,38293.34,33.51,127,21,34.7,27.78,0,0,0,0
18,0,0,USA,Manchester,Crypto Exchange,Mobile Payment,Tablet,40,751,11.1,7849.86,38.54,151,31,6.0,1.19,1,0,0,1
21,0,0,Germany,Toronto,Fuel,Cheque,POS Terminal,26,745,8.9,2203.25,44.16,174,22,13.4,24.22,1,0,0,0
7,0,0,India,Rio,Grocery,Debit Card,Mobile,31,632,0.6,7510.24,52.34,144,22,56.7,1.75,0,0,0,0
13,0,0,Brazil,Delhi,Fuel,Credit Card,Desktop,55,566,5.4,44025.37,108.84,159,20,1.1,10.73,0,0,0,0
23,0,1,USA,Osaka,Travel,Bank Transfer,Mobile,22,706,2.2,6204.0,214.76,149,27,1.5,2.6,0,1,0,0
13,0,0,USA,Rio,Clothing,Debit Card,Mobile,25,727,7.1,11448.29,36.53,153,16,100.0,5.58,1,0,0,0
19,0,0,Australia,Rio,Electronics,Credit Card,Mobile,18,777,0.7,2833.91,250.95,139,23,4.2,14.45,1,0,0,0
22,0,1,USA,Los Angeles,Grocery,Debit Card,Mobile,45,716,0.2,3994.21,35.62,163,14,9.4,4.98,0,0,0,0
8,0,0,India,Mumbai,Gaming,Bank Transfer,Desktop,42,660,6.7,3440.31,8.87,152,23,23.3,11.96,0,0,1,0
14,1,0,UK,Sydney,Utilities,Bank Transfer,POS Terminal,65,754,1.8,8972.13,260.51,145,23,26.6,20.18,0,0,0,0
1,0,1,Mexico,Rio,Restaurant,Debit Card,Mobile,27,570,2.5,2042.47,289.32,138,15,34.1,2.38,0,0,0,0
17,0,0,USA,New York,Grocery,Mobile Payment,ATM,59,543,8.1,939.23,103.73,153,11,15.9,40.62,0,4,1,0
11,1,0,UK,London,Crypto Exchange,Debit Card,Mobile,53,506,15.0,53457.3,583.45,159,23,12.5,10.22,0,0,0,0
2,0,1,Brazil,Delhi,Clothing,Credit Card,Desktop,43,797,4.0,11211.7,144.65,163,20,37.7,9.02,0,0,0,0
22,1,1,India,Mumbai,Education,Debit Card,Mobile,38,586,2.2,16019.43,82.79,153,30,27.8,29.46,0,1,0,0
19,0,0,Germany,Mexico City,Crypto Exchange,Credit Card,Mobile,46,726,3.0,3730.26,7.07,126,24,3.6,13.45,0,0,0,0
23,1,1,Germany,Toronto,Restaurant,Bank Transfer,Mobile,53,656,2.2,6310.24,105.45,153,25,2.5,5.89,0,0,0,0
17,0,0,USA,Vancouver,Fuel,Debit Card,Mobile,74,601,14.1,42940.78,94.23,150,27,29.7,3.49,0,1,0,0
4,0,1,USA,Los Angeles,Restaurant,Debit Card,Mobile,18,590,1.5,6533.54,26.53,159,23,6.6,13.02,0,0,0,1
20,0,0,UK,Melbourne,ATM Withdrawal,Mobile Payment,Tablet,57,759,8.0,1142.53,8.21,168,26,0.9,10.11,0,1,0,0
0,0,1,Brazil,Manchester,Healthcare,Debit Card,Desktop,29,575,5.1,4684.07,250.29,160,21,3.3,29.63,0,0,0,0
17,0,0,USA,Guadalajara,Clothing,Credit Card,Desktop,25,769,27.4,15154.49,27.7,155,15,32.3,6.38,0,1,0,0
6,0,1,USA,São Paulo,Jewelry,Debit Card,Mobile,60,647,8.2,11549.04,2282.53,158,18,55.3,0.56,0,0,0,0
23,0,1,Brazil,Delhi,ATM Withdrawal,Credit Card,Desktop,48,776,2.4,20293.63,82.53,139,24,3.8,9.46,0,0,0,0
10,0,0,France,Vancouver,Entertainment,Credit Card,Mobile,63,696,9.9,4346.84,122.57,167,21,23.3,5.14,0,0,0,0
8,1,0,Brazil,Sydney,Education,Debit Card,Mobile,18,727,7.2,6942.74,16.75,152,17,2.4,12.56,0,0,0,0
18,0,0,USA,London,Electronics,Bank Transfer,Tablet,18,693,4.0,19548.38,855.12,142,23,28.4,8.98,0,0,0,0
11,0,0,Germany,Mexico City,Utilities,Mobile Payment,ATM,36,743,5.7,1289.07,835.25,139,19,10.9,16.21,0,0,0,0
1,0,1,Canada,Melbourne,Crypto Exchange,Credit Card,Tablet,43,601,2.4,18317.68,20.89,165,28,17.5,11.86,0,0,0,0
14,0,0,Australia,New York,Fuel,Credit Card,Mobile,36,732,0.5,2001.38,403.85,143,12,1.0,9.44,0,0,0,0
21,0,0,Mexico,Rio,Restaurant,Bank Transfer,Desktop,41,622,2.0,1252.38,62.49,125,15,20.9,5.69,0,0,0,0
14,0,0,Japan,Rio,Utilities,Credit Card,Tablet,40,689,1.3,17502.09,5.31,159,19,10.3,4.15,0,0,0,0
19,0,0,India,Paris,Clothing,Credit Card,Mobile,42,728,5.2,69519.47,45.78,135,27,24.5,33.91,0,0,1,0
9,0,0,UK,Osaka,ATM Withdrawal,Debit Card,Tablet,77,618,13.4,6332.36,80.2,163,18,9.0,1.12,0,2,0,0
0,1,1,UK,São Paulo,Jewelry,Credit Card,Mobile,56,750,5.3,6887.44,258.91,144,25,4.3,1.68,0,0,0,0
7,0,0,USA,Manchester,Electronics,Credit Card,Mobile,49,785,4.6,92645.74,579.0,154,21,12.7,7.23,0,0,0,0
11,0,0,UK,Vancouver,Online Shopping,Credit Card,POS Terminal,52,603,5.9,10101.91,72.8,167,21,28.7,2.17,0,0,1,0
9,1,0,USA,Manchester,Education,Debit Card,Tablet,30,749,4.9,4658.68,111.21,145,20,36.3,1.87,0,0,0,0
20,1,0,USA,Mexico City,Gaming,Bank Transfer,Mobile,52,678,5.0,29920.15,34.94,136,21,24.8,1.15,0,0,0,0
3,0,1,UK,Manchester,Online Shopping,Credit Card,Mobile,27,666,1.2,3515.73,142.24,150,20,18.2,2.35,0,0,1,0
5,1,1,Germany,Osaka,Jewelry,Debit Card,Mobile,46,670,9.5,12878.79,547.98,141,21,1.4,5.2,0,0,0,0
2,0,1,India,Sydney,Grocery,Credit Card,Tablet,43,598,1.7,5887.33,31.58,138,15,20.1,17.56,0,0,0,0
21,0,0,Japan,Rio,Education,Debit Card,Desktop,67,602,2.0,53777.56,33.89,169,21,4.3,5.33,0,0,0,0
6,0,1,Mexico,Paris,Grocery,Credit Card,Tablet,53,633,6.6,79935.67,77.71,153,25,0.4,11.88,0,0,0,0
14,0,0,Japan,São Paulo,Fuel,Mobile Payment,Mobile,42,645,14.7,31199.27,118.13,140,21,6.3,16.11,0,0,0,0
12,0,0,Canada,Mexico City,Entertainment,Debit Card,ATM,43,609,0.9,4874.97,146.54,156,27,58.2,6.95,0,0,0,0
11,1,0,Japan,Berlin,ATM Withdrawal,Debit Card,Tablet,44,689,2.4,23880.7,141.78,147,13,10.0,3.98,1,0,0,0
19,0,0,USA,Mumbai,Crypto Exchange,Debit Card,Tablet,42,706,15.3,6980.83,76.12,152,11,6.7,2.97,0,2,0,0
17,0,0,USA,Mumbai,Clothing,Credit Card,Desktop,32,663,0.7,12912.15,37.08,143,17,2.0,23.99,1,0,0,0
0,1,1,Brazil,Guadalajara,Fuel,Credit Card,ATM,57,687,5.5,3790.64,53.02,152,21,7.8,1.93,0,0,1,0
19,0,0,USA,Mexico City,Entertainment,Credit Card,Tablet,44,567,6.1,27943.6,47.1,125,23,10.9,2.52,0,3,0,0
16,0,0,UK,Lyon,Restaurant,Crypto,Mobile,35,668,0.8,71406.68,183.55,155,19,5.6,48.93,0,0,0,0
17,0,0,USA,Paris,Gaming,Mobile Payment,ATM,37,627,0.1,191400.49,60.62,160,20,7.0,32.01,0,0,0,0
13,0,0,Australia,Los Angeles,Entertainment,Credit Card,Desktop,36,572,2.4,24071.25,257.22,143,16,6.0,22.42,0,0,0,0
2,1,1,France,Sydney,Gaming,Bank Transfer,Mobile,59,711,1.3,23426.17,87.8,157,19,28.8,4.28,0,1,0,0
3,0,1,France,Lyon,ATM Withdrawal,Credit Card,Mobile,30,729,16.0,3590.43,192.1,150,24,15.1,18.37,0,1,0,1
1,0,1,UK,Mumbai,Healthcare,Debit Card,Desktop,38,697,1.8,4229.32,108.41,159,21,33.7,17.64,0,0,0,0
13,0,0,USA,Manchester,Travel,Crypto,Mobile,48,530,0.5,4038.71,544.74,146,17,11.5,2.06,1,0,0,0
21,0,0,UK,Paris,Clothing,Mobile Payment,Desktop,31,733,18.5,3574.35,120.66,152,24,63.9,22.52,0,0,0,0
6,0,1,USA,Delhi,Restaurant,Credit Card,POS Terminal,46,711,5.8,11247.04,15.82,165,18,15.4,34.46,1,0,0,0
7,1,0,Japan,Rio,Electronics,Bank Transfer,POS Terminal,49,628,14.8,15677.9,272.35,137,23,10.9,1.1,0,0,0,0
5,0,1,USA,Mumbai,Entertainment,Debit Card,Desktop,18,700,1.0,11342.02,32.7,145,29,5.0,11.24,0,0,0,0
6,0,1,India,Lyon,Fuel,Crypto,Mobile,34,643,2.3,6701.36,41.05,149,24,85.6,5.25,0,0,0,0
9,1,0,India,Paris,Utilities,Bank Transfer,Mobile,20,662,3.5,1762.75,470.06,174,17,5.5,7.49,0,0,0,0
17,0,0,UK,Manchester,ATM Withdrawal,Crypto,Mobile,35,582,4.9,7979.16,20.04,120,14,3.0,14.51,0,0,0,0
14,0,0,Germany,Sydney,ATM Withdrawal,Credit Card,Mobile,25,671,10.3,5316.13,23.18,165,13,20.6,4.7,0,0,0,0
10,1,0,USA,Toronto,Online Shopping,Debit Card,Mobile,58,745,3.9,57017.11,70.74,186,21,30.0,5.88,0,0,1,0
22,0,1,India,Vancouver,ATM Withdrawal,Credit Card,Mobile,37,737,0.9,19288.36,25.0,173,17,13.7,8.45,0,0,0,0
23,0,1,USA,Berlin,Jewelry,Debit Card,Desktop,46,546,5.2,59157.31,84.65,146,18,64.6,11.03,0,1,0,0
15,1,0,Australia,New York,ATM Withdrawal,Credit Card,Mobile,29,808,1.4,112484.43,176.5,130,15,19.9,4.72,0,1,0,0
13,0,0,Mexico,Rio,Clothing,Credit Card,Desktop,43,799,2.9,1549.88,164.38,125,16,5.8,64.14,0,0,0,0
18,0,0,India,Manchester,Jewelry,Debit Card,Mobile,57,812,15.7,3964.92,464.37,152,14,9.6,51.99,0,0,0,0
15,0,0,India,Melbourne,Clothing,Credit Card,Desktop,21,652,0.5,2567.94,107.84,147,21,24.1,12.65,1,0,1,0
16,0,0,USA,Mumbai,Restaurant,Credit Card,Desktop,33,592,1.0,44154.47,131.91,153,17,1.5,2.34,0,0,0,0
5,0,1,USA,Manchester,Utilities,Credit Card,ATM,67,539,7.5,644.85,49.71,135,12,1.1,10.65,0,0,1,0
20,0,0,USA,Manchester,Online Shopping,Mobile Payment,Mobile,56,656,10.7,2141.48,31.18,153,22,14.9,0.92,0,0,0,0
15,0,0,USA,Rio,Jewelry,Debit Card,Mobile,68,797,5.2,553.92,629.79,158,20,2.6,15.15,0,0,0,0
2,1,1,India,Toronto,Utilities,Credit Card,Desktop,24,585,9.5,19330.42,7.78,133,22,53.9,5.93,1,0,0,0
12,1,0,India,Mumbai,Education,Debit Card,Mobile,41,586,6.1,903.51,14.19,141,21,3.3,4.15,0,0,0,0
15,0,0,Germany,Mexico City,Education,Mobile Payment,Desktop,54,643,0.7,70905.56,86.85,153,24,17.6,10.04,0,0,0,0
1,1,1,Canada,Sydney,ATM Withdrawal,Mobile Payment,Desktop,21,595,3.1,4991.1,69.71,175,21,1.1,16.72,0,0,1,0
18,0,0,Canada,Mexico City,Entertainment,Bank Transfer,Mobile,50,609,1.1,46445.64,5.85,163,13,2.9,2.4,0,0,0,0
12,1,0,Germany,London,Healthcare,Mobile Payment,Mobile,34,694,0.6,2940.11,16.81,136,20,17.2,8.11,1,0,1,0
16,1,0,India,London,Restaurant,Mobile Payment,Mobile,36,748,0.1,9420.67,31.38,167,19,6.4,32.22,0,1,0,0
19,0,0,France,Melbourne,Electronics,Credit Card,Desktop,48,675,1.2,103609.8,271.43,178,20,1.1,1.0,0,0,0,0
0,1,1,Japan,London,Education,Debit Card,Mobile,60,741,1.2,33478.68,95.41,129,14,60.7,8.0,0,2,1,1
20,0,0,USA,New York,Grocery,Credit Card,Mobile,36,635,3.2,11758.64,101.64,155,17,2.8,27.71,0,2,0,0
9,0,0,India,New York,Online Shopping,Debit Card,Desktop,51,495,4.8,6638.42,12.95,154,25,89.1,2.26,0,0,0,0
15,0,0,USA,Paris,Jewelry,Credit Card,Mobile,32,850,6.2,6306.92,642.13,137,11,45.2,34.09,0,0,0,0
2,0,1,France,Toronto,Restaurant,Cheque,ATM,55,673,1.3,8479.85,59.67,154,16,38.8,17.15,0,1,0,0
9,0,0,UK,New York,Grocery,Credit Card,ATM,35,753,0.7,34156.15,133.13,156,22,28.7,35.98,0,0,0,0
0,0,1,USA,Mumbai,Grocery,Credit Card,Mobile,51,572,11.7,8167.85,444.12,152,14,20.0,2.76,0,0,0,0
10,0,0,France,Vancouver,Gaming,Bank Transfer,Mobile,45,626,21.1,6875.34,217.04,152,19,16.4,18.71,0,0,0,0
3,0,1,India,Tokyo,Restaurant,Credit Card,POS Terminal,46,525,3.2,15791.42,29.7,160,23,51.8,15.92,0,0,0,0
9,0,0,Germany,Berlin,Gaming,Credit Card,Desktop,47,645,7.9,2455.82,12.57,129,15,43.2,19.95,0,0,0,0
4,0,1,UK,Melbourne,Entertainment,Debit Card,Mobile,46,714,1.1,25836.44,50.51,152,19,19.4,11.44,0,0,0,0
13,1,0,USA,New York,Entertainment,Debit Card,Mobile,35,694,0.5,19593.0,25.23,151,26,44.3,2.2,0,0,0,0
9,0,0,USA,Tokyo,Fuel,Mobile Payment,Mobile,28,644,1.1,20160.2,111.95,156,18,15.1,22.06,1,0,0,1
20,0,0,France,Mexico City,Education,Bank Transfer,Desktop,57,683,5.1,9128.99,8.31,164,21,55.0,12.78,0,0,0,0
22,0,1,Germany,Berlin,Jewelry,Debit Card,Desktop,22,661,13.5,7027.98,195.65,159,17,20.5,6.76,0,0,0,0
19,0,0,Germany,Melbourne,Grocery,Credit Card,Mobile,34,608,3.7,24540.14,68.42,137,16,7.4,6.12,0,0,0,0
23,0,1,Germany,Delhi,Crypto Exchange,Mobile Payment,ATM,39,709,15.2,353680.38,17.63,148,16,0.7,0.19,0,0,0,0
11,0,0,USA,Los Angeles,Grocery,Debit Card,Mobile,52,791,6.7,17754.5,70.05,151,18,9.9,6.04,1,0,0,0
20,0,0,Germany,Melbourne,Online Shopping,Credit Card,ATM,41,579,7.7,12390.29,110.16,141,21,48.2,10.16,0,0,0,0
9,0,0,Canada,São Paulo,Entertainment,Mobile Payment,Mobile,20,688,1.4,14938.04,16.68,157,11,22.2,37.51,0,2,0,0
1,1,1,Canada,Toronto,Grocery,Bank Transfer,Mobile,50,770,0.6,23555.64,240.39,144,23,20.8,16.23,1,3,0,0
14,1,0,France,Delhi,Travel,Bank Transfer,Mobile,67,730,8.4,38404.7,433.69,134,18,15.5,9.22,0,0,0,0
8,0,0,Canada,Toronto,Gaming,Bank Transfer,Desktop,36,616,7.5,11050.35,97.53,141,24,78.0,16.47,1,0,0,1
0,0,1,Brazil,Guadalajara,Clothing,Bank Transfer,Tablet,54,627,1.1,6582.24,314.41,138,23,1.2,2.79,1,0,0,0
21,0,0,India,Tokyo,Travel,Credit Card,Mobile,56,773,13.7,4273.2,469.49,136,20,22.6,28.46,0,0,0,0
11,0,0,USA,Vancouver,Jewelry,Credit Card,Mobile,34,850,1.7,30957.64,769.95,147,22,26.3,1.18,0,0,0,1
0,0,1,Japan,Sydney,Restaurant,Credit Card,POS Terminal,35,789,3.0,9826.98,30.14,128,14,6.2,0.25,1,0,0,0
11,0,0,Brazil,Guadalajara,Fuel,Debit Card,Desktop,56,670,4.4,22577.18,41.5,166,25,3.2,2.64,0,0,0,0
18,0,0,USA,Toronto,Grocery,Credit Card,Mobile,31,742,3.2,5298.84,26.49,167,22,50.0,31.26,0,0,0,0
14,1,0,France,São Paulo,Entertainment,Debit Card,Desktop,51,737,2.7,6165.61,17.25,156,26,48.2,23.1,0,0,0,0
0,1,1,India,São Paulo,Online Shopping,Debit Card,Mobile,29,639,0.3,20850.65,105.25,142,16,7.7,23.99,0,0,0,0
5,0,1,India,Osaka,Electronics,Bank Transfer,Mobile,33,536,2.9,1076.04,3434.91,173,17,17.7,10.64,0,0,0,0
10,1,0,USA,Lyon,Electronics,Debit Card,Mobile,39,502,3.9,4028.98,524.01,158,20,14.9,7.83,0,0,0,0
17,1,0,USA,Berlin,Education,Mobile Payment,Desktop,64,774,4.6,1456.64,45.11,141,17,37.4,9.36,0,0,1,1
22,1,1,India,Paris,Utilities,Credit Card,ATM,37,673,1.1,37419.57,124.95,170,22,12.9,19.18,0,0,0,0
2,0,1,UK,Guadalajara,Grocery,Bank Transfer,Mobile,47,668,0.5,7839.84,28.4,138,21,2.3,13.12,0,0,0,0
17,1,0,Canada,Melbourne,Travel,Bank Transfer,Mobile,56,708,2.0,60285.83,1353.44,178,23,13.6,0.86,0,0,0,0
20,1,0,USA,São Paulo,Entertainment,Debit Card,Mobile,62,813,7.3,9301.28,152.56,167,19,5.5,7.56,0,0,0,0
7,0,0,UK,Vancouver,Jewelry,Debit Card,POS Terminal,22,703,5.5,3374.29,304.11,147,19,45.2,1.31,1,0,0,1
14,0,0,Australia,Delhi,ATM Withdrawal,Crypto,Desktop,44,547,0.6,3702.21,140.95,154,20,18.8,24.32,1,0,0,0
4,0,1,USA,Mumbai,Electronics,Debit Card,Mobile,53,665,19.9,13359.19,440.2,156,20,7.5,6.32,0,0,0,0
20,0,0,Germany,Mexico City,Utilities,Credit Card,POS Terminal,62,739,0.4,7286.69,24.04,154,18,17.5,12.35,0,2,0,0
4,1,1,France,Manchester,Utilities,Bank Transfer,Mobile,23,579,7.8,7933.47,120.53,136,18,9.9,7.21,0,0,0,0
6,0,1,India,London,Crypto Exchange,Credit Card,Mobile,24,670,19.3,1327.07,61.41,138,11,16.6,18.54,0,0,1,0
18,0,0,France,Mexico City,Crypto Exchange,Mobile Payment,Mobile,29,684,2.2,6075.66,41.18,154,15,42.4,10.77,0,0,0,0
23,0,1,Japan,Manchester,Online Shopping,Mobile Payment,Mobile,51,756,6.6,16741.19,64.86,142,13,4.9,7.0,0,1,0,0
15,1,0,France,Guadalajara,Online Shopping,Debit Card,Desktop,36,787,9.6,195781.35,17.8,147,28,18.1,0.86,0,0,1,0
3,0,1,Germany,Paris,Fuel,Credit Card,Desktop,58,671,7.1,16886.3,36.55,128,16,16.3,4.19,0,0,0,0
19,1,0,UK,Sydney,Online Shopping,Credit Card,Mobile,37,605,1.3,4969.48,50.44,125,19,1.0,13.75,1,0,0,0
18,0,0,Japan,Berlin,Travel,Cheque,Mobile,65,697,3.5,9581.01,592.06,151,21,12.8,6.78,0,0,0,0
9,1,0,USA,Mexico City,Crypto Exchange,Crypto,Mobile,49,616,1.3,42736.14,23.61,140,19,25.2,2.49,0,0,0,0
11,0,0,USA,Mumbai,Entertainment,Credit Card,Mobile,39,718,2.6,72409.42,51.5,143,18,31.7,1.9,0,0,0,0
7,0,0,Mexico,Rio,Jewelry,Credit Card,Mobile,50,791,12.6,19193.3,1774.94,155,16,1.1,9.24,0,1,0,0
14,0,0,Japan,São Paulo,Gaming,Bank Transfer,Mobile,42,775,4.4,15167.95,38.38,175,27,5.7,3.03,0,0,0,0
23,1,1,UK,London,Grocery,Credit Card,Mobile,34,709,1.3,1664.65,303.71,162,18,72.6,4.91,0,0,0,0
4,1,1,USA,Mexico City,Utilities,Debit Card,Mobile,64,760,6.6,77263.59,9.0,173,22,9.5,3.97,0,0,0,0
19,0,0,France,Vancouver,ATM Withdrawal,Credit Card,Mobile,62,635,0.3,22841.83,137.68,147,21,1.0,7.23,0,0,0,0
22,0,1,USA,London,Clothing,Mobile Payment,Mobile,79,809,2.2,38510.66,75.02,149,16,30.5,9.5,0,3,0,0
4,0,1,UK,Los Angeles,Crypto Exchange,Bank Transfer,ATM,33,590,3.3,5617.12,249.83,158,24,48.6,3.06,0,0,0,0
1,0,1,Canada,London,Jewelry,Mobile Payment,Mobile,49,568,1.7,4910.0,103.75,160,15,11.3,2.32,0,0,0,0
15,0,0,France,Berlin,Gaming,Cheque,ATM,40,754,3.6,23436.05,68.53,163,28,5.6,4.66,0,0,0,0
22,0,1,USA,London,Jewelry,Debit Card,Mobile,19,655,9.7,1808.97,1026.9,142,27,7.8,13.5,0,1,0,0
20,0,0,USA,Delhi,ATM Withdrawal,Credit Card,Desktop,46,610,1.5,31999.06,50.79,158,19,27.1,20.63,0,0,1,0
4,0,1,USA,Lyon,Education,Credit Card,Desktop,60,605,9.8,25858.89,15.19,156,18,20.8,4.24,0,0,0,0
6,0,1,India,New York,Online Shopping,Credit Card,Mobile,18,669,1.2,2715.63,98.86,129,19,7.4,5.71,0,2,0,0
16,0,0,Japan,Los Angeles,Gaming,Debit Card,Desktop,26,698,15.2,40215.58,49.31,171,13,1.7,0.69,0,0,0,0
9,0,0,Mexico,Guadalajara,Crypto Exchange,Mobile Payment,Tablet,56,527,1.6,8648.28,15.34,147,20,22.0,16.64,0,4,0,0
23,1,1,USA,Munich,Crypto Exchange,Mobile Payment,POS Terminal,34,690,1.8,36559.89,34.36,135,17,26.0,11.38,1,3,0,0
21,1,0,USA,Tokyo,Entertainment,Credit Card,Mobile,29,660,4.2,11854.76,52.32,165,16,22.4,1.77,0,0,1,0
20,0,0,Mexico,São Paulo,Travel,Credit Card,Mobile,48,785,11.5,1953.44,529.23,162,16,68.1,18.16,1,2,1,0
16,0,0,Germany,Los Angeles,Travel,Bank Transfer,Mobile,41,801,13.3,4905.78,480.02,149,23,4.0,0.83,1,0,0,0
3,1,1,Germany,Lyon,Grocery,Bank Transfer,Mobile,58,552,6.0,6690.17,56.27,141,17,19.3,34.27,0,0,0,0
23,0,1,Germany,Delhi,Electronics,Credit Card,Tablet,32,574,1.3,5244.67,290.56,148,18,78.9,75.51,0,0,1,0
16,0,0,Japan,Paris,Grocery,Debit Card,Desktop,33,700,15.3,87985.52,556.61,155,24,10.2,22.87,0,0,0,0
21,0,0,UK,Sydney,Education,Cheque,Desktop,43,650,14.4,8001.86,135.44,147,19,23.9,16.22,0,1,0,0
8,0,0,Canada,Guadalajara,Grocery,Credit Card,Tablet,40,525,1.9,1645.43,220.35,144,14,25.5,5.75,0,4,1,0
8,0,0,Canada,Osaka,Gaming,Mobile Payment,Tablet,39,716,4.7,41731.52,53.75,162,18,41.2,1.31,0,0,0,0
15,0,0,Australia,Berlin,Electronics,Bank Transfer,Desktop,18,674,1.2,7599.53,42.11,155,17,12.4,35.98,0,0,0,0
20,1,0,Germany,Melbourne,Grocery,Crypto,Desktop,50,768,5.3,13164.5,36.41,151,23,19.0,22.85,1,0,0,0
6,0,1,India,Berlin,Crypto Exchange,Credit Card,Mobile,66,630,0.7,2840.76,87.87,146,23,6.3,1.55,0,3,0,0
18,0,0,Germany,Paris,Grocery,Mobile Payment,Mobile,40,634,2.1,6381.48,96.66,145,20,2.7,1.09,0,2,0,0
7,0,0,India,Manchester,Education,Debit Card,Tablet,32,584,0.7,4465.77,12.39,150,20,41.7,14.86,0,0,1,0
6,0,1,USA,Osaka,Crypto Exchange,Debit Card,Mobile,56,785,0.1,31442.29,47.3,143,15,31.8,13.17,0,0,0,0
22,0,1,Canada,Paris,Grocery,Debit Card,Mobile,51,722,1.4,5795.57,20.22,138,20,8.7,0.49,0,0,0,0
17,0,0,USA,Mexico City,Gaming,Credit Card,Mobile,51,718,0.1,23030.69,14.71,141,27,0.3,2.67,0,1,0,0
10,1,0,Germany,Guadalajara,Gaming,Bank Transfer,Mobile,19,617,2.6,2934.75,67.3,138,15,6.1,32.81,0,0,0,0
8,0,0,Mexico,Toronto,ATM Withdrawal,Debit Card,Desktop,41,577,13.2,14679.87,21.88,154,26,26.0,15.0,0,5,0,0
19,0,0,Australia,Mexico City,Entertainment,Debit Card,ATM,41,703,1.7,8308.15,58.13,163,24,77.0,21.15,0,0,0,0
16,0,0,Australia,Mexico City,ATM Withdrawal,Debit Card,Tablet,34,850,1.3,7672.24,117.06,154,26,11.1,1.91,0,0,1,0
11,0,0,Japan,São Paulo,Fuel,Credit Card,Mobile,18,659,0.1,22224.02,348.42,161,17,11.8,2.11,0,0,0,0
19,1,0,France,Los Angeles,Electronics,Debit Card,Tablet,33,639,2.3,98987.54,612.8,157,23,5.8,6.14,0,0,0,0
11,1,0,France,Osaka,Jewelry,Credit Card,Desktop,29,850,5.3,3718.05,286.72,152,19,5.0,66.01,0,0,0,0
1,0,1,USA,Sydney,Entertainment,Credit Card,Desktop,34,654,8.4,32836.86,188.12,138,21,33.3,2.99,0,0,0,0
8,1,0,India,Rio,Electronics,Mobile Payment,Mobile,54,725,1.6,3838.41,175.26,143,21,1.9,37.6,0,0,0,0
22,0,1,Canada,Osaka,Fuel,Mobile Payment,Tablet,21,764,3.4,2768.6,37.13,171,18,18.8,14.09,0,2,0,0
11,0,0,USA,Paris,Travel,Bank Transfer,Desktop,23,633,0.6,8510.3,293.24,141,15,18.5,1.17,0,0,0,0
12,1,0,Germany,Berlin,Healthcare,Debit Card,Desktop,67,669,0.9,55390.86,35.7,148,16,45.8,16.66,0,0,0,0
11,0,0,Canada,Tokyo,Entertainment,Bank Transfer,POS Terminal,54,763,5.2,16826.08,56.28,147,12,25.2,12.14,0,0,0,0
14,0,0,USA,Melbourne,Gaming,Debit Card,Mobile,33,595,3.6,2210.29,8.22,155,16,4.7,2.52,0,0,0,0
8,0,0,UK,Los Angeles,Education,Bank Transfer,Desktop,42,541,2.8,26295.02,130.46,154,17,6.2,3.13,0,0,0,0
23,0,1,India,Tokyo,Jewelry,Mobile Payment,Mobile,49,702,1.3,729.3,559.05,136,13,38.7,1.05,0,0,0,0
6,0,1,India,Mexico City,Fuel,Bank Transfer,Desktop,51,747,3.8,15435.84,10.51,147,27,3.5,10.78,0,0,0,0
2,0,1,Canada,Berlin,Jewelry,Mobile Payment,Mobile,40,697,9.3,56444.53,433.92,161,17,44.9,9.99,0,0,1,0
9,1,0,USA,Toronto,Electronics,Debit Card,Desktop,28,572,2.1,4676.73,409.73,167,21,10.3,15.55,0,0,0,0
14,0,0,USA,London,Gaming,Mobile Payment,Tablet,42,609,8.9,6556.96,28.81,150,25,0.9,18.21,0,0,0,0
5,0,1,USA,New York,Grocery,Credit Card,Mobile,32,710,8.4,712.03,15.43,163,25,10.8,32.72,1,0,0,0
18,0,0,USA,Berlin,Restaurant,Bank Transfer,Mobile,18,775,3.5,7144.32,37.77,138,19,41.8,7.47,0,0,0,0
3,0,1,France,Mumbai,Entertainment,Cheque,ATM,48,660,1.5,12836.71,136.66,157,21,7.6,39.37,1,0,0,0
12,1,0,Germany,London,Entertainment,Credit Card,Mobile,38,751,0.4,2419.74,87.86,149,23,39.3,10.19,0,0,0,0
21,0,0,Brazil,Tokyo,Healthcare,Credit Card,Mobile,45,528,1.5,7797.84,54.33,134,21,11.4,10.67,0,0,0,0
4,0,1,Japan,São Paulo,Fuel,Credit Card,Desktop,49,695,12.7,1141.3,19.63,166,23,15.3,12.46,0,0,0,0
13,0,0,USA,Los Angeles,Healthcare,Bank Transfer,ATM,47,734,2.7,5043.58,58.82,150,17,16.5,8.99,0,0,0,0
8,1,0,Australia,Los Angeles,Fuel,Credit Card,Tablet,37,774,0.1,15696.35,128.95,118,29,2.8,40.57,0,1,0,0
5,1,1,Germany,Osaka,Healthcare,Bank Transfer,Mobile,50,631,3.1,37015.92,69.34,163,28,12.3,15.62,1,0,0,0
17,0,0,USA,Toronto,Gaming,Credit Card,Mobile,18,563,0.4,7465.08,500.56,146,18,21.1,7.17,0,0,0,0
13,0,0,Brazil,Rio,ATM Withdrawal,Mobile Payment,Tablet,49,621,5.8,5023.47,22.02,161,19,17.8,22.19,0,0,0,0
20,0,0,USA,Melbourne,Healthcare,Mobile Payment,Mobile,38,619,2.4,13329.53,107.49,172,16,34.9,28.4,0,0,0,0
20,1,0,Japan,Manchester,ATM Withdrawal,Credit Card,POS Terminal,57,753,8.4,4446.04,79.57,138,22,6.7,1.26,0,0,0,0
1,1,1,India,London,Travel,Bank Transfer,Desktop,46,540,1.4,6866.17,1216.75,163,21,2.5,8.71,0,0,0,0
16,1,0,USA,London,Entertainment,Credit Card,Desktop,54,673,6.7,783.77,130.09,149,20,19.1,10.77,0,0,0,0
7,0,0,USA,Lyon,Clothing,Debit Card,Desktop,38,729,0.1,1326.94,42.32,149,16,4.0,0.29,0,0,0,0
12,0,0,India,Sydney,Grocery,Credit Card,Mobile,27,809,1.5,59481.18,90.31,133,14,29.7,7.52,1,0,0,0
23,0,1,Japan,Sydney,Education,Credit Card,Mobile,41,714,3.2,8049.72,121.68,154,25,35.9,25.05,0,0,0,1
8,0,0,France,Osaka,Education,Debit Card,Mobile,41,620,1.7,8399.07,237.02,111,20,16.4,3.76,0,2,0,0
10,0,0,USA,Sydney,Crypto Exchange,Crypto,Tablet,56,750,20.0,12991.51,48.29,134,17,64.7,2.32,1,0,0,0
23,0,1,USA,Guadalajara,Electronics,Credit Card,Mobile,40,671,8.3,13686.7,352.02,144,16,3.3,2.85,0,0,0,0
8,0,0,USA,Guadalajara,Travel,Cheque,Mobile,44,651,4.8,1789.06,961.14,163,26,17.3,69.28,0,0,0,0
11,0,0,Germany,Paris,Online Shopping,Bank Transfer,Tablet,34,799,2.0,11317.91,113.07,149,21,31.1,16.5,0,0,0,0
14,0,0,USA,Manchester,Utilities,Bank Transfer,Desktop,42,803,14.2,59333.46,9.22,126,25,3.1,1.52,0,0,0,0
23,0,1,USA,New York,Jewelry,Debit Card,Tablet,51,654,16.0,11258.91,559.29,155,17,3.2,4.55,0,2,1,0
11,0,0,USA,Berlin,Online Shopping,Bank Transfer,ATM,45,797,2.7,4120.01,21.86,148,21,23.7,11.43,1,0,0,0
3,1,1,India,Sydney,Crypto Exchange,Mobile Payment,Mobile,37,608,9.1,3412.32,14.09,148,19,16.0,11.0,0,0,0,0
0,0,1,Canada,Toronto,Entertainment,Cheque,ATM,18,728,2.8,4789.24,65.64,154,17,43.1,29.58,0,0,0,0
7,0,0,USA,São Paulo,Online Shopping,Cheque,Mobile,52,638,7.1,6672.37,59.14,140,14,46.6,7.32,0,0,0,0
3,0,1,Japan,Toronto,Grocery,Credit Card,Desktop,38,782,0.1,18966.09,53.1,146,19,86.3,2.2,0,0,0,0
14,0,0,USA,Vancouver,Healthcare,Credit Card,Mobile,54,743,9.8,20680.59,158.95,147,14,48.7,26.75,0,1,0,0
6,1,1,Canada,São Paulo,ATM Withdrawal,Debit Card,Mobile,26,692,12.4,8716.02,62.94,142,19,2.4,1.57,0,1,0,0
14,0,0,USA,Los Angeles,Electronics,Credit Card,ATM,33,702,8.3,1315.19,2702.79,159,23,26.5,20.29,1,0,0,0
22,0,1,USA,Los Angeles,Fuel,Debit Card,Mobile,70,736,1.1,5302.26,384.05,170,22,13.2,5.96,0,1,0,0
5,0,1,UK,Manchester,Fuel,Mobile Payment,ATM,43,697,5.8,2160.74,97.5,153,25,3.0,3.82,0,0,0,0
1,0,1,France,Berlin,Gaming,Bank Transfer,Mobile,18,656,3.8,5832.21,95.14,125,21,25.2,6.75,0,0,0,0
19,0,0,UK,Rio,Gaming,Debit Card,Desktop,26,575,1.5,3937.2,24.51,148,20,25.9,6.2,0,2,0,0
12,0,0,Brazil,Guadalajara,Gaming,Cheque,POS Terminal,63,662,4.5,33570.87,162.84,151,24,32.2,17.38,1,0,0,0
17,0,0,Mexico,Mexico City,Restaurant,Bank Transfer,Desktop,50,779,1.8,7215.55,67.23,146,21,2.8,13.03,0,1,1,0
8,0,0,Japan,Rio,Clothing,Bank Transfer,ATM,47,752,4.6,5666.72,31.13,130,19,28.7,2.87,0,1,0,0
5,0,1,Brazil,Munich,Electronics,Mobile Payment,Mobile,33,720,0.5,4817.41,547.97,151,20,15.5,3.49,0,0,0,0
21,1,0,Germany,Tokyo,Online Shopping,Credit Card,ATM,34,850,29.3,3906.33,110.03,148,23,10.0,21.97,0,0,0,0
8,1,0,Japan,Toronto,Clothing,Credit Card,Desktop,51,819,12.3,790.74,135.55,169,17,3.3,0.71,0,0,0,0
9,0,0,Japan,Guadalajara,Healthcare,Credit Card,ATM,38,707,0.7,6273.47,14.55,144,19,37.3,8.45,0,0,0,0
13,0,0,UK,Lyon,Entertainment,Credit Card,Desktop,48,608,2.0,14968.05,166.91,145,16,47.8,9.34,1,0,0,0
13,0,0,Canada,São Paulo,Education,Debit Card,Mobile,45,804,4.2,2263.47,43.07,122,19,8.1,0.74,0,0,0,0
22,0,1,Canada,Guadalajara,Online Shopping,Credit Card,Desktop,43,567,2.3,3587.8,291.65,154,30,11.9,7.67,0,0,0,0
20,0,0,Germany,Vancouver,Entertainment,Credit Card,ATM,64,715,0.6,3282.24,24.23,148,19,1.1,8.4,0,0,0,0
7,1,0,Japan,Rio,Fuel,Credit Card,ATM,36,539,2.5,2028.47,75.9,146,23,3.4,4.67,0,0,0,0
0,0,1,Australia,Munich,Gaming,Credit Card,Mobile,44,711,3.1,58720.61,77.03,134,20,1.2,14.17,0,0,0,0
13,0,0,USA,New York,Online Shopping,Debit Card,Desktop,44,709,14.2,1675.89,32.55,156,19,2.1,5.36,0,2,0,0
19,0,0,Brazil,Osaka,Gaming,Bank Transfer,Tablet,50,773,14.5,14449.84,26.62,135,26,2.7,5.11,0,0,0,0
6,0,1,USA,New York,ATM Withdrawal,Debit Card,Desktop,29,850,5.7,14281.47,13.02,136,21,10.5,2.05,0,0,0,0
0,0,1,USA,Guadalajara,Online Shopping,Credit Card,Desktop,52,777,1.4,15237.66,66.98,156,14,17.6,38.43,0,0,1,0
8,0,0,USA,New York,Utilities,Mobile Payment,Mobile,60,639,22.0,4231.59,77.51,137,25,136.7,5.69,0,0,0,0
13,1,0,USA,Mumbai,Fuel,Debit Card,Mobile,40,628,3.7,11636.0,80.01,160,18,9.4,9.76,1,1,0,0
12,1,0,USA,London,Online Shopping,Debit Card,Mobile,43,692,11.0,1079.2,109.72,147,17,11.9,4.84,0,0,0,0
14,0,0,Brazil,Lyon,ATM Withdrawal,Mobile Payment,ATM,42,698,4.2,23150.37,191.64,154,24,26.0,15.02,1,0,0,0
3,0,1,USA,Berlin,Electronics,Mobile Payment,Mobile,38,826,0.3,20464.38,475.35,149,19,8.0,4.6,0,0,0,0
23,0,1,USA,Toronto,Utilities,Bank Transfer,Desktop,43,741,0.2,2789.3,39.95,153,16,3.2,6.72,0,0,0,0
3,0,1,Germany,Los Angeles,ATM Withdrawal,Debit Card,Desktop,55,582,2.5,775.24,26.24,155,16,39.4,8.03,0,0,0,0
0,1,1,USA,Lyon,Travel,Mobile Payment,Desktop,74,549,1.1,6605.87,2144.17,144,27,18.0,0.35,0,0,0,0
10,0,0,UK,Paris,Education,Mobile Payment,POS Terminal,42,620,4.8,26986.87,48.34,146,25,47.0,5.59,0,0,0,0
18,1,0,Australia,Rio,ATM Withdrawal,Cheque,Mobile,40,595,6.6,10430.97,56.16,150,17,22.9,0.08,0,0,0,0
8,1,0,Japan,Mumbai,Healthcare,Mobile Payment,Mobile,45,754,19.5,6773.1,100.28,132,19,38.0,1.97,1,0,0,0
17,0,0,Mexico,Toronto,Utilities,Crypto,ATM,37,553,6.0,2242.58,47.55,134,20,84.5,20.61,0,0,0,0
19,0,0,USA,Manchester,Crypto Exchange,Debit Card,Desktop,38,698,8.1,48021.11,74.39,128,17,3.4,1.89,0,0,0,0
6,0,1,USA,Guadalajara,Clothing,Credit Card,Desktop,56,662,0.4,17577.23,27.31,146,20,3.6,20.07,0,0,0,0
18,1,0,India,London,Clothing,Bank Transfer,Desktop,37,701,7.0,101905.3,140.34,156,17,56.0,8.85,0,0,0,0
4,1,1,India,Paris,Fuel,Debit Card,Desktop,53,477,2.0,7956.66,16.11,153,18,8.6,6.25,0,0,0,0
8,0,0,USA,Manchester,Education,Crypto,Mobile,27,643,5.3,37413.65,30.58,147,23,8.0,0.32,0,0,0,0
3,0,1,USA,Guadalajara,Electronics,Bank Transfer,Mobile,46,590,9.7,7895.87,842.01,143,19,28.7,6.93,0,0,0,0
7,0,0,France,Vancouver,Entertainment,Mobile Payment,Mobile,51,792,4.6,158144.26,38.87,148,20,38.2,0.45,1,0,0,0
10,0,0,USA,Lyon,Clothing,Cheque,Mobile,40,664,0.7,19633.77,131.71,180,21,10.1,2.73,0,0,1,0
22,0,1,USA,Melbourne,Education,Mobile Payment,Mobile,45,741,1.8,6895.66,75.02,150,26,8.8,1.74,0,0,0,0
18,0,0,Brazil,Vancouver,Gaming,Debit Card,ATM,39,537,0.4,1130.86,119.35,145,25,15.4,4.83,0,4,1,0
5,0,1,India,Los Angeles,Fuel,Credit Card,Mobile,48,735,16.4,47411.99,25.42,135,20,25.3,12.36,0,0,0,0
17,0,0,USA,Paris,ATM Withdrawal,Crypto,POS Terminal,48,770,3.3,3126.35,82.9,147,17,42.2,13.77,0,0,0,0
22,0,1,Germany,Mumbai,Education,Bank Transfer,Mobile,32,557,9.3,47469.67,23.05,145,25,14.8,4.17,0,2,0,1
18,0,0,India,Rio,Entertainment,Debit Card,Mobile,36,713,0.4,2251.58,179.78,147,14,10.7,58.62,1,0,0,0
18,1,0,Germany,Rio,Crypto Exchange,Crypto,Mobile,18,714,0.5,27053.98,209.66,162,28,5.9,30.75,0,0,0,0
17,0,0,Brazil,Vancouver,Electronics,Bank Transfer,Tablet,58,720,2.5,5137.71,473.31,144,14,19.8,12.28,0,0,0,0
23,0,1,India,Melbourne,Education,Debit Card,Desktop,44,649,4.9,18652.78,52.0,153,14,30.4,6.08,0,1,0,0
8,0,0,Mexico,Osaka,Online Shopping,Credit Card,Desktop,26,640,0.3,21132.88,170.59,131,16,3.0,20.78,0,0,0,0
0,1,1,Brazil,Delhi,Fuel,Credit Card,Desktop,57,743,6.1,25810.83,29.27,152,20,25.8,16.49,1,0,1,0
8,0,0,USA,Tokyo,Fuel,Credit Card,ATM,35,623,0.4,9068.53,84.97,147,19,13.9,4.62,0,0,0,0
19,0,0,USA,Toronto,Fuel,Mobile Payment,Mobile,35,637,16.5,4790.53,138.96,134,10,43.9,1.5,0,0,0,0
4,0,1,Germany,London,Entertainment,Bank Transfer,Desktop,55,782,0.7,13597.68,226.24,152,23,26.0,5.86,0,0,0,0
12,1,0,UK,Lyon,Crypto Exchange,Debit Card,Mobile,33,536,0.4,9171.15,112.17,134,11,11.6,24.51,0,0,0,0
7,0,0,Australia,Munich,ATM Withdrawal,Mobile Payment,Desktop,38,796,8.4,3090.35,196.2,140,23,4.9,3.73,0,0,1,0
14,0,0,Germany,Paris,Entertainment,Debit Card,Desktop,36,562,2.6,4733.28,165.07,148,15,8.1,5.39,0,0,0,0
23,0,1,Germany,Berlin,Travel,Debit Card,POS Terminal,46,598,1.9,5860.94,145.02,139,17,5.3,1.07,1,0,0,0
7,0,0,USA,Mexico City,Travel,Debit Card,Mobile,26,713,10.9,7984.73,85.13,125,22,31.0,16.92,0,3,0,0
19,0,0,USA,Sydney,Online Shopping,Credit Card,Desktop,25,633,0.1,405.85,61.74,130,24,42.3,4.73,0,0,0,0
8,0,0,USA,Mumbai,ATM Withdrawal,Bank Transfer,POS Terminal,42,815,8.4,8196.93,19.63,137,19,2.1,8.42,0,0,0,0
17,0,0,USA,São Paulo,Jewelry,Debit Card,Mobile,34,492,8.8,5071.53,40.18,137,23,9.4,5.12,0,0,0,0
0,1,1,Australia,Tokyo,Gaming,Debit Card,ATM,32,641,2.5,786.65,47.93,149,17,0.3,4.81,0,0,0,0
6,1,1,UK,Sydney,Clothing,Crypto,POS Terminal,56,662,10.0,1422.87,6.1,162,14,6.0,11.08,0,3,0,0
1,1,1,Canada,New York,Healthcare,Credit Card,Mobile,31,621,2.8,16835.38,54.09,138,20,29.6,29.42,1,0,0,0
6,0,1,India,Rio,Grocery,Bank Transfer,Mobile,45,709,1.3,6460.42,28.07,159,19,13.7,12.39,0,0,1,1
19,0,0,Brazil,São Paulo,Restaurant,Credit Card,Desktop,20,564,17.3,4476.75,37.77,168,19,1.6,3.07,0,0,0,0
0,0,1,USA,Paris,Utilities,Bank Transfer,POS Terminal,26,597,1.1,18120.08,30.76,146,14,48.7,3.97,0,0,0,0
21,0,0,USA,Delhi,Restaurant,Credit Card,Mobile,35,670,13.9,70331.54,20.34,123,17,36.7,18.52,0,0,0,0
1,0,1,Australia,Los Angeles,Healthcare,Credit Card,Desktop,24,553,0.3,12226.77,118.23,130,26,18.3,16.67,0,5,0,1
9,1,0,Canada,Delhi,Entertainment,Debit Card,Desktop,34,665,4.2,7575.96,120.38,131,27,94.0,40.91,0,2,0,0
23,0,1,Canada,Paris,Clothing,Credit Card,Desktop,38,518,1.1,68432.46,95.71,137,21,11.5,2.67,0,0,0,0
4,1,1,India,Delhi,Restaurant,Credit Card,Tablet,37,643,0.6,110364.16,59.69,168,18,4.7,6.03,1,0,0,0
1,0,1,France,Lyon,Online Shopping,Debit Card,Mobile,59,663,9.1,4845.07,6.45,147,22,5.9,8.92,0,0,0,0
8,0,0,Brazil,New York,Fuel,Bank Transfer,Tablet,44,622,7.8,10224.8,46.63,166,19,18.2,5.79,0,0,0,0
15,1,0,India,Paris,Crypto Exchange,Debit Card,Mobile,40,729,4.9,1899.7,137.26,164,16,25.4,3.88,0,0,0,0
11,1,0,France,Mumbai,Restaurant,Crypto,POS Terminal,47,715,2.6,38085.15,42.07,143,15,0.8,1.34,0,0,0,0
3,0,1,USA,Toronto,Travel,Credit Card,Mobile,45,670,5.3,6097.64,433.03,162,20,3.1,31.79,0,0,0,0
2,0,1,USA,Mexico City,Healthcare,Debit Card,Desktop,54,751,3.5,15226.8,32.85,144,7,31.4,3.88,0,0,0,0
8,0,0,Mexico,Vancouver,Entertainment,Mobile Payment,POS Terminal,45,587,2.6,16516.16,18.25,145,22,36.7,0.85,0,0,0,0
16,1,0,USA,London,Restaurant,Mobile Payment,Mobile,53,505,9.4,8059.47,139.32,152,25,1.6,43.36,0,0,0,0
9,0,0,Japan,Vancouver,Fuel,Bank Transfer,Desktop,52,642,4.1,2686.16,181.32,140,27,46.9,23.75,0,0,0,0
22,0,1,Canada,Rio,ATM Withdrawal,Debit Card,Mobile,50,604,0.6,7171.87,21.82,155,10,1.1,8.27,0,1,0,0
8,1,0,France,Delhi,Restaurant,Bank Transfer,Desktop,39,678,2.7,11054.67,89.38,132,25,4.5,4.0,1,0,0,0
1,1,1,UK,Sydney,Restaurant,Credit Card,ATM,34,758,3.3,74911.14,59.43,150,28,3.6,4.03,0,0,0,0
17,0,0,Canada,Delhi,Utilities,Credit Card,Mobile,37,767,0.4,6368.12,23.94,135,21,1.7,8.8,0,0,0,0
1,0,1,Mexico,Los Angeles,Grocery,Bank Transfer,Mobile,36,793,11.1,7936.71,71.16,149,19,9.4,6.29,0,1,0,0
5,0,1,Brazil,London,Healthcare,Debit Card,Mobile,43,777,8.8,36165.82,29.93,137,20,15.9,12.59,0,0,0,0
4,0,1,India,Los Angeles,Jewelry,Crypto,Mobile,18,606,5.6,3595.28,104.79,135,27,9.5,0.66,0,0,0,1
21,1,0,Canada,Vancouver,Jewelry,Credit Card,Mobile,58,763,6.5,46279.04,822.42,158,18,45.5,47.73,0,1,0,0
5,1,1,UK,London,Electronics,Debit Card,Mobile,30,732,17.9,2971.43,1072.98,139,18,1.2,11.09,0,0,0,0
16,0,0,Germany,Tokyo,Clothing,Credit Card,Mobile,50,678,1.0,4900.68,89.29,142,17,36.4,5.01,1,0,0,0
15,0,0,USA,Manchester,Crypto Exchange,Cheque,Mobile,30,813,0.9,3193.1,75.83,151,28,30.3,1.23,0,0,0,0
5,1,1,Japan,Rio,Electronics,Crypto,Tablet,41,756,1.3,28624.62,483.29,143,16,51.5,4.73,0,0,0,0
3,0,1,USA,São Paulo,Restaurant,Credit Card,Desktop,66,569,22.7,2577.8,110.12,132,25,10.1,10.04,0,0,0,0
9,1,0,USA,New York,Electronics,Debit Card,Mobile,69,693,0.8,37040.48,215.04,139,11,30.8,17.48,0,0,0,0
9,0,0,Australia,London,Clothing,Crypto,Desktop,56,575,2.5,3752.67,47.66,161,14,12.6,20.7,1,0,0,0
1,0,1,Japan,Guadalajara,Gaming,Credit Card,Mobile,48,712,3.7,1525.46,99.14,165,24,29.7,5.03,1,1,0,0
20,0,0,Germany,Melbourne,Healthcare,Credit Card,Desktop,18,850,2.6,4272.2,14.97,153,26,13.3,9.06,1,0,0,0
2,1,1,India,Lyon,Restaurant,Credit Card,ATM,51,800,1.1,1787.7,72.17,164,15,4.6,1.33,0,0,0,0
0,1,1,USA,Berlin,Online Shopping,Debit Card,POS Terminal,35,751,5.5,1858.76,25.54,153,15,23.3,30.08,0,3,0,0
19,1,0,Brazil,New York,Clothing,Debit Card,Mobile,44,617,0.8,9434.0,542.17,154,23,64.1,3.87,1,1,0,0
10,0,0,Australia,Mexico City,Travel,Credit Card,Mobile,54,706,0.4,2990.06,153.4,157,20,0.1,5.53,0,0,0,0
23,1,1,France,Los Angeles,Clothing,Debit Card,Mobile,18,554,3.0,69568.65,50.68,156,18,25.6,25.67,0,2,1,0
2,0,1,USA,Tokyo,Online Shopping,Credit Card,Mobile,43,669,0.5,6034.38,27.64,147,22,3.3,5.84,0,3,0,0
12,0,0,India,New York,Travel,Mobile Payment,Tablet,51,598,7.7,9868.13,671.92,163,17,8.7,0.11,0,1,0,0
21,0,0,France,Sydney,Electronics,Debit Card,Desktop,59,644,1.6,28818.41,262.29,174,17,0.9,10.5,0,0,0,0
13,0,0,Brazil,Melbourne,Electronics,Bank Transfer,Mobile,54,796,9.0,16656.43,91.08,152,16,4.8,29.41,0,0,0,0
0,1,1,UK,Osaka,Entertainment,Credit Card,Mobile,52,698,3.3,2269.81,17.43,147,17,3.3,0.38,0,0,0,0
1,1,1,Japan,Melbourne,Clothing,Mobile Payment,ATM,46,767,8.0,2252.75,50.1,137,22,3.0,15.11,0,0,0,0
21,0,0,Germany,Osaka,Electronics,Credit Card,ATM,42,548,0.2,7815.0,103.8,128,17,8.2,16.91,0,0,0,0
10,0,0,Japan,London,Clothing,Credit Card,Mobile,43,603,7.5,56387.19,109.92,150,17,36.4,9.73,0,0,0,0
20,0,0,USA,London,Restaurant,Bank Transfer,Mobile,18,600,2.6,62179.63,50.46,157,22,8.6,48.85,0,0,0,0
8,1,0,Brazil,Mexico City,Online Shopping,Mobile Payment,Desktop,37,644,5.6,32101.21,120.09,148,33,26.9,9.4,0,0,0,0
5,0,1,France,Tokyo,Travel,Credit Card,ATM,36,619,1.0,18950.9,234.4,126,14,2.5,30.34,1,0,0,0
18,0,0,Germany,Rio,Online Shopping,Crypto,Mobile,55,768,13.3,6852.19,17.22,156,19,19.5,1.74,1,1,0,0
20,0,0,France,New York,Clothing,Mobile Payment,POS Terminal,30,579,2.9,2792.6,49.14,139,25,71.7,20.93,1,0,0,0
14,1,0,USA,Berlin,Healthcare,Debit Card,Desktop,31,605,0.5,5193.75,88.02,154,22,19.5,16.62,0,0,0,0
15,0,0,Japan,Osaka,Grocery,Bank Transfer,Desktop,48,837,9.3,42785.07,418.41,149,16,26.9,19.45,1,0,0,0
19,0,0,India,Tokyo,Online Shopping,Debit Card,Desktop,45,780,9.2,2831.2,22.27,166,18,29.6,1.6,0,0,0,0
20,0,0,Australia,Los Angeles,Fuel,Credit Card,Desktop,43,719,9.0,6766.65,92.36,136,21,22.8,1.32,0,0,0,0
16,0,0,USA,Melbourne,Clothing,Mobile Payment,Mobile,18,669,9.7,19813.86,56.68,157,21,4.0,15.61,0,0,0,0
15,0,0,UK,Manchester,Healthcare,Bank Transfer,ATM,55,536,13.3,1675.26,144.53,149,26,42.3,2.96,0,0,1,1
4,1,1,Japan,São Paulo,ATM Withdrawal,Debit Card,Mobile,27,802,27.1,2479.09,18.08,141,20,40.4,25.39,0,0,0,0
4,0,1,Germany,São Paulo,Fuel,Credit Card,POS Terminal,41,612,2.2,64386.06,76.87,175,18,66.2,10.71,0,0,1,1
22,0,1,Brazil,New York,Utilities,Debit Card,POS Terminal,53,670,2.2,5214.48,196.39,160,19,29.9,6.29,0,0,0,0
19,1,0,USA,Osaka,Healthcare,Credit Card,Mobile,30,700,2.4,2988.77,134.98,161,17,15.0,27.17,1,0,0,0
14,0,0,Brazil,Sydney,Healthcare,Credit Card,Desktop,52,850,9.0,3946.45,52.35,145,18,10.7,20.45,0,0,0,0
11,0,0,France,Vancouver,Restaurant,Bank Transfer,POS Terminal,39,754,5.5,35463.2,63.33,155,18,24.0,1.84,1,1,0,0
0,0,1,Brazil,Munich,Utilities,Credit Card,Mobile,26,627,1.0,58734.79,143.35,155,19,2.8,9.85,0,0,0,0
11,1,0,USA,Paris,Clothing,Debit Card,ATM,60,750,13.0,7329.63,111.64,150,13,29.0,7.66,0,0,0,0
22,0,1,Japan,Mumbai,Entertainment,Credit Card,Desktop,55,644,3.1,40677.78,30.44,191,27,13.6,8.77,1,0,0,0
10,1,0,India,Melbourne,Travel,Credit Card,POS Terminal,18,634,2.2,36479.68,1235.81,145,18,15.9,55.53,0,0,0,0
16,0,0,Canada,Paris,Utilities,Credit Card,ATM,34,690,5.5,2966.04,22.13,154,17,6.3,20.01,0,0,0,0
15,0,0,India,Mumbai,Gaming,Debit Card,Mobile,44,743,1.4,7602.5,11.0,149,24,26.7,3.38,0,0,0,0
20,0,0,UK,Vancouver,Fuel,Credit Card,Mobile,43,666,0.7,4447.36,169.14,150,17,15.2,9.85,0,2,0,0
3,1,1,India,Melbourne,Grocery,Debit Card,Desktop,38,550,2.7,4233.06,61.17,137,25,3.6,5.97,0,0,0,0
0,0,1,USA,São Paulo,Travel,Credit Card,Mobile,41,650,8.3,5288.4,386.93,159,16,16.0,13.8,0,0,0,0
23,0,1,France,Vancouver,ATM Withdrawal,Debit Card,Desktop,38,790,5.1,3208.16,38.58,145,22,15.7,29.43,1,0,0,0
12,0,0,France,Vancouver,Clothing,Bank Transfer,Mobile,19,630,1.4,5041.85,19.35,152,23,13.0,3.28,0,0,0,0
14,0,0,France,Rio,Healthcare,Credit Card,Desktop,23,723,1.2,1498.51,256.11,124,24,32.8,1.46,0,0,0,0
7,1,0,USA,Rio,Crypto Exchange,Debit Card,Mobile,39,637,17.7,19781.74,127.1,157,27,2.9,9.25,0,0,0,0
0,0,1,France,Los Angeles,Fuel,Credit Card,Desktop,38,824,4.1,12340.95,28.59,148,15,44.6,5.88,0,0,0,0
15,0,0,UK,Munich,Electronics,Credit Card,ATM,28,658,1.6,153.25,175.68,153,24,3.4,9.28,0,0,0,0
8,0,0,USA,Melbourne,Clothing,Credit Card,Desktop,47,659,0.2,1702.87,191.27,135,24,14.8,4.62,0,3,0,0
12,1,0,UK,Rio,Electronics,Credit Card,Mobile,44,727,3.2,2366.85,584.54,123,23,14.9,7.24,0,0,1,0
16,0,0,Mexico,Melbourne,ATM Withdrawal,Crypto,Mobile,81,685,5.1,34972.95,51.37,162,30,40.4,6.09,0,1,0,0
17,0,0,Germany,Melbourne,Healthcare,Credit Card,Mobile,54,693,1.5,52133.8,44.54,133,14,19.6,22.33,0,3,1,0
22,0,1,USA,London,Fuel,Mobile Payment,Desktop,47,781,7.9,76197.92,12.4,164,15,20.3,7.59,0,0,0,1
7,0,0,Canada,Toronto,Online Shopping,Debit Card,POS Terminal,42,683,2.0,13972.78,138.34,139,17,9.3,0.45,0,0,0,0
4,0,1,Germany,Toronto,Education,Debit Card,ATM,37,710,2.9,2197.91,36.54,147,17,20.3,1.55,0,0,0,0
3,1,1,Mexico,Mexico City,ATM Withdrawal,Debit Card,Mobile,60,732,17.4,15731.52,161.17,166,18,33.1,20.59,0,0,0,0
20,0,0,Brazil,Osaka,Entertainment,Debit Card,Desktop,43,577,6.5,15333.48,62.05,129,13,21.4,9.86,0,0,0,0
16,0,0,France,Sydney,Fuel,Credit Card,Desktop,48,601,0.4,68284.75,117.62,163,24,0.3,15.44,0,0,0,0
20,1,0,USA,New York,Gaming,Credit Card,ATM,74,653,0.5,6536.95,16.07,146,29,48.5,4.27,0,2,0,0
17,0,0,Australia,Rio,Healthcare,Credit Card,Desktop,52,790,6.2,17574.65,61.46,161,30,2.6,8.73,0,2,0,0
10,0,0,USA,New York,Electronics,Debit Card,POS Terminal,18,684,7.7,4785.27,343.17,156,19,18.3,2.62,0,0,0,0
7,1,0,Mexico,Manchester,Clothing,Crypto,Desktop,50,678,6.5,6567.72,914.6,143,18,6.3,18.73,1,0,0,0
20,1,0,Australia,Sydney,Crypto Exchange,Bank Transfer,Mobile,57,802,8.3,27956.76,96.54,159,27,42.5,4.92,0,0,0,0
15,0,0,India,Sydney,Jewelry,Credit Card,Tablet,33,693,3.3,3694.69,74.58,154,23,3.5,1.12,1,0,0,1
13,1,0,India,Paris,Electronics,Credit Card,ATM,56,783,4.5,7375.03,280.99,141,21,12.6,0.23,0,0,0,0
7,0,0,Japan,Mexico City,Electronics,Credit Card,Desktop,46,681,0.6,16099.39,258.88,146,20,2.6,5.58,0,0,0,0
7,0,0,India,Paris,Clothing,Mobile Payment,POS Terminal,57,660,28.5,6241.31,66.59,145,22,15.3,17.71,0,0,0,0
2,0,1,UK,Los Angeles,ATM Withdrawal,Mobile Payment,Mobile,62,850,12.3,7401.79,99.73,177,16,9.6,1.32,0,0,0,0
4,1,1,UK,Los Angeles,Gaming,Mobile Payment,Mobile,49,662,0.7,1465.13,76.24,145,29,22.9,0.48,0,0,0,0
8,1,0,USA,Berlin,Crypto Exchange,Crypto,Mobile,67,663,0.9,4265.44,65.93,189,24,44.2,7.51,0,0,1,0
8,1,0,UK,Osaka,Gaming,Crypto,Desktop,52,599,0.2,9407.37,44.07,146,25,1.7,0.97,0,0,0,0
18,0,0,Australia,Mexico City,Online Shopping,Debit Card,Desktop,27,667,2.1,17211.22,76.32,131,19,1.0,3.79,0,2,0,0
13,0,0,Canada,New York,Fuel,Credit Card,Tablet,50,574,1.6,8655.61,48.48,165,18,99.8,3.86,0,0,0,0
13,0,0,Australia,London,Education,Credit Card,Mobile,42,714,1.5,9233.22,119.61,159,19,5.1,12.37,0,0,0,0
17,0,0,France,Osaka,Clothing,Debit Card,Desktop,37,544,2.1,12211.61,58.48,165,24,59.9,11.04,0,0,0,0
10,0,0,Germany,Lyon,Crypto Exchange,Bank Transfer,Mobile,39,727,6.8,51012.05,9.98,135,18,21.5,7.79,0,0,0,0
23,0,1,Germany,Mumbai,Online Shopping,Debit Card,Desktop,27,702,1.4,2317.27,47.61,156,23,16.4,39.16,0,0,0,0
23,0,1,Australia,Tokyo,Education,Bank Transfer,Mobile,31,771,1.6,2932.51,36.39,137,24,8.3,18.33,0,0,0,0
19,1,0,Australia,Guadalajara,Restaurant,Mobile Payment,Mobile,44,578,6.7,3431.83,133.63,147,16,13.6,0.38,0,0,0,0
4,1,1,Japan,Munich,Restaurant,Debit Card,Mobile,42,733,14.4,3922.44,179.74,150,23,4.3,1.11,0,1,0,0
21,0,0,USA,Manchester,Crypto Exchange,Debit Card,Mobile,47,677,2.1,3135.74,115.3,160,22,12.0,54.83,1,0,0,0
7,0,0,Mexico,Mumbai,Online Shopping,Crypto,Mobile,48,748,0.8,4914.47,115.94,162,17,3.9,6.24,1,1,0,0
20,0,0,Canada,Los Angeles,Travel,Debit Card,Mobile,51,571,3.7,17059.25,55.47,145,18,30.6,9.15,0,0,1,0
4,0,1,India,New York,Entertainment,Credit Card,Mobile,40,537,11.7,9919.64,143.18,145,25,32.4,11.75,0,0,0,0
7,0,0,India,São Paulo,Education,Crypto,Mobile,48,661,5.3,15250.91,39.69,145,21,8.8,46.68,0,3,0,0
0,0,1,India,Munich,Restaurant,Debit Card,Mobile,30,835,1.5,65297.28,5.84,160,14,8.8,5.82,0,5,0,0
6,0,1,Mexico,Delhi,Healthcare,Crypto,Desktop,33,527,2.0,12914.88,179.41,145,17,6.0,3.28,0,1,0,0
12,0,0,France,Paris,Restaurant,Debit Card,Desktop,35,682,3.2,28151.2,29.91,149,18,23.3,4.09,0,0,1,0
0,1,1,UK,Vancouver,Restaurant,Debit Card,Mobile,29,646,6.7,35888.96,83.49,136,20,5.4,6.14,1,0,0,0
7,1,0,USA,Toronto,Travel,Credit Card,Mobile,44,536,5.6,75268.52,686.03,143,16,18.3,50.82,0,0,0,0
22,0,1,UK,Los Angeles,Jewelry,Mobile Payment,Mobile,47,637,2.0,1577.06,439.08,145,18,26.9,23.45,0,0,0,1
20,0,0,Canada,Vancouver,Grocery,Debit Card,Mobile,78,631,3.9,12871.34,280.72,139,26,34.4,0.24,0,0,0,0
13,1,0,Japan,Guadalajara,Travel,Mobile Payment,POS Terminal,54,698,7.8,7874.27,486.03,143,20,4.6,28.47,0,0,0,0
4,0,1,Germany,Paris,Education,Mobile Payment,Desktop,57,682,1.8,10011.3,21.75,144,19,12.2,5.99,0,0,0,0
18,0,0,UK,São Paulo,ATM Withdrawal,Mobile Payment,Tablet,31,789,6.8,33765.9,33.64,151,14,19.7,0.93,0,0,0,0
20,0,0,UK,Lyon,Utilities,Bank Transfer,Mobile,51,850,0.1,8703.1,14.53,159,21,42.1,8.55,0,0,0,0
12,0,0,USA,Sydney,Utilities,Credit Card,Mobile,31,802,5.6,4536.78,76.4,130,25,21.1,29.49,1,0,0,0
16,1,0,Germany,London,Gaming,Mobile Payment,Desktop,29,776,5.0,22592.62,15.68,148,7,2.7,1.37,1,0,0,0
1,1,1,USA,Manchester,Travel,Credit Card,Desktop,58,664,5.2,4151.16,242.31,148,19,24.5,1.37,0,3,0,0
12,1,0,Germany,Los Angeles,Fuel,Mobile Payment,Mobile,45,644,6.0,713.85,160.67,150,13,6.0,32.45,0,3,0,0
15,1,0,Canada,Paris,Education,Credit Card,ATM,30,523,3.5,1250.47,21.52,135,21,35.2,6.75,1,0,0,0
7,0,0,USA,Mumbai,Clothing,Debit Card,Mobile,23,783,0.8,11460.95,22.32,164,28,7.6,6.27,0,0,1,0
13,0,0,France,Vancouver,Entertainment,Debit Card,Tablet,45,583,1.1,2842.33,20.84,146,16,31.0,5.48,1,0,1,0
5,0,1,Canada,Tokyo,Education,Bank Transfer,POS Terminal,40,746,1.8,3564.04,74.96,170,19,20.5,7.04,0,0,1,0
21,0,0,USA,Mumbai,Electronics,Debit Card,Mobile,43,608,10.2,28143.97,368.8,162,19,64.9,33.35,0,0,0,0
20,1,0,Mexico,Sydney,Restaurant,Mobile Payment,Tablet,43,748,0.2,86159.31,82.52,137,10,19.4,1.18,0,0,0,0
19,1,0,Japan,Osaka,Restaurant,Debit Card,Mobile,49,680,8.3,11307.59,55.56,147,28,52.0,14.86,0,0,0,0
5,1,1,USA,Mumbai,Fuel,Mobile Payment,Desktop,53,715,2.7,3251.38,30.27,147,18,59.0,20.46,0,0,0,0
1,0,1,Germany,Tokyo,Jewelry,Credit Card,Tablet,63,709,0.7,36375.33,2466.93,188,12,25.9,3.55,0,0,0,0
22,0,1,Canada,Osaka,Fuel,Credit Card,POS Terminal,60,647,2.4,2265.17,159.76,149,25,34.7,0.97,1,0,0,0
1,0,1,India,Berlin,Grocery,Mobile Payment,POS Terminal,44,631,1.6,12718.51,18.89,152,12,8.7,50.29,0,0,0,0
3,1,1,USA,Manchester,Healthcare,Mobile Payment,Mobile,28,640,5.8,3638.71,59.29,138,22,23.6,1.34,0,0,0,0
19,1,0,USA,Paris,Jewelry,Debit Card,Mobile,29,736,8.8,7782.06,499.1,148,19,0.4,2.04,0,0,0,0
6,1,1,Germany,Rio,Electronics,Credit Card,ATM,31,507,2.2,9244.59,807.95,122,30,6.5,11.71,0,0,0,0
22,0,1,Mexico,Berlin,Clothing,Credit Card,Mobile,54,530,9.8,3704.64,88.08,141,13,3.6,10.45,0,1,0,0
9,1,0,USA,Lyon,Restaurant,Debit Card,Mobile,56,656,0.5,7018.95,32.6,166,20,23.2,1.29,0,2,0,0
20,1,0,USA,Manchester,Travel,Bank Transfer,Mobile,55,574,1.3,27526.49,186.18,170,26,23.8,2.13,0,0,0,0
4,0,1,France,Lyon,Restaurant,Credit Card,Tablet,75,611,11.0,36917.63,105.85,155,21,2.5,22.61,0,0,0,0
20,1,0,USA,Mumbai,Gaming,Crypto,ATM,32,611,0.9,13109.21,73.85,145,20,1.4,11.39,0,0,0,0
18,0,0,Mexico,New York,ATM Withdrawal,Credit Card,Tablet,37,795,0.9,691.85,138.79,153,24,44.7,11.08,0,0,0,0
3,1,1,India,Los Angeles,Entertainment,Crypto,ATM,39,610,2.7,20368.73,125.61,161,19,39.2,3.01,0,5,0,0
4,0,1,India,Mexico City,Gaming,Debit Card,ATM,20,501,2.1,2033.35,7.67,145,13,9.6,4.95,0,0,0,0
16,0,0,India,São Paulo,Travel,Debit Card,Mobile,54,657,4.0,5034.05,236.72,164,25,12.3,10.1,0,3,0,0
0,0,1,India,Mexico City,Restaurant,Bank Transfer,ATM,64,705,0.5,9544.87,82.06,160,19,37.4,22.31,0,0,0,0
16,0,0,UK,Melbourne,Electronics,Debit Card,Tablet,49,649,0.5,7335.13,1595.41,116,18,39.4,1.2,0,0,0,0
18,0,0,India,Berlin,ATM Withdrawal,Bank Transfer,Tablet,65,690,1.4,373320.77,91.72,140,17,0.9,5.03,0,0,0,0
15,0,0,USA,Los Angeles,Utilities,Credit Card,POS Terminal,57,689,0.6,486.41,69.34,166,22,45.0,19.68,0,0,0,0
20,0,0,India,Tokyo,Utilities,Debit Card,POS Terminal,44,657,6.1,5607.34,51.64,167,19,26.1,6.38,0,0,0,0
17,0,0,Brazil,Munich,ATM Withdrawal,Credit Card,Desktop,43,654,1.2,21354.51,15.55,167,18,84.5,24.09,0,0,0,0
14,0,0,Mexico,Toronto,Electronics,Debit Card,ATM,43,688,0.9,10842.98,401.14,143,18,48.4,4.78,0,0,0,0
18,0,0,USA,London,Grocery,Bank Transfer,Mobile,23,770,5.9,25106.67,44.62,126,18,14.5,1.9,0,0,1,0
14,0,0,France,Guadalajara,Utilities,Bank Transfer,Mobile,18,744,1.1,10985.53,58.45,159,23,39.6,4.2,1,1,0,0
18,0,0,Australia,Guadalajara,Electronics,Debit Card,Mobile,18,702,1.1,4122.87,359.38,158,20,9.4,3.29,0,0,0,0
18,0,0,USA,Mexico City,Jewelry,Credit Card,Tablet,47,658,5.5,4802.66,80.02,146,18,10.6,24.98,0,0,0,0
18,0,0,USA,New York,Clothing,Bank Transfer,ATM,41,727,12.7,16150.43,44.53,149,12,1.7,5.88,0,0,0,0
3,0,1,Mexico,Mumbai,Grocery,Credit Card,Mobile,85,679,3.2,2415.76,11.06,186,15,18.5,10.65,0,0,0,0
11,0,0,India,Guadalajara,Utilities,Debit Card,ATM,38,667,1.0,29416.38,13.0,149,16,23.8,10.85,1,0,0,0
9,1,0,India,Lyon,Clothing,Debit Card,Mobile,21,544,0.6,809.26,43.91,152,22,27.2,7.75,0,0,0,0
22,1,1,India,Mexico City,Online Shopping,Debit Card,Mobile,35,683,5.1,3039.0,29.26,150,22,14.8,4.17,0,0,0,0
3,0,1,USA,Vancouver,ATM Withdrawal,Debit Card,POS Terminal,35,660,1.7,24373.26,29.27,137,16,19.3,15.2,0,0,0,1
1,1,1,Japan,Paris,Education,Credit Card,Desktop,43,584,11.3,3562.68,52.65,121,25,24.0,6.26,0,1,0,0
8,1,0,Australia,São Paulo,Education,Mobile Payment,Mobile,21,721,3.7,11818.24,30.58,143,20,3.2,33.63,1,0,0,0
12,0,0,USA,Los Angeles,Crypto Exchange,Credit Card,Mobile,39,829,2.1,4371.41,32.78,158,25,44.5,2.14,1,0,0,0
5,1,1,India,Vancouver,ATM Withdrawal,Mobile Payment,Tablet,81,632,3.7,27664.38,98.73,174,26,11.2,1.43,0,0,0,0
5,1,1,USA,Melbourne,Online Shopping,Credit Card,Mobile,30,588,4.1,13511.37,113.44,145,19,28.9,13.26,0,0,0,0
18,1,0,France,Tokyo,Entertainment,Debit Card,Mobile,54,813,1.3,1255.03,55.06,164,25,4.3,15.32,0,0,0,0
22,1,1,USA,Tokyo,Crypto Exchange,Mobile Payment,Mobile,41,724,1.9,15989.94,82.61,152,19,29.0,34.61,0,3,0,1
15,1,0,USA,Sydney,Clothing,Debit Card,Mobile,53,606,9.6,2591.01,61.5,155,20,2.7,8.49,0,0,0,0
16,0,0,Canada,Mumbai,Restaurant,Debit Card,Mobile,41,780,2.8,7745.68,342.83,141,16,12.4,12.24,1,0,0,0
20,1,0,UK,Munich,Restaurant,Bank Transfer,ATM,54,778,9.2,2178.6,202.21,142,14,2.5,3.11,0,0,0,0
9,1,0,France,São Paulo,Utilities,Debit Card,Mobile,52,691,6.4,9936.85,313.95,148,21,16.7,9.68,0,0,0,0
4,0,1,Germany,Melbourne,Education,Crypto,Desktop,27,584,1.7,12551.1,72.53,158,6,36.2,5.24,0,0,0,0
20,0,0,France,Vancouver,Jewelry,Debit Card,Desktop,56,717,0.1,15609.41,266.46,137,17,12.1,7.06,1,0,0,0
10,0,0,Germany,Osaka,Fuel,Debit Card,POS Terminal,24,648,24.7,5789.38,16.3,154,20,21.4,6.41,0,1,0,0
15,0,0,USA,Sydney,Crypto Exchange,Debit Card,Mobile,56,750,2.7,9503.39,107.77,157,22,40.2,1.17,1,0,0,0
10,1,0,USA,Toronto,Utilities,Mobile Payment,Tablet,48,625,8.2,5685.46,28.64,162,21,10.3,10.77,0,0,0,0
17,0,0,Canada,Toronto,Fuel,Mobile Payment,Tablet,37,724,3.3,38164.34,20.48,157,23,34.5,16.9,0,2,0,0
18,0,0,France,Delhi,Fuel,Bank Transfer,Desktop,40,788,12.8,3370.69,111.69,154,17,3.2,2.57,0,0,0,0
3,0,1,India,Los Angeles,Clothing,Cheque,Desktop,46,770,0.3,3914.89,110.69,143,19,3.5,13.0,0,0,0,1
12,0,0,Japan,Berlin,Education,Credit Card,Mobile,44,738,2.4,11439.43,42.89,155,26,11.5,5.87,0,0,0,0
23,0,1,USA,Melbourne,Healthcare,Credit Card,Desktop,35,645,4.1,10974.87,101.45,152,20,11.0,3.72,1,1,0,0
2,1,1,Brazil,Guadalajara,Entertainment,Credit Card,Tablet,38,766,12.7,24261.38,73.45,149,24,69.7,5.07,1,2,0,0
22,0,1,Australia,Vancouver,Travel,Debit Card,POS Terminal,18,780,2.6,11010.82,161.83,156,9,31.9,41.88,0,3,0,0
6,0,1,USA,Guadalajara,ATM Withdrawal,Bank Transfer,POS Terminal,39,850,1.8,22594.7,88.61,153,19,35.0,22.46,0,0,0,1
17,0,0,Germany,Toronto,Online Shopping,Credit Card,Mobile,56,831,1.2,7681.33,144.87,160,23,48.4,4.17,0,0,0,0
1,1,1,Japan,Osaka,Education,Credit Card,ATM,41,519,1.0,5080.36,158.83,128,15,68.5,3.8,0,4,0,0
23,0,1,USA,Manchester,ATM Withdrawal,Bank Transfer,Desktop,50,640,3.0,24965.58,9.7,149,23,23.4,9.26,0,0,0,0
13,1,0,France,Osaka,Education,Mobile Payment,Tablet,60,644,3.5,29894.92,20.47,141,19,46.7,10.26,0,1,0,0
10,0,0,USA,Los Angeles,Utilities,Debit Card,Mobile,47,801,6.7,4613.67,54.55,160,16,39.3,12.39,0,0,0,0
20,0,0,Australia,Mumbai,Utilities,Debit Card,POS Terminal,74,783,3.4,753.56,93.51,162,24,24.7,0.81,0,0,0,0
4,0,1,India,Toronto,Travel,Debit Card,Mobile,43,781,4.5,10264.75,1026.5,149,18,6.5,1.12,1,4,0,0
23,1,1,USA,Osaka,ATM Withdrawal,Credit Card,Mobile,39,623,0.5,3847.33,79.67,152,20,17.6,1.3,0,0,0,0
13,0,0,Australia,Paris,Restaurant,Debit Card,Desktop,59,584,5.2,43168.17,37.34,136,18,0.0,6.57,0,0,0,0
4,1,1,USA,Vancouver,Restaurant,Crypto,Desktop,40,540,2.6,6377.77,103.79,150,18,2.8,6.88,0,0,0,0
15,1,0,USA,London,Entertainment,Mobile Payment,Mobile,46,850,1.6,17305.32,102.14,145,20,3.6,4.16,0,0,0,0
19,0,0,Germany,Vancouver,Electronics,Debit Card,Desktop,45,740,5.2,166882.79,990.51,150,18,49.0,4.11,0,1,0,0
15,0,0,USA,Melbourne,Education,Bank Transfer,Tablet,48,675,3.6,3612.48,61.27,149,24,46.8,11.65,0,0,0,0
16,1,0,UK,São Paulo,Education,Credit Card,Desktop,26,802,5.9,2615.42,34.82,140,18,6.3,4.08,0,0,0,0
9,0,0,India,Lyon,Jewelry,Bank Transfer,Mobile,37,797,4.9,7062.36,299.47,142,25,29.8,0.58,1,0,0,0
23,0,1,Canada,Lyon,ATM Withdrawal,Crypto,Mobile,33,661,3.2,2459.25,53.3,163,19,10.7,0.14,0,0,0,0
7,0,0,Canada,Sydney,ATM Withdrawal,Debit Card,Desktop,59,774,11.0,1206.86,29.67,159,15,50.3,4.9,0,1,0,0
19,1,0,Australia,Mexico City,Gaming,Debit Card,ATM,35,721,2.0,272902.63,29.15,149,17,32.9,22.17,0,0,1,0
5,0,1,USA,Tokyo,Clothing,Debit Card,Mobile,44,692,4.4,3045.2,32.61,165,25,32.7,3.53,0,0,0,0
3,1,1,Brazil,Berlin,Utilities,Debit Card,ATM,33,684,1.5,2539.91,84.66,159,19,9.8,10.12,0,1,0,1
5,0,1,UK,Rio,Healthcare,Credit Card,Tablet,18,673,1.7,8318.87,45.09,160,20,1.1,9.0,0,0,0,0
4,1,1,Japan,Los Angeles,Jewelry,Cheque,Mobile,43,792,0.8,101599.72,207.58,151,12,34.5,30.54,0,0,0,0
4,0,1,USA,Lyon,Jewelry,Bank Transfer,Mobile,47,670,6.7,16797.92,1394.35,142,23,17.6,6.88,0,0,0,0
15,0,0,USA,Los Angeles,Fuel,Debit Card,Mobile,38,654,10.4,1756.21,56.05,151,29,11.4,5.27,0,0,0,0
16,1,0,Brazil,Osaka,Crypto Exchange,Debit Card,POS Terminal,66,528,2.0,792.32,50.07,162,20,20.4,8.38,0,5,0,0
11,0,0,USA,New York,Crypto Exchange,Crypto,ATM,71,727,4.8,10671.1,418.5,142,11,5.3,6.9,0,0,0,0
19,1,0,USA,Lyon,Travel,Debit Card,ATM,27,760,12.0,13752.77,436.94,147,17,66.6,8.48,0,0,0,0
15,0,0,USA,Rio,Restaurant,Mobile Payment,Mobile,40,688,5.8,23080.8,12.88,151,20,13.3,9.11,0,0,0,0
23,0,1,UK,Mumbai,Healthcare,Debit Card,Desktop,40,733,0.8,37308.18,101.38,152,27,16.4,11.84,0,0,0,0
17,0,0,Mexico,Munich,Clothing,Bank Transfer,Desktop,23,643,1.0,4569.69,8.68,158,24,2.6,17.26,0,0,0,0
12,0,0,Mexico,Berlin,Gaming,Crypto,POS Terminal,33,713,4.8,35393.39,172.22,151,17,0.7,16.82,0,1,0,0
18,1,0,USA,Sydney,Restaurant,Debit Card,Desktop,61,692,2.1,4155.55,158.03,149,20,7.6,4.33,0,0,0,0
11,1,0,France,Lyon,Healthcare,Debit Card,Mobile,55,624,1.7,15966.19,140.4,141,30,20.1,5.51,1,2,0,0
15,0,0,USA,Munich,Electronics,Credit Card,Mobile,48,675,4.6,5901.71,346.02,140,16,5.6,36.2,0,1,0,0
5,0,1,USA,Mumbai,Crypto Exchange,Credit Card,Mobile,33,674,13.7,19672.91,6.25,147,28,4.7,2.19,0,0,0,0
1,0,1,Canada,Tokyo,Jewelry,Mobile Payment,ATM,26,543,0.6,103393.31,757.2,137,27,23.5,8.65,0,0,0,1
13,0,0,USA,Tokyo,Electronics,Debit Card,Mobile,61,649,3.8,8604.22,63.28,152,32,16.2,3.29,1,0,0,0
8,1,0,USA,Manchester,Utilities,Credit Card,Mobile,50,659,5.1,10823.25,40.67,145,23,9.1,0.26,0,2,0,0
2,0,1,Canada,Toronto,Electronics,Debit Card,Desktop,19,764,3.0,3515.9,374.58,144,19,0.0,8.22,0,0,0,0
23,0,1,Japan,Sydney,Gaming,Debit Card,Desktop,56,594,1.5,2975.62,97.24,152,24,98.4,21.88,0,0,0,0
1,1,1,Brazil,Osaka,Grocery,Debit Card,Desktop,38,693,0.7,12666.21,12.53,146,17,4.4,2.16,0,0,0,0
6,1,1,Japan,Lyon,Grocery,Credit Card,Desktop,45,595,4.3,242.76,45.22,143,29,47.3,37.84,0,0,0,0
7,0,0,India,New York,Electronics,Credit Card,ATM,18,604,11.3,9353.84,601.08,152,14,1.5,22.83,0,0,0,0
20,1,0,USA,Berlin,Entertainment,Bank Transfer,Mobile,26,700,1.3,4744.56,29.13,162,23,0.5,23.22,1,0,0,0
17,0,0,India,Vancouver,Online Shopping,Credit Card,POS Terminal,40,805,1.6,597.55,142.08,169,24,42.7,29.56,0,0,0,0
1,0,1,Australia,Vancouver,Entertainment,Bank Transfer,Desktop,52,601,11.2,30118.11,77.88,153,15,11.7,2.07,0,0,0,0
15,1,0,USA,Los Angeles,Education,Debit Card,POS Terminal,23,546,7.2,3722.41,15.86,134,23,13.1,20.42,0,1,0,0
10,0,0,Mexico,Tokyo,Jewelry,Credit Card,Mobile,50,809,4.7,12174.85,2249.05,137,22,8.4,3.89,1,1,0,0
6,1,1,USA,Munich,Online Shopping,Bank Transfer,Desktop,26,646,0.5,10913.68,80.62,153,21,2.4,6.07,0,0,1,0
20,1,0,UK,Munich,Jewelry,Credit Card,Desktop,29,718,3.1,2522.73,2421.51,137,17,5.4,18.15,0,0,0,0
12,0,0,USA,Guadalajara,Healthcare,Credit Card,Mobile,45,735,3.3,525.72,23.94,152,27,20.2,17.41,1,0,0,0
11,0,0,USA,New York,Clothing,Debit Card,Desktop,55,735,1.9,9790.19,19.74,145,15,1.4,2.41,1,0,0,0
8,0,0,USA,Toronto,Clothing,Debit Card,Mobile,55,796,0.9,9970.83,288.72,145,21,0.9,8.34,0,2,0,1
13,1,0,Mexico,Los Angeles,Entertainment,Credit Card,Mobile,36,602,10.3,5858.8,22.72,151,17,22.8,24.58,0,1,1,0
3,0,1,India,Rio,Fuel,Credit Card,Mobile,36,727,3.5,10980.99,92.11,143,17,11.3,11.93,0,0,0,0
1,0,1,Canada,Rio,Restaurant,Debit Card,POS Terminal,34,703,2.4,7404.55,77.55,177,23,2.1,2.66,0,0,0,0
5,0,1,Japan,Los Angeles,Healthcare,Debit Card,Tablet,38,692,4.5,2814.72,157.95,123,19,67.4,7.22,0,0,0,0
3,1,1,USA,Tokyo,Entertainment,Debit Card,Mobile,18,654,4.5,12612.19,10.49,147,15,7.0,11.34,0,0,0,0
10,0,0,USA,Berlin,Grocery,Debit Card,Desktop,61,552,1.0,5351.93,53.95,141,22,18.8,20.63,0,0,0,0
21,1,0,USA,Mexico City,ATM Withdrawal,Debit Card,Mobile,65,768,7.2,3042.12,35.95,149,15,61.8,6.76,0,0,0,0
21,0,0,France,Tokyo,Fuel,Debit Card,Mobile,35,716,4.7,16098.42,21.47,132,19,5.9,16.2,0,1,1,0
5,0,1,Germany,Guadalajara,Education,Credit Card,Tablet,43,702,9.0,21364.93,5.79,143,25,6.7,8.15,0,0,0,0
15,0,0,France,Vancouver,Travel,Bank Transfer,Mobile,45,726,11.9,13817.88,488.9,167,24,0.3,9.55,1,0,0,0
18,0,0,Germany,Delhi,Crypto Exchange,Crypto,Desktop,18,537,10.2,15981.05,45.11,140,22,19.5,5.12,1,1,0,0
21,0,0,Australia,Delhi,Fuel,Bank Transfer,Mobile,38,630,12.1,2998.18,170.53,154,18,13.5,1.41,0,1,0,0
7,1,0,UK,Guadalajara,Travel,Credit Card,Desktop,33,797,13.7,1739.64,2111.66,166,14,3.6,0.91,0,0,0,0
23,0,1,USA,Delhi,Travel,Cheque,Tablet,31,748,3.4,1968.8,151.1,163,16,12.2,3.53,0,0,0,0
18,0,0,Brazil,Sydney,Fuel,Debit Card,Mobile,60,669,6.5,32962.3,20.28,161,16,7.7,6.45,0,0,0,0
11,1,0,France,Rio,Restaurant,Credit Card,Desktop,36,690,7.3,28181.05,179.2,165,17,28.4,20.81,0,0,0,0
18,0,0,Japan,Manchester,Online Shopping,Credit Card,Desktop,31,594,20.0,11553.34,32.36,160,10,3.9,2.98,0,0,0,0
17,1,0,Brazil,Osaka,Utilities,Debit Card,ATM,36,642,8.7,7907.28,59.22,148,17,16.5,1.56,0,1,0,0
5,0,1,USA,New York,Electronics,Bank Transfer,Mobile,25,670,4.0,6893.71,1384.47,166,12,38.9,12.24,0,0,0,0
21,0,0,Mexico,Manchester,ATM Withdrawal,Bank Transfer,Mobile,51,676,2.4,10648.17,94.7,164,32,8.9,0.62,0,0,0,0
2,0,1,Canada,Munich,Grocery,Mobile Payment,Desktop,37,605,0.9,4367.66,27.49,162,20,4.4,58.49,0,0,0,0
15,0,0,USA,Mumbai,Grocery,Debit Card,Desktop,51,567,8.0,15348.59,66.18,152,24,9.1,13.07,0,0,0,0
7,0,0,USA,Sydney,Clothing,Bank Transfer,POS Terminal,47,697,2.3,15712.71,149.9,159,19,1.2,9.83,1,3,0,0
22,0,1,Germany,Melbourne,Grocery,Credit Card,Desktop,19,684,2.8,890.13,24.67,160,19,44.1,42.87,0,0,0,0
6,0,1,Australia,Mexico City,Crypto Exchange,Mobile Payment,Mobile,48,616,3.4,14697.65,135.25,148,16,0.1,20.38,0,0,0,0
12,0,0,Brazil,Melbourne,Online Shopping,Credit Card,POS Terminal,59,726,4.5,3630.2,46.98,140,18,16.4,7.52,0,0,0,0
23,0,1,USA,Tokyo,Education,Debit Card,Mobile,45,580,1.9,9935.47,32.85,142,17,15.5,36.91,0,0,0,0
7,1,0,Brazil,Los Angeles,ATM Withdrawal,Debit Card,Desktop,59,824,6.2,4552.61,373.1,152,19,15.7,4.21,0,0,0,0
15,0,0,UK,Lyon,Electronics,Credit Card,Desktop,23,849,0.5,1839.89,524.44,142,19,46.6,5.11,0,0,1,0
9,0,0,Canada,Toronto,Education,Mobile Payment,Desktop,57,798,3.2,6044.99,44.74,171,14,3.1,32.81,0,1,0,0
23,0,1,Canada,Manchester,Clothing,Crypto,Desktop,50,682,4.3,17861.25,23.53,163,25,7.5,13.37,0,0,0,0
9,0,0,USA,Munich,Jewelry,Credit Card,Tablet,39,658,2.0,8883.97,59.41,177,19,40.0,15.93,0,0,0,0
9,0,0,UK,Mexico City,ATM Withdrawal,Credit Card,POS Terminal,18,713,1.7,2985.28,418.61,123,20,1.3,6.61,0,0,0,0
18,0,0,Brazil,New York,Healthcare,Mobile Payment,ATM,54,716,4.5,4865.07,48.53,141,18,7.7,7.18,0,0,0,0
11,0,0,USA,Manchester,Jewelry,Credit Card,Mobile,31,706,1.5,6287.66,251.54,147,20,17.6,8.6,1,1,0,0
11,0,0,Canada,São Paulo,Electronics,Crypto,Mobile,35,604,12.3,102184.24,374.32,156,27,40.3,11.49,0,0,0,0
17,0,0,India,Rio,ATM Withdrawal,Debit Card,ATM,18,613,3.2,5984.94,200.22,157,20,2.7,34.49,0,2,0,0
23,1,1,UK,Rio,Utilities,Cheque,Mobile,39,620,1.5,8670.82,31.53,146,21,11.2,2.05,0,0,0,0
16,1,0,Mexico,Munich,Fuel,Credit Card,Desktop,22,564,13.2,60923.62,150.76,153,14,43.8,4.85,0,1,0,0
12,0,0,India,Melbourne,Online Shopping,Debit Card,Desktop,48,785,1.5,10617.66,198.8,146,16,2.5,11.61,1,0,0,0
6,1,1,India,Sydney,Healthcare,Credit Card,Mobile,36,690,5.6,39154.59,39.55,146,19,13.7,45.02,1,0,0,0
4,0,1,Germany,Munich,Travel,Credit Card,Mobile,46,682,2.4,7290.45,155.04,144,13,96.3,10.96,0,0,0,0
16,0,0,Australia,Mumbai,Fuel,Bank Transfer,Mobile,54,849,2.5,6449.72,68.91,157,21,23.8,7.77,0,0,0,0
18,0,0,Mexico,Rio,Utilities,Debit Card,POS Terminal,66,802,1.4,8618.16,440.34,153,24,16.9,58.07,0,0,0,0
23,1,1,Mexico,São Paulo,Online Shopping,Credit Card,Desktop,43,762,16.9,20338.52,394.36,142,18,6.1,2.44,0,0,0,0
10,1,0,France,Toronto,Fuel,Debit Card,Mobile,54,612,16.2,11481.22,20.06,146,15,2.0,5.12,0,0,0,0
16,1,0,Canada,São Paulo,Travel,Cheque,Mobile,52,677,1.2,17253.01,123.89,135,16,6.2,5.4,0,0,0,0
11,0,0,Brazil,Sydney,Utilities,Debit Card,Mobile,52,586,11.0,13831.95,5.6,143,19,3.1,2.07,0,0,0,0
17,0,0,USA,São Paulo,ATM Withdrawal,Bank Transfer,POS Terminal,50,611,1.1,4086.33,145.79,156,21,5.5,4.25,0,0,0,0
13,1,0,France,Mexico City,Gaming,Mobile Payment,ATM,61,825,1.3,297079.47,54.34,163,21,34.0,15.93,0,1,0,0
6,0,1,France,New York,ATM Withdrawal,Credit Card,Tablet,51,689,0.8,9208.97,21.24,141,19,5.7,1.75,0,0,0,0
19,1,0,Germany,New York,Grocery,Cheque,Desktop,49,752,2.4,4690.48,81.03,136,16,16.0,2.2,0,2,0,1
12,0,0,France,Munich,Entertainment,Debit Card,Mobile,51,621,0.9,76554.81,13.24,166,28,21.3,5.93,0,2,0,0
6,0,1,USA,Paris,Crypto Exchange,Bank Transfer,Mobile,18,672,13.1,60655.26,10.03,157,11,20.9,15.0,0,0,0,0
22,0,1,India,Osaka,Clothing,Credit Card,Desktop,27,755,3.9,2794.85,12.87,143,22,21.8,2.02,0,0,0,1
18,0,0,Australia,Tokyo,Jewelry,Mobile Payment,Tablet,18,739,5.6,8919.73,757.68,148,16,2.4,6.58,0,0,0,0
12,0,0,UK,Delhi,Travel,Debit Card,Desktop,29,758,2.7,1165.1,369.2,152,20,13.8,22.18,0,3,0,0
18,0,0,USA,Vancouver,Gaming,Debit Card,Desktop,48,686,4.0,3930.14,15.57,144,25,28.9,9.31,0,0,0,0
1,0,1,France,Toronto,ATM Withdrawal,Debit Card,Mobile,31,784,14.1,39434.21,52.0,165,25,30.1,0.07,0,0,0,0
19,0,0,Brazil,Tokyo,Education,Cheque,Mobile,80,745,1.2,12333.77,28.39,156,19,6.7,33.68,0,0,0,0
14,0,0,Australia,Toronto,Entertainment,Debit Card,Mobile,44,704,9.0,37313.72,55.25,138,17,18.8,17.51,0,0,0,0
21,0,0,Japan,Tokyo,Fuel,Debit Card,Mobile,47,561,4.8,1120.32,18.38,173,14,14.2,16.4,0,1,0,0
5,0,1,Mexico,London,Grocery,Debit Card,Mobile,51,769,4.9,23608.09,35.34,148,20,4.4,4.49,0,0,0,0
11,0,0,USA,Delhi,Healthcare,Credit Card,Mobile,41,629,3.2,22309.42,84.49,147,27,30.1,1.05,0,2,0,0
4,1,1,Japan,Tokyo,Online Shopping,Cheque,Desktop,49,700,2.0,46880.42,48.06,174,19,6.5,1.15,0,0,0,0
19,1,0,Japan,Manchester,Entertainment,Cheque,Mobile,60,706,5.2,26516.58,76.28,147,20,10.1,3.37,0,0,0,0
11,1,0,USA,Melbourne,Healthcare,Debit Card,Mobile,18,729,1.4,9995.65,25.85,150,21,4.3,21.73,1,3,1,0
6,1,1,Canada,Delhi,Education,Credit Card,POS Terminal,51,470,6.9,15291.81,83.59,150,23,4.4,0.54,0,0,0,0
13,0,0,USA,New York,ATM Withdrawal,Bank Transfer,Mobile,49,751,1.3,6077.49,210.82,173,20,65.6,33.42,0,0,0,0
8,0,0,India,Vancouver,Jewelry,Debit Card,Mobile,30,629,3.8,18681.68,690.17,136,15,27.8,0.36,0,0,0,0
14,0,0,Brazil,Berlin,Travel,Debit Card,Tablet,65,750,6.5,12566.25,440.7,159,30,2.0,5.06,0,0,0,0
5,1,1,India,Melbourne,Clothing,Mobile Payment,Mobile,43,668,6.7,5585.27,24.92,149,20,2.9,7.66,0,0,1,0
22,1,1,USA,Lyon,Gaming,Bank Transfer,Mobile,50,651,0.1,23023.83,74.41,136,21,29.1,2.37,0,0,0,0
8,0,0,Brazil,Mexico City,Utilities,Credit Card,Mobile,45,722,0.7,4089.74,86.56,137,20,42.3,4.36,0,1,0,0
13,0,0,France,Delhi,Travel,Bank Transfer,POS Terminal,42,579,7.4,34026.03,693.3,143,22,0.8,4.55,0,0,0,0
22,0,1,USA,Los Angeles,Utilities,Debit Card,Mobile,47,696,1.3,2344.87,158.48,142,25,6.3,49.9,0,0,0,0
18,1,0,Brazil,Toronto,Online Shopping,Debit Card,Mobile,30,667,5.1,7804.18,98.58,147,20,41.7,13.76,1,0,0,0
4,0,1,Germany,Tokyo,Crypto Exchange,Credit Card,Tablet,50,759,2.5,1328.86,58.61,158,25,0.5,23.26,0,0,0,0
12,0,0,Brazil,Los Angeles,Entertainment,Mobile Payment,ATM,65,732,12.9,1916.2,185.02,143,22,9.7,4.76,0,0,1,0
20,1,0,India,Delhi,Electronics,Mobile Payment,Desktop,29,651,2.2,156323.79,1117.8,145,17,38.3,4.73,0,0,1,0
15,0,0,Mexico,Melbourne,Education,Debit Card,Desktop,70,756,7.0,43637.73,32.32,179,17,6.6,0.91,0,0,0,0
14,0,0,Canada,New York,Clothing,Debit Card,Desktop,18,820,4.5,2039.33,30.08,152,15,8.0,18.2,0,1,0,0
1,0,1,Japan,Osaka,Education,Mobile Payment,Mobile,37,546,1.3,7889.49,24.79,121,16,35.5,14.66,0,0,0,0
17,0,0,USA,Vancouver,Crypto Exchange,Credit Card,ATM,43,656,12.6,5232.2,16.33,135,14,7.2,9.23,0,2,0,0
19,0,0,Canada,Delhi,Travel,Credit Card,Desktop,43,769,3.5,2766.62,122.45,148,31,1.0,61.17,1,1,0,0
16,1,0,UK,São Paulo,Electronics,Credit Card,Desktop,18,726,1.1,32448.27,106.5,139,21,0.2,12.24,0,1,0,0
19,1,0,France,Paris,Clothing,Credit Card,Mobile,32,700,5.6,1409.27,37.08,162,19,3.2,2.29,0,0,0,0
11,0,0,USA,Mexico City,Grocery,Debit Card,Mobile,68,608,2.7,3293.09,37.65,157,14,27.4,9.96,0,0,1,0
1,0,1,India,London,Online Shopping,Debit Card,Desktop,25,797,9.3,72931.31,41.22,152,19,21.3,0.23,0,0,0,0
18,0,0,USA,Guadalajara,Clothing,Mobile Payment,Mobile,54,664,0.8,8266.62,43.39,159,17,0.6,11.3,0,0,0,0
16,0,0,USA,Delhi,Gaming,Bank Transfer,Desktop,43,624,1.4,6676.29,82.56,139,17,14.8,22.54,0,0,0,0
13,0,0,USA,Guadalajara,Fuel,Credit Card,Desktop,42,726,2.3,13857.15,6.25,141,17,5.5,11.01,0,0,0,0
22,0,1,UK,London,Clothing,Debit Card,Mobile,18,644,17.4,8445.18,57.96,149,20,5.7,17.59,0,0,0,0
10,0,0,India,New York,Electronics,Debit Card,Desktop,48,679,5.9,2657.68,254.83,140,20,7.0,9.67,0,0,0,0
18,0,0,USA,Osaka,Education,Mobile Payment,Mobile,51,749,2.5,1804.95,35.42,168,23,23.0,31.03,0,0,0,0
10,0,0,USA,Vancouver,Grocery,Credit Card,POS Terminal,51,494,4.7,12647.64,120.99,141,27,2.8,3.19,0,0,0,0
4,0,1,USA,Munich,Utilities,Credit Card,POS Terminal,44,576,2.5,22517.03,109.06,141,12,14.4,2.75,0,2,0,0
5,0,1,Japan,Vancouver,Fuel,Bank Transfer,Desktop,45,603,2.4,5464.37,126.29,151,27,19.1,3.23,0,0,1,0
18,0,0,USA,Manchester,Electronics,Debit Card,ATM,18,562,1.8,2977.07,688.11,151,26,3.0,11.12,0,0,1,0
15,0,0,UK,Vancouver,Grocery,Cheque,Mobile,44,633,1.8,2798.33,41.19,132,22,89.0,20.75,0,0,1,0
3,0,1,USA,Guadalajara,Grocery,Mobile Payment,Mobile,34,742,7.0,1847.55,111.3,129,19,16.2,6.79,0,0,1,0
7,0,0,Germany,London,Crypto Exchange,Bank Transfer,Desktop,85,783,0.5,18743.81,280.93,162,21,19.7,9.29,0,1,0,0
15,0,0,USA,Sydney,Grocery,Credit Card,Mobile,38,769,0.3,3665.43,32.51,148,12,25.8,1.08,0,0,0,0
13,1,0,UK,São Paulo,Online Shopping,Debit Card,Mobile,38,779,14.8,8648.12,14.86,164,21,8.8,23.63,0,2,0,0
20,0,0,USA,Vancouver,Clothing,Credit Card,Desktop,52,567,1.9,11934.15,214.55,144,19,7.8,5.0,0,0,1,0
12,0,0,Mexico,Osaka,Crypto Exchange,Credit Card,ATM,50,585,3.6,12624.31,16.19,144,26,13.7,32.27,1,4,0,1
17,0,0,UK,London,Utilities,Crypto,Mobile,58,600,30.0,23868.01,136.63,148,15,47.9,2.14,0,0,0,0
17,0,0,Canada,New York,Online Shopping,Credit Card,Mobile,54,758,1.4,4918.67,35.87,145,22,4.8,1.83,1,2,0,1
18,1,0,Germany,Vancouver,Utilities,Mobile Payment,Desktop,28,600,29.2,6036.39,23.52,130,13,49.1,14.95,0,3,0,0
13,0,0,India,New York,Online Shopping,Credit Card,Desktop,27,790,3.3,2026.64,32.6,163,22,36.3,8.43,0,0,0,0
1,1,1,USA,Los Angeles,Jewelry,Credit Card,Mobile,23,579,2.4,12241.92,1244.68,139,21,24.4,24.75,0,0,0,0
17,1,0,India,Tokyo,Grocery,Crypto,Desktop,18,789,0.6,46543.49,23.96,142,16,3.1,0.05,0,2,0,0
20,0,0,Germany,Sydney,Travel,Crypto,Mobile,38,694,4.8,27403.49,770.87,152,14,1.7,17.92,0,0,0,0
20,0,0,Japan,Mexico City,Gaming,Debit Card,Mobile,50,620,11.5,30062.22,58.98,157,16,14.4,4.22,0,0,0,0
8,0,0,Brazil,London,Travel,Credit Card,ATM,36,695,2.4,4554.0,1302.09,145,26,5.0,17.91,0,0,0,0
13,0,0,Canada,Toronto,Crypto Exchange,Debit Card,Mobile,50,640,4.8,7458.68,170.57,158,22,24.7,12.01,0,0,0,0
10,0,0,France,Vancouver,Gaming,Bank Transfer,Mobile,55,640,2.1,1180.48,32.69,152,11,7.8,7.2,0,0,0,0
23,0,1,Japan,Berlin,Utilities,Credit Card,Desktop,32,740,6.5,7098.7,78.65,168,22,34.5,5.28,1,4,0,0
5,1,1,Canada,Mexico City,Healthcare,Crypto,Mobile,50,673,1.3,21996.0,46.11,165,21,37.5,1.08,0,0,0,0
10,1,0,UK,Manchester,Entertainment,Debit Card,Mobile,42,715,1.3,5187.11,69.19,115,16,2.9,17.74,0,0,0,0
17,1,0,USA,Lyon,Restaurant,Debit Card,Mobile,46,804,0.2,1860.63,32.57,143,24,10.7,16.66,0,0,0,0
23,1,1,USA,Paris,ATM Withdrawal,Mobile Payment,ATM,39,616,17.2,879.86,288.44,132,13,14.1,17.44,0,0,0,0
9,1,0,USA,Delhi,Utilities,Bank Transfer,ATM,56,721,0.2,4032.33,133.15,166,20,4.4,2.7,0,0,0,0
8,0,0,UK,Sydney,Healthcare,Debit Card,Tablet,44,591,7.2,8562.28,39.2,169,22,35.8,12.23,0,0,0,0
17,0,0,USA,Melbourne,Restaurant,Credit Card,Mobile,61,695,3.1,4353.73,208.02,156,16,15.6,7.61,0,0,0,0
6,0,1,Canada,Delhi,Clothing,Crypto,Mobile,49,805,6.6,32340.23,112.58,167,26,0.9,8.94,0,0,0,0
10,1,0,Mexico,Toronto,Fuel,Debit Card,Mobile,54,659,1.7,9817.13,212.55,152,21,9.0,21.5,0,0,0,0
8,0,0,Germany,London,Gaming,Debit Card,Tablet,39,671,0.7,4972.55,103.49,156,23,2.0,5.88,0,0,0,0
6,0,1,Canada,Manchester,Restaurant,Bank Transfer,Mobile,50,828,12.3,6792.29,62.1,159,26,16.0,4.67,0,0,0,0
10,0,0,India,Los Angeles,Restaurant,Debit Card,Mobile,53,650,30.0,750.71,36.49,160,22,47.9,2.11,0,0,0,0
4,0,1,Brazil,Mexico City,Entertainment,Debit Card,Mobile,40,824,7.6,1097.07,162.75,166,21,2.7,21.73,0,0,0,0
14,0,0,UK,Sydney,Fuel,Debit Card,Mobile,52,654,4.6,11577.62,26.86,143,20,2.2,2.75,1,0,0,0
13,1,0,Brazil,Mexico City,Fuel,Credit Card,Desktop,39,549,0.5,5636.62,79.91,154,17,11.2,2.3,0,2,0,1
17,0,0,UK,Paris,Gaming,Credit Card,Mobile,18,631,3.6,2794.42,38.52,136,23,22.9,8.03,1,1,1,0
3,0,1,Canada,Mumbai,Crypto Exchange,Debit Card,Mobile,40,485,3.3,14499.49,154.94,137,21,82.4,3.98,0,0,0,1
8,1,0,Germany,Rio,Online Shopping,Debit Card,ATM,37,632,7.5,5290.48,62.4,133,29,14.5,11.69,0,0,0,0
8,0,0,Japan,Los Angeles,Utilities,Credit Card,POS Terminal,61,694,4.1,4180.59,24.85,140,22,0.3,14.02,0,0,0,0
3,1,1,USA,Vancouver,Online Shopping,Mobile Payment,ATM,43,650,5.2,3893.51,63.61,138,22,44.6,12.2,0,0,0,0
22,1,1,Brazil,Guadalajara,Fuel,Credit Card,POS Terminal,45,627,7.9,9439.42,128.61,169,23,17.1,4.81,0,1,0,0
22,1,1,Australia,London,ATM Withdrawal,Bank Transfer,Tablet,45,658,8.1,9654.45,224.56,160,15,17.3,3.76,0,0,0,1
10,0,0,Australia,London,Healthcare,Credit Card,Mobile,56,694,0.1,7270.89,22.47,139,17,29.4,4.72,1,0,0,0
5,0,1,USA,New York,Gaming,Debit Card,Mobile,61,665,3.0,9713.44,106.92,162,15,22.0,8.95,0,0,0,0
12,1,0,Brazil,Manchester,Electronics,Debit Card,Mobile,68,726,6.5,5023.76,705.77,154,11,16.9,6.19,0,3,0,0
12,1,0,UK,Mumbai,Utilities,Credit Card,POS Terminal,50,758,2.1,4868.93,26.58,155,18,26.6,0.66,0,0,0,0
1,0,1,USA,New York,ATM Withdrawal,Credit Card,Mobile,57,731,1.5,41969.57,319.77,148,11,20.8,23.07,0,0,0,0
17,0,0,Japan,Sydney,Fuel,Credit Card,ATM,58,735,7.1,19234.76,5.25,149,25,5.6,31.13,0,0,0,0
13,0,0,USA,Mexico City,Healthcare,Credit Card,POS Terminal,34,737,0.5,65302.89,8.83,166,16,20.5,9.55,0,0,0,0
5,0,1,USA,Manchester,Gaming,Bank Transfer,ATM,35,666,6.0,12985.72,138.46,160,15,5.1,1.81,0,0,1,0
22,1,1,Germany,New York,Education,Bank Transfer,Mobile,42,708,7.8,31457.17,13.8,139,12,8.5,13.61,0,0,0,0
13,0,0,Mexico,Berlin,Clothing,Cheque,Mobile,48,565,5.8,14277.93,24.51,152,12,15.5,4.74,0,0,0,0
18,0,0,India,Mexico City,Gaming,Mobile Payment,Tablet,47,754,1.5,48992.51,74.22,135,27,31.6,22.24,0,0,0,0
18,0,0,Australia,Mumbai,Crypto Exchange,Credit Card,Tablet,56,623,5.0,3903.21,67.69,169,18,57.6,78.82,0,0,0,0
14,1,0,USA,Guadalajara,Fuel,Debit Card,POS Terminal,35,610,2.7,7832.78,100.07,106,22,41.8,15.13,0,0,0,0
18,0,0,Japan,New York,Online Shopping,Debit Card,Tablet,64,646,0.8,4766.16,11.48,162,22,49.7,11.69,0,0,0,0
10,0,0,USA,Osaka,Travel,Crypto,Mobile,48,700,3.1,3502.04,1842.56,143,16,19.3,5.59,0,0,0,0
16,1,0,Brazil,Mexico City,Clothing,Bank Transfer,POS Terminal,41,736,11.6,4726.88,28.99,123,26,15.9,0.66,0,0,0,0
3,1,1,UK,Berlin,Education,Debit Card,Mobile,29,631,9.0,3200.01,26.66,161,24,7.3,18.49,0,0,0,0
14,0,0,Japan,New York,ATM Withdrawal,Credit Card,POS Terminal,53,665,0.7,306.75,56.87,135,15,80.8,7.66,0,0,0,0
11,1,0,France,Tokyo,Healthcare,Crypto,Mobile,30,672,0.2,4462.25,139.69,138,21,17.9,5.07,0,0,0,0
15,1,0,UK,Osaka,Utilities,Credit Card,Mobile,41,642,6.4,5616.14,37.8,166,16,4.8,8.14,1,0,0,0
22,0,1,UK,Los Angeles,Electronics,Credit Card,Tablet,45,635,4.3,5535.61,133.93,162,22,18.5,45.92,0,2,0,0
16,0,0,Japan,Delhi,Healthcare,Crypto,Mobile,46,622,3.2,1634.51,41.17,158,29,12.5,15.4,0,0,0,1
4,0,1,UK,London,Fuel,Debit Card,Mobile,41,525,30.0,2429.21,356.09,144,20,13.3,13.85,1,0,0,0
21,0,0,UK,Berlin,Online Shopping,Mobile Payment,POS Terminal,22,661,5.4,10773.64,117.09,171,13,87.1,15.66,0,1,1,0
15,1,0,India,Lyon,Fuel,Debit Card,Mobile,24,735,0.1,31834.65,38.21,145,13,2.0,20.87,1,0,0,0
5,0,1,Germany,Los Angeles,Clothing,Mobile Payment,Desktop,20,722,8.7,23204.28,34.4,143,22,29.2,23.09,0,1,1,0
22,0,1,Brazil,Rio,Entertainment,Bank Transfer,Tablet,54,611,0.4,52506.17,113.43,155,17,0.6,0.64,0,0,0,1
21,0,0,USA,London,Utilities,Debit Card,Mobile,53,645,3.1,56407.28,177.61,133,22,13.0,46.68,0,0,0,0
11,0,0,USA,Lyon,Travel,Debit Card,Mobile,38,732,0.7,11591.49,180.6,156,21,19.7,1.98,0,0,0,0
22,1,1,India,Vancouver,Clothing,Cheque,Mobile,44,626,10.2,562.52,14.88,159,26,7.2,2.69,1,2,0,0
11,0,0,India,New York,Restaurant,Credit Card,Mobile,55,578,0.2,23683.3,26.0,179,21,72.0,7.35,0,0,0,0
12,0,0,India,Sydney,Crypto Exchange,Debit Card,ATM,36,580,1.5,19847.7,30.78,158,15,2.7,6.06,0,0,0,0
0,0,1,India,Mexico City,Jewelry,Credit Card,Mobile,42,689,13.6,27248.53,44.11,144,23,8.9,31.38,0,1,1,0
16,0,0,Brazil,Melbourne,Education,Crypto,Mobile,42,734,0.5,3810.16,44.62,163,21,3.5,26.28,0,0,1,0
20,0,0,UK,Rio,ATM Withdrawal,Mobile Payment,Desktop,81,578,16.1,1790.32,469.28,157,21,3.5,1.84,0,0,0,0
0,1,1,UK,Mexico City,Utilities,Credit Card,Desktop,22,593,18.1,33058.44,31.97,149,18,16.5,1.82,1,0,0,0
10,0,0,Australia,Osaka,Online Shopping,Crypto,Mobile,47,432,0.9,5430.15,9.91,148,19,17.7,49.35,1,0,0,0
21,1,0,India,Vancouver,Grocery,Credit Card,ATM,50,670,6.9,27142.01,101.93,132,21,0.9,12.71,0,1,1,0
21,0,0,USA,Manchester,Crypto Exchange,Debit Card,Tablet,31,679,3.0,24455.65,12.84,165,17,11.4,4.63,1,0,0,0
9,0,0,USA,Guadalajara,Entertainment,Credit Card,Desktop,51,682,1.7,18714.11,85.06,146,20,35.5,8.13,0,0,0,0
4,0,1,Mexico,São Paulo,Clothing,Mobile Payment,ATM,54,564,2.1,27501.62,69.77,153,16,32.3,4.92,0,0,1,0
6,0,1,India,São Paulo,Travel,Mobile Payment,Mobile,59,634,6.9,6622.0,786.23,142,18,5.1,0.18,0,0,0,0
12,1,0,Canada,London,Jewelry,Debit Card,Desktop,31,474,1.2,10581.96,572.35,161,23,2.1,12.53,0,0,0,0
0,1,1,Japan,Lyon,Online Shopping,Credit Card,Mobile,33,624,0.1,28480.18,12.44,159,19,11.6,11.63,0,0,0,0
4,0,1,Germany,Rio,Electronics,Credit Card,Mobile,33,623,0.5,8091.5,617.4,132,16,30.5,14.69,0,0,0,0
23,0,1,India,Berlin,Utilities,Mobile Payment,Desktop,28,586,1.4,3636.81,33.97,155,15,3.9,8.32,0,0,0,0
19,0,0,Germany,Berlin,Utilities,Mobile Payment,Mobile,22,655,3.1,972.83,124.79,162,25,23.8,7.15,0,0,0,0
5,0,1,USA,Melbourne,Utilities,Credit Card,Mobile,41,627,4.3,17571.64,9.42,156,22,13.1,6.22,0,0,1,0
23,0,1,India,Toronto,Online Shopping,Credit Card,Mobile,33,671,0.9,8207.23,112.29,149,28,16.4,9.24,0,0,0,0
6,0,1,USA,Rio,ATM Withdrawal,Debit Card,Mobile,45,639,8.4,26985.67,66.94,154,13,12.0,7.34,1,0,0,0
0,1,1,France,Mumbai,Healthcare,Cheque,Desktop,36,606,8.3,6690.09,57.24,161,17,26.2,0.15,0,0,0,0
11,1,0,Brazil,Osaka,Crypto Exchange,Debit Card,Mobile,38,711,0.6,3229.02,96.95,150,20,21.8,11.09,0,2,0,0
0,1,1,Germany,Rio,Online Shopping,Debit Card,Mobile,52,747,6.6,21243.23,32.48,133,16,2.8,5.51,0,0,0,0
13,0,0,Brazil,Tokyo,Clothing,Credit Card,Mobile,47,705,8.8,20143.39,56.74,133,23,16.6,10.21,0,0,0,0
3,0,1,USA,Rio,Utilities,Bank Transfer,POS Terminal,38,584,4.6,13955.09,86.21,162,24,19.1,28.24,0,0,0,0
10,1,0,Mexico,Mexico City,Grocery,Credit Card,Mobile,30,643,0.8,4925.15,58.41,142,13,0.0,1.02,0,0,0,0
3,0,1,USA,Melbourne,Electronics,Mobile Payment,POS Terminal,36,589,3.4,1753.37,933.29,152,24,20.5,5.13,0,0,0,0
3,0,1,UK,Vancouver,Jewelry,Credit Card,Mobile,50,661,6.8,2254.37,319.65,153,22,7.9,1.49,0,0,1,0
7,0,0,USA,Guadalajara,Entertainment,Debit Card,Mobile,42,621,7.5,4671.71,40.95,149,16,20.3,41.49,0,0,1,0
9,0,0,India,Rio,Clothing,Credit Card,Mobile,23,632,3.7,2340.75,18.12,139,14,47.3,38.77,0,0,0,0
2,0,1,Australia,Berlin,Clothing,Bank Transfer,Tablet,43,850,1.0,33862.66,35.33,153,16,97.7,4.44,0,0,0,0
16,0,0,Mexico,Munich,Clothing,Debit Card,Desktop,57,730,2.0,36712.08,81.41,125,19,24.0,8.18,0,3,0,0
3,0,1,Canada,Berlin,Utilities,Debit Card,Mobile,46,645,6.8,30246.43,20.56,136,23,8.1,11.25,0,0,1,0
7,1,0,Japan,Manchester,Electronics,Debit Card,Tablet,19,651,5.7,82016.88,1032.83,137,20,28.9,0.77,0,0,0,0
8,0,0,France,Osaka,ATM Withdrawal,Cheque,Desktop,22,638,7.6,1431.06,269.88,142,17,9.1,3.47,1,4,0,0
18,1,0,Canada,Manchester,Grocery,Bank Transfer,Mobile,45,670,0.4,6424.02,107.39,158,15,5.7,2.7,0,0,0,0
22,0,1,Canada,Munich,Utilities,Credit Card,Tablet,39,692,9.2,91182.17,476.31,167,26,5.5,6.15,0,0,0,0
21,0,0,Australia,Delhi,Electronics,Bank Transfer,ATM,40,658,2.9,23047.27,643.78,143,17,29.9,5.72,0,0,0,0
8,0,0,Canada,London,Entertainment,Credit Card,Tablet,36,781,0.2,420.94,141.92,140,17,4.1,15.63,0,1,0,0
7,0,0,Australia,Tokyo,Grocery,Debit Card,Tablet,38,523,2.7,2811.53,50.85,161,21,20.1,8.44,0,4,0,0
19,0,0,India,London,Education,Bank Transfer,Mobile,61,692,0.7,3888.81,47.43,169,22,78.3,20.49,0,0,0,0
12,1,0,USA,São Paulo,Grocery,Debit Card,Mobile,46,528,0.6,1986.23,36.19,163,12,11.8,7.09,0,0,0,0
16,1,0,Australia,Paris,Fuel,Mobile Payment,POS Terminal,46,691,1.6,23162.99,57.5,146,22,38.2,0.82,0,0,0,0
9,0,0,USA,Melbourne,Entertainment,Crypto,POS Terminal,46,703,0.1,2866.11,14.08,144,26,23.7,37.56,0,0,0,0
17,0,0,USA,Berlin,Online Shopping,Credit Card,Mobile,65,748,16.2,7966.71,39.86,154,18,6.3,15.77,1,0,0,0
1,1,1,France,Paris,Grocery,Credit Card,Desktop,36,676,2.8,85263.57,48.05,144,24,26.8,6.33,0,0,0,0
22,0,1,UK,Toronto,Crypto Exchange,Mobile Payment,ATM,46,642,1.6,1812.49,219.43,158,19,34.6,0.9,0,0,0,0
0,0,1,France,Mexico City,Jewelry,Debit Card,POS Terminal,21,700,9.2,110303.55,95.09,143,21,1.0,2.02,0,0,0,0
22,0,1,USA,Munich,Restaurant,Credit Card,Desktop,52,699,3.9,10039.42,76.0,134,20,9.1,6.74,0,0,0,0
22,0,1,Japan,Guadalajara,Clothing,Credit Card,Tablet,58,701,3.1,13025.05,19.97,169,32,39.5,2.72,0,0,0,0
5,0,1,India,Delhi,Entertainment,Credit Card,Mobile,34,653,0.2,18083.39,15.35,149,21,140.1,67.0,0,0,0,0
14,0,0,USA,São Paulo,Utilities,Debit Card,POS Terminal,51,742,4.5,3958.83,140.54,145,14,13.5,20.68,0,0,0,0
21,0,0,Japan,London,Online Shopping,Bank Transfer,Tablet,54,715,11.2,4451.7,11.17,134,25,9.0,5.07,0,0,0,0
10,0,0,USA,London,Electronics,Mobile Payment,ATM,18,610,1.3,2619.81,84.67,138,19,2.7,1.05,0,0,0,0
19,0,0,Germany,Mexico City,Restaurant,Mobile Payment,ATM,42,721,6.7,3943.15,282.56,163,15,24.1,4.93,0,0,0,0
13,0,0,USA,Paris,Crypto Exchange,Mobile Payment,ATM,42,499,2.6,3990.59,188.5,149,25,5.6,2.78,1,2,0,0
17,0,0,Germany,Lyon,Gaming,Bank Transfer,Mobile,70,672,1.6,2781.36,35.19,129,23,28.3,0.14,0,0,0,1
21,1,0,Canada,Melbourne,Healthcare,Mobile Payment,Desktop,18,850,6.0,7797.79,20.59,136,23,12.9,9.85,0,0,0,0
14,0,0,Japan,Vancouver,Online Shopping,Debit Card,Desktop,34,831,7.0,22288.1,266.25,129,15,6.4,10.67,0,0,0,0
1,1,1,France,Manchester,Fuel,Credit Card,Mobile,20,684,2.6,231549.83,128.07,149,25,59.2,2.83,0,0,0,0
10,1,0,Canada,Sydney,ATM Withdrawal,Credit Card,POS Terminal,30,570,11.2,5946.22,72.05,152,22,1.1,4.39,0,0,0,0
3,0,1,UK,New York,Travel,Debit Card,Mobile,24,801,2.0,9540.78,157.28,148,16,6.4,4.42,0,0,0,0
2,1,1,Japan,Melbourne,Travel,Credit Card,POS Terminal,44,693,1.5,56211.96,57.0,149,22,43.5,17.89,0,0,0,0
6,1,1,USA,Paris,Grocery,Debit Card,Mobile,68,602,8.4,2088.17,141.52,153,18,2.3,21.53,0,0,0,0
19,0,0,UK,Sydney,Travel,Debit Card,Mobile,47,713,19.8,27245.52,1107.63,173,20,17.0,9.23,0,0,0,0
16,1,0,Mexico,Rio,Education,Debit Card,Mobile,50,850,0.5,10902.34,163.11,134,23,4.3,3.36,0,0,1,0
9,0,0,India,Delhi,Entertainment,Credit Card,Desktop,51,709,2.9,10491.48,14.43,144,23,1.4,45.17,0,0,0,0
8,0,0,UK,Toronto,Travel,Debit Card,Desktop,44,675,0.5,4861.02,307.3,139,14,13.3,51.71,0,0,0,0
16,1,0,Australia,Mumbai,Travel,Credit Card,Mobile,25,652,0.3,8707.75,1053.25,133,15,8.9,10.48,0,0,0,0
20,0,0,Canada,New York,Utilities,Crypto,Desktop,18,715,3.6,1926.26,111.82,150,22,11.9,35.43,0,1,1,0
14,0,0,Brazil,Munich,Healthcare,Mobile Payment,Mobile,35,679,9.0,31735.57,24.85,145,18,7.5,20.14,0,0,0,0
14,1,0,Japan,New York,Travel,Debit Card,Desktop,42,811,0.9,1484.61,1459.91,166,21,20.1,16.13,0,0,0,0
13,0,0,USA,Delhi,Grocery,Debit Card,Mobile,48,630,0.7,3000.67,66.06,155,22,81.0,3.7,0,0,0,0
23,0,1,Brazil,Lyon,Entertainment,Credit Card,Desktop,49,667,4.4,18434.76,103.96,146,17,15.9,40.3,0,0,0,0
6,1,1,Canada,London,Utilities,Debit Card,POS Terminal,61,688,6.2,10371.02,28.16,147,16,10.1,0.75,0,1,0,0
15,0,0,Germany,Delhi,ATM Withdrawal,Credit Card,Desktop,63,596,5.8,6142.55,22.1,142,21,53.0,1.28,0,0,0,0
17,1,0,India,Melbourne,Crypto Exchange,Debit Card,Mobile,18,531,6.1,29715.71,37.38,142,17,11.8,7.83,0,0,0,0
23,1,1,USA,Mexico City,Gaming,Credit Card,Mobile,43,629,2.7,12614.07,81.83,161,19,61.1,15.07,0,0,0,0
17,1,0,USA,Guadalajara,Education,Mobile Payment,Tablet,33,539,0.7,14244.32,18.23,138,18,108.7,39.64,0,0,1,0
18,0,0,Japan,Rio,Healthcare,Debit Card,Mobile,18,776,5.6,8051.45,118.23,152,25,27.5,42.16,0,0,0,0
7,0,0,Germany,Manchester,Fuel,Credit Card,Desktop,38,625,2.3,20812.51,40.55,137,18,46.3,8.2,1,0,1,0
14,0,0,India,London,Healthcare,Bank Transfer,ATM,46,439,0.9,17858.85,184.08,133,17,33.0,23.32,0,0,0,0
0,0,1,UK,Mumbai,ATM Withdrawal,Mobile Payment,Tablet,67,762,7.9,3988.25,210.76,145,20,8.7,0.17,0,0,0,1
5,1,1,UK,Mumbai,Clothing,Credit Card,Mobile,57,631,1.3,21412.91,216.57,148,25,3.8,49.62,1,0,0,0
16,0,0,Mexico,Paris,Crypto Exchange,Debit Card,POS Terminal,46,824,4.9,5643.23,36.32,151,14,1.1,5.33,0,0,0,0
16,1,0,USA,Munich,Crypto Exchange,Credit Card,Mobile,62,729,4.3,5671.83,51.53,147,9,0.5,1.17,0,0,0,0
4,0,1,Australia,São Paulo,Online Shopping,Credit Card,Desktop,47,693,2.4,2703.26,24.28,150,22,20.4,28.29,0,0,0,0
14,0,0,Canada,New York,ATM Withdrawal,Credit Card,Desktop,69,586,8.9,701.42,101.44,156,13,1.2,8.19,0,2,0,0
0,1,1,Brazil,Guadalajara,Education,Crypto,Desktop,23,664,10.0,15141.62,63.74,162,16,35.4,20.47,0,2,0,0
10,0,0,Mexico,Paris,Gaming,Bank Transfer,Desktop,39,630,0.5,1042.9,12.15,149,29,6.7,20.77,0,0,0,0
0,0,1,Mexico,Lyon,Jewelry,Credit Card,Mobile,35,850,2.0,15289.37,411.51,134,14,14.0,10.52,0,1,0,0
7,0,0,Mexico,Rio,Online Shopping,Credit Card,Mobile,46,777,1.2,7698.86,8.14,142,22,21.4,32.46,1,1,0,0
12,0,0,USA,Toronto,Clothing,Credit Card,ATM,40,746,1.5,48776.17,66.26,151,23,14.1,2.64,0,0,0,0
2,0,1,USA,Mumbai,ATM Withdrawal,Debit Card,Desktop,47,668,16.4,6758.73,53.97,132,18,96.4,30.44,0,0,0,0
3,0,1,Germany,New York,Gaming,Credit Card,Tablet,45,673,4.0,40059.81,81.02,152,19,20.4,3.92,0,1,0,0
13,0,0,USA,New York,Fuel,Credit Card,Desktop,27,649,9.1,1146.92,33.95,137,26,20.1,25.25,1,0,0,0
2,1,1,Australia,Munich,Crypto Exchange,Mobile Payment,Desktop,18,573,0.3,11037.27,29.57,142,19,29.3,9.72,0,0,0,0
3,0,1,UK,Los Angeles,Entertainment,Debit Card,Mobile,18,691,0.3,732.44,233.88,158,22,1.0,0.71,0,0,0,0
5,0,1,Canada,Rio,Electronics,Crypto,Tablet,30,806,1.3,23189.42,3195.25,178,17,4.4,7.46,0,0,0,0
0,0,1,India,Mumbai,Jewelry,Bank Transfer,POS Terminal,18,598,9.4,4211.75,100.02,163,27,6.5,2.59,0,0,0,0
23,1,1,Japan,Manchester,Online Shopping,Mobile Payment,Desktop,65,741,6.4,8740.67,28.85,150,21,5.8,5.23,1,0,0,0
9,0,0,Germany,Paris,Travel,Debit Card,Desktop,52,671,3.2,6103.36,363.55,148,21,37.7,2.42,0,0,0,0
5,1,1,USA,Mexico City,Crypto Exchange,Credit Card,Mobile,60,598,2.4,3389.15,325.63,165,20,22.3,34.72,0,0,0,0
0,1,1,USA,São Paulo,Utilities,Debit Card,Mobile,38,687,9.9,2637.85,18.77,170,22,5.5,4.31,0,0,0,0
7,0,0,India,Munich,Electronics,Debit Card,Desktop,65,645,8.3,3079.22,1283.49,158,20,13.2,12.17,0,4,0,0
15,1,0,Canada,Mumbai,Education,Credit Card,POS Terminal,37,644,4.7,7291.22,39.3,178,25,31.2,5.91,0,0,0,0
2,0,1,UK,London,Fuel,Credit Card,POS Terminal,57,850,2.5,1788.43,71.33,149,22,4.7,9.12,0,2,0,1
12,0,0,Brazil,Rio,Entertainment,Credit Card,ATM,43,725,8.5,55759.67,14.79,150,18,6.5,45.34,0,0,0,0
6,1,1,Germany,Berlin,Travel,Debit Card,Mobile,64,788,0.2,23079.34,347.52,154,17,2.2,2.92,0,3,0,0
14,0,0,UK,Los Angeles,Utilities,Debit Card,POS Terminal,30,497,5.2,5498.26,40.29,149,18,29.9,41.24,1,0,0,0
18,0,0,France,Mumbai,Restaurant,Mobile Payment,Mobile,54,769,0.5,5814.77,40.85,167,17,17.5,3.88,0,1,0,0
11,0,0,USA,Toronto,Electronics,Credit Card,Mobile,21,819,2.3,1930.14,303.03,151,23,7.3,8.11,0,0,0,0
15,1,0,UK,São Paulo,Healthcare,Credit Card,Mobile,24,623,4.8,310.14,188.81,149,16,14.3,2.74,0,0,0,0
22,1,1,Brazil,London,Clothing,Bank Transfer,Mobile,32,735,1.9,1594.57,42.09,144,16,10.1,1.2,0,0,0,0
22,0,1,USA,Toronto,Online Shopping,Debit Card,Desktop,21,656,15.9,59282.22,24.04,162,23,2.4,0.93,0,0,1,0
1,1,1,UK,Tokyo,Fuel,Debit Card,Mobile,48,714,17.2,31979.83,15.69,141,21,38.3,4.31,0,1,0,0
19,1,0,USA,Los Angeles,Travel,Credit Card,Desktop,48,548,0.4,6085.5,594.19,134,16,15.5,8.27,0,0,1,0
4,1,1,India,Vancouver,Restaurant,Credit Card,Mobile,34,650,4.9,13159.07,123.21,147,19,70.3,1.56,0,0,0,0
21,0,0,France,Melbourne,Fuel,Debit Card,Tablet,56,718,5.5,10520.03,46.26,147,25,5.1,53.51,0,0,0,0
21,0,0,UK,New York,Fuel,Mobile Payment,ATM,46,787,2.4,20205.62,58.99,169,27,24.1,6.21,0,0,0,0
8,1,0,USA,Lyon,Electronics,Mobile Payment,Desktop,53,629,4.7,3366.9,1579.47,123,19,16.1,35.64,0,0,0,0
18,0,0,Canada,Los Angeles,Clothing,Debit Card,Desktop,27,721,9.5,6222.75,12.58,158,19,8.8,6.3,0,0,0,0
1,0,1,India,Toronto,Gaming,Debit Card,Mobile,36,553,0.3,4845.24,104.27,143,26,5.2,10.16,0,3,0,0
5,1,1,USA,New York,Travel,Cheque,Desktop,43,595,1.4,11153.83,321.93,140,22,9.3,19.71,0,0,0,0
13,1,0,India,Vancouver,Healthcare,Crypto,Tablet,38,645,8.8,2836.47,93.07,167,19,50.8,19.79,0,0,0,0
1,1,1,India,Osaka,Healthcare,Bank Transfer,Desktop,18,642,3.7,3789.44,65.1,150,28,11.0,0.94,1,1,0,0
10,0,0,UK,Rio,Jewelry,Bank Transfer,Mobile,46,524,7.4,2774.64,829.49,156,21,12.0,22.36,0,0,0,0
15,1,0,Mexico,Guadalajara,Gaming,Credit Card,Tablet,28,587,24.8,3060.44,27.28,147,14,5.3,8.04,0,0,0,0
20,0,0,USA,Vancouver,Clothing,Debit Card,POS Terminal,55,541,0.6,9144.17,44.01,157,25,9.6,3.21,0,0,0,0
16,0,0,Australia,Rio,Education,Debit Card,Mobile,48,577,2.6,25460.88,12.16,148,16,2.9,4.27,0,0,0,0
16,0,0,India,Munich,Restaurant,Debit Card,Mobile,20,817,4.6,4836.7,426.14,146,18,2.7,38.95,0,0,0,0
4,0,1,France,Mumbai,Education,Debit Card,ATM,32,728,0.5,6894.79,29.02,127,17,14.0,4.75,0,0,0,0
1,1,1,Canada,Osaka,Healthcare,Debit Card,Mobile,58,725,0.9,6364.73,33.75,172,17,2.6,15.84,0,0,0,0
5,0,1,Germany,Manchester,Education,Debit Card,Mobile,43,629,2.8,2347.24,59.35,148,27,70.7,3.9,0,0,0,0
9,0,0,USA,Mumbai,Gaming,Credit Card,ATM,62,738,0.9,5055.32,60.58,145,20,6.5,5.08,0,3,0,1
10,1,0,USA,Sydney,Travel,Credit Card,POS Terminal,32,606,1.2,7207.85,381.87,154,22,70.8,13.42,0,0,0,0
2,0,1,USA,Paris,Electronics,Debit Card,Mobile,65,517,9.7,13274.64,373.82,164,18,28.2,25.77,0,0,0,0
14,0,0,France,Los Angeles,Fuel,Debit Card,Mobile,39,754,3.2,42823.67,124.42,131,26,48.2,24.13,0,0,0,0
16,0,0,USA,Osaka,Electronics,Debit Card,Mobile,46,702,1.7,17834.71,246.68,133,29,0.4,4.57,0,0,1,0
9,1,0,Australia,Tokyo,Travel,Debit Card,Mobile,57,564,2.4,49247.76,731.72,172,16,13.3,15.86,0,0,0,0
18,0,0,UK,Osaka,Healthcare,Debit Card,Desktop,34,760,2.8,7382.95,62.64,143,14,24.5,14.15,0,0,0,0
18,1,0,Germany,Melbourne,Education,Mobile Payment,Desktop,37,605,5.3,3838.01,141.89,137,19,8.0,13.99,1,2,0,0
21,0,0,France,Tokyo,Utilities,Debit Card,Tablet,46,771,12.7,9086.93,203.0,155,20,56.0,4.68,0,0,0,0
14,0,0,USA,São Paulo,Entertainment,Credit Card,Desktop,32,600,5.2,4641.6,134.1,172,20,3.6,1.27,0,0,0,0
15,0,0,USA,Los Angeles,Entertainment,Bank Transfer,Mobile,48,565,0.1,22581.25,49.41,146,19,2.0,3.07,0,0,0,0
2,0,1,India,Munich,Fuel,Credit Card,Desktop,48,584,3.8,12229.79,17.33,144,21,10.1,21.03,0,1,0,0
10,0,0,USA,London,ATM Withdrawal,Debit Card,Mobile,46,748,7.9,4025.32,30.87,168,21,15.5,8.36,0,1,0,1
16,0,0,Brazil,Sydney,Utilities,Mobile Payment,Mobile,18,850,4.0,3070.53,13.04,149,21,0.5,9.45,0,1,1,0
11,0,0,Germany,London,Entertainment,Credit Card,Desktop,55,678,1.2,155188.6,91.5,130,16,8.8,3.46,0,0,0,0
18,0,0,Australia,New York,Clothing,Credit Card,ATM,28,748,0.3,10678.57,19.8,152,16,12.2,21.02,0,2,0,1
0,0,1,USA,Guadalajara,Jewelry,Debit Card,Desktop,52,709,2.9,7879.1,377.71,156,16,0.1,43.01,0,0,0,0
9,0,0,India,New York,Electronics,Mobile Payment,Mobile,32,641,3.7,13221.16,187.16,138,20,28.1,11.44,1,2,0,1
1,0,1,USA,Manchester,Crypto Exchange,Debit Card,Mobile,24,569,7.1,6346.21,33.16,153,22,16.8,6.4,1,0,0,0
5,0,1,Germany,Delhi,ATM Withdrawal,Crypto,POS Terminal,46,663,2.9,27770.92,71.83,139,21,18.5,6.99,0,0,0,0
21,1,0,Canada,London,Online Shopping,Mobile Payment,POS Terminal,47,604,2.7,1612.98,47.79,150,19,26.1,2.99,0,0,1,0
23,0,1,USA,Manchester,Education,Credit Card,Mobile,42,501,1.7,1418.66,11.9,163,27,3.1,13.4,0,0,0,0
11,0,0,Brazil,Rio,Clothing,Debit Card,Tablet,42,680,8.6,30615.68,69.39,152,22,2.6,25.05,0,0,0,0
10,0,0,Mexico,Berlin,Jewelry,Mobile Payment,Mobile,37,677,7.5,11466.03,214.94,166,20,0.0,17.21,0,0,0,1
5,0,1,Canada,Manchester,Clothing,Credit Card,ATM,18,726,0.2,20597.5,201.09,165,18,3.9,10.18,0,0,0,0
5,1,1,USA,Paris,Jewelry,Credit Card,Desktop,28,707,5.2,32772.99,360.13,147,20,17.8,21.4,0,1,0,0
9,0,0,UK,Vancouver,Gaming,Cheque,Mobile,27,810,0.3,2488.8,7.85,161,13,9.1,8.97,0,0,0,0
10,1,0,Brazil,Munich,Electronics,Credit Card,Mobile,34,758,5.9,21769.52,58.68,145,15,14.8,25.26,0,0,0,0
11,0,0,Australia,Berlin,ATM Withdrawal,Credit Card,Mobile,34,679,0.4,19267.64,14.78,130,20,25.9,9.87,0,0,0,0
15,0,0,USA,Lyon,Education,Bank Transfer,Desktop,21,629,5.6,43059.71,31.95,176,30,45.6,15.85,0,0,0,0
9,0,0,UK,Toronto,Electronics,Credit Card,Desktop,39,570,1.0,9613.74,234.4,153,10,38.5,10.47,0,0,0,0
0,0,1,Canada,Mexico City,Jewelry,Bank Transfer,Tablet,35,701,1.8,3126.69,818.5,136,19,46.8,19.62,0,0,0,0
19,0,0,Australia,Berlin,ATM Withdrawal,Credit Card,ATM,36,794,12.1,10136.3,22.55,148,18,14.3,28.43,0,0,0,0
5,0,1,Australia,Lyon,Fuel,Crypto,Desktop,37,673,7.1,25599.99,45.6,162,23,15.0,0.97,0,0,0,0
21,0,0,Australia,Mexico City,Grocery,Bank Transfer,Tablet,51,658,0.1,14906.35,18.11,154,17,2.4,0.63,1,0,0,0
0,0,1,USA,New York,Healthcare,Cheque,POS Terminal,51,787,4.7,183800.42,92.45,154,17,38.2,0.24,0,0,0,0
23,1,1,Germany,New York,Fuel,Mobile Payment,ATM,39,703,16.3,1345.14,163.75,144,27,109.3,2.08,0,0,0,0
21,0,0,Australia,São Paulo,Crypto Exchange,Credit Card,ATM,39,708,6.1,11437.92,169.99,143,26,29.8,16.31,1,4,0,0
15,0,0,Japan,Berlin,Healthcare,Bank Transfer,Desktop,62,737,0.9,2249.02,609.52,153,25,9.5,3.8,0,0,0,0
0,0,1,USA,Sydney,Travel,Credit Card,ATM,34,641,3.9,6187.04,1559.19,136,17,5.7,0.3,0,0,0,0
12,0,0,Mexico,Tokyo,ATM Withdrawal,Crypto,Mobile,50,703,1.0,5575.49,113.98,146,18,11.8,12.75,0,0,0,0
10,0,0,USA,Vancouver,Healthcare,Debit Card,Mobile,30,566,2.4,12126.78,83.45,160,23,3.3,6.08,0,0,0,0
20,0,0,USA,Mumbai,Restaurant,Mobile Payment,Tablet,32,573,2.4,9503.23,91.24,144,24,8.9,51.06,0,1,0,0
4,0,1,Australia,Sydney,Grocery,Debit Card,Mobile,52,748,0.1,2738.05,167.26,164,22,24.2,3.88,0,3,0,0
0,0,1,Brazil,Rio,Fuel,Bank Transfer,Tablet,43,850,6.3,45059.18,24.38,154,16,27.6,8.73,0,0,0,0
5,1,1,India,Lyon,Clothing,Credit Card,Desktop,46,770,3.0,935.94,14.83,155,13,35.4,18.23,0,0,0,0
0,1,1,USA,Manchester,Fuel,Debit Card,ATM,53,600,3.6,32168.35,28.34,158,22,40.9,4.35,0,0,0,0
19,0,0,France,São Paulo,Fuel,Bank Transfer,Tablet,36,639,0.1,6477.79,335.47,165,23,3.9,4.33,0,1,0,0
6,0,1,Canada,Osaka,Fuel,Debit Card,ATM,18,708,4.5,2427.39,62.67,150,25,15.5,14.41,0,0,0,0
23,0,1,India,Osaka,Healthcare,Credit Card,ATM,47,777,6.0,18333.75,35.49,139,20,7.9,1.32,0,0,0,0
9,0,0,Brazil,Manchester,Electronics,Crypto,Mobile,44,691,7.2,21475.91,2958.04,134,20,1.2,14.66,1,0,0,0
10,0,0,France,Paris,Jewelry,Debit Card,Mobile,41,684,1.8,4046.74,438.75,140,23,17.4,4.9,0,0,0,0
7,0,0,Germany,New York,Jewelry,Mobile Payment,Desktop,32,530,1.0,20609.1,717.93,151,16,27.3,7.66,0,0,0,1
18,0,0,India,Rio,Fuel,Bank Transfer,Mobile,24,755,1.7,1184.27,10.16,169,24,54.8,13.81,0,0,0,0
7,0,0,Japan,Sydney,Clothing,Bank Transfer,ATM,55,599,1.4,7825.24,95.12,143,20,8.0,4.72,0,0,0,0
8,0,0,USA,Munich,Clothing,Bank Transfer,ATM,49,650,0.6,1188.32,55.68,159,20,4.0,24.56,0,4,0,0
12,0,0,Brazil,Mumbai,Grocery,Credit Card,Mobile,23,670,3.3,9928.12,30.28,125,29,10.1,5.68,0,0,0,0
22,0,1,USA,Munich,Online Shopping,Mobile Payment,Mobile,49,645,3.9,4098.33,51.46,169,17,7.6,23.28,0,0,0,0
13,0,0,Germany,Rio,Gaming,Mobile Payment,Mobile,63,806,1.7,5407.54,37.59,157,11,5.7,10.15,1,0,0,0
4,1,1,India,Osaka,Education,Credit Card,Mobile,43,800,5.7,1285.17,12.31,166,17,1.8,4.57,0,0,0,0
3,1,1,France,Manchester,Clothing,Cheque,Mobile,48,714,8.5,35982.51,42.78,145,24,42.9,0.48,0,0,1,0
3,0,1,USA,Melbourne,Gaming,Credit Card,Desktop,54,708,3.7,877.1,74.58,130,13,25.9,14.19,0,0,0,0
9,0,0,Germany,Sydney,Restaurant,Credit Card,Mobile,55,588,1.6,3411.06,77.89,151,16,15.6,19.49,0,0,0,0
13,0,0,Australia,London,Crypto Exchange,Credit Card,Desktop,31,708,1.2,6059.19,55.33,159,16,11.4,11.62,1,0,0,1
10,1,0,USA,Sydney,Clothing,Credit Card,Desktop,69,676,3.4,13634.98,91.07,129,22,14.1,21.9,0,0,0,0
19,1,0,India,Manchester,Gaming,Debit Card,Mobile,53,673,1.0,12214.47,134.66,139,23,15.2,0.13,0,0,0,0
1,0,1,USA,Los Angeles,Electronics,Debit Card,Desktop,50,730,1.4,5844.83,644.3,152,17,26.1,6.41,0,0,0,0
7,0,0,USA,Melbourne,Crypto Exchange,Cheque,Desktop,53,589,0.8,1581.09,352.48,167,22,0.9,26.02,0,1,0,0
16,0,0,India,Los Angeles,Clothing,Credit Card,Tablet,49,850,12.3,29853.66,31.76,172,16,7.3,24.12,0,0,1,0
13,0,0,USA,New York,Travel,Mobile Payment,Mobile,65,665,3.1,2593.84,294.12,150,20,4.2,10.33,0,0,0,0
23,0,1,Canada,Los Angeles,Travel,Bank Transfer,Mobile,30,672,0.6,5621.29,241.57,136,18,12.2,16.86,0,0,0,0
1,0,1,Germany,Delhi,Electronics,Credit Card,Tablet,65,537,4.4,5747.17,401.52,141,17,13.6,24.24,0,0,0,0
11,1,0,UK,London,Jewelry,Credit Card,Mobile,35,745,9.2,6021.05,856.27,145,18,19.3,1.9,0,2,0,0
10,1,0,Brazil,London,Grocery,Credit Card,POS Terminal,32,725,9.4,59643.22,7.92,148,25,32.9,1.16,0,4,0,0
1,0,1,Japan,Manchester,Crypto Exchange,Bank Transfer,Mobile,38,596,0.7,2700.05,158.01,150,25,24.8,2.68,0,0,0,0
23,1,1,USA,Tokyo,Crypto Exchange,Bank Transfer,Mobile,45,675,3.2,23335.88,101.58,160,22,10.9,2.99,0,0,0,0
16,1,0,USA,São Paulo,Grocery,Debit Card,Mobile,46,718,0.4,40241.53,59.05,147,17,22.1,8.82,0,0,0,0
10,0,0,USA,Melbourne,Healthcare,Debit Card,Mobile,20,734,0.5,9689.16,80.1,133,19,4.1,17.25,0,0,0,0
5,0,1,France,Tokyo,Clothing,Bank Transfer,Desktop,45,597,3.3,63047.79,42.82,158,21,42.2,25.3,0,1,0,0
2,0,1,UK,Paris,Jewelry,Debit Card,Mobile,48,769,5.7,30141.13,100.22,154,30,4.5,1.96,0,0,0,0
21,0,0,Australia,Melbourne,Entertainment,Credit Card,POS Terminal,19,850,1.8,2527.71,48.53,136,22,83.6,12.99,0,0,0,0
20,1,0,India,Osaka,Jewelry,Credit Card,Desktop,57,850,17.4,4353.1,390.47,168,21,57.7,4.86,0,0,0,0
3,1,1,India,Manchester,Healthcare,Credit Card,Mobile,51,652,6.4,75505.32,280.37,147,20,40.5,25.86,0,0,0,0
2,1,1,India,Toronto,ATM Withdrawal,Mobile Payment,Desktop,30,661,4.3,62391.23,22.76,152,8,12.2,24.73,0,0,0,0
5,0,1,USA,Munich,Entertainment,Credit Card,Mobile,34,570,4.5,927.55,20.71,138,16,21.0,2.87,0,1,0,0
12,1,0,India,Berlin,Clothing,Cheque,POS Terminal,31,673,0.9,6060.61,120.73,125,20,21.3,7.24,0,0,0,0
0,0,1,India,Munich,Fuel,Debit Card,Desktop,34,719,5.0,17218.05,96.55,173,23,2.9,3.27,0,0,0,0
0,0,1,USA,Berlin,Jewelry,Credit Card,Mobile,47,617,5.3,2198.84,320.89,146,15,32.4,1.71,0,0,1,1
21,0,0,USA,Los Angeles,Utilities,Crypto,Desktop,20,485,10.7,36111.61,23.75,152,29,5.6,36.36,0,3,1,0
1,0,1,France,New York,Online Shopping,Debit Card,Mobile,56,640,1.1,4243.03,175.01,125,18,24.5,40.26,0,0,0,0
10,0,0,France,Munich,Electronics,Debit Card,Mobile,20,514,3.2,21809.04,260.65,149,18,24.8,8.28,0,0,0,0
20,0,0,USA,Mumbai,Clothing,Crypto,POS Terminal,53,531,6.0,149.07,48.0,178,23,81.5,7.42,0,0,0,0
21,0,0,India,Rio,Education,Debit Card,ATM,24,779,2.4,2527.62,671.42,167,26,7.0,6.78,0,0,1,0
16,1,0,Japan,São Paulo,Travel,Mobile Payment,Desktop,33,501,18.1,5181.25,618.93,128,22,15.4,0.44,1,0,0,1
11,0,0,USA,Lyon,Travel,Bank Transfer,Mobile,27,574,7.6,8995.13,68.0,142,26,11.9,5.28,0,2,0,0
14,1,0,UK,New York,Education,Credit Card,Mobile,32,760,15.1,3052.57,71.93,158,23,20.7,15.28,0,0,0,0
17,0,0,Canada,Rio,Travel,Debit Card,Mobile,38,636,5.6,4681.81,82.52,152,13,42.7,4.06,0,0,0,0
17,0,0,France,Manchester,Grocery,Debit Card,Tablet,46,651,1.1,9076.11,8.98,143,20,5.1,30.37,0,0,0,0
11,0,0,India,Mumbai,Clothing,Bank Transfer,Desktop,57,720,2.5,1767.89,21.55,141,26,22.6,52.01,0,0,0,0
2,0,1,Australia,Manchester,Healthcare,Bank Transfer,Mobile,33,850,1.3,13152.07,100.48,137,20,40.4,6.57,1,0,0,0
16,1,0,India,Toronto,Fuel,Debit Card,Mobile,38,675,12.3,9164.94,62.52,122,19,49.3,6.89,0,0,0,0
16,0,0,Brazil,Mumbai,Fuel,Bank Transfer,Mobile,48,670,10.0,8571.3,25.59,161,23,31.4,8.91,0,0,1,0
8,0,0,India,Guadalajara,Entertainment,Credit Card,Mobile,31,566,10.8,784.53,41.03,146,14,1.9,1.26,0,0,0,0
10,0,0,Canada,Munich,Education,Credit Card,Mobile,40,673,10.0,12119.53,11.19,142,21,18.0,14.52,0,0,0,0
6,0,1,USA,Lyon,Clothing,Credit Card,Mobile,26,772,13.4,875.7,114.81,126,23,2.9,5.82,0,0,0,0
10,1,0,Japan,Delhi,Crypto Exchange,Credit Card,Desktop,39,676,15.6,21232.09,134.36,148,19,51.5,6.53,1,2,0,1
10,1,0,USA,Berlin,Healthcare,Debit Card,Desktop,31,747,5.6,440.54,120.64,158,19,0.7,23.36,0,0,0,0
20,0,0,Japan,Guadalajara,Healthcare,Credit Card,Desktop,35,705,2.6,9584.82,33.07,160,18,63.9,13.3,0,1,1,0
10,0,0,India,Mumbai,Entertainment,Debit Card,Desktop,22,753,3.9,1782.44,74.66,151,13,6.4,8.27,0,0,0,0
13,1,0,Japan,Guadalajara,Utilities,Bank Transfer,Desktop,23,757,2.0,13147.23,17.73,144,15,11.9,0.78,0,0,0,0
4,0,1,UK,São Paulo,Gaming,Bank Transfer,ATM,30,810,3.6,7324.28,127.31,141,19,15.2,8.58,0,0,0,0
6,1,1,Canada,New York,Grocery,Credit Card,Mobile,71,670,3.0,3469.17,46.63,136,30,0.8,3.97,1,3,0,0
6,0,1,Brazil,São Paulo,Utilities,Debit Card,ATM,67,634,1.5,31490.9,32.63,159,24,0.8,5.65,0,0,0,0
8,0,0,France,Berlin,Travel,Credit Card,Desktop,55,636,2.7,5426.72,269.09,159,19,3.3,20.69,0,0,0,0
19,0,0,Germany,Mumbai,Crypto Exchange,Bank Transfer,Mobile,47,822,3.9,6844.65,59.84,141,16,3.1,18.93,1,0,0,0
20,0,0,USA,Lyon,Restaurant,Credit Card,Desktop,47,681,5.4,67301.87,28.8,134,29,2.0,15.2,0,0,0,0
9,1,0,Germany,Mexico City,Fuel,Credit Card,Mobile,32,670,5.4,43207.97,28.43,148,12,23.4,6.19,0,0,1,0
20,0,0,Mexico,Mumbai,Utilities,Mobile Payment,Tablet,57,689,1.3,217810.26,34.98,140,25,2.3,9.57,0,3,0,0
10,0,0,France,Toronto,Grocery,Credit Card,Mobile,57,776,1.8,13778.94,183.25,159,24,8.4,14.41,0,0,0,0
3,1,1,UK,Toronto,Education,Mobile Payment,Tablet,21,816,4.6,12899.69,58.14,138,16,10.0,9.8,0,0,0,0
7,0,0,Mexico,Munich,Entertainment,Credit Card,ATM,43,749,4.3,25687.16,28.42,120,15,10.5,21.0,0,0,0,0
2,1,1,Germany,Vancouver,Grocery,Bank Transfer,Mobile,29,669,3.0,1976.23,52.49,148,27,5.5,2.94,0,0,0,0
7,0,0,Mexico,Vancouver,Travel,Credit Card,Mobile,39,685,3.7,8517.27,139.08,154,19,53.3,15.45,0,0,0,0
21,0,0,India,Osaka,Online Shopping,Debit Card,Mobile,60,795,4.4,2302.62,73.78,129,19,5.7,30.95,0,0,0,0
5,0,1,USA,London,Utilities,Debit Card,Mobile,22,710,13.3,6129.9,91.7,136,26,14.2,11.75,0,0,0,0
15,1,0,France,Mumbai,Clothing,Credit Card,Mobile,47,637,9.8,6877.97,76.47,144,13,0.2,26.27,0,0,0,0
4,0,1,USA,Tokyo,Entertainment,Credit Card,Mobile,23,693,1.0,6051.09,63.15,152,24,57.4,1.51,0,2,0,0
17,1,0,Germany,London,Education,Crypto,Mobile,19,559,6.6,6074.52,499.07,158,19,66.4,18.29,0,0,0,0
1,0,1,France,Vancouver,Online Shopping,Debit Card,Desktop,26,807,0.2,33890.48,47.41,142,16,7.1,12.86,0,0,1,0
23,0,1,India,Melbourne,Fuel,Mobile Payment,Mobile,60,837,7.4,3546.56,238.93,152,23,10.1,6.77,0,3,0,0
23,0,1,Canada,Mumbai,ATM Withdrawal,Credit Card,ATM,41,660,0.6,1782.58,180.86,150,15,0.4,7.59,1,0,0,0
17,0,0,Canada,Rio,Gaming,Credit Card,Mobile,54,680,6.5,26894.22,26.02,163,23,18.0,19.39,0,0,0,0
23,1,1,India,Los Angeles,Jewelry,Bank Transfer,Tablet,21,850,6.9,23747.56,854.22,153,15,8.9,6.67,0,4,0,0
16,0,0,France,Mumbai,Travel,Cheque,POS Terminal,46,741,1.5,5038.77,8473.63,146,18,3.2,3.13,0,0,0,0
1,0,1,Australia,São Paulo,Entertainment,Mobile Payment,POS Terminal,55,664,10.0,7619.45,56.98,168,15,9.5,4.72,0,0,0,0
1,0,1,UK,Munich,Education,Credit Card,Mobile,36,825,3.8,17196.73,18.53,156,20,18.6,4.25,0,0,0,0
7,1,0,India,Vancouver,Clothing,Bank Transfer,Mobile,44,755,12.7,4502.64,112.01,181,14,22.6,1.04,0,2,0,0
21,0,0,UK,Delhi,Gaming,Credit Card,Tablet,26,695,6.4,1230.26,10.54,145,15,21.2,25.21,1,0,0,0
20,0,0,USA,Vancouver,Entertainment,Bank Transfer,ATM,41,591,1.1,3890.59,21.82,140,17,21.5,11.27,0,0,0,0
3,0,1,Japan,Manchester,Jewelry,Credit Card,Mobile,47,570,1.3,15158.46,159.74,145,25,39.6,2.01,0,0,0,0
8,0,0,Germany,Los Angeles,Utilities,Credit Card,ATM,22,636,5.8,3569.78,74.6,144,15,4.1,2.41,0,0,0,0
21,0,0,Brazil,Melbourne,Crypto Exchange,Credit Card,ATM,18,594,4.2,1888.07,63.6,142,26,44.0,8.85,0,0,0,0
5,0,1,USA,Munich,Online Shopping,Mobile Payment,Desktop,34,603,2.8,7647.01,41.68,159,17,17.6,8.34,0,0,0,0
5,0,1,India,Delhi,Entertainment,Bank Transfer,Mobile,64,634,1.2,68407.76,416.25,138,24,28.7,13.85,0,0,0,0
1,1,1,Brazil,Manchester,Restaurant,Bank Transfer,Desktop,70,741,2.0,5946.25,10.09,139,18,95.3,2.04,0,0,0,0
21,0,0,Australia,Guadalajara,Travel,Bank Transfer,Tablet,33,850,2.3,3261.71,1827.66,169,26,19.3,3.66,0,0,0,0
20,0,0,Canada,Toronto,Utilities,Cheque,Desktop,32,536,0.1,9578.83,26.18,149,32,9.1,18.37,0,0,0,0
4,0,1,USA,Vancouver,Clothing,Crypto,Desktop,53,799,2.7,11208.11,2.0,171,21,41.0,0.72,0,0,0,0
12,0,0,India,Manchester,Electronics,Credit Card,Mobile,38,715,6.2,6625.06,628.38,138,16,28.0,16.93,0,0,0,0
5,1,1,USA,Mumbai,Education,Credit Card,ATM,64,727,15.9,76208.99,19.31,148,27,5.5,1.18,1,0,0,1
18,1,0,USA,Tokyo,Education,Bank Transfer,Desktop,43,755,12.1,4039.1,29.28,155,21,25.8,13.01,0,0,0,0
6,0,1,USA,Lyon,Gaming,Credit Card,POS Terminal,75,712,6.2,18319.98,6.98,131,15,26.6,9.71,0,0,0,0
15,1,0,USA,Vancouver,Healthcare,Debit Card,Desktop,41,693,3.3,50631.02,91.5,152,28,33.6,15.85,0,0,0,0
11,0,0,France,Tokyo,Restaurant,Bank Transfer,Mobile,40,755,7.0,8390.73,30.58,142,15,7.3,2.7,0,0,0,0
10,0,0,UK,Osaka,Healthcare,Debit Card,Mobile,38,624,3.7,85131.59,266.86,144,19,8.2,17.03,0,1,0,1
22,1,1,France,London,ATM Withdrawal,Credit Card,POS Terminal,30,688,0.4,29620.28,38.33,142,21,40.2,34.1,1,1,0,0
10,0,0,Germany,Berlin,Crypto Exchange,Bank Transfer,Mobile,38,662,7.9,4901.27,26.0,156,25,26.9,37.64,0,2,0,0
7,1,0,Japan,Berlin,Grocery,Credit Card,Mobile,36,731,0.7,12814.21,56.75,148,24,22.7,6.37,0,0,0,0
17,0,0,USA,Manchester,Electronics,Debit Card,Mobile,46,629,7.6,11103.0,2255.53,156,26,20.3,2.05,1,0,0,0
0,1,1,India,Delhi,Healthcare,Credit Card,Desktop,25,701,1.6,9960.21,82.1,127,27,37.9,23.08,1,0,0,0
18,1,0,Germany,Munich,Grocery,Credit Card,Mobile,18,700,11.0,339.18,37.41,160,20,18.1,6.87,1,0,0,0
21,1,0,UK,Paris,Crypto Exchange,Mobile Payment,Tablet,52,773,4.2,2252.9,138.58,167,21,29.8,2.41,0,0,0,0
14,0,0,France,Guadalajara,Utilities,Bank Transfer,Mobile,18,726,0.5,17059.74,54.65,148,16,36.0,23.43,0,0,0,0
15,0,0,Canada,Melbourne,Jewelry,Cheque,Mobile,40,578,0.2,26569.6,1640.02,170,21,13.4,8.98,0,0,0,0
4,0,1,Brazil,Sydney,Electronics,Credit Card,Desktop,34,671,5.0,21394.45,55.95,160,19,12.7,3.82,0,0,0,0
13,1,0,USA,Munich,Travel,Mobile Payment,Desktop,40,654,3.7,5926.55,37.5,144,17,4.9,0.17,0,0,0,0
3,1,1,Brazil,Berlin,Jewelry,Credit Card,Mobile,18,740,3.0,17372.65,725.0,158,21,21.9,11.42,0,0,0,0
14,0,0,Canada,Toronto,Utilities,Debit Card,Desktop,56,775,5.8,1251.22,9.1,149,15,34.0,9.25,0,1,0,0
5,1,1,USA,Vancouver,Healthcare,Bank Transfer,Tablet,49,723,15.2,31804.7,41.29,156,20,4.2,9.08,0,0,0,0
23,0,1,Germany,London,Grocery,Debit Card,Mobile,46,662,9.7,27429.33,65.55,147,13,31.5,24.76,0,0,0,0
11,0,0,USA,Melbourne,Online Shopping,Credit Card,Desktop,41,567,7.5,319.7,51.27,157,26,16.1,2.37,0,5,0,0
22,0,1,USA,New York,Entertainment,Credit Card,Desktop,39,699,0.1,6321.5,65.27,144,18,23.6,20.11,0,0,0,0
23,0,1,India,Mumbai,Education,Debit Card,Mobile,38,739,3.3,18247.66,175.94,142,24,3.5,5.44,0,0,0,0
1,0,1,Mexico,Guadalajara,Healthcare,Credit Card,Mobile,21,622,1.7,1769.67,55.82,143,20,33.0,3.34,1,0,0,0
1,0,1,Germany,New York,Clothing,Credit Card,Tablet,48,623,7.0,4547.96,143.47,153,17,7.3,14.83,1,0,0,0
8,0,0,USA,São Paulo,Crypto Exchange,Credit Card,Tablet,35,658,5.1,20774.51,53.95,130,24,22.2,10.06,0,0,0,0
1,0,1,France,Mexico City,Travel,Debit Card,Mobile,47,621,7.6,9911.9,727.5,138,17,1.2,20.22,0,0,0,0
5,0,1,Canada,Vancouver,Fuel,Credit Card,POS Terminal,54,720,5.9,4718.92,20.57,171,17,6.6,55.07,0,1,0,0
9,0,0,Brazil,São Paulo,Electronics,Debit Card,POS Terminal,64,759,0.4,11062.15,1102.06,153,22,22.1,14.15,0,0,0,0
7,1,0,Brazil,Guadalajara,Online Shopping,Credit Card,ATM,41,807,5.5,6059.8,26.58,128,19,0.9,2.89,0,0,0,0
2,0,1,Brazil,Tokyo,Utilities,Bank Transfer,Mobile,31,816,3.6,3676.87,81.79,140,20,5.1,10.93,1,1,0,0
13,0,0,USA,Mumbai,Clothing,Bank Transfer,Mobile,29,582,1.4,7263.54,17.06,150,23,21.6,1.74,0,0,0,0
0,0,1,India,Melbourne,Clothing,Crypto,Mobile,57,663,0.5,28805.45,17.0,130,20,146.4,0.9,0,1,0,0
20,0,0,Japan,Sydney,Utilities,Mobile Payment,Mobile,41,541,13.6,33218.4,107.86,165,20,22.6,12.26,0,2,0,0
11,0,0,Mexico,London,Gaming,Credit Card,POS Terminal,28,753,1.1,1856.82,80.65,140,20,23.4,13.64,1,0,0,0
7,0,0,USA,Rio,Jewelry,Debit Card,POS Terminal,25,660,4.3,40354.91,365.86,137,19,29.0,27.79,0,0,0,0
8,1,0,Brazil,London,Restaurant,Bank Transfer,ATM,18,765,3.9,9000.82,22.6,126,24,10.6,15.39,0,0,1,0
23,0,1,France,Osaka,Electronics,Credit Card,Mobile,33,664,3.7,5618.78,106.96,143,29,61.9,2.8,0,0,0,0
5,0,1,USA,Lyon,Grocery,Bank Transfer,Desktop,41,547,3.0,8208.03,120.64,152,17,14.9,2.48,0,4,0,0
17,0,0,UK,Los Angeles,Gaming,Credit Card,ATM,22,655,4.7,4015.16,110.74,168,20,21.8,8.52,0,0,0,0
0,1,1,Brazil,Melbourne,Jewelry,Credit Card,Desktop,60,747,1.9,1158.76,3181.66,158,15,6.3,24.19,1,0,0,0
12,0,0,Mexico,Osaka,Online Shopping,Credit Card,Mobile,32,631,0.9,2578.29,37.41,167,18,5.5,4.66,0,0,0,0
4,0,1,UK,Munich,Grocery,Debit Card,Desktop,40,679,6.4,4729.78,30.11,153,22,13.6,17.07,0,0,0,0
7,0,0,UK,Mumbai,Fuel,Credit Card,Desktop,31,588,1.9,69672.25,215.66,162,25,6.9,24.79,0,1,0,0
6,1,1,Mexico,Mumbai,Grocery,Debit Card,Desktop,23,657,3.0,42793.1,9.37,157,19,18.6,4.36,1,0,0,0
18,0,0,Brazil,Mexico City,Online Shopping,Bank Transfer,Mobile,28,599,8.6,110546.25,139.95,151,18,12.7,8.07,0,0,0,0
12,0,0,France,Los Angeles,Utilities,Credit Card,Mobile,48,721,2.7,8439.36,52.2,155,23,32.8,2.29,0,1,0,0
15,0,0,Mexico,Rio,Electronics,Mobile Payment,ATM,52,630,3.4,21804.69,2289.11,179,16,30.6,22.34,0,0,0,1
22,0,1,USA,Osaka,Utilities,Debit Card,Desktop,48,722,2.9,4776.92,23.64,169,16,10.4,12.06,0,0,0,0
3,1,1,USA,Berlin,Grocery,Debit Card,Desktop,32,697,1.0,71890.22,338.48,135,22,2.9,2.68,0,0,0,0
18,1,0,UK,Manchester,ATM Withdrawal,Credit Card,Mobile,48,774,2.2,40148.96,56.18,148,29,5.0,21.79,0,0,0,0
6,1,1,France,London,Education,Credit Card,Mobile,39,716,3.7,58675.11,104.46,144,27,41.1,47.1,0,0,0,0
1,0,1,USA,Melbourne,Entertainment,Debit Card,Desktop,28,729,8.0,19039.45,285.56,150,22,47.4,10.03,0,0,0,0
14,0,0,Mexico,Vancouver,Crypto Exchange,Bank Transfer,Mobile,53,696,5.7,25466.42,256.02,153,17,47.7,5.39,0,0,0,0
12,0,0,Canada,Berlin,Utilities,Credit Card,Mobile,50,624,5.4,4658.88,55.59,154,17,12.1,10.14,0,0,1,0
20,1,0,France,Tokyo,Travel,Credit Card,Mobile,26,584,0.1,6565.37,186.34,130,21,0.6,2.24,0,0,0,0
14,0,0,Canada,Berlin,Travel,Credit Card,Mobile,21,709,1.6,28829.69,446.09,129,22,8.6,2.75,0,2,1,0
5,1,1,UK,Melbourne,Grocery,Debit Card,Tablet,52,666,3.9,5074.14,35.2,148,22,56.6,22.83,0,0,1,1
8,0,0,Mexico,Mexico City,Entertainment,Debit Card,ATM,45,817,9.5,7439.88,32.01,164,17,0.1,8.24,0,0,0,0
0,0,1,Australia,Munich,Utilities,Bank Transfer,Mobile,59,717,3.6,3860.25,74.6,157,23,21.7,19.85,0,1,0,0
16,1,0,UK,Toronto,Healthcare,Mobile Payment,Tablet,38,748,5.2,8627.87,29.7,151,18,13.5,9.43,0,0,0,0
2,0,1,India,Mexico City,ATM Withdrawal,Debit Card,POS Terminal,39,699,2.2,26814.09,60.88,135,25,16.0,4.76,0,0,0,0
22,1,1,India,Los Angeles,Healthcare,Crypto,Mobile,32,720,0.4,17563.89,115.1,165,24,5.6,40.99,1,0,1,0
18,1,0,Australia,Tokyo,Education,Credit Card,Tablet,37,692,10.9,19501.65,253.36,156,17,59.8,1.8,0,0,0,0
23,0,1,USA,Manchester,Online Shopping,Debit Card,Mobile,34,625,1.7,9413.16,69.12,160,20,9.2,0.89,0,0,0,0
19,0,0,India,Osaka,Entertainment,Crypto,Desktop,55,660,0.3,3915.35,38.71,133,12,14.9,24.28,1,0,0,0
13,0,0,UK,New York,Entertainment,Bank Transfer,Mobile,60,616,1.5,13902.99,7.17,129,18,4.1,4.54,0,2,0,0
15,0,0,USA,Toronto,Grocery,Credit Card,Tablet,25,832,2.9,17415.63,58.7,166,19,56.8,18.6,0,2,0,0
23,0,1,Mexico,New York,ATM Withdrawal,Credit Card,Mobile,34,745,10.4,3832.68,55.91,142,24,70.5,0.18,0,1,0,0
23,0,1,Japan,Los Angeles,Electronics,Credit Card,Mobile,33,675,7.5,46024.77,505.83,141,14,6.2,12.04,0,0,0,0
23,1,1,USA,New York,Grocery,Debit Card,Tablet,39,665,1.1,3081.63,22.08,161,20,17.6,9.1,0,0,0,0
0,0,1,Germany,Los Angeles,Entertainment,Cheque,Desktop,48,783,6.6,3725.55,57.5,166,18,39.6,14.01,0,0,0,0
20,0,0,Mexico,Delhi,Restaurant,Bank Transfer,Mobile,38,821,0.3,1482.68,279.28,144,14,15.7,4.64,0,0,1,0
10,0,0,USA,Delhi,Clothing,Bank Transfer,Tablet,23,790,1.5,4454.01,32.06,166,17,17.8,0.47,0,0,0,0
1,0,1,Mexico,Munich,Utilities,Bank Transfer,Mobile,37,814,0.2,1136.98,135.64,153,22,25.8,4.47,0,0,0,1
21,0,0,UK,New York,Education,Credit Card,Desktop,56,674,5.8,23424.73,110.65,150,23,2.5,16.48,0,2,0,1
21,1,0,Canada,Berlin,Education,Debit Card,Mobile,20,850,22.5,15432.42,64.49,166,15,29.1,9.63,0,0,0,0
23,1,1,Germany,New York,ATM Withdrawal,Debit Card,POS Terminal,34,607,3.7,8414.64,9.96,166,18,2.0,3.06,0,1,0,0
20,0,0,UK,Guadalajara,Fuel,Mobile Payment,ATM,39,731,0.5,4522.34,47.32,147,29,21.6,39.86,0,0,0,0
0,1,1,USA,Rio,Fuel,Mobile Payment,Mobile,36,671,5.2,47040.19,49.48,144,23,6.2,14.35,1,0,0,0
14,0,0,USA,Guadalajara,Crypto Exchange,Credit Card,Mobile,46,706,8.0,2993.03,58.82,146,18,23.7,8.54,0,0,0,0
3,0,1,USA,Mumbai,Crypto Exchange,Debit Card,Mobile,34,764,8.9,10482.65,64.32,168,22,19.8,6.04,0,0,0,0
15,0,0,Canada,New York,Fuel,Credit Card,Mobile,62,630,7.9,125900.52,22.24,138,15,6.7,11.09,1,0,0,0
7,0,0,UK,Berlin,Restaurant,Credit Card,Mobile,32,682,5.2,8484.69,154.47,141,20,6.3,2.91,0,0,1,1
4,0,1,USA,Vancouver,Grocery,Debit Card,Desktop,44,754,20.6,1941.31,157.48,151,19,19.3,28.9,0,0,0,0
9,0,0,Mexico,Berlin,Entertainment,Credit Card,Desktop,25,668,0.7,19342.13,5.86,151,22,0.4,1.63,0,0,1,0
11,0,0,Mexico,Berlin,Online Shopping,Credit Card,Mobile,41,593,3.3,23510.45,29.81,147,29,5.6,14.96,0,0,0,0
20,0,0,Australia,Paris,Restaurant,Debit Card,Mobile,18,663,7.2,32767.6,82.33,133,23,50.7,2.42,0,1,0,0
22,1,1,Canada,Berlin,Crypto Exchange,Bank Transfer,Mobile,18,746,2.4,8747.05,200.6,171,27,0.3,27.9,1,0,0,0
6,0,1,USA,Manchester,Crypto Exchange,Mobile Payment,Mobile,69,542,0.2,2366.19,56.34,143,16,0.4,3.9,0,2,0,0
9,1,0,Japan,São Paulo,Crypto Exchange,Credit Card,Mobile,25,710,2.9,107997.1,76.14,148,17,15.4,21.04,0,0,0,1
19,0,0,Brazil,Melbourne,Grocery,Mobile Payment,Mobile,53,546,4.9,1051.81,68.29,146,21,35.4,0.85,0,0,0,0
4,0,1,Canada,Los Angeles,Education,Debit Card,POS Terminal,35,593,7.4,119785.27,31.44,163,18,8.9,13.52,1,1,0,0
11,1,0,UK,Lyon,Utilities,Debit Card,POS Terminal,51,705,1.0,1263.83,54.92,145,25,7.2,7.19,0,0,0,0
6,0,1,Japan,Mexico City,Entertainment,Mobile Payment,Mobile,54,658,14.4,62702.68,221.2,160,17,23.4,10.16,0,0,0,0
8,0,0,India,Berlin,Entertainment,Mobile Payment,Mobile,35,614,2.8,1902.01,23.53,170,18,65.7,23.71,0,1,0,0
18,0,0,USA,London,Clothing,Credit Card,Desktop,25,653,0.5,7429.18,80.61,134,16,15.7,1.95,1,0,0,0
15,0,0,USA,Paris,Gaming,Debit Card,Mobile,38,647,2.6,2020.25,162.44,154,24,49.3,10.5,0,1,0,0
15,0,0,Mexico,Delhi,Electronics,Mobile Payment,Tablet,51,711,10.6,3813.18,562.24,149,24,5.6,22.2,1,0,0,0
5,0,1,USA,Berlin,Gaming,Bank Transfer,ATM,44,674,4.9,769.74,251.41,141,18,10.7,2.74,0,1,0,0
16,1,0,USA,Delhi,Entertainment,Bank Transfer,Desktop,59,682,2.4,28198.28,226.83,135,20,41.1,10.56,0,0,0,0
2,0,1,USA,Mumbai,Utilities,Mobile Payment,Mobile,41,747,1.6,12968.44,168.92,183,22,0.5,27.14,0,0,0,0
18,0,0,Japan,New York,Jewelry,Bank Transfer,Desktop,45,722,18.8,2470.96,451.74,135,25,18.5,5.91,0,0,0,0
6,0,1,Japan,Munich,Online Shopping,Crypto,Tablet,52,704,6.7,6960.33,53.53,146,19,67.3,3.86,0,0,0,0
8,0,0,Australia,Toronto,Electronics,Credit Card,Mobile,38,639,0.2,29500.01,86.1,154,18,11.4,14.9,0,0,0,0
3,0,1,India,New York,Crypto Exchange,Crypto,Mobile,26,771,1.7,1500.13,94.21,156,20,5.6,0.38,0,0,0,0
16,0,0,USA,Lyon,Gaming,Crypto,Desktop,34,656,0.4,2195.26,33.32,135,22,2.0,2.94,0,1,0,0
21,0,0,USA,Manchester,Clothing,Debit Card,Desktop,50,764,1.3,8184.89,99.71,156,25,8.7,2.82,0,0,0,0
17,0,0,India,New York,Crypto Exchange,Credit Card,Mobile,31,685,12.9,13755.0,53.81,138,19,14.4,9.5,0,1,0,0
9,0,0,USA,Rio,Travel,Bank Transfer,Desktop,28,702,0.2,57698.79,1054.36,159,27,29.7,5.82,0,1,0,0
11,1,0,UK,Toronto,Utilities,Bank Transfer,Tablet,40,662,7.3,35991.63,45.14,128,14,23.8,27.39,0,0,0,0
18,1,0,France,Lyon,Clothing,Credit Card,ATM,29,720,0.7,2283.06,97.58,167,11,2.0,8.73,0,0,0,0
5,0,1,Brazil,Mumbai,Fuel,Mobile Payment,Mobile,33,703,12.4,92304.06,40.8,124,19,3.3,8.69,0,0,0,0
19,0,0,Germany,Toronto,Clothing,Debit Card,Mobile,35,654,15.7,11058.26,26.01,150,19,5.1,5.19,0,1,0,0
22,1,1,India,São Paulo,Entertainment,Mobile Payment,Desktop,26,817,0.8,39616.84,13.38,153,14,7.2,11.37,0,0,0,0
3,0,1,Brazil,London,Healthcare,Debit Card,POS Terminal,46,591,9.1,9358.58,127.09,147,15,7.9,11.41,1,3,0,0
8,0,0,USA,Osaka,Education,Credit Card,ATM,35,590,14.5,27674.63,118.4,178,22,1.3,3.24,0,0,0,0
11,0,0,USA,Melbourne,Fuel,Cheque,ATM,46,721,2.7,6347.55,76.58,155,24,21.8,9.41,1,2,0,0
8,1,0,USA,Manchester,Restaurant,Mobile Payment,Desktop,48,763,5.4,2689.41,138.41,149,19,7.7,4.94,0,0,1,0
1,0,1,Mexico,Toronto,Restaurant,Debit Card,Desktop,44,850,6.3,4990.68,204.28,137,19,34.4,44.1,0,0,0,0
1,0,1,UK,São Paulo,Jewelry,Credit Card,ATM,57,798,0.9,1838.52,232.62,142,13,4.0,4.4,1,0,0,0
15,0,0,India,Guadalajara,Healthcare,Mobile Payment,Mobile,50,712,4.0,5174.23,49.96,150,21,11.6,23.39,0,1,0,0
4,0,1,Brazil,Manchester,Healthcare,Credit Card,Mobile,38,655,0.6,10096.49,41.88,174,13,7.8,6.67,0,0,0,0
3,0,1,USA,Osaka,Utilities,Cheque,POS Terminal,39,589,5.3,6216.98,41.7,164,20,28.2,12.57,0,0,0,0
2,0,1,India,Rio,Crypto Exchange,Credit Card,ATM,31,697,5.0,32748.75,194.2,131,25,37.0,28.17,1,0,0,0
6,0,1,Japan,Lyon,Grocery,Bank Transfer,Desktop,68,715,1.3,3396.68,233.44,151,23,20.8,11.87,0,0,0,0
21,0,0,Australia,London,Fuel,Credit Card,Tablet,53,539,1.2,5132.17,82.91,156,36,19.9,11.32,0,0,0,0
6,0,1,USA,Vancouver,Education,Debit Card,Mobile,27,718,3.0,10031.81,198.12,168,22,22.6,5.57,1,0,0,0
14,0,0,Germany,Toronto,Electronics,Debit Card,Mobile,45,728,7.1,1193.44,492.69,160,19,26.1,12.31,0,0,0,0
11,1,0,France,Manchester,Healthcare,Credit Card,ATM,18,629,0.1,716.79,50.55,164,16,9.1,7.63,1,0,0,0
10,0,0,UK,Mexico City,ATM Withdrawal,Mobile Payment,Mobile,56,737,1.2,16941.35,57.64,156,18,1.7,7.44,0,0,0,0
1,0,1,Canada,Berlin,Gaming,Credit Card,Mobile,52,404,3.7,104834.16,271.72,165,18,4.9,11.3,0,0,0,0
5,1,1,USA,Toronto,Online Shopping,Bank Transfer,Tablet,20,606,12.6,12657.11,83.05,139,20,19.1,5.03,0,0,0,0
22,0,1,Japan,Mexico City,Healthcare,Mobile Payment,POS Terminal,50,743,0.1,7526.85,186.63,161,20,23.3,5.06,0,0,0,0
7,1,0,USA,Paris,ATM Withdrawal,Debit Card,Tablet,54,664,0.1,6821.56,27.51,179,16,2.8,8.82,0,0,0,0
1,0,1,Canada,Melbourne,Utilities,Debit Card,Mobile,41,497,0.4,2320.1,33.61,139,20,4.2,6.83,0,0,0,0
23,0,1,Germany,Toronto,Travel,Credit Card,Desktop,44,746,3.2,7678.91,185.0,132,21,27.1,9.06,1,1,0,0
7,1,0,Brazil,Paris,Education,Bank Transfer,ATM,42,808,0.1,101813.38,44.77,145,14,0.4,2.28,0,0,0,0
9,1,0,Brazil,Lyon,Restaurant,Credit Card,ATM,28,709,1.6,5037.83,33.8,158,20,49.7,16.14,0,0,0,0
18,0,0,UK,Mumbai,Travel,Credit Card,ATM,48,601,8.9,7162.64,1994.59,130,30,26.4,13.23,0,0,0,0
5,0,1,France,São Paulo,Electronics,Bank Transfer,Tablet,35,672,5.0,12969.64,205.57,153,22,5.0,6.96,0,0,0,0
10,1,0,Canada,Tokyo,Gaming,Debit Card,Mobile,34,656,2.5,12592.1,71.61,140,21,6.4,9.39,0,0,0,0
5,0,1,USA,Toronto,Travel,Credit Card,Mobile,39,462,12.2,3965.42,234.69,152,19,23.3,1.34,0,0,0,0
7,0,0,Mexico,Mumbai,Education,Credit Card,POS Terminal,27,765,2.6,890.78,28.71,144,12,34.5,0.19,0,0,0,0
10,0,0,Germany,Tokyo,Gaming,Mobile Payment,Desktop,42,640,12.4,42110.06,152.57,125,17,18.8,10.75,0,0,0,0
0,1,1,USA,Mexico City,ATM Withdrawal,Debit Card,ATM,32,655,9.9,16798.47,30.25,148,23,35.8,8.73,0,0,0,0
21,0,0,Mexico,London,Clothing,Crypto,Mobile,44,791,3.1,3796.79,69.14,144,23,22.8,0.39,0,1,0,0
21,0,0,Brazil,Vancouver,Entertainment,Bank Transfer,ATM,45,692,2.7,103374.6,17.92,157,16,33.1,62.2,0,3,0,0
1,0,1,USA,London,Crypto Exchange,Debit Card,Mobile,58,641,2.3,3091.97,177.55,135,19,14.9,2.85,0,5,0,1
5,0,1,UK,Osaka,Restaurant,Mobile Payment,Mobile,46,707,2.1,21277.25,48.91,153,22,13.2,0.29,0,0,0,0
4,0,1,UK,Berlin,Gaming,Debit Card,Mobile,21,591,0.4,10489.79,14.03,149,17,6.1,9.2,0,5,0,1
2,0,1,USA,Berlin,ATM Withdrawal,Credit Card,Mobile,42,578,0.3,1114.39,43.72,155,27,31.2,6.4,1,0,0,0
21,0,0,Brazil,Lyon,Gaming,Debit Card,Mobile,56,720,3.3,5974.92,109.28,149,18,6.3,0.91,0,0,0,0
3,0,1,France,Sydney,Electronics,Debit Card,POS Terminal,18,799,1.4,1764.9,172.52,136,24,50.7,17.24,0,0,0,0
9,0,0,Mexico,São Paulo,Electronics,Credit Card,Tablet,32,683,1.5,7627.09,929.65,155,15,45.7,5.13,1,1,0,0
17,0,0,USA,New York,Fuel,Mobile Payment,Mobile,32,500,1.1,5059.05,99.33,140,20,8.0,4.82,0,0,0,0
1,1,1,USA,Paris,Travel,Credit Card,Mobile,33,725,3.8,3161.74,161.87,151,15,31.5,2.24,0,0,0,0
17,0,0,Australia,New York,Education,Credit Card,Mobile,24,540,1.5,73266.88,185.21,142,28,31.5,23.34,1,2,0,0
9,0,0,USA,Munich,Education,Bank Transfer,POS Terminal,57,636,6.5,1535.13,150.51,131,15,12.0,0.7,0,0,0,0
7,1,0,Japan,Rio,Entertainment,Debit Card,Mobile,38,675,4.7,4123.86,26.5,163,16,1.1,20.17,0,1,0,0
6,0,1,USA,São Paulo,Jewelry,Debit Card,Mobile,32,608,1.4,3527.96,351.37,158,24,10.9,7.32,1,0,0,0
9,0,0,Canada,Toronto,Fuel,Credit Card,Desktop,36,632,2.2,4381.9,28.7,153,17,28.2,19.59,0,0,0,0
17,0,0,USA,Berlin,Healthcare,Debit Card,Tablet,24,625,2.3,1458.24,148.96,149,16,20.6,2.81,1,0,0,0
19,0,0,France,Toronto,Gaming,Credit Card,Mobile,30,678,0.8,9908.28,24.64,166,17,11.9,3.39,0,0,0,0
4,0,1,USA,New York,Crypto Exchange,Credit Card,Mobile,25,633,4.5,13830.24,10.88,169,17,42.5,4.53,0,0,0,0
13,0,0,USA,Melbourne,Clothing,Mobile Payment,Desktop,29,663,3.5,4182.84,299.62,150,31,0.0,22.84,0,0,0,0
0,1,1,Mexico,Manchester,Gaming,Bank Transfer,Desktop,51,675,29.7,67231.69,23.22,160,21,40.1,23.38,0,0,0,0
11,0,0,USA,Berlin,ATM Withdrawal,Cheque,Mobile,36,722,10.6,12766.39,9.61,151,21,2.6,6.21,0,4,0,0
16,0,0,USA,Osaka,Online Shopping,Mobile Payment,Tablet,68,756,3.7,10642.31,33.2,158,19,27.4,12.66,0,0,0,0
20,0,0,India,Paris,Education,Bank Transfer,Mobile,49,738,5.0,41151.28,88.15,155,23,2.7,3.42,0,1,0,0
10,0,0,India,São Paulo,Entertainment,Credit Card,Mobile,51,808,5.1,2091.18,20.17,126,17,3.8,20.91,0,0,0,0
15,0,0,India,Mexico City,ATM Withdrawal,Credit Card,Mobile,47,590,4.8,60479.04,32.62,153,25,91.9,85.4,0,0,0,0
4,0,1,USA,Manchester,Electronics,Credit Card,Tablet,53,703,13.6,4554.5,175.75,148,23,10.9,2.79,0,0,0,0
12,0,0,Germany,New York,Jewelry,Debit Card,Desktop,59,616,17.9,26635.23,211.01,149,13,101.1,0.77,0,0,0,0
9,0,0,Canada,Berlin,Online Shopping,Credit Card,Mobile,21,555,3.5,21138.34,13.16,164,18,33.4,25.6,0,0,0,0
10,0,0,USA,Lyon,Online Shopping,Debit Card,Desktop,64,713,6.3,3388.71,41.46,130,24,13.4,4.37,0,0,0,0
16,1,0,Brazil,Toronto,Gaming,Credit Card,Desktop,36,711,6.6,1066.74,66.77,170,23,3.2,17.51,0,0,0,0
4,1,1,USA,Delhi,Entertainment,Bank Transfer,Mobile,25,761,1.1,1050.07,33.56,167,17,20.1,5.44,0,0,0,0
0,1,1,USA,Osaka,Travel,Bank Transfer,POS Terminal,45,655,0.7,2950.32,139.22,144,19,20.3,1.05,0,0,0,1
16,0,0,USA,Mumbai,Gaming,Credit Card,Desktop,74,647,1.1,925.45,54.28,153,24,57.1,0.05,0,0,0,0
10,1,0,India,Osaka,Education,Debit Card,POS Terminal,55,787,9.0,31877.58,60.18,149,20,19.1,8.07,0,3,0,0
8,1,0,USA,Toronto,Electronics,Credit Card,Mobile,66,781,14.4,2280.35,279.88,147,15,6.9,3.63,0,0,0,0
10,0,0,Mexico,Paris,Restaurant,Credit Card,Mobile,46,600,5.0,17420.4,172.69,149,18,42.2,6.03,0,0,0,0
15,0,0,USA,Paris,Crypto Exchange,Mobile Payment,POS Terminal,27,679,12.1,12410.35,9.85,144,19,17.0,0.11,0,0,0,0
15,0,0,Germany,Manchester,Electronics,Bank Transfer,Desktop,46,662,2.9,13019.58,1264.18,165,20,9.0,28.04,0,0,0,0
9,0,0,UK,Los Angeles,Education,Bank Transfer,Desktop,66,655,4.5,5497.94,109.81,135,24,13.1,1.79,0,0,0,0
21,0,0,Australia,Mumbai,Grocery,Bank Transfer,POS Terminal,61,679,4.3,773.95,20.62,173,22,59.3,1.64,0,0,0,0
1,1,1,USA,New York,ATM Withdrawal,Debit Card,Mobile,48,661,12.7,7354.68,78.64,169,22,20.0,9.07,1,0,0,0
18,0,0,USA,Paris,ATM Withdrawal,Bank Transfer,POS Terminal,29,690,3.2,527.63,98.05,167,16,31.6,7.92,0,4,0,0
9,0,0,USA,Paris,Utilities,Mobile Payment,Desktop,57,573,3.1,6120.74,125.84,139,17,49.2,0.46,0,0,0,0
5,0,1,France,Delhi,Crypto Exchange,Mobile Payment,Mobile,18,726,2.1,6849.6,12.67,152,24,16.1,2.64,0,0,0,0
1,0,1,USA,Los Angeles,Clothing,Debit Card,Desktop,18,679,17.3,5578.43,1331.08,147,24,3.8,13.54,0,0,0,0
17,0,0,USA,Lyon,Crypto Exchange,Bank Transfer,ATM,30,837,2.9,43572.43,74.25,161,18,97.8,0.98,0,1,0,0
10,0,0,India,Mexico City,Education,Credit Card,POS Terminal,34,709,0.9,4607.63,10.55,140,24,19.2,0.17,0,0,0,0
18,0,0,Mexico,New York,Jewelry,Debit Card,Mobile,29,652,0.7,11735.45,1237.63,139,25,19.4,14.02,0,0,0,0
15,0,0,Canada,Mumbai,Education,Debit Card,Tablet,44,778,16.6,9069.82,14.23,157,15,1.9,36.09,0,0,0,0
13,0,0,Brazil,Mumbai,Restaurant,Bank Transfer,Mobile,57,802,8.1,5433.63,13.76,162,16,28.1,7.22,0,0,0,0
11,0,0,Mexico,Tokyo,Electronics,Bank Transfer,Mobile,55,743,1.7,15214.91,2373.56,145,27,20.1,11.11,0,1,0,0
3,0,1,Mexico,Sydney,Restaurant,Credit Card,Desktop,36,686,2.7,18566.85,9.62,164,21,11.3,9.49,0,1,0,0
23,1,1,UK,Sydney,Electronics,Bank Transfer,Desktop,47,505,5.4,5525.01,884.27,132,21,22.8,3.28,0,1,0,0
2,1,1,Germany,Mumbai,Healthcare,Credit Card,POS Terminal,49,714,5.7,14025.94,238.17,120,17,15.4,9.26,1,0,0,0
11,1,0,India,Tokyo,Entertainment,Crypto,Mobile,26,716,8.3,2472.99,43.83,142,21,26.4,0.92,0,4,0,0
11,0,0,USA,London,Education,Credit Card,Mobile,46,508,0.9,3329.5,8.87,149,26,10.0,22.81,0,0,0,0
18,1,0,India,Tokyo,Online Shopping,Credit Card,POS Terminal,30,676,3.3,46392.33,68.66,142,13,0.1,4.67,0,3,0,0
12,1,0,Japan,Sydney,Online Shopping,Debit Card,Tablet,53,667,1.3,133462.93,380.75,155,23,40.1,15.57,0,0,0,0
16,1,0,India,Los Angeles,Clothing,Bank Transfer,Desktop,47,618,4.4,43150.08,224.44,162,24,6.5,2.3,0,0,0,0
13,1,0,UK,Vancouver,Grocery,Debit Card,Desktop,39,734,2.8,10428.67,2.39,138,19,10.4,8.34,0,0,0,0
9,0,0,USA,Guadalajara,Healthcare,Debit Card,Mobile,59,576,0.8,7647.18,173.75,158,28,4.7,10.73,0,0,1,0
21,0,0,Mexico,Munich,Education,Credit Card,Mobile,46,642,19.8,55999.7,257.53,148,24,26.7,8.19,1,0,0,0
13,0,0,Germany,Osaka,Healthcare,Debit Card,POS Terminal,24,694,1.6,31942.13,33.98,121,15,62.5,11.42,0,0,0,0
7,1,0,Germany,Paris,Clothing,Credit Card,POS Terminal,18,656,0.4,1717.18,32.43,136,18,56.5,28.66,0,1,0,0
13,1,0,Brazil,Rio,Entertainment,Debit Card,ATM,38,583,2.9,17211.7,19.31,158,12,26.8,11.3,0,0,0,0
21,0,0,UK,Delhi,Travel,Credit Card,Desktop,37,677,9.2,8981.13,911.05,131,22,15.8,0.77,0,1,0,0
17,0,0,USA,São Paulo,Fuel,Credit Card,Mobile,35,702,5.5,21735.05,21.55,149,21,24.6,5.01,0,0,0,0
1,1,1,USA,Berlin,Travel,Credit Card,Desktop,47,559,4.7,14211.55,754.47,142,28,25.8,6.13,0,0,0,0
15,1,0,USA,Berlin,Healthcare,Credit Card,Mobile,66,722,19.0,1273.53,56.78,156,24,5.6,12.0,0,1,0,0
17,0,0,Mexico,Los Angeles,Utilities,Cheque,Desktop,45,730,10.8,35223.19,31.66,172,23,13.6,4.35,0,1,0,0
0,0,1,USA,Osaka,Utilities,Credit Card,Desktop,29,701,9.9,4625.08,67.7,150,16,1.8,13.25,0,0,0,0
2,0,1,Germany,Delhi,Fuel,Cheque,POS Terminal,49,577,1.1,6400.39,30.31,142,17,37.8,20.05,0,0,0,0
15,0,0,USA,Tokyo,Education,Bank Transfer,Mobile,43,565,2.3,31934.38,158.27,143,13,7.6,22.57,0,0,0,0
11,0,0,Brazil,Munich,Restaurant,Debit Card,ATM,45,831,3.0,31687.88,113.13,145,13,6.1,4.33,0,0,0,0
8,1,0,Brazil,Vancouver,ATM Withdrawal,Debit Card,Desktop,28,710,5.6,314.27,1750.96,158,20,7.5,29.76,0,0,0,0
5,0,1,Brazil,London,Jewelry,Crypto,Tablet,36,840,1.9,2910.56,1752.7,173,22,3.1,1.73,0,0,1,0
0,0,1,USA,New York,Utilities,Credit Card,Mobile,38,762,1.1,7363.97,110.72,137,25,39.7,16.48,1,3,0,0
1,0,1,France,Paris,Travel,Credit Card,Mobile,18,615,1.6,7938.64,334.58,146,27,9.2,3.49,0,0,0,0
0,0,1,India,Lyon,Utilities,Credit Card,Desktop,56,659,1.6,2085.68,200.47,168,18,45.2,3.4,0,1,0,0
18,0,0,France,Lyon,Restaurant,Credit Card,Mobile,49,794,3.8,9268.56,29.58,140,18,71.1,40.37,0,0,0,0
19,0,0,USA,Munich,Entertainment,Debit Card,Tablet,50,749,7.1,5091.12,320.32,149,16,18.7,20.32,0,0,0,0
20,0,0,France,Los Angeles,Electronics,Credit Card,Mobile,21,738,10.8,1785.74,1447.07,146,22,9.8,22.35,0,0,0,0
15,1,0,Japan,Manchester,Travel,Mobile Payment,Mobile,51,612,1.9,5886.85,1065.58,135,18,30.2,15.68,0,4,0,0
4,0,1,Mexico,Sydney,Online Shopping,Bank Transfer,Desktop,24,585,2.4,30074.66,35.89,130,19,5.6,20.1,0,0,0,0
12,0,0,Japan,London,Online Shopping,Credit Card,Tablet,60,709,2.3,13413.09,68.9,138,27,13.7,0.85,0,0,0,0
4,0,1,UK,London,Online Shopping,Bank Transfer,Mobile,42,583,1.1,2227.01,22.79,136,17,2.5,20.5,0,0,0,0
20,0,0,France,Lyon,Clothing,Debit Card,Tablet,55,600,1.1,12685.96,180.35,166,17,30.7,2.91,0,0,0,0
0,0,1,Germany,Mexico City,Utilities,Mobile Payment,Desktop,49,729,0.8,4822.1,13.8,153,28,8.7,4.24,0,0,0,0
22,0,1,UK,Los Angeles,Education,Debit Card,Tablet,21,719,9.9,14995.98,98.08,170,22,9.2,20.02,0,0,0,1
7,0,0,USA,Mexico City,Healthcare,Credit Card,Tablet,42,675,4.9,9948.63,24.85,138,22,88.9,2.38,1,2,0,0
3,1,1,USA,Mexico City,Gaming,Debit Card,Mobile,55,734,2.6,19303.05,19.27,149,20,2.6,0.14,0,0,0,0
3,0,1,France,Mexico City,Jewelry,Credit Card,Mobile,56,700,1.5,5120.16,135.55,164,18,12.6,70.36,0,0,0,1
8,1,0,USA,Melbourne,Education,Debit Card,Desktop,40,595,5.7,4909.77,221.92,159,20,1.8,28.13,0,0,0,0
6,0,1,Brazil,Lyon,Education,Mobile Payment,Mobile,39,816,8.9,23933.83,106.48,133,13,5.2,7.64,0,5,0,0
2,0,1,Canada,Manchester,Jewelry,Debit Card,Mobile,47,751,9.4,5196.66,352.72,152,21,15.1,7.73,0,0,0,0
22,0,1,USA,Tokyo,Restaurant,Credit Card,Tablet,55,724,13.1,1687.04,161.29,168,17,8.4,4.39,0,0,0,0
15,0,0,Australia,Los Angeles,Travel,Bank Transfer,Mobile,43,564,13.2,27321.48,227.9,160,23,31.1,16.41,0,0,0,0
20,1,0,Japan,Guadalajara,Grocery,Bank Transfer,ATM,44,722,7.9,5415.56,74.55,164,26,17.6,0.07,0,1,0,0
12,0,0,USA,Rio,Entertainment,Bank Transfer,Mobile,39,734,1.8,13866.54,111.32,122,20,24.6,32.6,0,0,0,0
13,0,0,India,Delhi,Utilities,Debit Card,Tablet,36,850,2.9,6837.51,41.97,156,22,21.1,10.06,0,1,0,0
13,0,0,Germany,Sydney,Education,Credit Card,Desktop,33,702,5.4,4355.24,21.57,134,18,11.6,1.36,0,0,0,0
3,0,1,Brazil,Manchester,Utilities,Bank Transfer,ATM,51,643,1.4,1143.08,59.53,137,19,5.6,25.82,1,1,0,0
23,0,1,Germany,Vancouver,Fuel,Credit Card,Desktop,32,637,3.9,15012.34,46.69,164,18,0.5,3.61,0,3,0,0
16,0,0,USA,Osaka,Online Shopping,Bank Transfer,ATM,45,728,2.1,20255.03,117.81,138,16,21.3,2.86,1,0,0,0
3,0,1,France,Berlin,Travel,Credit Card,POS Terminal,19,658,3.9,5888.44,97.3,112,20,11.5,12.61,0,0,0,0
12,1,0,France,Toronto,Fuel,Debit Card,Desktop,46,812,0.1,4536.83,42.45,145,25,25.0,2.12,0,0,0,0
4,0,1,Japan,Melbourne,Travel,Bank Transfer,Mobile,41,574,2.2,2881.72,604.46,139,25,1.6,3.91,0,0,0,0
22,0,1,Japan,Vancouver,Online Shopping,Crypto,Mobile,50,622,4.9,811.55,18.21,153,19,0.1,57.21,0,0,0,0
7,0,0,UK,São Paulo,Crypto Exchange,Debit Card,Mobile,36,685,1.7,69949.94,72.86,153,20,10.9,2.7,0,0,0,0
7,1,0,USA,Tokyo,Education,Credit Card,Mobile,44,546,0.9,7047.61,10.23,168,15,23.1,0.75,0,0,0,0
4,1,1,Germany,Mexico City,Jewelry,Credit Card,Mobile,20,629,7.5,6149.61,73.75,150,23,45.6,8.24,0,0,0,0
8,0,0,Germany,Manchester,Online Shopping,Cheque,Desktop,50,649,6.2,29772.46,28.35,152,19,14.6,3.51,0,0,0,0
22,0,1,USA,Munich,Restaurant,Credit Card,Mobile,55,668,0.6,3227.0,79.34,147,16,5.9,3.47,0,0,0,0
22,0,1,India,Toronto,Gaming,Bank Transfer,Mobile,43,686,1.6,10214.62,162.12,147,22,1.5,7.26,0,0,0,0
18,0,0,India,Sydney,ATM Withdrawal,Mobile Payment,Desktop,31,675,5.5,7992.86,205.59,143,19,10.7,23.33,0,0,0,0
5,0,1,USA,Los Angeles,Fuel,Credit Card,Desktop,64,610,0.1,11711.73,22.47,151,14,4.4,10.35,0,0,0,0
4,1,1,Brazil,New York,Fuel,Debit Card,POS Terminal,32,611,1.6,3746.77,19.41,138,27,12.6,4.26,0,0,0,0
14,0,0,Brazil,Los Angeles,Utilities,Bank Transfer,Mobile,44,850,5.2,3037.79,46.67,112,9,0.9,14.11,0,0,0,0
22,0,1,India,Munich,Clothing,Mobile Payment,Mobile,62,615,2.1,7869.35,158.99,136,19,6.6,4.34,0,0,0,0
0,1,1,Australia,Paris,Utilities,Debit Card,Mobile,65,677,1.1,22024.63,77.0,147,13,27.2,6.76,0,0,0,0
6,1,1,India,Paris,ATM Withdrawal,Bank Transfer,Mobile,25,773,3.4,1535.87,56.23,155,29,3.3,2.03,0,0,0,0
4,0,1,USA,Paris,Travel,Credit Card,Desktop,43,629,1.0,9071.0,641.38,148,19,5.5,2.72,0,3,0,0
22,0,1,Brazil,New York,Grocery,Credit Card,Mobile,48,846,10.9,3169.89,12.07,143,21,110.4,50.34,0,0,0,0
7,1,0,Mexico,Munich,Crypto Exchange,Debit Card,Mobile,40,605,0.1,577.56,21.79,142,16,35.4,11.84,0,0,0,0
14,0,0,Mexico,Los Angeles,Utilities,Debit Card,Mobile,39,686,3.4,3758.68,303.21,157,19,35.9,11.93,0,2,0,1
10,1,0,Canada,Manchester,Utilities,Debit Card,Desktop,31,764,8.4,10218.32,125.24,151,18,61.1,20.78,0,0,0,0
14,0,0,USA,Mumbai,Online Shopping,Debit Card,Desktop,18,567,6.2,3796.84,173.12,142,16,2.8,0.7,1,0,0,0
16,0,0,India,Lyon,Clothing,Debit Card,Mobile,61,577,1.4,9599.63,21.46,136,15,26.5,1.25,0,1,0,0
2,0,1,Brazil,Tokyo,Electronics,Cheque,Mobile,34,850,1.2,593.96,35.6,168,19,13.2,4.7,0,0,0,0
17,1,0,Germany,Toronto,Clothing,Debit Card,POS Terminal,38,587,2.6,24141.12,8.12,133,19,48.3,7.87,0,0,0,0
4,1,1,USA,Tokyo,Grocery,Bank Transfer,Mobile,36,641,2.5,7987.24,108.89,149,16,10.4,23.52,0,0,0,0
13,0,0,Mexico,Rio,Gaming,Mobile Payment,Mobile,36,684,4.9,7391.24,6.99,138,20,22.2,12.53,0,0,0,0
19,0,0,Canada,Manchester,Clothing,Credit Card,Desktop,35,700,3.8,36402.61,7.79,120,19,18.7,23.23,1,4,0,1
14,0,0,Canada,Mexico City,Electronics,Credit Card,ATM,25,658,5.4,20925.76,789.02,150,20,7.4,11.69,0,0,0,0
3,0,1,France,Delhi,Jewelry,Credit Card,ATM,29,746,2.2,910.77,506.65,151,18,22.9,26.73,0,0,0,0
8,1,0,Brazil,Mexico City,Healthcare,Mobile Payment,Mobile,55,535,1.7,43186.59,159.45,141,15,82.4,5.35,0,0,0,0
1,0,1,Mexico,Toronto,ATM Withdrawal,Credit Card,Mobile,62,684,4.8,7806.85,104.64,154,21,3.0,5.64,0,0,0,0
21,1,0,Japan,London,Healthcare,Credit Card,Mobile,49,627,0.1,4126.29,16.54,159,24,0.6,11.02,0,0,0,0
2,1,1,USA,São Paulo,Gaming,Debit Card,Mobile,48,640,1.3,1924.19,78.92,139,25,1.5,13.73,0,0,0,0
7,0,0,USA,New York,Crypto Exchange,Debit Card,Desktop,47,745,1.2,83828.8,45.53,137,23,41.6,46.41,0,0,1,0
9,0,0,USA,New York,Healthcare,Debit Card,Mobile,59,538,2.5,8144.42,127.5,162,25,1.3,20.64,0,0,0,0
15,0,0,USA,Berlin,Utilities,Credit Card,Mobile,42,685,3.5,11878.76,100.54,127,18,10.2,36.77,0,0,0,0
17,0,0,USA,Paris,Utilities,Crypto,POS Terminal,45,684,8.3,1681.11,30.69,132,16,31.7,2.32,1,0,0,0
3,0,1,USA,Toronto,Fuel,Debit Card,Desktop,70,723,18.7,5703.0,88.84,130,18,11.7,0.35,0,0,0,1
1,0,1,Germany,Guadalajara,Online Shopping,Bank Transfer,Mobile,39,721,4.3,1283.43,49.7,157,25,2.0,4.62,0,3,0,1
23,0,1,UK,Paris,Grocery,Debit Card,Mobile,30,656,0.4,36707.44,27.15,160,18,85.9,9.53,0,0,0,0
12,1,0,USA,Paris,Grocery,Mobile Payment,Mobile,50,653,6.8,9474.91,315.12,141,23,11.9,1.9,0,0,0,0
14,1,0,Mexico,Mexico City,Jewelry,Debit Card,Desktop,65,645,1.7,16856.86,433.17,160,22,0.3,13.28,0,0,0,1
5,0,1,Brazil,Berlin,Gaming,Debit Card,Mobile,40,829,9.3,3432.51,43.54,140,20,29.8,6.05,0,0,0,0
19,0,0,USA,Vancouver,Jewelry,Cheque,Mobile,47,544,9.0,7793.8,402.15,162,19,10.0,30.0,0,0,0,0
19,0,0,France,London,Gaming,Credit Card,Desktop,26,814,5.8,1427.76,34.76,135,25,1.2,14.62,0,2,0,0
15,0,0,USA,Mexico City,Restaurant,Debit Card,Mobile,27,578,9.7,379.27,240.49,147,18,13.9,11.32,0,0,0,0
1,0,1,Mexico,São Paulo,Utilities,Cheque,ATM,18,639,0.1,9877.63,24.94,162,20,31.1,16.28,0,0,0,0
18,0,0,Germany,Los Angeles,Education,Mobile Payment,Mobile,37,785,5.4,8473.84,14.41,153,29,2.9,9.52,1,0,0,0
11,0,0,USA,Vancouver,Electronics,Credit Card,Mobile,50,600,1.7,3857.75,542.06,156,18,2.3,1.6,0,0,0,0
9,1,0,India,Delhi,Entertainment,Credit Card,Mobile,38,684,7.9,12119.83,46.22,160,20,12.7,1.6,0,0,0,0
12,0,0,USA,Mexico City,Gaming,Bank Transfer,Desktop,68,726,12.5,4308.61,11.88,143,24,20.4,19.41,0,0,0,0
10,0,0,Japan,Melbourne,ATM Withdrawal,Bank Transfer,Mobile,66,580,4.9,4702.73,22.83,155,17,21.1,2.71,0,0,0,0
2,1,1,France,Munich,Education,Debit Card,Mobile,55,817,1.7,34466.6,47.36,155,23,36.0,15.76,0,0,0,0
15,1,0,UK,Delhi,Electronics,Debit Card,Mobile,33,836,0.2,12389.72,1802.8,146,18,0.5,56.98,1,0,0,0
14,0,0,India,Osaka,ATM Withdrawal,Mobile Payment,Mobile,42,702,1.9,12621.28,21.2,124,18,5.7,7.78,0,0,0,0
14,0,0,USA,Toronto,Online Shopping,Debit Card,Desktop,62,612,11.1,15200.23,18.58,151,14,8.0,7.98,0,0,0,0
2,0,1,USA,Lyon,Online Shopping,Debit Card,Desktop,46,652,22.3,9352.16,29.17,138,18,44.1,18.45,1,0,0,0
18,1,0,USA,São Paulo,Education,Bank Transfer,ATM,21,768,0.2,96431.61,42.43,156,20,1.1,7.01,1,0,1,0
14,0,0,Brazil,Tokyo,Travel,Credit Card,Mobile,49,686,18.2,13935.92,1579.92,157,14,21.8,13.89,0,1,0,0
7,0,0,France,Delhi,Utilities,Mobile Payment,Mobile,43,714,4.1,3729.41,177.55,157,15,0.2,21.15,1,0,0,0
23,1,1,Mexico,Berlin,Electronics,Credit Card,Mobile,45,502,2.1,13664.48,69.77,139,15,28.2,19.32,0,0,0,0
23,1,1,USA,Los Angeles,Utilities,Debit Card,Desktop,27,675,1.8,596.72,122.82,169,12,20.4,1.93,0,0,0,0
7,0,0,France,Munich,Entertainment,Bank Transfer,Mobile,69,722,7.9,9421.2,107.41,161,19,22.3,0.36,0,0,0,0
9,1,0,USA,Delhi,Travel,Credit Card,Desktop,54,715,12.1,3645.95,103.47,151,15,39.0,9.97,0,0,0,0
12,0,0,USA,Toronto,Electronics,Debit Card,Desktop,54,630,1.2,6526.41,50.7,146,20,37.0,5.52,0,0,0,0
23,0,1,India,Vancouver,Fuel,Bank Transfer,Mobile,44,625,2.2,5181.98,26.69,151,21,59.0,40.95,0,0,1,0
0,0,1,India,Toronto,Restaurant,Mobile Payment,POS Terminal,20,672,8.1,10283.21,94.11,151,20,4.3,0.98,0,0,0,0
19,0,0,USA,Tokyo,Crypto Exchange,Debit Card,Desktop,41,753,1.0,9835.38,75.04,170,14,18.3,15.05,0,0,0,0
6,1,1,France,Melbourne,Gaming,Credit Card,Mobile,53,734,6.9,3073.95,64.12,136,16,6.1,4.1,0,5,0,0
16,0,0,USA,Osaka,Electronics,Crypto,Mobile,32,705,9.8,2123.7,736.6,169,19,10.8,4.25,0,0,0,0
15,1,0,India,New York,Grocery,Debit Card,Tablet,18,721,13.0,1066.28,51.18,141,19,37.4,1.22,1,1,0,0
17,0,0,India,Melbourne,Fuel,Credit Card,Mobile,65,693,3.8,3760.26,26.98,148,20,3.3,7.33,0,0,0,0
13,1,0,Japan,Vancouver,Online Shopping,Debit Card,Mobile,54,768,3.0,13723.68,122.03,157,17,3.5,9.63,0,0,0,0
14,0,0,USA,Manchester,Grocery,Bank Transfer,Mobile,26,778,5.4,12687.72,82.31,144,22,16.2,11.44,0,0,0,0
8,0,0,India,São Paulo,Entertainment,Debit Card,Mobile,35,706,1.2,32544.09,70.16,152,20,37.7,10.26,0,0,0,0
3,0,1,USA,Paris,Entertainment,Debit Card,ATM,21,749,2.0,19177.31,41.36,152,23,22.0,1.22,0,1,0,0
19,0,0,Germany,Mexico City,Grocery,Crypto,Mobile,44,562,4.7,36497.14,6.92,164,26,33.2,30.13,0,0,0,0
19,0,0,Mexico,São Paulo,Utilities,Credit Card,Tablet,73,642,5.3,21252.99,3.22,136,21,17.4,0.05,0,2,0,1
15,0,0,Australia,Vancouver,Entertainment,Credit Card,Mobile,34,674,2.3,46337.88,40.01,160,20,35.3,27.36,0,0,0,0
7,0,0,USA,London,Gaming,Bank Transfer,Mobile,42,673,4.9,3445.61,10.26,147,26,14.0,20.24,1,0,0,0
8,0,0,France,Melbourne,Travel,Mobile Payment,Mobile,22,844,1.2,4847.59,141.53,126,22,66.0,8.97,0,0,0,0
5,0,1,USA,Toronto,Entertainment,Mobile Payment,Mobile,36,703,0.4,6835.55,52.14,138,16,102.1,9.11,0,1,0,0
17,0,0,UK,New York,Fuel,Credit Card,Desktop,22,705,0.1,7033.98,14.59,153,25,3.0,8.78,0,2,0,0
17,0,0,India,London,ATM Withdrawal,Cheque,Mobile,50,586,3.3,19473.09,32.97,150,15,13.4,9.38,1,0,0,0
12,0,0,Mexico,Tokyo,Clothing,Credit Card,Mobile,43,690,6.7,67416.39,40.0,152,27,22.1,10.6,0,0,0,0
17,0,0,Australia,Rio,Clothing,Mobile Payment,ATM,18,588,2.2,9646.5,40.5,146,21,20.4,4.18,0,2,0,0
12,1,0,India,Paris,Healthcare,Debit Card,Mobile,55,615,3.1,1733.94,55.46,163,24,12.3,3.84,0,0,0,0
12,0,0,Mexico,Manchester,Fuel,Mobile Payment,Mobile,41,618,0.7,358.99,25.51,157,17,42.0,1.04,0,0,0,0
3,1,1,USA,Munich,ATM Withdrawal,Debit Card,Mobile,52,640,4.3,4753.24,22.21,165,17,4.5,10.36,0,0,0,0
17,0,0,Brazil,London,Healthcare,Credit Card,Mobile,37,662,3.4,8651.51,53.93,158,21,15.8,47.8,0,0,0,0
13,1,0,France,Toronto,Fuel,Crypto,Mobile,40,721,2.8,4152.38,68.45,158,19,50.6,1.95,0,0,0,0
6,0,1,France,São Paulo,Grocery,Bank Transfer,Mobile,24,680,2.8,3080.55,56.48,151,15,4.5,10.33,0,0,0,0
19,0,0,Japan,Sydney,Restaurant,Mobile Payment,Mobile,50,710,2.6,9941.11,46.62,145,14,33.7,4.28,0,0,0,0
2,0,1,USA,Toronto,ATM Withdrawal,Credit Card,Desktop,48,787,5.1,3150.85,78.45,149,14,2.3,7.36,0,0,0,0
19,0,0,Germany,Melbourne,Electronics,Debit Card,Tablet,24,832,22.7,65464.95,177.34,143,17,4.1,7.73,0,0,0,0
3,0,1,Brazil,Guadalajara,Grocery,Crypto,Tablet,23,614,2.6,29400.54,267.99,142,24,47.6,12.31,0,0,0,0
12,0,0,USA,New York,ATM Withdrawal,Mobile Payment,Mobile,24,599,11.2,14974.28,28.17,138,16,56.3,6.67,0,0,0,0
16,0,0,USA,London,Clothing,Bank Transfer,POS Terminal,63,730,2.8,4072.73,71.57,156,27,91.0,16.11,0,0,0,0
8,1,0,USA,Tokyo,Utilities,Bank Transfer,Desktop,40,616,1.8,15854.1,89.64,165,22,17.7,14.7,0,0,0,0
15,0,0,Germany,Paris,Online Shopping,Mobile Payment,Mobile,53,697,2.9,14591.93,17.19,160,23,33.9,0.17,0,0,0,0
21,0,0,UK,Guadalajara,Crypto Exchange,Credit Card,Tablet,18,748,8.0,7393.96,47.42,136,17,98.7,4.01,0,0,0,0
20,0,0,India,Berlin,ATM Withdrawal,Credit Card,POS Terminal,41,743,3.1,3677.17,12.56,141,28,6.8,5.19,1,2,0,0
8,1,0,Canada,Lyon,Travel,Debit Card,Desktop,42,691,3.3,1735.94,563.68,163,21,16.1,0.98,0,0,0,0
4,0,1,USA,Munich,Gaming,Credit Card,Desktop,36,720,3.0,5839.09,145.17,145,26,5.5,10.34,0,0,0,0
15,1,0,Germany,Berlin,Clothing,Crypto,Mobile,48,713,8.0,8505.57,61.4,149,13,22.7,40.12,0,3,0,0
6,1,1,Germany,Sydney,Utilities,Credit Card,POS Terminal,48,644,4.5,2440.65,18.76,154,17,15.8,11.75,0,0,0,0
0,0,1,Brazil,London,Gaming,Credit Card,Mobile,60,774,0.9,16389.8,238.38,155,18,9.6,0.46,0,0,0,0
1,0,1,Canada,Sydney,Fuel,Credit Card,Tablet,45,681,4.9,43364.54,184.59,144,13,4.4,4.16,0,1,0,0
20,1,0,USA,Mexico City,Entertainment,Bank Transfer,Mobile,41,690,3.8,7996.55,306.29,150,21,40.7,13.73,0,3,0,0
1,0,1,Japan,Mexico City,Grocery,Debit Card,Tablet,18,611,9.5,14856.49,169.3,155,22,19.9,13.9,0,0,0,0
4,0,1,USA,Sydney,Clothing,Debit Card,ATM,58,800,5.0,4737.92,85.72,163,17,7.6,7.34,0,0,0,0
8,0,0,USA,Manchester,Fuel,Credit Card,Mobile,31,771,15.4,7577.6,163.21,134,16,4.5,20.98,0,0,0,0
5,0,1,UK,Toronto,Crypto Exchange,Credit Card,Mobile,36,714,2.3,7308.67,56.28,159,11,35.9,25.13,0,0,0,0
18,1,0,Canada,São Paulo,Utilities,Crypto,Mobile,34,691,10.8,8034.18,23.33,160,12,10.3,10.09,0,0,0,1
20,0,0,India,New York,Travel,Debit Card,ATM,48,696,5.7,3447.81,176.16,163,17,21.5,1.92,0,0,1,0
8,0,0,UK,Vancouver,Jewelry,Cheque,ATM,37,608,1.6,7122.75,230.37,174,21,14.3,22.06,0,0,1,0
19,1,0,India,Delhi,Education,Credit Card,Mobile,44,734,2.1,4690.61,50.15,148,30,13.1,4.65,1,0,0,0
13,1,0,USA,Los Angeles,Healthcare,Debit Card,Mobile,42,677,11.6,4628.59,51.26,133,18,28.6,79.66,0,0,0,0
6,0,1,USA,Lyon,Education,Debit Card,ATM,33,665,9.5,49036.0,81.24,170,21,5.3,9.89,0,0,0,0
8,0,0,Australia,Mumbai,Travel,Debit Card,ATM,32,651,1.7,39096.47,549.5,162,14,34.2,9.0,0,0,0,0
19,0,0,Japan,Munich,Utilities,Mobile Payment,Desktop,51,618,0.9,15648.65,21.84,155,20,19.8,32.42,0,0,0,0
8,1,0,USA,Tokyo,Utilities,Debit Card,Mobile,18,732,12.2,2421.52,87.09,152,14,8.7,6.21,0,2,0,0
23,0,1,India,Osaka,Electronics,Credit Card,Mobile,44,689,2.2,4760.0,181.79,180,17,6.9,33.34,0,0,0,0
13,0,0,India,Lyon,Travel,Mobile Payment,POS Terminal,24,647,18.5,7013.0,2419.48,145,13,38.1,15.2,0,0,0,0
7,0,0,Australia,Osaka,Clothing,Debit Card,Desktop,52,684,9.2,6059.26,51.44,147,21,0.1,9.66,0,5,0,0
19,1,0,Germany,Mumbai,Crypto Exchange,Credit Card,Mobile,20,462,16.9,4012.06,117.47,146,26,2.3,4.26,0,0,0,0
16,1,0,USA,Tokyo,Gaming,Debit Card,Tablet,56,716,1.1,49122.35,75.93,151,23,13.4,4.03,0,0,0,0
20,1,0,USA,New York,Crypto Exchange,Debit Card,Mobile,48,758,0.1,2093.43,18.9,150,22,1.4,5.66,0,0,0,0
5,1,1,Mexico,Rio,Education,Credit Card,Mobile,36,709,1.1,15124.52,290.65,177,15,21.1,3.21,0,0,0,0
10,0,0,Australia,Paris,Online Shopping,Cheque,Mobile,35,645,2.5,8157.07,34.52,142,19,39.1,25.93,0,0,0,0
1,1,1,Mexico,Rio,Crypto Exchange,Credit Card,Desktop,70,742,0.4,4316.58,75.53,140,14,1.1,11.18,0,0,0,1
12,1,0,India,New York,Entertainment,Debit Card,Mobile,48,755,1.8,36021.5,205.26,150,31,31.2,50.35,0,0,0,0
1,0,1,Germany,Tokyo,Entertainment,Debit Card,Mobile,45,593,2.0,6555.74,54.63,138,16,35.7,17.82,0,0,0,0
15,0,0,Canada,Osaka,Healthcare,Debit Card,Mobile,31,592,2.1,2433.32,20.97,126,20,0.8,2.84,1,0,0,0
15,1,0,Mexico,London,Jewelry,Bank Transfer,Tablet,36,791,0.8,24139.42,603.2,153,18,0.5,2.2,0,0,0,0
8,0,0,India,Lyon,Fuel,Credit Card,Desktop,63,596,1.2,15035.94,21.03,154,24,15.5,3.56,1,0,0,0
15,0,0,Germany,Tokyo,Online Shopping,Crypto,POS Terminal,34,563,1.9,2951.53,35.6,155,25,31.3,2.31,0,2,0,0
2,0,1,Mexico,Munich,Utilities,Mobile Payment,Mobile,54,759,2.0,36616.41,12.43,139,18,59.9,2.4,0,3,0,0
19,0,0,Japan,Los Angeles,Travel,Credit Card,Mobile,30,682,1.0,6527.3,3563.71,167,13,18.2,6.56,0,0,0,0
13,0,0,Canada,Manchester,Grocery,Credit Card,POS Terminal,28,502,2.6,9681.35,109.12,140,20,15.8,6.42,0,0,0,0
10,0,0,USA,Tokyo,Healthcare,Bank Transfer,Mobile,68,722,18.0,20652.12,43.34,135,16,42.8,0.66,0,0,0,0
11,1,0,Canada,Manchester,Gaming,Bank Transfer,Mobile,32,659,1.9,45961.16,113.57,170,17,5.6,3.49,0,0,0,0
18,1,0,Japan,Mexico City,Entertainment,Bank Transfer,POS Terminal,35,607,0.2,8259.0,175.02,171,30,1.2,1.16,0,0,0,0
13,0,0,India,Sydney,Utilities,Credit Card,Desktop,53,682,4.5,5331.49,134.91,170,22,0.5,56.81,0,2,0,0
23,0,1,India,Munich,Grocery,Debit Card,Mobile,77,665,10.8,793.58,118.44,141,27,13.7,23.39,1,5,0,0
23,1,1,Japan,Manchester,Crypto Exchange,Debit Card,POS Terminal,40,568,3.0,4451.21,6.2,153,21,40.9,9.27,0,0,0,0
3,0,1,UK,Guadalajara,Online Shopping,Crypto,Mobile,74,787,8.9,49356.47,238.55,171,19,12.8,22.02,0,5,0,0
7,0,0,USA,Rio,Utilities,Debit Card,POS Terminal,35,602,7.2,1193.14,58.15,132,25,10.2,1.31,0,0,0,0
17,0,0,India,London,Gaming,Cheque,POS Terminal,42,775,12.4,32206.31,84.63,137,20,18.9,35.4,0,0,0,0
0,1,1,Mexico,Tokyo,Fuel,Debit Card,Mobile,33,661,7.9,61757.65,16.64,135,29,41.3,1.17,0,0,0,0
8,1,0,Japan,Sydney,Healthcare,Credit Card,Mobile,39,649,8.3,40834.47,14.42,142,29,0.4,1.64,1,0,0,0
6,0,1,USA,Tokyo,Utilities,Debit Card,ATM,34,536,2.6,5754.95,37.53,160,15,22.2,18.45,0,0,0,0
20,0,0,France,London,Healthcare,Credit Card,Mobile,48,669,17.6,3864.34,209.81,151,17,1.1,1.67,0,0,0,0
18,0,0,Japan,Manchester,Travel,Credit Card,Mobile,61,850,4.0,5128.36,479.26,137,14,18.3,11.34,0,1,0,0
12,0,0,Brazil,London,Grocery,Debit Card,Tablet,32,787,1.4,45703.96,51.41,132,25,1.1,30.0,1,0,0,0
22,1,1,USA,Delhi,Crypto Exchange,Bank Transfer,Mobile,46,619,0.2,6220.48,60.71,154,19,19.4,7.51,1,0,0,1
7,0,0,Australia,Guadalajara,Travel,Cheque,Mobile,67,648,1.9,85320.97,375.47,163,19,5.7,11.01,0,0,0,0
18,0,0,India,Vancouver,Restaurant,Debit Card,POS Terminal,37,597,11.0,3471.6,30.46,162,29,22.4,1.36,1,2,0,0
2,0,1,USA,Munich,Utilities,Cheque,Mobile,19,814,9.9,1773.09,420.99,174,16,1.7,20.66,0,0,0,0
11,0,0,Canada,São Paulo,Clothing,Debit Card,Mobile,49,618,1.2,24027.41,15.41,145,21,19.9,2.48,0,0,0,0
3,1,1,Brazil,Munich,Travel,Bank Transfer,Desktop,42,732,1.0,11307.84,368.1,136,17,7.1,20.7,0,0,1,0
0,0,1,Germany,Sydney,Electronics,Bank Transfer,Mobile,53,591,4.0,10549.09,552.49,159,16,33.2,15.01,0,0,0,1
13,0,0,Australia,Mumbai,Grocery,Debit Card,Mobile,37,630,3.8,46635.63,30.74,159,14,43.1,19.32,0,0,1,0
6,0,1,Mexico,Sydney,Restaurant,Debit Card,ATM,56,777,22.8,15911.49,916.06,158,17,53.7,13.81,0,0,0,0
5,0,1,UK,Paris,Crypto Exchange,Cheque,Mobile,42,628,9.0,8969.1,165.22,158,17,9.8,2.23,0,0,1,0
4,0,1,France,Paris,Electronics,Credit Card,Desktop,34,706,2.6,3018.37,1260.25,151,21,37.6,4.57,1,3,1,0
20,1,0,Australia,Mumbai,Travel,Credit Card,Mobile,18,764,2.0,4114.18,4055.44,152,17,17.8,7.54,1,0,0,0
0,1,1,France,Berlin,Travel,Debit Card,Mobile,42,719,0.8,5946.81,642.6,145,14,14.7,13.91,0,2,0,0
13,0,0,UK,São Paulo,Education,Credit Card,Mobile,19,632,1.4,4989.49,157.69,141,24,24.0,19.66,1,0,0,0
20,0,0,Japan,Berlin,Crypto Exchange,Debit Card,Desktop,51,679,1.5,14577.5,416.32,141,27,1.5,4.02,0,1,0,0
19,1,0,USA,Sydney,Clothing,Crypto,Mobile,39,757,1.1,3717.73,60.7,152,25,20.5,0.26,0,0,0,0
12,1,0,USA,Toronto,Gaming,Bank Transfer,Mobile,37,706,8.4,7285.52,328.32,157,24,23.0,14.66,0,0,1,0
2,1,1,Germany,Munich,ATM Withdrawal,Credit Card,Mobile,33,674,3.6,17984.05,64.36,143,12,7.5,4.6,0,3,0,0
6,0,1,Brazil,Sydney,Electronics,Credit Card,Desktop,43,741,9.3,37153.93,569.05,151,16,20.5,3.58,0,0,0,0
1,0,1,India,Los Angeles,Travel,Credit Card,ATM,58,749,13.7,14225.96,380.63,174,12,33.2,8.86,1,0,0,0
14,0,0,USA,Lyon,Fuel,Credit Card,ATM,40,716,3.2,12683.91,19.41,129,19,0.1,18.46,0,0,0,0
23,0,1,USA,Mumbai,Electronics,Debit Card,POS Terminal,36,649,4.6,28577.16,617.47,154,23,16.3,1.97,0,0,0,0
12,0,0,USA,São Paulo,Jewelry,Mobile Payment,Mobile,42,748,0.1,11426.04,942.07,148,12,9.5,7.43,0,0,0,0
20,0,0,Australia,Tokyo,ATM Withdrawal,Credit Card,Mobile,21,614,1.0,8912.86,45.8,160,11,13.9,9.34,0,0,0,0
3,0,1,USA,Munich,Fuel,Credit Card,Mobile,67,850,2.3,1231.29,69.35,148,22,20.8,0.59,0,0,0,0
3,1,1,Australia,Osaka,Restaurant,Credit Card,Desktop,18,801,2.1,13580.9,49.79,144,14,12.2,4.54,0,0,0,0
5,1,1,Australia,Melbourne,Crypto Exchange,Mobile Payment,Desktop,34,825,1.4,2978.57,16.62,155,20,38.9,2.79,0,0,0,0
1,0,1,Canada,Manchester,Fuel,Mobile Payment,ATM,54,640,1.2,3150.54,169.1,137,31,20.7,22.67,0,0,0,0
16,0,0,USA,Rio,Clothing,Debit Card,Desktop,37,736,3.5,12982.9,92.39,165,12,8.7,22.66,0,0,0,0
10,0,0,USA,Los Angeles,Grocery,Cheque,Mobile,40,705,5.2,5357.28,39.89,147,23,35.4,4.41,0,0,0,0
23,0,1,Japan,London,Healthcare,Credit Card,Mobile,49,829,4.7,12594.44,39.52,135,16,4.7,8.88,0,0,0,0
15,1,0,USA,São Paulo,Restaurant,Bank Transfer,Mobile,37,799,1.9,2412.16,160.69,137,23,23.4,10.94,0,0,0,0
22,1,1,Japan,Paris,Entertainment,Mobile Payment,Mobile,45,636,6.2,11451.13,171.0,175,22,20.6,4.14,1,1,1,0
1,1,1,Germany,Berlin,Utilities,Crypto,Desktop,44,535,1.4,3088.81,138.78,144,23,34.2,8.93,0,0,0,0
7,0,0,Brazil,Manchester,Crypto Exchange,Mobile Payment,Mobile,71,808,3.5,10117.22,273.67,156,18,114.8,2.41,0,0,0,0
9,0,0,Brazil,Paris,Restaurant,Credit Card,Mobile,18,637,1.4,3160.59,25.84,143,13,38.8,7.15,0,0,1,0
3,0,1,USA,Lyon,Restaurant,Mobile Payment,Mobile,43,741,2.6,11181.28,104.06,135,23,19.7,6.21,1,0,0,0
5,0,1,Japan,Manchester,Jewelry,Credit Card,Mobile,18,677,0.7,8946.48,1477.84,167,30,9.3,3.49,1,0,0,0
23,0,1,Australia,Mexico City,Utilities,Debit Card,POS Terminal,60,715,1.1,38999.71,41.05,169,23,17.2,10.9,0,0,0,0
2,1,1,UK,Delhi,Entertainment,Credit Card,Desktop,57,548,10.6,5094.22,58.15,134,18,22.8,5.71,0,0,0,0
13,0,0,USA,Toronto,Clothing,Debit Card,Desktop,52,642,4.4,5537.22,103.06,153,19,12.8,1.04,0,0,0,0
4,0,1,France,Toronto,Entertainment,Bank Transfer,Desktop,61,670,1.9,15283.12,147.34,164,21,33.3,55.01,1,0,0,0
22,0,1,Australia,Melbourne,Electronics,Debit Card,Desktop,28,637,0.1,10939.74,877.6,133,21,17.8,2.78,0,0,0,0
14,1,0,USA,Manchester,Online Shopping,Debit Card,Mobile,52,641,0.9,2957.63,122.68,151,25,16.5,3.35,0,0,0,0
12,0,0,Brazil,Vancouver,Online Shopping,Crypto,Mobile,18,654,0.3,6746.17,140.0,161,25,32.5,6.08,0,2,0,0
22,1,1,Germany,Berlin,Entertainment,Credit Card,ATM,34,672,0.8,12931.69,69.6,164,12,3.4,6.14,0,2,0,0
13,0,0,USA,Osaka,Healthcare,Credit Card,POS Terminal,39,701,0.5,42387.0,25.69,150,29,16.9,11.72,1,1,0,0
14,0,0,USA,Lyon,Jewelry,Debit Card,ATM,46,664,5.1,176289.95,75.37,147,14,11.9,12.83,0,0,0,0
23,0,1,Canada,Tokyo,Restaurant,Debit Card,Mobile,38,702,5.8,1775.96,69.27,154,25,28.9,3.36,0,0,0,0
3,1,1,USA,Rio,Restaurant,Credit Card,Mobile,31,570,1.3,1611.69,32.63,152,20,14.4,23.85,0,0,0,0
17,1,0,Germany,Osaka,Jewelry,Bank Transfer,POS Terminal,43,702,5.3,1321.11,189.64,167,15,5.6,1.76,0,0,1,0
9,0,0,Mexico,Berlin,Gaming,Bank Transfer,Mobile,48,614,1.4,2117.31,6.0,155,15,15.4,5.49,1,1,0,0
22,1,1,Canada,Melbourne,Travel,Credit Card,Tablet,20,602,7.0,7099.94,920.78,169,25,37.2,39.93,0,1,0,0
15,1,0,Mexico,Delhi,Utilities,Debit Card,ATM,22,670,20.1,21758.52,115.08,152,25,8.2,12.97,0,0,1,0
10,0,0,India,Rio,Jewelry,Bank Transfer,Desktop,60,648,2.4,130704.79,334.35,128,24,24.6,21.28,0,0,0,0
4,0,1,Brazil,Toronto,Jewelry,Debit Card,Mobile,27,787,10.8,22437.36,525.05,139,19,33.3,18.48,0,0,0,0
4,0,1,Canada,Mexico City,Jewelry,Debit Card,Tablet,29,715,2.4,8862.26,386.89,171,26,8.3,7.44,0,0,0,0
13,0,0,Australia,Vancouver,Crypto Exchange,Credit Card,Mobile,27,596,2.8,2135.76,25.69,137,14,15.3,15.57,0,0,0,0
1,1,1,Germany,Delhi,Gaming,Crypto,ATM,52,769,0.7,4263.07,136.83,159,35,3.2,3.45,1,0,0,0
8,0,0,Canada,London,Travel,Debit Card,Mobile,42,717,1.6,7969.66,794.53,155,22,10.1,4.59,0,0,0,0
12,0,0,Germany,Munich,Healthcare,Credit Card,Desktop,31,576,10.6,2582.89,72.42,160,18,7.9,2.64,0,0,0,0
23,1,1,France,Lyon,Travel,Credit Card,POS Terminal,50,540,0.6,23669.98,1085.59,143,22,54.0,28.13,0,0,0,0
13,0,0,Brazil,Melbourne,Utilities,Credit Card,Mobile,31,646,2.7,42591.19,70.16,156,18,0.1,2.35,1,0,0,1
21,0,0,France,Paris,Healthcare,Debit Card,Mobile,79,684,4.3,17334.62,352.05,137,20,6.3,5.11,0,0,0,0
22,0,1,USA,Los Angeles,ATM Withdrawal,Credit Card,Desktop,18,725,3.7,5615.85,95.3,151,18,5.1,22.59,0,0,0,0
2,0,1,Mexico,Mexico City,Grocery,Debit Card,Desktop,44,743,0.7,4592.43,25.16,146,22,23.2,8.89,0,0,0,0
6,0,1,Mexico,London,Entertainment,Debit Card,Mobile,33,749,1.1,3964.38,20.33,153,22,16.1,37.08,0,0,0,0
7,0,0,France,Rio,Crypto Exchange,Credit Card,ATM,26,604,1.6,6721.29,21.66,133,17,37.6,8.53,0,0,0,0
18,0,0,Canada,Munich,Travel,Cheque,Desktop,65,736,3.5,19915.23,348.79,147,14,10.2,4.36,1,0,0,0
4,0,1,Brazil,Berlin,Travel,Credit Card,ATM,39,839,1.3,24659.34,886.21,167,16,5.1,6.0,0,1,0,0
13,0,0,USA,São Paulo,ATM Withdrawal,Debit Card,Tablet,37,736,7.1,8136.15,41.76,150,16,1.0,13.95,0,0,0,0
23,1,1,USA,Melbourne,Restaurant,Credit Card,Tablet,35,756,6.3,4306.53,77.27,135,25,46.7,0.39,1,0,0,0
14,0,0,UK,Manchester,Jewelry,Credit Card,Desktop,40,768,7.9,21177.64,120.37,148,29,11.9,2.06,1,3,0,0
1,1,1,Mexico,Manchester,Restaurant,Debit Card,Mobile,26,611,5.3,4814.94,27.68,142,32,20.0,31.59,0,0,0,0
23,0,1,USA,Manchester,Clothing,Credit Card,Desktop,51,694,5.3,70701.2,40.92,149,25,0.5,11.1,0,0,0,0
12,0,0,UK,Toronto,Jewelry,Bank Transfer,Mobile,55,720,21.6,2181.7,270.39,150,15,4.0,4.68,0,0,1,0
6,0,1,UK,Lyon,Jewelry,Credit Card,ATM,61,675,1.1,11658.69,2248.36,147,27,19.9,9.59,0,0,1,1
11,0,0,Mexico,Osaka,Education,Credit Card,ATM,20,604,2.1,4775.77,85.78,172,24,14.9,0.21,0,0,0,0
20,0,0,Japan,Munich,Travel,Debit Card,Mobile,49,772,2.6,8575.35,201.95,144,15,24.0,6.66,1,0,1,0
21,0,0,France,Melbourne,Education,Bank Transfer,POS Terminal,45,558,1.4,50034.34,21.12,158,17,17.4,0.99,0,0,0,0
5,1,1,USA,Mexico City,Electronics,Debit Card,Mobile,77,724,0.8,6905.37,785.34,163,28,45.7,5.65,0,0,0,0
6,0,1,UK,Osaka,Jewelry,Debit Card,Desktop,20,721,0.4,24798.64,174.25,154,29,19.3,4.47,0,1,0,0
6,1,1,Japan,Lyon,Fuel,Bank Transfer,Mobile,37,696,1.7,1713.19,47.57,162,24,28.7,34.71,0,0,0,0
13,1,0,Japan,Mumbai,Restaurant,Credit Card,Mobile,48,702,5.0,3363.62,13.43,151,19,29.9,23.69,0,3,0,0
19,1,0,Germany,Toronto,Restaurant,Debit Card,Desktop,29,597,0.8,917.18,218.51,147,21,4.0,16.72,0,0,0,0
18,0,0,USA,Mumbai,Electronics,Credit Card,Tablet,53,736,19.4,5765.28,3198.91,158,23,19.3,3.93,0,0,0,0
16,0,0,Japan,Delhi,Healthcare,Bank Transfer,POS Terminal,22,628,15.4,3457.58,45.66,153,14,5.6,3.91,0,0,0,0
15,1,0,Germany,Melbourne,Crypto Exchange,Bank Transfer,Mobile,39,685,2.5,44092.8,16.54,138,15,50.2,10.91,0,0,0,0
4,0,1,Australia,Melbourne,Online Shopping,Mobile Payment,POS Terminal,35,621,0.7,7257.86,4.84,154,13,9.2,18.09,0,0,0,0
7,1,0,India,London,Grocery,Crypto,ATM,31,629,0.4,3617.61,41.83,178,22,3.3,2.91,1,0,0,0
8,1,0,USA,Paris,Electronics,Debit Card,Desktop,18,679,7.0,5608.84,242.81,135,22,0.3,33.55,1,0,0,0
4,0,1,UK,Rio,Restaurant,Mobile Payment,Mobile,41,678,3.4,1382.67,37.76,156,19,9.2,2.81,0,0,0,0
1,0,1,Japan,Vancouver,Jewelry,Cheque,ATM,33,665,0.6,7985.72,361.46,155,17,16.2,1.98,0,0,0,1
1,0,1,India,Berlin,Clothing,Debit Card,Mobile,44,786,1.0,2599.39,86.18,179,19,32.4,3.0,0,3,0,0
2,0,1,Canada,New York,Online Shopping,Debit Card,Mobile,31,678,1.6,31799.16,9.8,144,21,21.5,5.07,0,0,0,0
11,1,0,Brazil,Sydney,Utilities,Crypto,Mobile,29,610,8.0,8493.37,126.67,151,13,12.1,14.03,0,3,0,0
4,1,1,Mexico,Paris,Fuel,Bank Transfer,ATM,41,651,11.7,2901.03,182.86,158,24,46.2,11.73,0,0,0,0
7,1,0,UK,Mumbai,Jewelry,Mobile Payment,Mobile,42,416,1.9,1100.09,485.4,143,17,3.5,1.03,0,2,0,0
13,0,0,Canada,Guadalajara,Entertainment,Bank Transfer,POS Terminal,30,636,2.7,8620.87,114.99,136,16,27.0,11.79,0,0,0,0
0,1,1,USA,Lyon,Travel,Credit Card,Mobile,76,704,3.6,3934.72,92.96,152,19,18.4,13.37,0,0,0,0
22,1,1,UK,Toronto,Healthcare,Crypto,Mobile,67,798,7.6,6577.03,22.61,153,15,12.8,42.07,1,0,0,0
20,1,0,Australia,Paris,Online Shopping,Debit Card,Desktop,49,785,3.3,6175.43,43.41,148,20,12.3,1.43,0,0,1,1
15,1,0,USA,Los Angeles,Fuel,Credit Card,Mobile,67,552,1.8,14968.15,168.34,174,19,16.5,7.62,0,0,0,0
9,0,0,Brazil,Toronto,Electronics,Credit Card,Tablet,40,754,5.5,14244.94,302.66,136,22,16.1,7.94,1,0,0,0
1,0,1,India,Paris,Restaurant,Bank Transfer,Mobile,35,645,12.4,4796.36,21.46,148,22,2.0,12.64,0,0,0,0
15,0,0,India,Guadalajara,Jewelry,Credit Card,Desktop,49,649,0.6,67069.07,117.85,147,18,14.1,15.95,0,0,0,0
7,0,0,USA,Toronto,Clothing,Credit Card,ATM,49,746,12.0,1566.44,111.8,145,17,12.3,17.97,0,0,0,0
14,0,0,India,London,Entertainment,Credit Card,Desktop,46,657,4.2,6068.01,111.02,164,26,2.8,9.41,1,0,0,0
14,1,0,USA,Tokyo,Clothing,Credit Card,Mobile,46,593,0.2,7637.33,16.59,157,21,9.2,7.39,0,0,0,0
19,1,0,India,Sydney,Clothing,Debit Card,Mobile,42,586,2.5,13425.28,12.6,156,24,3.2,2.99,0,0,0,0
5,0,1,USA,Lyon,Entertainment,Cheque,Mobile,27,752,4.9,106120.22,12.81,148,21,50.5,1.12,0,0,0,0
4,0,1,Brazil,Manchester,Education,Credit Card,Mobile,46,741,9.4,7908.41,75.86,162,24,11.7,43.03,0,0,0,0
1,0,1,USA,Toronto,Education,Mobile Payment,POS Terminal,57,583,0.9,40941.21,28.26,152,17,6.7,10.9,0,0,0,0
21,1,0,UK,Mexico City,Gaming,Credit Card,Mobile,35,664,5.6,1657.54,64.02,136,16,26.8,15.86,0,2,0,0
21,0,0,India,Manchester,Jewelry,Mobile Payment,POS Terminal,56,703,25.5,3163.06,470.03,159,16,35.8,8.74,0,0,1,0
23,1,1,Mexico,Manchester,Utilities,Mobile Payment,ATM,47,688,3.9,16622.44,63.71,147,17,23.0,18.61,0,0,0,0
17,0,0,USA,Mexico City,Grocery,Debit Card,Desktop,18,709,2.1,1625.33,48.49,137,15,17.7,39.1,0,0,0,0
18,0,0,Germany,Delhi,Entertainment,Bank Transfer,Mobile,29,694,1.2,15354.06,22.27,159,17,32.7,4.98,0,1,0,0
21,0,0,UK,New York,ATM Withdrawal,Credit Card,Desktop,45,776,9.0,3522.95,114.9,161,22,7.7,7.83,0,0,1,0
22,1,1,USA,London,Electronics,Debit Card,ATM,44,702,1.7,4464.72,269.63,148,18,41.3,4.88,0,0,0,0
15,0,0,Germany,Vancouver,Grocery,Debit Card,Mobile,37,560,7.6,13971.97,17.86,140,20,12.8,5.15,0,2,0,0
1,0,1,UK,Manchester,Restaurant,Mobile Payment,Desktop,44,601,2.4,18206.26,44.12,125,20,45.1,19.41,0,1,0,0
19,0,0,USA,Toronto,Education,Debit Card,ATM,78,774,5.4,11616.71,14.94,157,15,16.1,16.39,0,3,0,0
21,0,0,Japan,Munich,Electronics,Mobile Payment,POS Terminal,46,792,3.9,5846.04,207.1,157,11,2.7,25.25,0,0,0,0
16,0,0,UK,Vancouver,ATM Withdrawal,Debit Card,Tablet,18,590,2.2,3386.94,47.29,140,17,37.8,16.01,0,0,0,0
2,0,1,Mexico,Melbourne,Restaurant,Credit Card,POS Terminal,22,475,1.0,2595.32,92.04,167,16,1.9,9.96,0,0,0,0
6,0,1,USA,Paris,Online Shopping,Debit Card,Mobile,70,682,8.7,19826.92,117.98,154,25,19.0,16.67,0,0,0,0
3,0,1,Mexico,London,Crypto Exchange,Bank Transfer,ATM,51,576,4.4,10272.75,20.87,152,16,3.6,2.35,0,0,0,0
5,1,1,USA,New York,Utilities,Debit Card,Mobile,37,667,0.1,7470.7,282.52,162,16,5.1,3.84,1,0,0,0
14,1,0,USA,Guadalajara,Education,Debit Card,Mobile,25,782,3.1,11086.79,33.22,150,20,8.1,5.86,0,1,0,0
11,0,0,Mexico,Rio,ATM Withdrawal,Credit Card,Mobile,61,672,3.2,14206.13,48.81,152,19,19.8,0.19,1,0,0,0
15,0,0,India,Sydney,Utilities,Credit Card,Mobile,58,750,2.2,862.92,79.94,140,11,4.9,2.55,0,0,0,0
20,0,0,Germany,São Paulo,Entertainment,Debit Card,Desktop,26,623,2.3,1686.83,66.57,161,21,48.8,0.36,0,0,0,0
19,1,0,India,Mexico City,Restaurant,Mobile Payment,Mobile,42,595,10.8,6926.51,20.06,161,19,61.5,1.83,0,0,1,0
18,0,0,UK,Rio,Online Shopping,Debit Card,POS Terminal,37,754,5.1,13586.28,74.21,161,15,2.3,2.71,1,0,1,0
19,0,0,Germany,Delhi,ATM Withdrawal,Debit Card,Tablet,52,713,1.4,20048.7,49.52,167,24,73.5,15.12,0,0,0,0
10,0,0,Brazil,Rio,Clothing,Credit Card,ATM,51,577,1.3,21945.8,8.4,164,26,27.8,5.41,0,1,0,0
20,0,0,India,Munich,Electronics,Crypto,Desktop,40,784,4.2,1156.04,270.94,143,20,23.9,11.44,0,0,0,0
21,0,0,Brazil,Manchester,Gaming,Credit Card,Mobile,44,744,3.6,16755.75,49.19,141,24,2.1,21.49,1,0,0,0
10,0,0,USA,Mumbai,Fuel,Mobile Payment,Desktop,61,640,6.1,16086.86,33.05,155,16,27.4,29.23,0,3,0,0
14,0,0,USA,Tokyo,Entertainment,Debit Card,Mobile,40,694,1.6,1598.58,48.41,160,19,24.1,17.18,1,0,0,0
14,0,0,USA,New York,Fuel,Debit Card,Mobile,39,794,1.0,46020.26,52.04,142,19,3.3,11.4,1,0,0,0
6,0,1,USA,London,Gaming,Credit Card,POS Terminal,75,540,8.3,3408.05,17.95,136,23,2.1,7.78,1,0,0,0
21,0,0,USA,New York,Crypto Exchange,Cheque,Mobile,48,728,2.6,426.61,28.55,154,17,21.0,46.85,0,0,0,0
16,1,0,USA,Toronto,Education,Credit Card,Desktop,33,734,0.5,4541.69,21.35,150,17,4.4,0.31,0,3,0,0
21,0,0,Canada,Mexico City,Healthcare,Mobile Payment,Mobile,27,659,6.0,9462.77,28.95,147,18,16.0,4.15,0,1,1,0
6,0,1,India,Guadalajara,Gaming,Credit Card,Mobile,43,672,0.5,4419.33,34.36,166,17,30.2,20.57,0,1,0,0
22,1,1,Japan,Osaka,Crypto Exchange,Mobile Payment,ATM,32,697,0.2,6556.64,24.92,147,21,13.3,12.05,0,0,0,0
10,0,0,Australia,Delhi,Jewelry,Credit Card,Mobile,23,741,0.8,41335.63,130.85,140,22,8.6,0.33,0,0,0,0
0,0,1,USA,Tokyo,Fuel,Bank Transfer,Desktop,22,629,1.8,17293.01,123.6,137,25,20.8,16.3,0,0,0,0
15,0,0,USA,Delhi,Education,Crypto,Tablet,42,609,3.5,4366.43,72.93,131,18,7.7,24.49,1,0,0,0
10,1,0,Australia,Tokyo,Entertainment,Credit Card,Desktop,18,799,4.3,27990.5,19.84,154,8,6.1,19.46,0,0,0,0
18,0,0,USA,Tokyo,Jewelry,Debit Card,Mobile,48,699,4.8,16931.93,894.68,150,24,20.0,11.54,0,0,0,0
13,0,0,Germany,Mexico City,Crypto Exchange,Debit Card,ATM,44,513,1.1,2318.97,62.14,154,21,5.8,55.93,0,1,0,0
7,1,0,Germany,Mumbai,Clothing,Credit Card,Tablet,19,605,7.1,51083.82,152.3,160,21,51.5,6.9,0,0,0,0
12,1,0,Germany,Guadalajara,Jewelry,Debit Card,Desktop,42,639,0.5,1033.83,1235.97,137,16,16.2,21.48,0,0,0,0
10,0,0,India,Paris,Restaurant,Bank Transfer,Mobile,32,666,0.2,3756.65,54.81,173,9,30.6,14.68,0,1,0,0
15,0,0,Brazil,Vancouver,Electronics,Credit Card,Mobile,60,649,3.3,14292.76,2190.75,137,14,42.1,19.23,0,0,0,0
5,0,1,Australia,Manchester,Online Shopping,Credit Card,Mobile,25,631,5.8,11974.32,37.8,168,21,10.2,6.45,0,0,0,0
19,0,0,Mexico,London,Electronics,Mobile Payment,Desktop,42,716,2.3,84478.85,745.86,157,18,7.0,4.62,0,0,0,1
12,0,0,Canada,Vancouver,Utilities,Cheque,Mobile,23,664,1.5,3440.86,436.91,143,14,28.0,20.81,1,0,0,0
12,0,0,Germany,Manchester,Grocery,Mobile Payment,Mobile,47,850,0.8,1518.5,24.32,147,13,7.9,2.67,0,0,0,0
21,1,0,India,Manchester,Clothing,Credit Card,Mobile,68,578,2.6,4294.37,67.98,146,24,39.8,19.88,1,0,0,0
5,1,1,India,Munich,Crypto Exchange,Credit Card,Desktop,40,643,10.4,6386.64,91.36,162,25,3.3,25.82,0,0,0,0
8,1,0,France,London,ATM Withdrawal,Debit Card,Mobile,75,776,8.9,5930.02,34.59,150,15,23.1,16.57,1,0,0,1
19,0,0,Mexico,Lyon,Restaurant,Debit Card,POS Terminal,47,614,0.6,2854.08,172.25,137,20,18.6,27.48,1,0,0,0
16,0,0,Australia,Mexico City,Jewelry,Mobile Payment,Tablet,39,720,1.8,13138.36,2731.34,155,18,13.2,5.15,0,0,0,0
16,0,0,India,Sydney,Crypto Exchange,Debit Card,Mobile,54,688,1.2,10414.75,71.39,144,17,39.8,0.83,0,0,1,0
22,1,1,Brazil,Guadalajara,Online Shopping,Mobile Payment,Mobile,45,715,0.6,2370.24,15.66,146,23,20.8,2.05,0,0,0,0
11,0,0,USA,Mumbai,Electronics,Debit Card,Mobile,40,773,4.2,5973.51,1615.38,156,24,46.4,5.57,0,3,0,0
2,0,1,India,New York,Clothing,Debit Card,Desktop,35,477,3.5,1175.47,68.48,151,21,0.1,3.29,0,0,0,0
4,0,1,UK,São Paulo,Healthcare,Debit Card,ATM,29,669,2.9,3854.28,22.0,147,26,13.3,16.99,0,0,0,0
8,0,0,Germany,São Paulo,Restaurant,Credit Card,Desktop,48,655,0.1,6849.16,38.68,142,25,2.5,2.91,0,0,0,0
22,0,1,UK,Sydney,Clothing,Credit Card,Desktop,25,692,3.1,4038.88,78.04,147,20,22.8,8.77,0,0,0,0
23,1,1,USA,Manchester,Clothing,Bank Transfer,Desktop,45,612,3.2,5312.77,120.3,138,17,46.6,3.44,0,1,0,0
12,1,0,Australia,Vancouver,Gaming,Debit Card,Mobile,42,661,1.5,49720.67,18.18,158,17,19.5,35.55,0,0,0,0
4,0,1,USA,Manchester,Clothing,Credit Card,Mobile,31,746,0.5,11907.87,17.56,169,25,0.2,8.57,0,0,0,0
1,0,1,USA,São Paulo,Restaurant,Debit Card,Mobile,30,705,0.1,3320.46,89.18,158,19,17.2,29.51,0,1,0,0
11,0,0,Mexico,Paris,Travel,Crypto,Desktop,20,764,2.1,5483.81,916.48,177,26,36.6,36.71,0,0,0,0
9,0,0,Brazil,Guadalajara,Crypto Exchange,Credit Card,ATM,46,720,0.1,7355.52,74.75,138,13,30.0,8.3,0,0,0,1
22,1,1,USA,Mexico City,Entertainment,Credit Card,Mobile,47,616,7.5,3604.1,65.55,166,25,8.7,8.91,0,0,0,0
16,0,0,USA,London,Crypto Exchange,Credit Card,Mobile,33,723,3.4,2641.92,42.2,142,17,17.4,25.29,0,0,0,0
13,0,0,USA,Mexico City,Fuel,Credit Card,POS Terminal,31,623,0.7,19262.27,309.11,137,13,7.9,0.36,0,0,0,0
15,0,0,Canada,Tokyo,ATM Withdrawal,Credit Card,Mobile,31,617,1.8,29914.39,25.33,161,12,15.0,7.05,0,0,0,0
3,1,1,UK,Vancouver,Jewelry,Credit Card,POS Terminal,41,805,0.3,7994.54,365.95,142,24,103.8,4.38,0,0,0,1
5,1,1,Germany,Berlin,Jewelry,Credit Card,Mobile,36,656,4.6,5946.67,1002.31,144,14,6.6,39.16,0,0,0,0
6,0,1,India,Guadalajara,Jewelry,Debit Card,ATM,52,643,5.5,84001.75,143.16,152,26,8.6,2.78,0,5,0,0
4,0,1,Germany,Manchester,Gaming,Credit Card,Desktop,47,738,1.1,1479.67,20.23,147,13,89.9,0.56,0,1,0,0
8,0,0,USA,Rio,Restaurant,Mobile Payment,POS Terminal,51,655,5.8,3221.96,17.82,152,21,26.7,7.38,0,0,0,0
19,1,0,USA,Los Angeles,Gaming,Mobile Payment,Desktop,18,653,1.9,25290.84,49.11,142,18,3.4,6.46,0,1,0,0
13,1,0,USA,London,Entertainment,Debit Card,POS Terminal,57,569,0.7,998.96,125.13,138,17,11.1,20.39,0,0,0,0
23,0,1,Australia,Mexico City,Healthcare,Credit Card,Desktop,54,608,2.8,39137.57,52.13,169,16,8.8,36.99,0,0,0,0
20,1,0,Australia,Melbourne,Electronics,Crypto,ATM,47,749,7.9,3656.87,735.61,153,25,0.4,12.56,1,0,1,0
13,1,0,France,Mexico City,Fuel,Mobile Payment,ATM,44,677,9.3,3926.42,102.32,153,20,19.5,22.19,0,0,0,0
10,0,0,Australia,Mexico City,Education,Credit Card,Tablet,54,697,1.8,13485.83,22.58,141,25,20.1,3.81,0,0,0,0
11,0,0,Mexico,Sydney,Fuel,Credit Card,Desktop,43,591,5.1,6046.36,138.24,136,22,15.6,24.36,0,0,0,0
3,1,1,France,New York,Gaming,Debit Card,Mobile,28,687,3.3,2954.47,36.98,152,17,29.2,1.54,0,0,0,0
5,0,1,Canada,São Paulo,Healthcare,Mobile Payment,Desktop,29,599,14.5,3199.43,6.0,146,16,18.6,4.05,0,2,0,0
15,0,0,USA,Delhi,Entertainment,Bank Transfer,POS Terminal,60,850,0.4,18078.82,133.19,167,15,7.4,0.71,0,0,1,0
5,0,1,Australia,São Paulo,Education,Credit Card,Mobile,45,749,4.6,6256.91,42.55,120,24,11.9,15.6,0,2,1,0
16,0,0,USA,Toronto,Crypto Exchange,Debit Card,Desktop,55,701,3.3,2223.55,31.77,154,19,1.8,16.22,1,0,0,0
14,0,0,France,Toronto,Education,Credit Card,Tablet,45,671,2.5,19382.44,6.08,146,15,33.2,0.99,0,0,0,0
2,0,1,UK,Rio,Crypto Exchange,Credit Card,Mobile,53,756,4.1,3345.05,44.76,142,21,15.1,1.19,0,0,0,0
20,1,0,Australia,Sydney,ATM Withdrawal,Credit Card,Desktop,43,663,16.9,10035.91,69.97,146,19,56.2,6.28,0,0,0,0
13,0,0,France,Delhi,Utilities,Debit Card,Desktop,41,655,0.6,5296.55,20.51,142,20,32.2,9.6,0,0,0,0
9,1,0,Mexico,Manchester,Entertainment,Credit Card,ATM,38,605,1.5,65931.82,3.9,144,15,13.1,22.41,1,0,0,0
16,0,0,Australia,Berlin,Travel,Credit Card,Desktop,22,557,1.6,1046.81,291.66,156,21,6.9,18.51,0,1,0,0
18,1,0,India,Vancouver,Grocery,Debit Card,Mobile,52,699,3.4,142532.09,17.98,139,26,1.1,9.77,0,0,0,0
4,0,1,USA,Mexico City,Fuel,Debit Card,Mobile,44,556,11.8,1781.7,185.76,138,26,5.1,1.06,1,0,1,0
9,0,0,India,São Paulo,Utilities,Credit Card,Mobile,46,660,0.3,13485.67,7.93,139,20,2.0,13.2,0,0,0,0
10,0,0,France,Osaka,Entertainment,Credit Card,POS Terminal,53,680,1.8,5640.98,68.37,147,18,29.5,5.69,0,0,0,0
20,0,0,Brazil,Paris,Fuel,Debit Card,POS Terminal,50,582,0.9,3206.22,30.83,141,16,23.2,34.52,0,0,0,0
8,0,0,UK,Delhi,Education,Bank Transfer,Mobile,58,605,8.6,8888.84,104.16,145,18,39.4,0.12,0,0,0,0
19,1,0,USA,Munich,Grocery,Debit Card,ATM,61,688,2.3,6954.31,11.92,145,20,57.6,28.47,1,3,0,0
15,0,0,Germany,Mumbai,Restaurant,Debit Card,ATM,18,625,0.6,3830.69,22.15,142,23,24.8,13.05,0,0,0,0
15,0,0,India,Melbourne,ATM Withdrawal,Credit Card,POS Terminal,51,669,10.5,69122.39,10.42,145,21,26.9,0.2,0,0,0,0
13,0,0,USA,Melbourne,Utilities,Credit Card,Mobile,33,640,9.9,5213.37,24.39,160,11,12.7,3.75,0,2,1,1
11,1,0,USA,São Paulo,Crypto Exchange,Mobile Payment,Mobile,80,504,1.6,9056.81,95.61,156,21,10.8,5.4,1,1,0,0
16,0,0,Mexico,Mumbai,Crypto Exchange,Credit Card,Mobile,49,617,7.4,6965.97,58.79,158,13,2.2,1.79,0,0,0,0
3,1,1,USA,Lyon,Jewelry,Debit Card,Tablet,38,783,0.1,13836.54,119.57,170,27,10.7,4.22,0,0,0,0
12,0,0,France,London,Electronics,Credit Card,Desktop,51,620,1.7,1569.68,3708.13,152,20,12.9,21.84,1,0,0,0
15,0,0,USA,Mexico City,Electronics,Credit Card,ATM,57,723,2.5,10860.69,69.13,167,16,0.7,7.33,0,0,0,0
17,0,0,Germany,New York,Restaurant,Bank Transfer,Tablet,50,606,2.5,4172.62,159.16,180,19,26.0,25.36,0,0,1,0
12,1,0,Japan,London,Healthcare,Crypto,Mobile,36,672,0.3,3708.83,56.64,180,21,7.8,0.4,0,3,0,0
16,0,0,USA,New York,Gaming,Debit Card,Mobile,37,599,2.5,54382.01,12.79,155,20,8.4,6.59,0,0,0,0
11,0,0,Canada,Melbourne,Entertainment,Crypto,Mobile,53,682,4.9,6066.66,142.54,158,23,15.0,10.29,0,0,0,0
19,1,0,Canada,Osaka,Restaurant,Mobile Payment,Desktop,24,669,0.7,33006.43,81.88,138,11,57.9,3.89,0,3,0,0
17,0,0,India,Los Angeles,Entertainment,Bank Transfer,POS Terminal,60,809,5.3,8439.95,52.31,122,18,4.3,20.82,0,0,0,0
1,0,1,UK,Tokyo,Travel,Debit Card,Tablet,20,673,9.4,3152.58,337.74,161,14,7.5,20.62,0,0,0,0
16,1,0,Canada,Tokyo,Fuel,Credit Card,Mobile,30,785,1.4,2504.09,15.71,142,22,22.3,0.83,0,0,0,0
9,0,0,Canada,São Paulo,Clothing,Credit Card,POS Terminal,28,505,5.8,15021.03,667.75,146,23,30.6,12.98,1,0,0,0
17,0,0,UK,London,Education,Debit Card,ATM,31,768,0.1,3844.29,64.96,133,24,11.2,6.54,1,0,0,1
4,0,1,Germany,Berlin,Fuel,Cheque,Desktop,46,767,4.2,4103.96,32.89,158,17,15.8,15.5,0,0,0,0
6,0,1,Brazil,Berlin,Jewelry,Debit Card,ATM,32,619,1.0,4458.41,466.72,138,20,24.6,10.84,0,0,0,0
7,0,0,Germany,Toronto,Utilities,Debit Card,Mobile,41,717,6.3,33853.53,47.97,160,17,0.1,14.57,1,1,0,0
16,0,0,UK,Delhi,Fuel,Debit Card,Desktop,45,804,4.3,14529.49,26.74,151,17,42.7,26.06,0,0,0,0
0,0,1,USA,Tokyo,ATM Withdrawal,Bank Transfer,ATM,47,617,10.0,4659.07,16.66,117,19,35.8,15.37,1,0,0,0
21,0,0,UK,São Paulo,Crypto Exchange,Credit Card,Desktop,28,737,1.0,7731.49,33.37,148,25,19.7,18.29,1,0,0,0
0,0,1,USA,Mexico City,Healthcare,Credit Card,ATM,29,644,0.6,4072.18,25.33,158,26,0.0,7.06,0,2,0,0
15,1,0,USA,Rio,Travel,Credit Card,Mobile,32,743,5.6,23923.68,1269.36,132,22,30.2,7.73,1,0,0,0
16,0,0,India,Melbourne,Crypto Exchange,Debit Card,Mobile,38,619,6.4,3777.86,33.53,158,16,6.3,2.49,1,0,0,0
18,0,0,Japan,Munich,Jewelry,Credit Card,Mobile,43,673,3.8,4503.26,583.18,147,22,35.1,1.78,0,0,0,0
18,0,0,USA,New York,Travel,Credit Card,Desktop,40,677,2.8,3767.09,91.4,159,15,22.4,18.44,0,0,0,0
0,0,1,UK,Osaka,Online Shopping,Credit Card,Mobile,18,650,8.6,21789.53,37.37,142,25,32.2,2.26,0,0,0,0
21,1,0,Brazil,Mexico City,Utilities,Debit Card,POS Terminal,18,714,0.3,5006.14,100.09,150,21,18.9,24.45,1,0,0,0
14,0,0,UK,Mexico City,Online Shopping,Credit Card,ATM,42,850,0.7,32911.82,132.42,143,12,4.5,18.76,0,0,0,0
5,0,1,India,Berlin,Gaming,Crypto,Tablet,40,734,3.7,3314.2,144.73,143,21,5.3,36.86,0,0,0,0
11,1,0,USA,Mumbai,Electronics,Credit Card,Mobile,54,744,7.1,17124.22,1693.2,153,24,47.0,4.52,0,0,0,0
18,0,0,Canada,Sydney,Healthcare,Debit Card,POS Terminal,73,763,0.9,15579.24,27.57,185,20,0.3,25.15,0,0,0,0
13,0,0,UK,Sydney,Travel,Mobile Payment,Desktop,35,620,0.6,11101.7,402.32,137,23,35.0,6.64,1,0,0,0
1,0,1,UK,Munich,Gaming,Bank Transfer,Desktop,24,693,6.6,4637.17,67.25,140,19,10.2,24.12,0,0,0,0
0,0,1,USA,Melbourne,Healthcare,Debit Card,Mobile,69,666,2.7,9006.24,13.24,150,24,4.7,4.07,0,0,0,0
9,1,0,France,Sydney,Electronics,Cheque,Desktop,45,589,2.3,26331.04,154.22,141,23,28.7,16.87,0,0,0,0
10,0,0,India,Lyon,Fuel,Bank Transfer,Mobile,46,615,9.4,36060.62,206.62,153,25,16.6,5.84,0,0,0,0
11,1,0,USA,Toronto,Education,Mobile Payment,Desktop,44,495,3.4,2829.42,80.81,153,26,44.5,13.57,0,0,0,1
6,1,1,USA,Mumbai,Grocery,Debit Card,Mobile,45,638,4.4,17574.52,3.5,145,15,26.7,8.55,1,0,0,0
18,0,0,UK,Guadalajara,Utilities,Mobile Payment,Mobile,60,650,0.3,46849.29,111.29,162,27,0.6,6.34,0,0,0,0
21,0,0,USA,Munich,Crypto Exchange,Credit Card,ATM,18,620,1.8,5885.08,13.15,170,15,11.8,30.21,0,0,0,0
8,0,0,Germany,São Paulo,Fuel,Debit Card,Mobile,49,632,4.4,3112.4,25.08,129,24,4.8,15.74,0,0,0,0
17,1,0,India,Berlin,Entertainment,Debit Card,Desktop,71,706,5.2,106227.98,185.77,145,27,29.4,15.96,0,0,0,0
4,0,1,Japan,Munich,Electronics,Crypto,Mobile,44,733,6.5,60105.63,902.64,136,22,9.3,0.39,0,0,0,0
6,1,1,UK,Tokyo,Grocery,Credit Card,ATM,29,654,0.7,46287.72,90.96,142,22,1.5,5.59,0,0,0,0
4,1,1,UK,Los Angeles,Travel,Debit Card,ATM,57,806,0.1,6110.89,225.74,163,14,1.8,3.44,1,2,1,0
12,1,0,Mexico,Berlin,Travel,Debit Card,ATM,43,666,5.3,36248.54,312.1,157,21,41.0,6.8,0,0,1,0
0,0,1,Canada,Toronto,Electronics,Credit Card,ATM,51,592,4.9,28883.31,88.61,149,21,3.9,31.48,0,0,0,0
10,1,0,USA,Vancouver,Restaurant,Bank Transfer,ATM,43,720,5.3,10494.62,9.07,139,12,20.8,18.69,0,4,0,1
16,0,0,Brazil,Los Angeles,Electronics,Debit Card,Desktop,53,660,3.1,3360.47,3149.57,141,19,12.3,36.46,0,3,0,0
18,0,0,India,Munich,Gaming,Credit Card,Desktop,70,678,2.5,4445.01,107.2,143,14,6.7,19.81,0,0,0,0
16,0,0,USA,Melbourne,Gaming,Credit Card,Mobile,34,724,8.3,50258.53,9.13,170,25,32.7,0.3,0,0,0,0
12,0,0,Germany,São Paulo,ATM Withdrawal,Mobile Payment,Tablet,47,753,10.0,5955.81,158.48,151,15,5.9,1.93,0,0,0,0
3,0,1,Mexico,Delhi,Electronics,Debit Card,Mobile,30,702,0.2,3122.46,700.18,153,16,3.0,14.15,0,1,1,0
23,0,1,Germany,Sydney,Grocery,Debit Card,Tablet,28,653,2.6,5204.89,167.85,157,23,12.4,8.95,0,0,0,0
14,1,0,USA,Delhi,Gaming,Credit Card,ATM,27,723,1.5,6719.78,18.56,133,17,56.2,1.35,0,1,0,0
6,0,1,USA,Tokyo,Grocery,Bank Transfer,Desktop,56,726,0.9,28236.94,71.58,149,12,13.5,3.56,0,0,0,0
2,0,1,India,Munich,Fuel,Bank Transfer,Desktop,30,730,23.0,24456.86,190.7,127,23,23.5,28.65,0,0,0,0
23,1,1,Germany,Melbourne,Restaurant,Debit Card,Mobile,53,758,1.8,7768.79,64.28,138,18,33.9,3.46,0,0,0,0
17,0,0,UK,Guadalajara,Crypto Exchange,Credit Card,Tablet,46,505,7.7,816.81,99.97,148,12,2.9,28.55,0,3,0,0
22,0,1,Brazil,Osaka,Restaurant,Bank Transfer,Mobile,55,664,0.5,2682.68,46.27,136,13,9.0,0.15,0,1,0,0
14,1,0,Canada,Delhi,Clothing,Bank Transfer,Mobile,53,577,10.1,7120.41,37.55,173,15,52.2,16.17,1,1,0,0
17,1,0,USA,London,Travel,Mobile Payment,Mobile,24,754,1.5,1167.3,186.44,137,15,1.4,2.03,0,0,0,0
12,1,0,Brazil,Toronto,Utilities,Debit Card,ATM,53,651,1.8,3949.56,170.48,154,17,37.5,0.07,0,0,0,1
23,1,1,Germany,Osaka,Restaurant,Debit Card,POS Terminal,59,785,3.8,7870.74,149.69,152,16,33.8,4.34,0,1,0,0
5,0,1,UK,Mexico City,Fuel,Mobile Payment,ATM,41,613,2.5,8883.63,38.57,140,27,5.2,10.74,1,2,0,0
23,1,1,USA,Guadalajara,Jewelry,Credit Card,Tablet,32,638,2.9,11992.48,174.21,138,18,7.1,7.31,0,0,0,0
16,0,0,Germany,Mexico City,Restaurant,Credit Card,Desktop,21,643,1.9,1616.02,198.04,164,17,6.0,7.5,0,0,0,0
5,0,1,UK,Mumbai,Healthcare,Debit Card,Mobile,41,705,2.0,21109.02,24.07,132,22,10.5,23.49,0,0,0,0
2,0,1,Japan,Rio,Fuel,Credit Card,Mobile,29,755,2.7,18601.44,261.27,165,24,1.9,6.12,0,0,0,0
14,0,0,Canada,São Paulo,ATM Withdrawal,Mobile Payment,Desktop,46,571,0.2,2692.03,108.61,162,16,13.5,2.33,0,0,1,0
15,1,0,India,Osaka,Crypto Exchange,Mobile Payment,Tablet,40,816,2.3,902.82,30.58,149,25,37.6,6.47,0,2,0,0
12,1,0,USA,Tokyo,Entertainment,Mobile Payment,Mobile,33,734,3.6,9575.88,20.53,145,21,43.9,5.51,1,0,0,0
12,1,0,USA,Manchester,Education,Crypto,POS Terminal,42,719,5.8,23850.62,368.83,145,11,24.7,29.26,0,1,0,0
4,0,1,Mexico,Manchester,Crypto Exchange,Debit Card,Desktop,69,508,17.4,17077.06,103.06,158,29,41.5,48.85,0,0,0,0
16,1,0,India,Manchester,ATM Withdrawal,Mobile Payment,ATM,27,555,3.6,139231.75,21.53,145,17,20.5,6.18,1,1,0,0
13,0,0,USA,Rio,Online Shopping,Bank Transfer,Mobile,28,581,4.9,12509.7,21.52,150,23,24.3,27.05,1,0,0,0
20,0,0,USA,Rio,Clothing,Bank Transfer,Mobile,40,773,13.4,773.52,66.02,139,16,19.7,1.01,0,0,0,0
22,0,1,USA,Paris,Clothing,Mobile Payment,Desktop,62,700,2.9,17166.31,42.41,141,18,6.0,12.5,0,0,0,0
10,1,0,India,Mumbai,Crypto Exchange,Mobile Payment,Tablet,43,629,2.5,122881.08,98.51,156,31,34.0,34.17,1,0,0,0
5,0,1,USA,Mexico City,Travel,Bank Transfer,Desktop,57,618,1.5,7034.9,99.56,154,21,9.1,6.03,1,0,0,0
20,1,0,India,Manchester,Entertainment,Credit Card,Mobile,29,575,8.3,1556.37,15.65,146,21,20.3,29.4,0,0,0,0
23,1,1,UK,Mexico City,Utilities,Bank Transfer,Mobile,49,710,7.2,2187.34,7.39,137,19,31.5,16.53,0,0,0,0
6,0,1,Brazil,Delhi,Jewelry,Debit Card,ATM,47,545,8.4,6983.86,1123.81,164,17,43.3,15.54,0,0,0,0
6,1,1,Japan,Guadalajara,Online Shopping,Credit Card,Desktop,18,677,21.0,29649.19,47.39,150,27,71.9,12.77,0,0,0,0
0,1,1,India,São Paulo,ATM Withdrawal,Bank Transfer,Mobile,60,765,0.1,435.9,66.28,152,18,9.8,8.12,0,0,0,0
20,1,0,France,Delhi,Entertainment,Bank Transfer,POS Terminal,23,655,1.0,13143.35,39.88,146,20,8.1,23.93,0,0,1,0
20,0,0,France,Rio,ATM Withdrawal,Debit Card,POS Terminal,76,557,3.0,4007.96,23.92,148,19,8.3,35.57,0,0,0,0
22,0,1,USA,Los Angeles,Grocery,Credit Card,Desktop,59,703,4.4,8934.37,59.89,141,15,32.9,8.71,0,0,0,0
13,0,0,USA,New York,Education,Credit Card,ATM,62,671,3.1,12487.77,9.21,162,28,14.6,18.64,0,0,0,0
23,0,1,Brazil,Paris,Travel,Credit Card,Mobile,59,759,12.5,1686.39,436.86,144,12,26.0,6.76,0,0,1,0
16,1,0,India,Rio,Jewelry,Credit Card,Mobile,55,576,8.1,6124.44,334.29,154,18,23.7,0.6,0,0,0,0
11,1,0,Japan,Munich,Entertainment,Mobile Payment,Desktop,46,551,18.5,6664.27,344.82,183,21,7.2,10.83,0,0,0,0
11,0,0,UK,Guadalajara,Travel,Credit Card,Desktop,33,708,1.4,17424.52,324.12,154,18,40.0,18.6,0,0,1,0
5,0,1,USA,Mumbai,ATM Withdrawal,Credit Card,Mobile,20,723,10.4,3639.49,85.7,148,20,2.2,15.25,1,0,0,0
5,1,1,USA,Munich,Restaurant,Bank Transfer,Mobile,52,680,6.9,3254.02,27.97,134,24,21.6,2.86,0,0,0,0
11,0,0,France,Berlin,Education,Credit Card,Mobile,46,637,3.2,6610.34,100.25,140,14,9.3,21.48,0,0,1,0
6,0,1,Japan,Mumbai,Restaurant,Mobile Payment,Mobile,24,594,4.6,2344.65,364.52,161,19,14.3,22.97,0,0,0,0
1,0,1,Mexico,New York,Jewelry,Credit Card,Mobile,75,615,4.0,2714.61,113.6,156,25,23.6,8.6,0,0,0,0
12,1,0,USA,Munich,Electronics,Cheque,POS Terminal,57,532,0.8,1285.09,464.1,166,18,94.9,14.26,0,0,0,0
6,1,1,Australia,Mexico City,Fuel,Debit Card,ATM,38,614,1.5,5810.74,110.3,175,25,58.4,14.94,0,0,0,0
8,0,0,Japan,São Paulo,Gaming,Debit Card,ATM,28,722,4.8,20218.96,18.99,133,16,12.0,22.25,1,0,0,0
7,0,0,Brazil,Vancouver,Electronics,Mobile Payment,Mobile,36,590,7.2,2059.86,616.17,153,18,3.5,4.09,0,0,0,0
15,0,0,Brazil,Lyon,Restaurant,Bank Transfer,Desktop,20,687,3.3,12923.03,203.79,173,23,6.6,11.28,0,0,0,0
5,0,1,Japan,London,Restaurant,Bank Transfer,Mobile,58,653,5.4,6275.06,313.6,146,27,113.2,0.7,0,5,0,0
18,0,0,USA,New York,Electronics,Bank Transfer,Mobile,44,668,5.3,8394.81,92.83,129,17,9.3,5.29,0,0,0,0
18,1,0,USA,São Paulo,Crypto Exchange,Mobile Payment,Tablet,25,610,6.1,10254.68,29.2,154,19,40.0,5.3,0,0,0,0
21,0,0,Brazil,Los Angeles,ATM Withdrawal,Mobile Payment,ATM,59,602,6.7,1189.6,15.81,141,26,27.2,2.46,0,0,0,0
12,1,0,USA,London,Travel,Credit Card,Desktop,34,759,6.2,4474.08,856.82,135,17,11.7,0.93,0,0,0,0
20,1,0,Germany,New York,Clothing,Bank Transfer,POS Terminal,48,641,1.0,93960.22,83.46,161,15,11.8,3.35,0,0,0,0
10,0,0,India,Berlin,Electronics,Debit Card,Desktop,48,804,1.6,34891.2,526.35,124,21,11.9,9.72,0,0,0,0
7,0,0,Brazil,Mexico City,Healthcare,Debit Card,Mobile,18,688,9.4,40600.92,87.37,149,24,9.4,26.62,0,0,0,0
1,0,1,USA,Los Angeles,Online Shopping,Debit Card,Desktop,37,812,2.7,11302.72,79.53,150,26,32.1,4.93,0,0,0,1
21,0,0,USA,Los Angeles,Healthcare,Debit Card,Mobile,39,751,0.6,16472.82,9.3,146,15,3.5,11.7,0,1,0,0
5,0,1,UK,Melbourne,Online Shopping,Credit Card,Tablet,73,659,0.9,10236.32,140.88,136,18,18.8,3.22,1,0,0,0
18,0,0,USA,Mumbai,Grocery,Debit Card,Mobile,45,719,1.2,6614.06,36.23,161,18,0.5,2.22,0,0,0,0
6,0,1,Germany,Rio,Fuel,Crypto,Tablet,58,650,0.9,8875.13,45.15,153,24,50.2,33.65,0,0,0,0
0,0,1,UK,Munich,Education,Debit Card,Desktop,37,749,3.7,8681.45,80.63,169,22,11.5,2.64,0,0,0,1
18,0,0,USA,Paris,Gaming,Bank Transfer,POS Terminal,39,651,1.7,14935.91,168.38,159,22,11.5,8.78,1,0,0,0
20,0,0,India,Sydney,Clothing,Debit Card,Mobile,52,698,1.1,4761.9,30.4,162,16,5.9,9.98,0,0,0,0
7,1,0,Germany,Osaka,Healthcare,Credit Card,Mobile,48,726,16.8,36394.42,31.98,154,20,33.4,5.1,0,0,0,0
0,0,1,India,Berlin,Entertainment,Credit Card,POS Terminal,45,688,3.2,699.42,42.08,138,18,0.4,10.97,1,0,0,0
3,0,1,UK,Sydney,Travel,Debit Card,POS Terminal,49,735,3.8,56065.91,815.22,136,18,9.3,0.06,0,0,0,0
20,1,0,USA,Mexico City,Healthcare,Debit Card,Mobile,38,583,0.6,4038.04,103.77,174,23,15.8,0.38,0,0,0,0
22,1,1,USA,Sydney,Gaming,Credit Card,Desktop,51,738,5.5,24124.18,14.25,156,23,17.9,35.47,0,0,0,0
8,1,0,India,Mexico City,Utilities,Bank Transfer,Tablet,30,547,4.6,4758.36,12.26,170,26,5.7,0.78,0,0,1,0
20,0,0,USA,Munich,Healthcare,Debit Card,ATM,49,671,15.6,14402.98,312.52,186,23,40.1,3.03,0,0,0,0
13,0,0,Brazil,Munich,Gaming,Credit Card,Mobile,62,703,12.5,3295.95,41.72,154,18,32.4,17.52,0,0,0,0
7,0,0,France,Lyon,Utilities,Credit Card,Mobile,39,669,3.6,13044.91,9.79,145,20,50.7,10.35,1,0,0,0
0,1,1,France,New York,Crypto Exchange,Crypto,Desktop,37,821,5.4,6092.53,23.9,160,18,36.1,0.28,1,0,0,0
1,0,1,France,London,Entertainment,Mobile Payment,Mobile,41,725,9.0,8271.91,85.39,147,21,26.8,35.53,0,0,0,1
19,0,0,India,Tokyo,Online Shopping,Credit Card,POS Terminal,33,669,6.7,8480.69,45.04,166,14,8.0,4.71,0,0,0,0
1,0,1,India,London,Restaurant,Mobile Payment,Mobile,27,736,4.0,16732.8,62.37,151,24,38.8,43.3,0,0,0,0
5,1,1,USA,Toronto,Education,Crypto,Mobile,41,453,5.2,2860.37,24.96,145,27,37.3,13.76,0,1,0,0
9,0,0,USA,Rio,Jewelry,Credit Card,Tablet,35,802,5.7,22218.32,210.76,154,19,1.9,26.53,0,0,0,0
22,1,1,Japan,London,Gaming,Credit Card,Desktop,43,684,1.8,4505.28,162.72,137,14,47.0,11.51,0,0,0,0
17,0,0,Germany,Sydney,Clothing,Bank Transfer,Desktop,34,771,0.5,91737.27,22.13,149,18,0.8,6.35,1,0,0,0
3,0,1,Canada,Munich,Healthcare,Credit Card,Desktop,36,582,2.3,1748.99,95.7,155,19,17.2,0.99,0,2,0,0
22,0,1,USA,Vancouver,Grocery,Credit Card,ATM,19,532,6.9,10406.06,2.89,163,17,3.5,5.78,0,0,0,0
21,1,0,USA,Tokyo,Jewelry,Debit Card,Tablet,38,733,2.2,38057.74,6583.16,158,26,4.6,24.66,0,0,1,0
20,0,0,Germany,Manchester,Utilities,Credit Card,POS Terminal,68,620,11.2,3942.97,15.83,131,21,8.6,10.71,1,2,0,0
7,0,0,UK,Munich,Clothing,Debit Card,Mobile,68,692,2.8,10709.68,49.77,144,24,24.5,22.95,0,0,1,0
21,0,0,Brazil,Vancouver,Fuel,Mobile Payment,Tablet,58,687,1.3,672.57,329.69,151,17,6.3,8.68,0,0,0,0
0,1,1,Brazil,Osaka,Electronics,Bank Transfer,Mobile,34,526,0.5,20679.08,55.72,162,25,16.3,3.24,0,0,0,0
16,0,0,UK,Berlin,Gaming,Credit Card,ATM,54,667,2.1,7893.48,58.28,128,19,1.9,23.63,0,0,0,0
14,0,0,Germany,Manchester,Travel,Debit Card,Mobile,55,739,9.2,6190.86,211.09,156,24,0.8,25.4,0,0,0,0
22,1,1,Japan,Los Angeles,Grocery,Mobile Payment,Mobile,37,732,0.8,10876.29,161.18,138,20,0.1,2.79,0,0,0,0
23,0,1,USA,Munich,Travel,Credit Card,Mobile,58,582,9.1,16328.71,349.08,144,18,3.8,16.1,0,2,0,0
23,0,1,Canada,Osaka,Fuel,Crypto,ATM,47,674,4.2,8006.71,117.57,144,24,36.4,9.83,0,3,1,0
15,0,0,USA,Rio,Education,Mobile Payment,Desktop,60,584,0.6,7777.64,109.13,158,9,34.6,4.42,0,0,0,0
23,0,1,Germany,Osaka,Fuel,Mobile Payment,Desktop,64,672,7.7,922.03,45.46,167,19,60.0,7.51,0,0,0,0
21,0,0,Germany,São Paulo,Travel,Debit Card,POS Terminal,42,688,7.9,1586.16,445.12,143,19,3.5,21.26,0,0,0,0
23,0,1,Japan,Sydney,ATM Withdrawal,Debit Card,Tablet,33,781,5.6,3673.89,170.59,150,20,84.0,14.77,0,0,1,0
14,1,0,France,Rio,Electronics,Debit Card,Mobile,43,764,3.3,9188.38,639.1,151,22,92.2,7.23,0,0,0,0
10,1,0,UK,Lyon,Clothing,Credit Card,Desktop,18,478,3.0,4686.0,13.72,133,14,13.3,18.08,0,0,0,0
0,1,1,Japan,Los Angeles,Online Shopping,Mobile Payment,Mobile,23,850,5.3,8036.63,27.62,130,20,58.4,24.64,0,1,0,0
18,0,0,Mexico,Los Angeles,Entertainment,Credit Card,POS Terminal,38,611,6.2,2315.15,37.31,151,18,11.4,1.88,1,0,0,0
22,0,1,USA,Toronto,Fuel,Credit Card,Mobile,33,710,1.4,32919.27,50.45,135,27,2.6,0.44,0,0,0,0
15,0,0,UK,Berlin,Online Shopping,Credit Card,POS Terminal,49,628,3.4,1172.02,36.1,125,21,6.5,10.55,1,1,0,0
18,0,0,Brazil,Toronto,Jewelry,Credit Card,Tablet,20,587,7.1,9085.09,753.48,131,23,33.6,3.34,0,0,0,0
4,0,1,India,São Paulo,Electronics,Credit Card,Mobile,43,782,0.7,541.99,279.67,149,22,56.2,20.96,1,0,0,0
7,0,0,Germany,Guadalajara,Healthcare,Credit Card,Mobile,45,721,1.2,6652.84,47.75,146,16,6.0,11.58,0,1,0,0
13,0,0,UK,Mexico City,Travel,Credit Card,POS Terminal,40,667,2.1,4544.34,1100.92,155,21,18.1,0.02,0,0,1,0
23,0,1,India,Mexico City,Fuel,Mobile Payment,Mobile,50,730,1.7,37672.8,68.1,129,19,69.8,11.5,1,0,0,0
2,0,1,USA,Toronto,Travel,Debit Card,Mobile,50,804,8.0,36558.17,133.96,154,18,4.5,2.43,0,0,0,0
20,0,0,Brazil,Berlin,Restaurant,Bank Transfer,Desktop,36,675,9.7,724.09,21.31,150,26,24.8,1.21,0,0,0,0
13,0,0,France,London,Utilities,Debit Card,Mobile,45,649,2.8,36190.66,153.85,139,13,15.8,2.24,0,0,0,0
1,0,1,France,Tokyo,Education,Cheque,Desktop,42,850,2.5,27899.86,127.56,145,17,3.7,22.64,0,0,0,0
3,0,1,USA,Paris,Jewelry,Credit Card,Desktop,54,603,1.2,5347.95,240.19,134,25,5.4,0.26,1,0,0,0
18,0,0,Canada,São Paulo,Healthcare,Bank Transfer,Tablet,33,728,2.9,29806.33,12.19,153,26,37.5,0.91,0,0,0,0
22,0,1,Brazil,New York,Utilities,Crypto,ATM,20,574,1.6,6366.48,90.03,130,13,25.7,5.77,0,3,0,0
15,1,0,Brazil,Paris,Education,Credit Card,Mobile,36,759,1.8,1974.35,28.91,151,17,0.7,0.68,1,0,0,0
18,0,0,USA,Osaka,Restaurant,Debit Card,POS Terminal,25,518,2.4,79215.35,81.9,130,19,57.7,6.22,0,0,0,0
22,0,1,Germany,Munich,Jewelry,Debit Card,ATM,69,679,1.9,12419.52,46.25,148,17,5.6,2.55,0,0,0,1
4,0,1,USA,Mumbai,Online Shopping,Debit Card,Mobile,22,774,6.7,44664.63,150.36,136,21,8.1,15.71,0,0,0,0
2,0,1,Germany,Osaka,ATM Withdrawal,Credit Card,Desktop,27,677,3.5,3637.13,104.67,145,20,7.5,10.25,0,0,0,0
6,0,1,USA,Vancouver,Healthcare,Credit Card,Mobile,26,707,4.3,5035.39,35.87,170,18,7.4,8.08,0,0,0,0
4,0,1,Canada,Sydney,Clothing,Debit Card,Mobile,48,685,14.3,7546.44,194.63,143,19,44.4,8.84,0,0,0,0
6,1,1,USA,Guadalajara,Utilities,Bank Transfer,Mobile,33,658,2.2,64406.45,44.02,179,23,16.4,27.2,0,0,0,0
5,1,1,France,Munich,Grocery,Credit Card,Mobile,50,699,8.3,29651.79,8.94,163,14,45.9,27.96,0,0,0,0
20,0,0,USA,New York,Education,Debit Card,Mobile,18,618,3.0,1813.02,65.99,159,27,12.1,4.61,0,1,0,0
3,0,1,USA,Mexico City,Healthcare,Debit Card,Desktop,58,649,0.5,1963.37,83.0,160,22,1.8,1.24,1,0,1,0
15,0,0,Mexico,Paris,Education,Credit Card,Desktop,52,760,1.9,6453.24,21.18,120,15,22.7,14.64,0,0,0,0
22,1,1,UK,Melbourne,Education,Cheque,Mobile,39,638,2.2,10050.36,4.69,134,22,26.0,42.3,0,0,0,0
12,0,0,UK,Tokyo,Restaurant,Credit Card,Tablet,48,677,7.2,16203.92,7.58,140,25,11.0,10.92,1,0,0,0
9,0,0,UK,Guadalajara,Restaurant,Credit Card,Mobile,45,839,3.0,5112.49,289.98,148,23,3.6,5.93,1,5,0,0
4,0,1,India,Melbourne,Healthcare,Credit Card,Mobile,41,641,2.0,30911.73,105.85,164,21,49.1,4.74,1,1,1,0
22,0,1,Brazil,Mexico City,Crypto Exchange,Crypto,Mobile,38,798,0.6,10120.85,154.56,164,16,12.8,13.03,0,0,0,0
12,1,0,France,Mexico City,ATM Withdrawal,Credit Card,Desktop,26,765,2.2,3040.35,12.5,148,20,30.4,23.18,0,0,0,0
14,0,0,Canada,Berlin,Clothing,Credit Card,POS Terminal,40,683,0.6,14750.28,54.12,156,19,53.3,3.17,0,0,0,0
20,0,0,Germany,Rio,Healthcare,Credit Card,ATM,39,701,15.9,38084.24,45.88,138,11,1.8,19.49,0,0,0,0
3,0,1,Germany,Tokyo,Jewelry,Bank Transfer,Mobile,34,850,8.0,4252.73,338.84,165,12,35.1,14.46,0,0,0,0
18,0,0,USA,Tokyo,Entertainment,Debit Card,Desktop,20,513,1.2,14658.62,40.44,156,26,50.6,54.24,0,0,0,0
13,1,0,USA,Munich,Fuel,Credit Card,Desktop,41,773,3.1,7884.98,186.64,153,18,24.9,7.38,0,0,0,0
6,0,1,France,Sydney,Clothing,Credit Card,Mobile,51,548,2.0,9186.08,72.31,131,21,46.4,6.59,0,2,0,1
9,0,0,Mexico,Rio,Grocery,Mobile Payment,Mobile,53,736,4.8,8960.05,56.66,147,18,3.4,7.07,0,1,0,0
10,0,0,Germany,Melbourne,Jewelry,Credit Card,ATM,51,800,1.9,28144.81,622.77,177,18,3.3,1.94,0,3,0,0
13,0,0,USA,Sydney,Electronics,Credit Card,Mobile,56,663,1.7,13562.61,1435.56,149,24,10.8,1.67,0,0,0,0
16,0,0,Australia,Paris,Fuel,Credit Card,POS Terminal,66,659,0.4,6577.72,57.87,149,14,2.4,13.39,0,0,0,0
1,0,1,UK,Toronto,Healthcare,Debit Card,Mobile,48,804,4.8,23423.07,49.81,165,26,4.5,13.75,1,0,0,0
21,0,0,France,Lyon,Fuel,Cheque,ATM,56,672,10.8,23363.97,93.36,127,12,21.8,50.19,0,0,0,0
16,0,0,India,Tokyo,Online Shopping,Debit Card,Mobile,56,692,13.6,23623.19,103.97,138,12,36.2,0.28,0,0,0,0
8,0,0,India,Osaka,ATM Withdrawal,Debit Card,ATM,63,674,13.7,9880.8,24.53,163,25,0.9,5.25,0,0,0,0
21,1,0,Canada,Vancouver,Entertainment,Credit Card,Desktop,22,645,9.2,11296.21,134.32,151,22,14.3,9.95,0,0,0,0
12,1,0,Japan,Melbourne,Clothing,Debit Card,ATM,54,504,1.3,7304.7,65.52,148,14,11.5,9.14,0,0,0,0
14,0,0,Australia,Delhi,Entertainment,Debit Card,Desktop,38,586,1.0,4292.67,108.02,161,22,14.8,5.01,0,0,0,0
13,0,0,France,Melbourne,ATM Withdrawal,Bank Transfer,Mobile,31,617,21.9,4322.32,65.58,168,12,1.9,13.24,1,0,0,0
19,0,0,USA,Sydney,Entertainment,Mobile Payment,Mobile,29,608,6.1,1798.08,20.04,149,17,4.0,2.51,1,0,0,0
3,0,1,Australia,Melbourne,Travel,Debit Card,Desktop,48,695,5.5,2206.27,95.92,145,19,26.1,6.24,0,0,0,0
15,0,0,UK,Guadalajara,Electronics,Debit Card,POS Terminal,49,621,11.3,5718.7,276.26,159,20,49.7,18.09,0,0,0,0
10,1,0,Australia,Lyon,Restaurant,Debit Card,Mobile,19,779,2.0,4241.7,9.18,149,24,68.0,8.68,0,1,0,0
3,1,1,Japan,Munich,Entertainment,Debit Card,ATM,47,588,2.4,18844.79,31.75,150,22,72.7,11.11,1,0,0,0
2,0,1,India,São Paulo,ATM Withdrawal,Credit Card,Desktop,46,671,0.9,1975.55,59.32,156,21,10.7,6.43,1,1,0,0
18,0,0,USA,Rio,Entertainment,Credit Card,Mobile,18,667,9.1,5951.03,24.51,153,25,14.0,4.82,0,0,0,0
22,1,1,Brazil,Tokyo,Jewelry,Crypto,Desktop,50,560,0.8,5035.83,718.19,163,21,17.7,18.78,0,1,0,0
18,0,0,USA,Tokyo,Education,Credit Card,Mobile,33,589,9.5,2290.6,55.52,135,27,22.5,10.94,0,2,0,0
14,0,0,India,Munich,Travel,Bank Transfer,Desktop,18,592,5.6,3365.5,102.43,149,21,3.8,2.07,1,0,0,0
7,0,0,France,Rio,Jewelry,Mobile Payment,Desktop,31,718,2.6,7644.73,1853.27,152,15,12.4,4.03,0,0,0,0
23,0,1,USA,London,Grocery,Credit Card,Desktop,24,696,5.7,24407.09,35.85,167,24,2.9,5.05,0,2,0,0
18,0,0,USA,Vancouver,Grocery,Credit Card,Mobile,57,850,14.8,2473.68,11.02,153,20,7.0,27.15,0,0,0,0
5,0,1,USA,Vancouver,Online Shopping,Mobile Payment,Mobile,19,639,3.2,12227.22,162.87,139,21,3.7,5.69,0,0,0,0
10,0,0,USA,Munich,Fuel,Credit Card,Desktop,41,716,1.8,9545.98,179.31,151,17,6.4,7.63,0,0,0,0
0,0,1,USA,Melbourne,ATM Withdrawal,Crypto,Mobile,27,781,8.0,793.55,25.28,160,15,51.1,21.54,0,0,0,0
22,0,1,Japan,Vancouver,Grocery,Credit Card,Mobile,33,726,8.5,16595.75,50.45,146,21,113.2,15.34,1,0,0,0
1,0,1,Australia,Rio,Grocery,Debit Card,Mobile,51,781,1.2,17150.09,101.64,158,21,27.2,2.24,0,0,0,0
18,0,0,Japan,London,Jewelry,Mobile Payment,POS Terminal,56,660,0.4,5805.39,741.03,123,17,8.5,6.36,0,0,0,0
4,0,1,Brazil,Delhi,Grocery,Debit Card,ATM,25,731,0.1,1791.6,185.8,142,16,1.6,21.05,0,4,0,0
12,0,0,Mexico,Sydney,Grocery,Debit Card,Desktop,42,714,1.5,701.42,171.76,162,17,21.0,14.6,0,0,0,0
3,1,1,USA,São Paulo,Entertainment,Bank Transfer,Desktop,23,599,7.2,2408.75,21.99,150,14,7.2,23.26,1,0,0,0
18,0,0,UK,Tokyo,Electronics,Bank Transfer,Mobile,47,534,0.2,8323.88,671.33,157,26,15.3,10.76,0,0,0,0
4,0,1,Germany,Mumbai,Healthcare,Credit Card,Mobile,53,521,0.4,20894.97,48.91,160,19,3.6,0.19,0,1,1,0
7,0,0,USA,Mexico City,Grocery,Mobile Payment,Tablet,35,757,2.1,4282.73,26.84,127,18,4.1,27.99,1,0,0,0
14,0,0,USA,Sydney,Restaurant,Credit Card,Mobile,28,629,2.2,76618.37,97.37,160,20,29.3,1.45,0,0,0,0
10,0,0,Japan,Lyon,Crypto Exchange,Credit Card,Desktop,59,565,17.8,2959.19,27.5,149,18,10.4,12.07,0,0,0,0
10,0,0,Australia,Tokyo,Crypto Exchange,Crypto,Desktop,24,582,3.8,2821.02,60.68,148,17,13.9,8.33,0,0,0,0
22,0,1,Canada,Osaka,Electronics,Credit Card,Desktop,54,695,1.6,8863.82,217.16,126,17,21.1,0.23,0,0,0,0
20,0,0,France,Toronto,Travel,Debit Card,POS Terminal,55,752,3.3,1501.72,549.74,118,23,4.0,0.56,0,0,0,0
16,0,0,UK,Rio,Clothing,Debit Card,POS Terminal,48,655,1.9,3208.65,30.2,129,17,24.2,12.59,0,0,0,0
17,0,0,USA,Munich,Crypto Exchange,Credit Card,Tablet,26,786,1.0,93880.0,110.03,150,17,4.2,1.55,0,0,0,0
21,0,0,India,Rio,Crypto Exchange,Crypto,Mobile,60,699,0.4,4397.26,61.58,157,17,9.1,3.05,0,0,0,0
7,0,0,USA,Guadalajara,Restaurant,Mobile Payment,ATM,53,719,1.7,7695.43,78.11,165,18,14.8,20.47,0,0,0,0
23,1,1,France,New York,ATM Withdrawal,Crypto,POS Terminal,25,670,2.3,958.34,134.77,139,18,17.8,6.73,0,4,0,0
7,0,0,India,Guadalajara,Fuel,Bank Transfer,ATM,32,763,4.2,21530.41,47.75,139,12,37.3,14.17,0,0,0,0
17,0,0,India,Sydney,Jewelry,Bank Transfer,POS Terminal,59,712,0.4,8581.27,163.47,174,13,61.4,2.55,1,0,0,0
8,0,0,USA,New York,Gaming,Debit Card,Mobile,46,745,3.4,1333.05,19.61,140,22,2.3,0.2,0,0,0,1
19,0,0,India,London,Utilities,Debit Card,Tablet,25,640,0.8,2901.13,209.54,150,9,36.1,50.11,0,3,0,0
8,0,0,Brazil,Sydney,Online Shopping,Crypto,Mobile,62,733,6.9,15050.25,55.05,148,20,27.3,6.84,0,2,0,0
17,0,0,Canada,Melbourne,Utilities,Debit Card,Mobile,35,607,6.3,66179.71,8.0,153,24,7.2,5.4,0,0,0,0
11,0,0,USA,Berlin,Online Shopping,Mobile Payment,Desktop,18,611,9.3,50248.95,72.11,167,21,0.4,67.08,0,0,0,0
19,0,0,Germany,Manchester,Utilities,Mobile Payment,Mobile,48,676,16.8,3252.49,17.27,161,25,32.4,11.55,0,0,0,0
16,0,0,USA,Munich,Entertainment,Credit Card,Tablet,36,681,3.8,734.52,95.17,142,16,15.8,23.47,0,1,0,0
20,0,0,USA,Manchester,Crypto Exchange,Bank Transfer,Desktop,35,830,0.8,452.33,28.99,166,18,3.7,0.35,0,0,0,0
15,1,0,Germany,London,ATM Withdrawal,Cheque,Desktop,48,589,14.0,5754.05,99.5,160,23,1.5,2.56,0,0,0,0
11,0,0,USA,Paris,Fuel,Mobile Payment,Mobile,42,586,3.7,1052.6,16.08,148,16,12.4,5.04,1,0,0,0
2,1,1,USA,Tokyo,Electronics,Credit Card,Mobile,38,826,6.5,20969.1,2593.49,151,12,5.3,0.98,0,0,0,0
3,1,1,USA,Guadalajara,Healthcare,Bank Transfer,POS Terminal,80,527,2.0,32071.37,116.08,158,10,19.5,0.21,0,0,0,0
21,0,0,Australia,Lyon,Education,Credit Card,POS Terminal,35,584,11.0,32543.39,206.86,152,29,6.1,4.27,0,0,0,0
20,0,0,Germany,London,Entertainment,Debit Card,Desktop,37,624,5.8,12014.19,28.17,159,10,5.1,4.98,0,0,1,0
21,1,0,UK,Sydney,ATM Withdrawal,Crypto,Mobile,50,694,5.3,17001.88,30.37,160,17,3.3,29.17,0,1,0,0
15,1,0,USA,Mexico City,Travel,Debit Card,Mobile,41,609,1.8,37852.34,422.9,159,25,16.8,3.69,0,0,0,0
21,0,0,USA,Munich,Online Shopping,Bank Transfer,Mobile,49,611,0.8,2360.38,545.97,150,21,39.6,6.43,0,0,0,0
12,0,0,UK,Tokyo,Education,Credit Card,POS Terminal,58,606,0.9,17904.84,95.59,130,21,5.0,6.95,0,1,0,0
1,1,1,Japan,Lyon,Gaming,Credit Card,Mobile,55,647,30.0,4323.91,14.19,157,18,18.1,0.54,0,4,0,0
3,0,1,USA,Rio,Gaming,Bank Transfer,POS Terminal,19,635,1.5,6477.45,119.55,130,18,5.8,11.35,0,5,0,0
18,0,0,Australia,Berlin,Fuel,Debit Card,Desktop,38,646,6.2,24652.4,42.36,180,18,56.5,3.53,0,0,0,1
6,1,1,Germany,Sydney,Jewelry,Credit Card,Mobile,24,543,4.4,7209.98,1277.33,155,17,39.8,14.15,0,0,0,0
9,0,0,USA,Melbourne,Gaming,Debit Card,Mobile,54,656,1.0,1577.92,34.73,174,20,13.1,1.17,0,0,0,0
5,0,1,Australia,Berlin,Utilities,Credit Card,Mobile,32,575,4.2,2236.2,65.55,172,25,1.5,0.86,1,0,0,0
20,1,0,France,Delhi,Jewelry,Mobile Payment,Mobile,23,505,2.3,15964.61,188.48,124,13,7.6,0.52,0,4,1,0
0,0,1,USA,Guadalajara,Travel,Credit Card,Tablet,73,663,11.7,5880.32,356.33,143,12,31.0,5.24,0,0,0,0
8,1,0,Brazil,Lyon,Grocery,Credit Card,Mobile,30,734,0.3,4289.1,144.63,155,16,3.9,18.11,0,0,0,0
6,0,1,USA,Mexico City,Electronics,Debit Card,Mobile,34,603,5.7,27223.49,281.79,156,25,47.7,2.58,0,0,0,0
3,1,1,UK,Berlin,Gaming,Credit Card,POS Terminal,38,749,2.3,5431.6,124.41,166,26,7.2,8.24,0,0,0,0
17,0,0,India,Paris,Grocery,Debit Card,Mobile,30,641,5.5,20079.07,57.85,133,24,34.0,13.35,0,0,0,0
23,0,1,USA,Mexico City,Electronics,Bank Transfer,Desktop,27,663,4.4,4177.9,335.76,166,20,46.2,14.27,0,0,0,0
2,0,1,USA,Toronto,Fuel,Credit Card,Mobile,51,693,10.6,62273.79,41.13,153,17,2.6,6.9,0,0,0,0
0,0,1,USA,Berlin,Crypto Exchange,Debit Card,POS Terminal,32,830,4.6,1823.66,85.29,144,23,34.5,18.78,1,0,0,0
23,0,1,India,Sydney,Restaurant,Debit Card,Desktop,18,590,5.5,11526.52,46.83,140,18,2.1,7.75,0,1,0,0
2,0,1,UK,Vancouver,Grocery,Bank Transfer,Mobile,33,653,1.5,15406.57,35.21,128,18,8.4,20.04,0,0,0,0
4,1,1,USA,Manchester,Fuel,Debit Card,Desktop,18,652,0.5,3215.21,83.07,150,16,39.1,10.04,0,0,0,0
18,0,0,USA,New York,Electronics,Mobile Payment,ATM,18,705,8.4,21365.36,83.63,169,21,100.6,6.43,0,0,0,0
13,1,0,France,Melbourne,Healthcare,Credit Card,ATM,50,559,3.8,23091.72,7.65,139,22,13.7,0.05,0,0,1,0
9,0,0,USA,Lyon,Grocery,Credit Card,Mobile,58,561,1.6,16353.72,85.25,131,20,23.9,9.72,0,0,0,0
10,0,0,USA,London,Fuel,Debit Card,Desktop,62,740,0.1,1164.67,115.87,152,25,23.3,0.51,0,0,0,0
14,1,0,UK,Los Angeles,Education,Mobile Payment,Mobile,48,764,2.8,12533.38,87.71,145,22,31.7,7.45,1,0,0,0
22,1,1,Brazil,São Paulo,Travel,Credit Card,Desktop,33,635,7.2,19698.74,53.29,139,12,31.7,5.05,0,0,0,0
19,1,0,USA,Tokyo,Education,Credit Card,Mobile,18,639,8.3,1766.08,34.89,154,13,19.5,4.08,0,0,0,0
2,0,1,USA,Los Angeles,Healthcare,Debit Card,Tablet,34,725,0.5,3066.61,244.32,171,28,5.5,16.63,0,0,0,0
10,0,0,France,Delhi,ATM Withdrawal,Debit Card,POS Terminal,42,605,12.1,27843.45,20.25,168,17,25.3,6.92,0,0,0,0
2,0,1,France,Vancouver,Education,Credit Card,Desktop,52,770,1.3,12607.97,38.65,163,16,10.4,7.35,0,3,1,0
13,0,0,USA,Berlin,Education,Credit Card,Tablet,18,837,4.8,7845.83,97.24,147,23,2.4,5.79,1,0,0,0
21,0,0,USA,Berlin,Grocery,Credit Card,Desktop,36,545,6.7,6174.86,55.38,159,23,4.1,3.28,1,0,0,0
18,1,0,Mexico,Paris,Entertainment,Credit Card,Mobile,62,734,2.3,1166.18,122.92,147,25,13.5,3.94,0,0,0,0
23,0,1,Australia,Tokyo,Gaming,Mobile Payment,Mobile,36,634,0.2,4535.55,46.0,135,18,0.0,2.72,0,0,0,1
4,0,1,USA,Los Angeles,Restaurant,Debit Card,POS Terminal,37,674,5.2,12030.9,59.21,167,22,27.5,28.55,0,0,0,0
21,0,0,USA,Osaka,Education,Mobile Payment,Mobile,58,749,0.1,11087.6,39.25,159,24,5.1,1.97,0,1,0,0
4,0,1,Japan,Sydney,Entertainment,Bank Transfer,Mobile,54,615,14.7,13075.59,230.87,168,19,0.7,16.53,0,0,0,0
3,0,1,Australia,Munich,Travel,Cheque,Mobile,45,608,1.3,8181.9,443.22,151,18,16.7,4.85,1,0,0,0
6,0,1,USA,Mexico City,ATM Withdrawal,Debit Card,Mobile,42,689,5.0,3822.06,19.61,162,21,17.5,11.48,0,0,0,0
3,0,1,France,Sydney,Education,Credit Card,Mobile,51,736,18.4,8904.25,88.71,139,19,8.3,11.15,1,0,0,0
20,1,0,Brazil,Osaka,Electronics,Debit Card,Desktop,66,848,17.8,2960.81,53.82,128,18,1.6,2.19,0,2,0,0
21,1,0,USA,Rio,Education,Debit Card,ATM,37,614,5.0,18479.5,44.81,148,17,11.7,7.69,0,0,0,0
2,0,1,UK,Sydney,Clothing,Credit Card,Mobile,48,638,1.0,32372.97,24.48,149,18,4.3,3.11,1,1,0,0
8,0,0,Canada,Mumbai,Clothing,Debit Card,Tablet,36,673,0.8,1303.63,31.83,152,24,10.8,12.6,0,1,0,0
14,0,0,Germany,Osaka,Entertainment,Mobile Payment,Mobile,41,748,1.1,4599.24,91.0,143,22,8.8,8.42,0,0,0,0
5,1,1,Brazil,Vancouver,ATM Withdrawal,Debit Card,Desktop,53,812,4.4,3101.83,53.01,151,29,29.4,8.97,1,2,0,0
16,0,0,UK,Munich,Online Shopping,Mobile Payment,Desktop,27,826,6.6,9316.57,59.59,137,19,18.6,17.58,0,0,0,0
1,0,1,USA,Rio,Clothing,Mobile Payment,ATM,44,747,1.8,2336.82,11.2,173,20,29.2,25.71,0,3,0,0
13,1,0,USA,Melbourne,Entertainment,Debit Card,Mobile,47,691,3.4,16095.34,3.04,165,19,24.8,3.75,0,0,0,0
18,1,0,Japan,São Paulo,Electronics,Credit Card,Mobile,22,673,1.3,2524.41,374.11,151,18,5.0,7.73,0,0,0,0
10,0,0,Mexico,Munich,Grocery,Credit Card,Desktop,44,639,7.3,23822.27,27.72,144,17,30.1,24.04,0,0,0,0
13,0,0,Canada,London,Entertainment,Mobile Payment,Tablet,41,510,7.0,1147.61,80.73,124,11,7.2,28.04,0,0,0,0
3,0,1,USA,Munich,Jewelry,Debit Card,POS Terminal,36,599,5.2,60288.24,419.51,151,20,14.6,4.1,0,0,0,0
18,1,0,USA,Los Angeles,Restaurant,Credit Card,Mobile,61,697,0.9,3201.49,43.88,133,22,37.8,6.26,0,0,0,0
7,0,0,India,Rio,Clothing,Debit Card,Desktop,53,617,1.0,8475.41,219.65,160,17,0.8,13.39,0,0,0,0
9,1,0,Japan,New York,Travel,Credit Card,Mobile,25,712,4.2,24196.71,125.32,132,21,13.1,6.3,0,0,1,0
20,0,0,France,Toronto,Gaming,Mobile Payment,Mobile,37,781,6.5,10495.43,21.89,148,21,42.6,0.11,0,0,0,0
15,0,0,UK,Sydney,ATM Withdrawal,Credit Card,Desktop,22,662,7.3,8412.22,268.15,169,25,14.2,9.66,0,0,0,0
20,0,0,Brazil,Guadalajara,Education,Debit Card,Tablet,51,629,6.6,1851.59,67.42,142,20,7.2,0.04,0,0,0,0
10,0,0,USA,Sydney,Crypto Exchange,Credit Card,Mobile,18,734,5.2,2108.92,3.86,146,10,0.9,5.46,0,0,0,0
16,1,0,USA,Mexico City,Electronics,Crypto,Desktop,56,653,1.8,10165.54,146.83,157,21,64.9,38.85,1,0,0,0
11,0,0,Japan,Berlin,Jewelry,Debit Card,ATM,62,593,5.7,136808.07,613.5,134,26,68.2,22.0,0,0,0,0
17,1,0,India,Berlin,Crypto Exchange,Bank Transfer,ATM,49,750,7.3,5271.8,85.45,169,20,11.3,1.73,0,2,0,0
3,1,1,India,Tokyo,ATM Withdrawal,Mobile Payment,Mobile,52,568,5.5,6388.49,25.67,156,34,4.0,18.42,1,0,1,0
7,1,0,India,New York,Utilities,Debit Card,ATM,26,732,9.1,10692.3,19.65,156,19,12.2,1.86,0,0,0,0
16,0,0,France,Sydney,Electronics,Crypto,Desktop,30,613,1.6,12072.62,250.67,169,24,2.8,6.35,0,2,0,0
20,0,0,Mexico,Osaka,Fuel,Mobile Payment,Mobile,32,650,0.5,3174.99,874.37,139,19,3.7,23.74,1,0,0,0
17,0,0,USA,Lyon,Grocery,Credit Card,ATM,59,745,0.2,5620.15,35.08,161,18,1.7,14.38,1,0,0,0
11,0,0,Japan,São Paulo,Electronics,Mobile Payment,Desktop,18,634,9.0,5006.01,384.51,137,22,17.6,1.16,0,0,0,0
21,0,0,Australia,Delhi,Crypto Exchange,Mobile Payment,POS Terminal,23,623,19.4,42162.92,173.95,169,18,1.4,6.47,0,0,0,0
11,1,0,Japan,Vancouver,Grocery,Credit Card,Mobile,24,761,2.7,22696.02,118.15,127,18,8.4,11.48,0,0,0,0
20,0,0,Mexico,London,Utilities,Debit Card,Desktop,48,683,24.0,3133.19,152.85,140,21,0.2,17.11,0,0,0,0
21,1,0,India,Sydney,Jewelry,Bank Transfer,Mobile,54,567,15.2,518.09,159.84,140,12,8.7,11.47,0,5,0,0
4,0,1,USA,Osaka,Utilities,Bank Transfer,Desktop,34,502,0.7,11542.42,255.02,152,20,14.3,4.37,0,1,0,0
16,0,0,Brazil,Lyon,ATM Withdrawal,Debit Card,Tablet,18,700,5.7,75516.19,32.22,143,19,4.6,5.47,0,0,0,1
17,0,0,Canada,Manchester,Online Shopping,Credit Card,Desktop,32,747,1.3,21816.09,74.35,146,29,30.8,34.56,0,0,0,0
9,1,0,USA,Manchester,Fuel,Mobile Payment,Desktop,38,805,9.4,2401.86,33.62,146,25,42.2,51.39,1,1,0,0
21,1,0,Brazil,London,Jewelry,Bank Transfer,ATM,34,709,0.3,2728.14,546.46,156,20,26.2,6.55,0,0,0,0
12,0,0,India,Los Angeles,Electronics,Credit Card,Mobile,43,850,10.1,51103.2,128.84,136,15,20.5,10.1,0,0,0,0
14,0,0,UK,Los Angeles,Entertainment,Mobile Payment,POS Terminal,57,808,2.1,25588.31,248.93,165,21,3.3,17.33,0,0,0,0
5,0,1,UK,Los Angeles,Jewelry,Bank Transfer,Mobile,41,587,1.1,4380.58,131.75,140,15,7.2,4.27,0,0,0,0
2,0,1,UK,Berlin,Utilities,Debit Card,POS Terminal,32,684,0.2,3627.05,204.83,135,20,28.2,21.15,0,0,0,0
13,0,0,USA,São Paulo,Education,Bank Transfer,Mobile,67,628,0.1,1774.87,51.58,139,24,28.4,5.16,0,0,0,1
20,0,0,Brazil,Vancouver,Restaurant,Debit Card,Mobile,57,680,8.8,18276.93,85.23,131,29,5.4,6.29,0,0,0,0
23,0,1,India,Melbourne,Entertainment,Debit Card,Mobile,42,714,11.2,2260.16,32.0,165,13,23.1,4.47,0,0,0,0
2,0,1,USA,Mumbai,ATM Withdrawal,Mobile Payment,Desktop,30,700,0.7,8681.2,22.91,144,16,46.3,10.57,0,0,0,0
7,1,0,USA,Vancouver,Travel,Bank Transfer,Desktop,35,619,13.4,3469.66,879.14,154,16,64.0,8.98,0,0,0,0
12,0,0,India,Delhi,Travel,Credit Card,POS Terminal,32,654,12.3,20719.76,217.96,144,28,7.4,13.91,0,0,0,0
22,1,1,USA,Mexico City,Healthcare,Credit Card,Tablet,62,658,1.8,4975.95,196.48,149,31,0.2,24.74,0,0,0,0
14,0,0,France,Los Angeles,Clothing,Debit Card,Desktop,49,850,2.7,45423.63,170.43,137,24,25.0,8.85,1,0,0,0
18,0,0,India,Delhi,Electronics,Debit Card,ATM,46,601,6.2,21762.98,550.72,135,17,29.3,7.09,1,0,0,0
9,0,0,Mexico,Vancouver,Online Shopping,Mobile Payment,Mobile,49,671,10.5,56260.94,47.68,149,20,2.1,27.61,1,0,0,0
11,1,0,France,Delhi,Clothing,Cheque,POS Terminal,27,530,1.2,2270.6,84.59,151,15,28.4,28.08,1,1,0,0
14,0,0,Germany,Delhi,Fuel,Credit Card,Mobile,32,671,2.5,25162.27,37.66,149,16,43.5,4.15,0,0,0,0
0,0,1,USA,Mexico City,Entertainment,Debit Card,Mobile,43,653,2.7,10369.6,207.98,155,18,0.1,15.61,0,0,0,0
9,0,0,Japan,Lyon,Restaurant,Credit Card,Mobile,44,784,0.2,44350.14,50.84,146,18,9.2,4.82,0,0,0,0
6,0,1,USA,Munich,Gaming,Debit Card,Mobile,45,727,0.2,19913.72,102.02,151,21,24.6,18.78,1,0,0,0
12,0,0,USA,São Paulo,Online Shopping,Bank Transfer,Mobile,30,606,1.5,2470.72,70.96,140,24,3.9,4.75,0,0,0,0
18,0,0,USA,Mumbai,Restaurant,Crypto,POS Terminal,23,799,1.2,13611.73,32.49,157,14,13.9,18.57,1,0,0,0
9,0,0,Mexico,Munich,Crypto Exchange,Crypto,Tablet,44,750,0.9,22858.01,106.84,146,28,10.7,2.71,0,0,0,0
11,1,0,USA,London,Jewelry,Debit Card,POS Terminal,36,617,12.1,15623.51,218.03,162,20,13.7,37.15,0,0,0,0
14,1,0,USA,Lyon,Travel,Bank Transfer,Mobile,33,771,2.6,52870.44,214.28,163,20,1.3,8.45,1,0,0,0
5,0,1,Japan,Vancouver,Entertainment,Credit Card,Mobile,28,554,1.3,43493.72,15.95,155,20,14.1,9.96,0,0,0,1
3,1,1,Germany,São Paulo,Restaurant,Crypto,Desktop,28,605,7.0,593.38,121.04,147,21,4.1,5.64,0,1,0,0
3,0,1,Brazil,Tokyo,Restaurant,Debit Card,Mobile,27,673,0.5,459.86,50.52,142,12,70.5,17.35,0,0,0,0
21,0,0,Australia,Paris,Electronics,Debit Card,Desktop,37,740,7.3,648.04,172.49,136,18,43.3,33.79,0,0,0,0
5,0,1,France,New York,Online Shopping,Credit Card,ATM,39,712,0.3,1580.91,98.75,158,23,3.3,3.01,0,1,0,0
20,0,0,Germany,New York,Grocery,Credit Card,Desktop,42,623,4.4,2678.54,50.08,161,27,9.7,14.53,0,0,0,0
17,1,0,USA,Mumbai,Utilities,Cheque,Mobile,33,563,7.5,74398.25,30.04,161,15,15.3,15.6,0,0,0,0
11,0,0,France,Mexico City,Fuel,Bank Transfer,Desktop,45,757,2.6,2335.79,29.73,127,15,80.4,13.76,0,2,0,0
6,1,1,USA,New York,Healthcare,Debit Card,Mobile,39,583,3.8,6609.59,58.56,151,24,6.9,6.1,0,0,0,1
9,1,0,Brazil,London,Utilities,Mobile Payment,Mobile,52,580,0.6,10029.75,135.12,148,20,30.6,16.65,0,0,0,0
19,0,0,USA,Toronto,Online Shopping,Credit Card,Mobile,40,507,11.1,2957.14,88.94,156,13,16.3,17.17,1,0,0,0
14,1,0,Brazil,Mexico City,Entertainment,Credit Card,Mobile,30,728,6.7,4030.14,7.99,139,16,101.3,1.07,0,0,0,0
7,0,0,Mexico,Vancouver,Online Shopping,Credit Card,ATM,18,770,6.0,39889.05,38.76,133,11,5.9,32.88,0,0,0,0
16,1,0,India,London,Gaming,Credit Card,Desktop,42,621,20.5,3462.3,66.63,152,20,4.1,6.05,0,0,0,0
1,1,1,USA,Delhi,Crypto Exchange,Credit Card,Desktop,48,706,5.2,201.09,220.17,147,11,9.5,1.34,0,0,0,0
13,0,0,Brazil,Vancouver,Restaurant,Mobile Payment,ATM,49,726,5.3,5851.19,20.9,153,18,25.8,34.16,0,0,0,0
5,0,1,Germany,Paris,Clothing,Crypto,Mobile,39,604,0.7,2769.33,20.6,164,15,3.8,40.79,0,3,1,0
10,0,0,India,São Paulo,Education,Credit Card,Desktop,43,591,3.9,54553.87,72.94,151,18,10.2,14.21,0,3,0,0
2,0,1,Japan,New York,Education,Credit Card,Mobile,47,761,6.9,38982.64,23.43,151,17,6.7,4.55,0,3,0,0
6,0,1,Germany,Berlin,Fuel,Debit Card,Mobile,25,745,4.4,14081.01,24.62,146,22,1.2,0.06,1,0,0,0
13,0,0,UK,Berlin,Crypto Exchange,Bank Transfer,Desktop,26,716,1.9,886.5,52.0,161,18,10.3,0.62,0,0,0,0
5,0,1,UK,Guadalajara,Jewelry,Debit Card,Mobile,18,620,4.7,3095.56,238.7,171,17,1.0,13.72,0,1,0,0
13,1,0,USA,Sydney,Restaurant,Debit Card,POS Terminal,32,739,4.0,14873.98,42.16,145,30,38.9,50.3,0,3,0,0
19,0,0,India,Munich,Clothing,Debit Card,ATM,68,677,13.8,3562.89,103.64,148,14,16.7,0.44,0,0,1,0
17,0,0,Brazil,Munich,Electronics,Mobile Payment,Desktop,45,706,3.5,71750.85,286.71,157,24,2.0,3.57,0,0,0,0
13,0,0,Brazil,Mumbai,Restaurant,Mobile Payment,Desktop,38,681,2.9,650.44,152.33,146,20,7.4,20.85,1,0,0,0
20,0,0,Australia,Vancouver,Travel,Mobile Payment,POS Terminal,29,665,2.2,11592.33,413.11,136,23,8.8,0.93,0,0,0,0
17,0,0,UK,New York,Restaurant,Credit Card,POS Terminal,35,776,1.4,13602.17,201.62,139,29,16.5,45.98,0,0,0,0
14,0,0,Germany,Melbourne,Education,Credit Card,Desktop,39,785,3.2,35939.53,121.13,129,25,20.5,7.65,0,2,0,0
12,1,0,Japan,Berlin,Jewelry,Bank Transfer,Desktop,35,731,9.5,1450.92,201.51,147,17,47.4,16.93,0,2,0,0
5,0,1,Brazil,Osaka,ATM Withdrawal,Debit Card,Mobile,37,690,2.6,3246.9,42.16,136,17,3.2,3.84,0,0,0,0
13,0,0,UK,Los Angeles,Fuel,Crypto,Tablet,49,657,4.9,11624.6,12.43,152,17,0.1,11.35,0,0,0,0
8,1,0,USA,Lyon,Education,Bank Transfer,Mobile,19,699,5.3,8278.54,34.62,151,14,26.4,12.55,0,0,0,0
9,0,0,USA,Osaka,Education,Debit Card,Mobile,59,696,1.7,3576.19,77.47,139,16,4.7,18.82,0,0,0,0
22,1,1,Brazil,Tokyo,Grocery,Credit Card,Tablet,48,649,0.7,17014.78,196.68,180,20,16.2,2.64,0,2,0,0
19,1,0,France,London,Entertainment,Credit Card,Tablet,23,850,6.6,46505.23,10.52,156,19,9.1,17.6,0,0,0,0
18,0,0,USA,Osaka,Travel,Credit Card,Tablet,49,698,15.4,3442.09,374.6,129,23,22.5,28.36,0,0,1,0
16,0,0,Mexico,Osaka,Entertainment,Debit Card,Desktop,36,768,5.3,17572.05,82.6,171,24,15.8,2.74,0,0,0,0
9,0,0,Australia,Osaka,Restaurant,Credit Card,POS Terminal,28,641,2.1,21219.86,164.49,147,24,3.3,25.61,0,1,1,0
0,0,1,France,Melbourne,Grocery,Crypto,Tablet,42,593,4.1,9616.1,9.79,142,19,37.9,55.26,1,0,0,0
20,0,0,UK,Tokyo,Electronics,Debit Card,Mobile,37,707,3.7,7556.59,930.01,137,27,18.7,29.75,0,0,0,0
6,1,1,USA,Guadalajara,ATM Withdrawal,Mobile Payment,Desktop,54,787,1.2,924.63,27.17,140,16,13.6,9.36,1,0,0,0
19,0,0,Mexico,Manchester,Education,Debit Card,Desktop,64,590,19.2,615.79,15.7,134,26,14.5,0.06,0,0,0,0
7,0,0,Japan,Mumbai,Utilities,Mobile Payment,ATM,30,649,6.1,9914.55,8.44,159,20,4.4,5.35,0,0,0,0
22,0,1,USA,Osaka,Education,Bank Transfer,Mobile,54,602,2.5,5874.45,74.72,150,22,7.5,8.52,0,0,0,0
12,0,0,USA,Toronto,ATM Withdrawal,Debit Card,Desktop,25,771,4.4,6912.1,151.47,134,18,11.2,0.41,0,0,0,0
8,1,0,USA,New York,Clothing,Debit Card,Mobile,46,685,9.9,16120.82,118.2,147,21,43.0,16.59,0,0,0,0
3,1,1,India,São Paulo,Entertainment,Mobile Payment,ATM,28,678,3.1,5166.69,104.15,138,14,42.9,5.1,0,0,1,0
7,0,0,Canada,Rio,Grocery,Debit Card,POS Terminal,43,709,5.9,21482.47,172.78,149,14,15.7,10.61,0,0,0,0
18,0,0,Mexico,London,ATM Withdrawal,Debit Card,Desktop,44,619,2.5,11997.5,256.17,138,30,8.4,7.37,0,0,0,0
19,0,0,Canada,London,Fuel,Crypto,Desktop,36,631,1.1,42291.58,217.13,159,25,5.2,4.18,0,0,0,0
3,0,1,India,Berlin,Jewelry,Credit Card,Mobile,56,563,8.9,6046.78,1234.71,140,19,28.3,15.5,0,0,0,0
19,1,0,USA,New York,Entertainment,Credit Card,Mobile,59,776,1.7,25128.48,460.4,156,30,9.4,6.37,1,0,0,0
7,1,0,USA,Melbourne,Gaming,Debit Card,Tablet,37,723,0.2,4546.35,234.07,144,23,61.0,16.3,1,0,0,0
2,1,1,India,Delhi,Fuel,Mobile Payment,POS Terminal,32,717,11.9,3424.12,36.58,167,25,2.0,41.65,0,0,0,0
6,0,1,USA,Munich,Electronics,Credit Card,Tablet,45,633,5.8,35073.54,174.91,138,22,2.6,9.53,0,0,0,0
1,1,1,USA,Mexico City,ATM Withdrawal,Credit Card,Mobile,37,705,1.8,20309.63,94.55,158,23,56.0,12.72,0,0,1,0
6,0,1,USA,Rio,Electronics,Bank Transfer,ATM,42,657,8.9,29718.28,168.35,136,20,9.2,9.57,0,0,0,0
4,1,1,India,Manchester,Healthcare,Credit Card,Mobile,18,519,2.8,1688.84,62.68,148,21,5.7,29.29,0,1,0,0
10,1,0,India,Munich,Fuel,Credit Card,Mobile,18,673,15.6,45468.5,114.51,152,24,9.0,32.38,0,0,0,0
18,0,0,Japan,Mexico City,Fuel,Debit Card,Mobile,45,770,3.9,4959.84,40.92,140,20,10.7,3.56,0,0,0,0
3,0,1,France,London,Online Shopping,Debit Card,ATM,36,509,0.7,3587.54,230.8,122,16,4.1,12.84,1,0,1,0
23,0,1,Mexico,Delhi,Utilities,Credit Card,Desktop,67,704,7.4,10476.61,21.62,154,14,4.4,4.55,1,0,0,0
15,1,0,UK,Lyon,Gaming,Mobile Payment,Desktop,35,696,1.4,1086.11,16.65,160,13,47.4,1.2,0,2,0,0
4,1,1,USA,Guadalajara,Clothing,Mobile Payment,Mobile,30,568,4.6,206443.97,11.85,150,17,8.9,13.63,0,0,0,0
18,1,0,Brazil,London,Restaurant,Crypto,Desktop,24,719,5.7,4287.26,51.08,138,22,41.6,15.75,0,0,0,0
22,1,1,Australia,Mumbai,Crypto Exchange,Debit Card,Mobile,31,665,18.9,3365.07,313.2,158,24,4.3,8.37,0,0,0,0
17,0,0,USA,Lyon,ATM Withdrawal,Debit Card,POS Terminal,38,706,1.1,662.53,34.33,161,23,20.9,9.46,0,0,0,0
20,1,0,Mexico,London,Electronics,Credit Card,Desktop,31,646,0.3,4228.95,447.12,169,14,72.7,2.56,0,2,1,1
10,0,0,UK,Los Angeles,Healthcare,Debit Card,Mobile,49,680,0.7,3504.54,10.45,155,24,3.0,14.5,0,0,0,0
3,0,1,Germany,Mumbai,Fuel,Debit Card,Mobile,49,825,2.4,15113.25,130.75,160,16,48.4,19.07,0,0,0,0
13,1,0,USA,Melbourne,Grocery,Mobile Payment,Tablet,31,613,3.4,2021.99,166.44,145,15,14.9,4.55,0,1,0,0
22,0,1,India,Sydney,Fuel,Mobile Payment,Tablet,53,699,1.7,28073.23,170.49,158,28,4.2,1.4,0,1,0,0
3,0,1,India,Tokyo,Restaurant,Bank Transfer,Mobile,44,768,1.7,9785.31,793.36,146,22,18.3,4.64,0,0,0,0
5,1,1,France,New York,Crypto Exchange,Bank Transfer,Mobile,53,597,2.5,9604.65,97.15,137,25,1.2,16.98,0,0,0,0
0,0,1,USA,Sydney,Education,Debit Card,Tablet,49,703,3.7,7398.8,101.31,150,23,11.8,12.26,0,0,0,0
7,0,0,Brazil,Munich,Restaurant,Debit Card,Mobile,32,681,2.7,5666.02,70.76,141,19,0.6,50.42,0,0,0,0
7,0,0,France,London,Healthcare,Bank Transfer,Desktop,57,681,5.4,1277.42,72.52,152,23,2.5,14.29,0,1,0,0
11,0,0,Australia,São Paulo,Travel,Bank Transfer,POS Terminal,63,737,8.8,17384.05,141.78,146,21,2.8,7.42,0,1,0,0
20,0,0,Canada,Los Angeles,Electronics,Credit Card,Desktop,78,632,0.4,3793.72,27.66,156,19,18.8,2.17,0,1,1,0
17,0,0,UK,Delhi,Travel,Credit Card,Mobile,55,587,1.6,34572.42,558.88,123,23,23.2,5.86,0,0,0,0
1,0,1,USA,Melbourne,Crypto Exchange,Bank Transfer,POS Terminal,58,753,9.5,6739.2,189.84,133,17,5.6,22.96,0,0,0,0
12,1,0,UK,Berlin,Utilities,Crypto,Desktop,18,773,9.6,1486.15,24.91,154,8,20.5,1.66,0,0,0,0
0,0,1,Japan,Tokyo,Jewelry,Credit Card,Desktop,49,617,2.7,2172.48,360.54,152,8,27.8,5.18,0,0,0,0
21,0,0,UK,Toronto,Online Shopping,Credit Card,Tablet,46,652,7.9,19745.1,45.08,159,12,11.8,1.59,0,5,0,0
11,0,0,Canada,São Paulo,Jewelry,Credit Card,Mobile,49,838,0.2,2797.58,240.53,151,13,23.5,6.52,0,0,0,0
1,1,1,USA,Melbourne,Education,Credit Card,Desktop,43,602,2.1,4604.74,316.56,157,15,6.9,9.06,0,0,1,0
9,0,0,Mexico,Vancouver,Crypto Exchange,Mobile Payment,Desktop,47,688,0.8,2873.46,14.35,139,15,10.4,24.63,0,0,0,0
12,0,0,USA,Guadalajara,Clothing,Credit Card,ATM,52,636,6.8,3549.53,62.51,162,18,67.2,15.57,0,0,0,0
8,0,0,USA,Munich,Education,Credit Card,Tablet,43,712,0.7,4104.43,69.8,140,16,0.6,36.28,0,0,0,0
21,0,0,Brazil,Guadalajara,Fuel,Mobile Payment,Mobile,31,645,8.2,4141.44,22.37,157,19,3.1,29.61,0,0,0,0
11,0,0,USA,Guadalajara,Clothing,Credit Card,Mobile,54,669,6.5,21365.26,16.58,157,21,47.9,1.86,0,0,0,0
10,1,0,India,Mumbai,Travel,Bank Transfer,POS Terminal,45,619,3.7,9233.43,266.19,147,31,18.6,17.64,0,3,0,0
16,0,0,UK,Delhi,Jewelry,Bank Transfer,Mobile,66,655,29.1,1690.5,599.46,158,30,25.6,3.2,0,0,0,1
14,0,0,Japan,Berlin,ATM Withdrawal,Debit Card,Mobile,55,578,2.8,4024.04,349.26,115,20,49.0,10.07,0,0,0,0
7,0,0,Canada,Tokyo,Utilities,Debit Card,Tablet,31,811,0.5,8423.89,31.51,134,20,7.3,5.8,0,0,0,0
5,0,1,USA,Vancouver,Grocery,Crypto,ATM,27,630,4.0,23840.61,61.73,162,27,7.5,0.06,1,0,0,0
2,1,1,France,Manchester,Crypto Exchange,Credit Card,Mobile,68,723,6.1,17074.67,136.06,151,25,11.6,24.63,0,0,0,0
1,1,1,Australia,Paris,Utilities,Debit Card,Mobile,59,730,1.8,13398.74,62.03,151,20,2.3,20.34,0,0,0,0
19,1,0,USA,Munich,Entertainment,Credit Card,ATM,18,552,2.7,9533.45,69.65,140,17,0.1,6.18,0,0,0,0
20,0,0,USA,Berlin,Travel,Mobile Payment,ATM,39,612,0.7,2435.12,3548.63,154,23,12.5,20.12,0,0,0,0
9,0,0,USA,Lyon,Online Shopping,Debit Card,Desktop,37,602,0.4,6250.81,103.1,167,15,5.6,0.76,1,5,0,0
15,1,0,Germany,Melbourne,Utilities,Debit Card,ATM,54,778,0.1,6029.27,333.92,160,13,12.1,9.56,0,0,0,0
19,0,0,Canada,Guadalajara,Travel,Cheque,ATM,21,586,3.0,4955.16,292.58,151,14,3.9,0.23,0,1,0,0
5,0,1,India,Toronto,Utilities,Cheque,Desktop,43,651,4.6,9327.17,18.02,160,19,13.2,23.97,0,3,1,0
23,0,1,USA,Manchester,Entertainment,Credit Card,Mobile,29,641,5.5,72660.69,13.17,145,25,20.6,17.97,0,0,0,0
15,0,0,Mexico,Munich,Crypto Exchange,Bank Transfer,ATM,29,600,1.6,59460.12,12.52,167,19,12.2,13.76,1,0,0,0
3,0,1,Germany,Osaka,Gaming,Bank Transfer,POS Terminal,27,782,0.3,10310.97,30.98,124,11,1.8,2.13,0,0,0,0
8,1,0,USA,Toronto,Jewelry,Mobile Payment,Mobile,50,679,1.0,7803.73,798.18,154,29,5.0,0.65,1,1,0,1
23,0,1,France,Osaka,Fuel,Credit Card,Desktop,18,581,6.4,3890.93,65.96,167,20,2.3,11.77,0,0,0,0
16,1,0,Brazil,Melbourne,Fuel,Debit Card,Mobile,30,782,11.3,5332.6,71.01,149,16,3.4,29.46,0,0,0,0
21,1,0,USA,New York,Entertainment,Credit Card,ATM,45,567,0.5,2968.11,37.78,166,19,7.0,13.23,0,0,0,0
18,0,0,France,London,Electronics,Debit Card,Mobile,53,777,16.6,69161.44,2621.24,147,17,71.9,14.96,1,0,0,0
2,0,1,Japan,Mexico City,Grocery,Debit Card,Mobile,41,669,2.3,22764.12,112.4,166,24,7.2,54.71,0,0,0,0
9,0,0,India,Rio,Online Shopping,Bank Transfer,ATM,35,630,11.0,24867.99,11.61,144,17,1.7,5.01,0,0,0,0
3,0,1,Germany,Tokyo,Entertainment,Debit Card,Tablet,64,646,4.6,1240.05,38.63,141,22,15.1,2.95,0,0,0,0
14,0,0,Brazil,Toronto,Restaurant,Bank Transfer,Mobile,53,625,0.4,5744.42,123.68,159,28,38.3,2.35,0,0,0,0
2,0,1,France,São Paulo,Education,Debit Card,Mobile,69,616,2.7,3645.21,62.72,149,20,31.5,13.92,0,2,0,0
22,0,1,USA,Mexico City,Clothing,Credit Card,Desktop,68,644,0.2,19077.89,287.02,158,23,8.0,1.42,0,0,0,0
17,0,0,USA,Rio,Restaurant,Debit Card,Tablet,41,718,4.1,3871.15,128.44,147,17,21.6,36.34,0,0,1,1
11,1,0,Germany,Mumbai,Online Shopping,Credit Card,Desktop,46,723,5.1,1665.23,52.94,134,26,20.5,14.77,0,0,0,0
16,0,0,USA,Paris,Fuel,Crypto,POS Terminal,52,734,1.9,6329.16,159.59,137,17,26.4,10.89,0,0,0,0
17,1,0,USA,São Paulo,Electronics,Debit Card,Mobile,40,714,0.5,7025.57,352.74,149,20,14.0,2.68,0,1,0,0
7,0,0,UK,Toronto,Jewelry,Cheque,Mobile,48,757,1.4,11173.25,180.01,155,20,24.3,8.48,0,0,0,0
6,0,1,Brazil,London,Entertainment,Cheque,Mobile,55,761,2.0,13890.05,70.02,120,20,15.4,0.69,0,0,0,0
12,0,0,USA,Rio,Electronics,Bank Transfer,Desktop,32,687,0.3,5004.16,870.88,171,21,19.2,17.75,0,0,0,0
5,0,1,India,Tokyo,Electronics,Credit Card,Mobile,44,670,6.2,1012.94,231.17,168,16,1.5,6.7,0,0,0,0
4,0,1,Mexico,Vancouver,Healthcare,Debit Card,POS Terminal,18,752,1.6,15147.47,78.03,140,27,0.6,36.79,0,2,0,1
9,0,0,USA,Los Angeles,Travel,Mobile Payment,Desktop,24,703,0.1,15405.02,768.6,149,19,5.5,37.39,0,4,0,0
2,1,1,Mexico,Toronto,Grocery,Bank Transfer,Desktop,42,594,2.1,5602.41,11.94,134,16,3.5,3.08,0,0,0,0
17,0,0,Japan,New York,ATM Withdrawal,Bank Transfer,Desktop,43,614,9.2,5622.75,187.94,151,20,44.5,14.89,0,0,1,0
16,1,0,Canada,Guadalajara,Utilities,Debit Card,Mobile,51,637,12.6,4441.67,123.41,134,27,4.1,1.18,0,0,0,0
23,0,1,India,Toronto,Travel,Crypto,Mobile,25,704,3.9,3210.0,160.01,151,18,19.5,10.99,0,0,0,0
23,1,1,Brazil,Guadalajara,Grocery,Debit Card,Mobile,59,703,13.3,5084.95,111.83,146,20,34.0,0.14,0,1,0,1
17,0,0,Germany,Paris,Healthcare,Mobile Payment,Mobile,46,631,0.6,65457.2,147.5,149,16,8.3,6.54,0,0,1,0
13,0,0,USA,Manchester,Travel,Bank Transfer,Mobile,45,723,2.4,14303.57,1546.06,164,32,6.2,2.67,0,2,0,0
5,0,1,USA,Mexico City,Travel,Bank Transfer,Tablet,37,613,1.1,1134.21,1449.04,163,16,19.5,6.0,0,2,0,1
4,0,1,USA,Guadalajara,Clothing,Mobile Payment,Mobile,45,660,4.4,13501.23,20.22,162,18,9.5,23.42,0,0,0,0
12,0,0,Canada,Guadalajara,Fuel,Bank Transfer,ATM,18,645,8.3,1969.56,13.61,150,20,11.9,4.22,0,0,0,0
9,0,0,Canada,Guadalajara,Crypto Exchange,Mobile Payment,Mobile,48,426,0.9,5432.69,9.71,152,20,18.9,15.89,0,0,0,0
8,1,0,Canada,Mexico City,ATM Withdrawal,Debit Card,POS Terminal,73,797,3.2,11886.35,93.6,167,19,49.8,2.64,0,0,0,0
9,0,0,Brazil,Tokyo,Jewelry,Debit Card,Mobile,64,637,1.7,24115.73,504.01,137,14,26.8,38.97,0,0,0,1
17,0,0,India,Tokyo,Education,Debit Card,Mobile,52,641,1.3,11353.22,51.17,151,26,39.0,14.26,0,0,0,0
10,0,0,Canada,Mumbai,Clothing,Bank Transfer,POS Terminal,37,520,1.2,2527.08,84.71,174,22,9.7,1.38,0,0,0,0
18,0,0,USA,Berlin,Crypto Exchange,Bank Transfer,POS Terminal,28,712,1.8,4848.76,152.5,154,16,1.2,7.92,0,0,0,0
11,0,0,USA,São Paulo,Grocery,Credit Card,Desktop,62,623,0.2,2661.83,105.13,157,24,6.9,0.44,0,1,0,0
1,0,1,India,Paris,Grocery,Debit Card,ATM,58,689,4.8,36373.83,95.16,154,19,13.3,1.58,0,0,0,1
18,0,0,USA,Toronto,Healthcare,Credit Card,Mobile,38,505,2.8,24717.86,5.19,160,14,8.5,21.38,0,0,0,0
16,0,0,Japan,Lyon,Crypto Exchange,Credit Card,Desktop,32,648,11.7,15833.07,389.4,136,21,27.9,17.39,0,0,0,0
11,0,0,USA,London,Grocery,Debit Card,Desktop,41,746,2.7,16435.27,72.04,147,20,32.1,0.42,0,0,0,0
21,1,0,UK,Guadalajara,Grocery,Credit Card,Mobile,36,725,5.4,8817.96,14.3,152,23,6.1,0.37,1,0,0,0
21,0,0,Brazil,Sydney,Crypto Exchange,Mobile Payment,Mobile,65,729,4.6,5765.57,143.28,161,9,61.6,7.47,1,0,0,0
4,0,1,Germany,Melbourne,Gaming,Crypto,Mobile,43,575,3.0,3662.25,16.27,155,19,78.9,2.33,0,0,0,0
5,0,1,Germany,Toronto,Utilities,Credit Card,Mobile,62,637,1.0,16849.05,50.67,159,24,1.8,19.14,0,3,1,0
1,0,1,USA,Mexico City,Utilities,Debit Card,Desktop,36,738,11.7,29750.63,29.07,174,26,155.1,1.2,0,0,0,0
7,0,0,India,São Paulo,Clothing,Bank Transfer,Mobile,55,749,4.7,1347.63,31.79,166,18,10.2,11.51,0,2,0,1
14,0,0,Australia,Paris,Jewelry,Crypto,Tablet,47,595,8.5,9027.33,66.5,152,17,30.5,11.54,0,0,0,0
0,0,1,USA,Manchester,Fuel,Mobile Payment,ATM,50,644,7.7,3967.19,42.31,131,22,63.0,8.22,0,0,0,0
22,0,1,India,Sydney,Fuel,Cheque,Mobile,43,616,0.6,2178.54,29.98,148,13,37.8,4.84,0,1,0,0
16,0,0,Australia,Tokyo,Gaming,Credit Card,Mobile,25,850,8.1,65998.75,10.1,134,25,22.1,14.27,0,0,0,0
20,0,0,Mexico,Mexico City,Entertainment,Credit Card,Desktop,22,527,1.8,23740.59,5.66,151,19,19.3,1.56,1,0,0,0
7,1,0,India,Osaka,Grocery,Bank Transfer,Mobile,38,446,3.6,7066.68,136.12,133,22,2.0,12.89,0,0,0,0
8,0,0,UK,Guadalajara,Utilities,Debit Card,Tablet,20,733,22.7,707.47,102.46,150,23,1.7,3.59,0,0,0,0
11,0,0,Australia,Munich,Education,Debit Card,POS Terminal,39,718,0.1,22951.43,245.03,170,18,1.7,1.67,0,0,0,0
0,1,1,USA,New York,Healthcare,Debit Card,Desktop,46,722,0.9,14412.71,9.57,173,21,3.2,49.74,0,3,0,0
2,0,1,Brazil,London,Electronics,Credit Card,Desktop,59,777,2.7,1625.21,1410.93,151,24,11.6,0.38,0,5,1,0
18,0,0,Mexico,Mumbai,Education,Credit Card,Mobile,38,746,7.8,24150.24,42.61,173,30,13.4,0.71,0,0,0,0
10,0,0,India,New York,Restaurant,Debit Card,Desktop,21,528,8.8,4451.6,40.2,156,12,61.8,5.02,0,1,0,0
16,0,0,Mexico,Lyon,ATM Withdrawal,Credit Card,Mobile,26,632,3.8,18803.86,18.26,170,24,58.6,35.94,0,0,0,0
19,0,0,Japan,Guadalajara,ATM Withdrawal,Credit Card,Desktop,26,677,6.5,3322.47,14.7,153,25,24.5,7.73,0,1,0,0
0,0,1,USA,Rio,Crypto Exchange,Debit Card,Tablet,38,766,12.0,1350.9,32.1,141,18,14.5,2.03,0,0,0,0
15,1,0,India,Berlin,Jewelry,Debit Card,Desktop,48,812,1.2,2528.08,312.9,124,17,12.4,10.75,0,0,0,0
19,0,0,Canada,Sydney,Healthcare,Credit Card,Desktop,30,728,13.2,6684.92,519.5,146,16,15.0,18.26,0,0,0,0
1,0,1,Japan,Sydney,Travel,Credit Card,POS Terminal,62,670,5.8,8656.09,182.23,155,22,3.5,8.12,0,0,0,0
21,1,0,USA,Delhi,Entertainment,Credit Card,ATM,31,687,5.3,32497.0,31.67,155,18,81.0,0.67,0,0,0,0
1,0,1,Mexico,Sydney,Gaming,Cheque,Mobile,43,705,1.3,10798.8,39.37,161,16,11.3,17.75,0,0,0,0
3,0,1,USA,Rio,Travel,Debit Card,ATM,49,595,21.3,3378.15,304.65,156,9,43.6,12.98,0,1,0,0
10,1,0,Brazil,Vancouver,Electronics,Bank Transfer,Tablet,61,601,4.3,5142.93,446.57,141,22,20.7,0.79,0,0,0,0
23,0,1,UK,Tokyo,Healthcare,Cheque,Tablet,18,638,14.5,12624.49,141.74,148,17,23.4,0.28,0,0,0,0
14,1,0,Brazil,Delhi,Jewelry,Credit Card,Desktop,19,642,18.0,4908.15,711.87,150,30,20.7,6.5,0,0,0,0
7,0,0,Canada,Lyon,Travel,Credit Card,ATM,70,793,2.4,16116.41,119.65,155,23,47.5,1.17,0,2,0,0
0,1,1,UK,Berlin,Utilities,Crypto,Mobile,58,688,1.0,2219.15,92.41,162,19,11.7,22.52,1,0,0,0
21,0,0,India,Melbourne,Grocery,Credit Card,Desktop,40,750,2.2,62805.53,31.27,145,19,32.6,13.07,0,0,0,0
16,0,0,India,Delhi,Jewelry,Credit Card,Tablet,69,644,6.4,7462.63,842.65,133,25,12.8,6.1,0,0,1,0
17,0,0,Mexico,Mumbai,Entertainment,Debit Card,Mobile,35,704,2.6,16853.77,94.58,150,22,23.3,9.05,0,0,0,0
5,0,1,France,Mumbai,Electronics,Bank Transfer,Mobile,21,655,0.8,14213.83,499.01,144,22,12.1,14.51,0,0,0,0
20,1,0,Australia,Rio,Crypto Exchange,Bank Transfer,Tablet,61,623,2.8,28400.09,18.09,139,26,4.7,27.17,0,0,0,0
9,0,0,Mexico,Toronto,ATM Withdrawal,Debit Card,Mobile,45,620,0.6,13082.97,73.07,145,18,0.0,1.69,1,0,0,0
4,1,1,USA,Manchester,Healthcare,Crypto,POS Terminal,18,631,0.1,236497.53,21.28,145,24,4.0,8.16,1,2,0,0
21,1,0,UK,Rio,Restaurant,Debit Card,Mobile,30,618,14.3,761.02,25.31,146,21,18.1,26.44,0,0,0,0
11,0,0,France,New York,Jewelry,Credit Card,ATM,52,638,11.0,17166.96,283.5,133,21,40.6,2.19,0,0,0,0
20,0,0,France,Lyon,Crypto Exchange,Cheque,Mobile,35,636,3.1,472.52,53.85,141,25,1.1,12.62,0,0,0,0
4,0,1,Canada,Toronto,Jewelry,Mobile Payment,Mobile,44,531,16.4,43586.73,3039.18,164,18,1.2,10.14,0,0,0,0
12,1,0,Canada,Paris,Fuel,Debit Card,Desktop,40,625,5.9,12686.29,62.56,139,29,11.3,6.9,0,4,0,0
11,1,0,USA,Mumbai,Entertainment,Credit Card,Mobile,28,712,0.3,16936.34,28.54,139,25,3.8,3.97,0,0,0,0
12,1,0,Germany,Munich,Crypto Exchange,Cheque,Mobile,46,607,19.1,27319.55,1.65,127,25,9.0,3.56,0,0,0,0
21,1,0,USA,London,Electronics,Bank Transfer,Tablet,21,658,3.0,19642.03,625.17,154,19,5.9,2.31,0,0,0,0
5,0,1,Canada,Mumbai,Online Shopping,Credit Card,Desktop,61,698,0.6,15936.12,77.24,147,24,30.7,7.68,1,0,0,1
8,0,0,Canada,Paris,Travel,Mobile Payment,Desktop,37,719,0.7,57959.5,629.34,126,21,15.5,1.6,0,0,0,0
1,0,1,USA,Vancouver,Jewelry,Credit Card,POS Terminal,20,611,0.4,54222.9,1422.11,167,22,8.0,6.65,0,0,0,0
5,1,1,Germany,Toronto,Clothing,Cheque,Mobile,59,743,2.3,16541.9,99.1,154,23,13.8,6.04,0,1,0,0
5,1,1,UK,Sydney,Crypto Exchange,Debit Card,POS Terminal,47,579,3.9,3088.8,45.47,173,19,45.4,2.54,0,2,0,0
9,0,0,Mexico,Manchester,Restaurant,Bank Transfer,Desktop,45,681,8.1,63923.65,35.08,161,24,21.9,9.19,0,0,0,0
9,0,0,Canada,Melbourne,Utilities,Mobile Payment,Desktop,20,627,2.1,19971.04,70.06,134,13,9.1,4.86,0,0,0,0
14,0,0,Australia,Guadalajara,Crypto Exchange,Credit Card,Mobile,52,622,3.4,8934.02,26.68,150,21,25.7,6.41,0,1,0,0
5,0,1,Canada,Los Angeles,ATM Withdrawal,Debit Card,Mobile,38,711,6.9,7582.56,5.05,140,15,24.5,18.31,0,0,0,0
5,0,1,Brazil,Guadalajara,Restaurant,Debit Card,Desktop,43,602,2.7,7821.49,11.93,157,19,0.5,14.17,0,0,0,0
9,0,0,Brazil,New York,ATM Withdrawal,Debit Card,Mobile,30,684,2.5,2886.52,149.47,154,24,0.1,11.87,0,0,1,0
23,1,1,Brazil,Vancouver,Jewelry,Credit Card,Tablet,39,593,7.8,3036.31,265.7,171,16,1.3,10.73,0,0,0,0
15,0,0,Mexico,Lyon,ATM Withdrawal,Debit Card,Mobile,57,748,0.1,3529.69,91.16,144,9,24.1,10.47,0,0,0,0
8,0,0,India,Melbourne,Gaming,Cheque,Mobile,50,623,6.7,24333.47,38.95,157,22,7.9,0.35,0,0,0,0
4,1,1,USA,Los Angeles,Travel,Crypto,Desktop,49,622,16.2,7706.5,516.26,167,16,52.5,13.49,0,0,0,0
0,0,1,USA,Lyon,Crypto Exchange,Bank Transfer,Tablet,26,602,6.2,44200.52,60.85,140,17,80.3,14.74,0,0,0,0
20,0,0,Brazil,Rio,Jewelry,Debit Card,Tablet,18,603,0.8,39773.61,103.05,142,20,98.6,16.11,0,0,0,0
7,0,0,India,Manchester,Utilities,Bank Transfer,Mobile,34,629,10.4,6475.39,282.56,155,16,47.3,2.59,0,0,0,0
2,0,1,Japan,Rio,Utilities,Credit Card,ATM,18,662,2.1,4149.61,42.89,160,22,56.9,6.06,0,0,0,0
13,0,0,USA,Osaka,ATM Withdrawal,Mobile Payment,Tablet,49,738,13.0,13057.33,40.47,163,15,9.6,2.76,0,1,0,0
10,0,0,India,Munich,Travel,Credit Card,Mobile,43,712,3.9,8337.23,82.96,137,19,3.4,8.37,0,0,0,0
21,0,0,Germany,Manchester,Restaurant,Crypto,Desktop,33,850,0.5,364.55,36.51,138,18,4.6,12.23,1,0,0,0
8,1,0,USA,Manchester,Jewelry,Debit Card,Desktop,35,697,10.8,8186.41,606.02,157,24,23.8,4.64,0,0,0,0
0,0,1,USA,Mexico City,Jewelry,Credit Card,Mobile,46,639,0.5,6997.53,178.52,160,26,7.6,12.37,1,0,0,0
16,0,0,France,Toronto,Fuel,Credit Card,Mobile,18,691,24.8,4519.06,126.36,151,21,21.2,74.79,0,0,0,0
3,1,1,Canada,Guadalajara,Entertainment,Mobile Payment,Mobile,57,757,0.1,11558.08,81.03,132,19,3.8,16.45,0,1,0,0
13,0,0,Mexico,Toronto,Crypto Exchange,Bank Transfer,Mobile,19,680,3.1,18594.32,30.02,165,21,43.4,43.36,0,0,0,0
19,0,0,Australia,Osaka,Grocery,Credit Card,Desktop,39,744,8.1,14149.1,100.07,156,16,0.3,13.16,0,1,0,0
5,1,1,Brazil,Sydney,Electronics,Mobile Payment,ATM,44,793,4.2,8458.36,512.92,139,24,8.7,62.91,0,0,0,0
1,0,1,USA,Tokyo,Online Shopping,Credit Card,Desktop,64,729,2.0,3908.62,649.2,151,20,24.9,10.78,0,0,0,0
4,0,1,Mexico,Rio,Education,Credit Card,Tablet,18,757,9.6,3701.48,21.03,150,20,13.0,6.85,0,0,0,0
20,0,0,Brazil,New York,Electronics,Credit Card,POS Terminal,61,744,3.7,7143.91,321.88,129,13,12.9,0.05,1,0,0,0
15,0,0,USA,Manchester,Healthcare,Debit Card,Mobile,25,572,1.7,1775.29,45.22,167,25,4.5,6.63,0,2,0,0
10,0,0,Germany,Osaka,Restaurant,Debit Card,Desktop,59,779,4.9,8561.97,54.2,141,22,10.2,21.41,1,1,0,0
18,0,0,USA,Mumbai,Jewelry,Credit Card,Mobile,39,750,9.9,6821.14,1147.78,156,22,6.2,0.84,1,0,0,0
0,1,1,Australia,Los Angeles,ATM Withdrawal,Bank Transfer,Mobile,54,676,14.7,1352.3,108.97,135,27,8.7,14.33,0,0,0,0
0,0,1,USA,Paris,Restaurant,Credit Card,Mobile,60,741,7.1,9941.54,28.3,158,17,2.1,5.22,0,1,0,0
1,0,1,USA,Vancouver,Crypto Exchange,Credit Card,Desktop,57,679,0.6,15364.88,25.22,147,21,1.4,12.34,0,0,0,0
4,0,1,USA,Osaka,Online Shopping,Mobile Payment,Mobile,39,748,0.6,18782.16,45.51,154,21,10.6,3.36,0,0,0,0
22,1,1,Canada,Osaka,Fuel,Debit Card,POS Terminal,36,651,3.4,5525.19,17.4,148,19,21.2,43.73,0,0,0,0
20,1,0,Canada,Manchester,Fuel,Debit Card,Mobile,60,561,6.4,57544.99,74.62,161,22,48.9,8.95,0,0,0,0
21,0,0,UK,Mexico City,Education,Bank Transfer,POS Terminal,54,634,4.8,1437.52,35.21,150,15,15.8,10.41,0,0,0,0
1,0,1,UK,Berlin,Clothing,Debit Card,Mobile,43,623,0.6,1005.23,14.36,162,21,7.6,7.81,0,0,0,0
23,1,1,USA,New York,ATM Withdrawal,Debit Card,Mobile,41,691,3.8,52835.44,55.53,151,22,77.5,14.07,0,0,0,1
14,1,0,India,Melbourne,Fuel,Debit Card,Mobile,21,755,0.2,11921.82,57.83,145,26,10.5,11.36,1,3,0,1
13,1,0,Brazil,Munich,Utilities,Crypto,Mobile,22,665,10.8,6698.77,228.86,158,12,0.4,15.95,0,0,0,0
0,1,1,Brazil,Munich,Crypto Exchange,Debit Card,Desktop,18,768,0.2,112774.99,29.65,159,23,37.2,14.98,0,3,0,0
11,0,0,USA,Lyon,Electronics,Debit Card,Tablet,42,663,6.0,15440.44,162.7,163,22,82.5,23.68,0,0,0,0
2,1,1,Mexico,Mumbai,ATM Withdrawal,Bank Transfer,Desktop,29,697,21.8,10269.21,29.14,153,28,4.7,1.57,0,0,0,0
21,0,0,USA,Melbourne,Crypto Exchange,Bank Transfer,Desktop,44,666,7.2,2233.65,32.36,153,22,6.4,5.61,1,0,0,0
0,1,1,USA,London,ATM Withdrawal,Debit Card,Desktop,30,726,7.0,9216.04,86.76,168,23,106.3,0.15,0,0,0,1
5,0,1,India,Rio,Travel,Debit Card,Mobile,50,721,3.6,19055.46,1724.6,160,18,7.4,20.18,0,0,1,0
19,0,0,USA,São Paulo,Fuel,Bank Transfer,Desktop,33,702,3.6,57107.53,19.13,154,19,24.2,1.62,0,0,0,0
20,1,0,USA,Manchester,Education,Credit Card,Desktop,32,717,1.4,4196.82,39.2,152,24,26.4,12.39,1,0,1,0
4,0,1,USA,Berlin,Restaurant,Credit Card,Mobile,32,800,7.1,3889.66,37.14,162,16,84.5,4.52,0,0,0,0
23,0,1,USA,Melbourne,Grocery,Debit Card,Desktop,18,722,1.0,8801.09,100.86,156,22,8.4,3.66,0,1,0,0
2,1,1,Brazil,Munich,Online Shopping,Credit Card,ATM,50,712,3.0,2752.4,31.51,155,25,4.7,35.4,1,1,0,0
7,0,0,Japan,São Paulo,Entertainment,Credit Card,Tablet,31,718,0.9,5688.88,36.96,129,18,20.7,3.41,0,0,0,0
14,0,0,France,Toronto,Grocery,Bank Transfer,Desktop,28,638,2.1,33109.83,904.5,151,16,8.7,21.6,0,0,0,0
2,1,1,USA,Berlin,Jewelry,Mobile Payment,Mobile,49,761,1.0,49298.56,307.26,168,22,0.6,3.28,1,0,0,0
0,1,1,UK,Toronto,Jewelry,Crypto,Mobile,52,645,8.8,42354.78,538.65,149,17,14.4,1.1,0,1,0,1
7,0,0,USA,Mumbai,Restaurant,Mobile Payment,Mobile,49,698,1.4,4735.39,58.52,135,12,5.6,7.2,0,0,0,0
14,0,0,Germany,Sydney,Electronics,Credit Card,Desktop,43,721,0.5,3854.96,308.38,155,16,12.5,6.45,1,1,0,0
18,1,0,India,Berlin,ATM Withdrawal,Mobile Payment,Mobile,54,777,3.2,5035.87,157.88,160,23,28.7,8.08,0,0,0,0
6,0,1,Canada,Guadalajara,Education,Bank Transfer,Desktop,30,684,2.6,2684.91,7.24,136,25,16.9,79.28,0,0,0,0
19,0,0,UK,Berlin,Online Shopping,Credit Card,Mobile,28,815,3.3,8188.91,39.88,160,27,28.1,20.02,0,2,0,0
17,1,0,France,Guadalajara,Crypto Exchange,Bank Transfer,POS Terminal,42,850,4.8,18058.09,41.7,150,21,12.7,18.37,0,1,0,0
4,1,1,Canada,São Paulo,Gaming,Credit Card,Mobile,40,717,2.6,5112.98,94.54,154,29,6.5,2.13,0,2,0,0
7,0,0,UK,Mumbai,Online Shopping,Credit Card,ATM,47,658,1.9,1031.42,40.49,161,22,1.3,20.34,0,0,0,0
0,1,1,Canada,Tokyo,ATM Withdrawal,Debit Card,Desktop,31,772,14.8,4467.6,53.74,144,16,7.2,13.86,1,0,0,0
0,0,1,India,Manchester,Electronics,Debit Card,Mobile,39,668,14.1,5656.23,1353.74,156,16,10.9,9.83,0,0,0,0
7,0,0,Germany,Mumbai,Fuel,Debit Card,Desktop,40,647,9.3,10774.81,155.66,147,22,2.2,9.14,0,1,0,0
22,1,1,India,Guadalajara,Online Shopping,Credit Card,Tablet,29,675,16.3,1052.35,27.23,156,15,57.7,5.1,0,0,0,0
4,0,1,India,Toronto,Fuel,Debit Card,Mobile,27,633,30.0,3799.08,21.09,171,23,12.7,3.21,0,0,0,0
10,0,0,USA,Rio,Crypto Exchange,Credit Card,Mobile,39,640,4.1,7684.53,26.35,146,21,4.8,2.78,1,0,0,1
11,1,0,Brazil,Tokyo,Jewelry,Credit Card,Tablet,59,545,5.2,20918.84,139.9,133,21,7.7,9.18,0,0,0,0
21,1,0,Canada,Tokyo,Fuel,Bank Transfer,Desktop,51,639,13.2,2773.03,83.97,161,26,10.1,0.9,0,0,0,0
12,0,0,USA,Osaka,Clothing,Credit Card,Desktop,48,715,4.8,13483.34,34.35,169,15,10.1,0.03,1,0,0,0
16,0,0,Brazil,Rio,ATM Withdrawal,Bank Transfer,Mobile,43,824,4.2,2864.05,115.04,146,13,5.7,14.41,0,0,0,0
11,0,0,France,New York,Gaming,Credit Card,Desktop,51,671,1.2,68916.2,32.9,123,23,8.7,2.9,0,0,0,0
5,0,1,USA,Delhi,Education,Credit Card,Mobile,42,614,5.7,5878.58,52.92,149,31,18.4,12.84,1,0,0,0
10,1,0,Brazil,Mexico City,Jewelry,Credit Card,Mobile,35,699,6.8,1121.66,160.98,150,23,13.0,3.89,0,0,1,0
9,0,0,UK,Manchester,Jewelry,Debit Card,Mobile,29,850,2.3,2192.11,297.43,136,17,1.5,7.98,0,0,0,0
4,0,1,Japan,Manchester,Gaming,Credit Card,Desktop,51,782,3.9,3386.42,54.68,141,16,36.3,11.42,1,0,0,0
5,0,1,USA,Sydney,Travel,Bank Transfer,Mobile,18,666,2.0,14844.56,1983.95,137,19,13.9,0.45,0,0,0,1
3,0,1,Brazil,Mexico City,Online Shopping,Credit Card,Mobile,59,605,2.6,476.76,18.74,175,21,0.2,3.04,0,0,0,0
14,0,0,USA,Mumbai,Healthcare,Mobile Payment,Tablet,59,622,6.9,13490.0,116.72,133,20,4.0,13.96,0,0,0,0
23,0,1,India,Manchester,Fuel,Debit Card,Mobile,55,762,0.8,8501.38,63.75,146,16,7.3,0.22,0,0,1,0
18,1,0,USA,Mumbai,Crypto Exchange,Credit Card,ATM,43,741,1.7,24072.22,81.7,150,18,1.3,32.22,0,1,0,0
18,1,0,Germany,Manchester,Clothing,Debit Card,Desktop,18,782,3.7,21492.07,32.84,137,15,3.2,9.85,0,0,0,0
20,1,0,UK,Tokyo,Clothing,Crypto,Mobile,25,598,2.8,6385.89,56.9,163,19,41.0,1.47,1,0,0,0
19,0,0,Germany,Los Angeles,Fuel,Mobile Payment,Desktop,42,821,0.6,14424.56,16.38,148,18,59.2,8.32,0,0,0,0
11,0,0,Mexico,Mexico City,ATM Withdrawal,Credit Card,Mobile,20,750,13.6,34275.54,91.08,138,15,2.7,7.8,0,0,0,0
22,0,1,USA,London,Healthcare,Credit Card,Mobile,49,653,13.9,3887.34,45.96,148,17,3.3,25.08,0,0,0,0
17,0,0,Australia,Rio,ATM Withdrawal,Mobile Payment,Mobile,67,651,3.4,11794.87,82.47,153,27,10.7,2.86,1,0,0,0
18,1,0,India,Delhi,Fuel,Mobile Payment,Mobile,49,583,1.6,234637.5,18.97,148,18,10.6,1.11,0,0,0,0
2,0,1,Australia,Paris,Jewelry,Debit Card,ATM,30,717,1.5,24196.92,292.72,134,23,38.9,16.88,0,0,0,1
21,1,0,UK,London,Crypto Exchange,Cheque,Mobile,18,744,0.6,766.61,28.01,142,21,6.4,14.63,0,0,0,0
13,0,0,Brazil,Mumbai,Fuel,Mobile Payment,Mobile,36,579,16.9,17943.91,19.98,162,30,22.2,6.53,0,0,0,0
8,1,0,UK,Delhi,Education,Crypto,POS Terminal,18,579,1.3,1288.68,63.18,169,21,38.7,5.38,0,0,0,0
0,1,1,USA,Mexico City,Healthcare,Cheque,Tablet,40,623,2.7,24575.38,83.42,162,20,65.2,7.09,0,0,0,1
7,0,0,Canada,Delhi,Electronics,Crypto,Mobile,47,753,7.9,2484.41,561.65,147,25,11.7,0.13,1,0,0,0
21,0,0,Brazil,Manchester,Grocery,Debit Card,ATM,29,815,7.1,14922.01,72.07,148,22,9.2,1.53,0,0,0,0
8,0,0,USA,Lyon,Healthcare,Crypto,Tablet,20,699,5.1,2643.24,34.2,157,27,3.3,23.34,1,0,0,0
20,0,0,India,Sydney,Utilities,Credit Card,ATM,62,706,0.1,2416.58,91.04,176,23,0.5,25.36,0,0,0,0
4,0,1,Mexico,Vancouver,Utilities,Debit Card,ATM,31,535,1.5,9615.45,8.6,168,16,0.9,4.43,1,0,0,0
19,0,0,France,Berlin,Gaming,Debit Card,Desktop,42,743,1.5,20547.5,63.61,143,26,17.6,3.29,1,0,0,0
20,0,0,USA,Melbourne,Jewelry,Credit Card,Mobile,23,623,5.6,1744.14,106.82,153,20,22.7,5.4,0,0,0,0
10,0,0,USA,Tokyo,ATM Withdrawal,Debit Card,POS Terminal,32,677,8.8,18425.79,81.07,152,20,0.7,0.41,0,0,0,0
10,1,0,India,Delhi,Restaurant,Mobile Payment,Desktop,46,756,8.7,5234.01,24.76,143,27,2.1,19.66,0,0,0,0
3,0,1,Germany,Sydney,Gaming,Credit Card,Mobile,64,753,1.6,3230.97,33.71,137,15,7.7,8.34,0,0,0,0
6,1,1,USA,London,Jewelry,Bank Transfer,Desktop,48,673,7.7,33153.83,2678.21,163,24,7.2,68.74,1,1,0,0
2,1,1,Canada,Toronto,ATM Withdrawal,Mobile Payment,Mobile,42,756,1.0,22458.13,73.19,151,22,60.7,1.2,0,0,0,0
10,0,0,USA,Mumbai,Education,Bank Transfer,POS Terminal,50,745,1.2,7922.99,113.12,135,21,9.8,0.75,0,0,0,0
9,0,0,USA,Munich,Restaurant,Debit Card,Desktop,18,690,0.6,34438.96,57.97,161,21,0.7,17.8,0,0,0,0
22,1,1,UK,Melbourne,Electronics,Credit Card,Mobile,32,650,0.3,2228.5,335.74,131,17,55.1,3.24,0,0,0,0
0,1,1,India,Osaka,Utilities,Mobile Payment,Mobile,29,723,6.9,2567.69,39.56,127,22,1.8,18.79,0,0,0,0
14,0,0,USA,Munich,Fuel,Bank Transfer,Mobile,32,720,8.8,11991.99,23.65,128,21,25.2,23.14,0,0,0,0
13,0,0,Germany,Paris,Entertainment,Debit Card,Desktop,30,718,1.2,11739.85,297.76,150,15,16.3,5.41,0,0,1,0
6,0,1,Germany,Melbourne,Healthcare,Bank Transfer,Desktop,27,688,5.7,713.28,32.63,142,17,2.3,76.51,0,2,0,0
21,0,0,India,Los Angeles,Online Shopping,Debit Card,Mobile,62,603,2.7,15154.66,26.93,130,15,1.4,22.09,0,1,0,0
14,0,0,USA,Paris,Gaming,Credit Card,Mobile,31,668,2.0,6988.17,190.29,139,12,47.0,1.82,0,0,0,0
4,1,1,India,London,Restaurant,Bank Transfer,Mobile,49,740,1.9,35249.08,61.19,162,31,49.6,0.22,0,0,0,0
13,0,0,India,Vancouver,Entertainment,Debit Card,Desktop,31,595,7.0,1517.3,24.52,142,12,0.6,5.5,1,0,0,0
18,0,0,Mexico,Osaka,Entertainment,Mobile Payment,Mobile,18,772,6.5,22438.86,26.02,173,24,58.2,4.64,0,0,0,0
22,0,1,Canada,Guadalajara,ATM Withdrawal,Mobile Payment,Desktop,48,728,6.0,2577.29,17.17,142,29,1.4,0.85,0,0,0,0
10,1,0,UK,Rio,Gaming,Debit Card,Desktop,56,724,2.5,31567.9,40.82,142,23,5.7,7.72,0,0,0,0
9,0,0,India,Guadalajara,Fuel,Credit Card,Tablet,85,594,0.6,17158.21,53.54,158,13,5.2,1.25,0,2,0,0
15,0,0,UK,Rio,Healthcare,Credit Card,Mobile,18,529,3.0,40073.79,115.05,152,22,19.3,1.15,0,0,0,0
18,1,0,Brazil,Mexico City,Restaurant,Bank Transfer,Mobile,27,698,1.5,5980.18,57.95,136,19,48.1,1.15,1,0,0,0
12,0,0,UK,Tokyo,Entertainment,Mobile Payment,Tablet,57,548,6.1,7621.41,33.08,133,18,37.8,0.76,0,0,0,0
7,1,0,USA,Los Angeles,ATM Withdrawal,Bank Transfer,Desktop,29,685,11.4,18537.16,182.78,151,24,38.1,16.68,0,0,0,0
11,0,0,India,Sydney,Entertainment,Credit Card,Desktop,40,793,1.8,892.26,18.56,145,16,10.0,1.0,0,5,0,0
6,0,1,USA,Delhi,Restaurant,Mobile Payment,Mobile,48,739,2.5,4259.36,40.99,157,24,50.1,17.84,0,0,0,0
10,0,0,India,São Paulo,ATM Withdrawal,Credit Card,Mobile,34,676,3.9,8553.15,18.16,167,19,22.6,14.39,0,0,0,0
22,0,1,USA,Berlin,Restaurant,Debit Card,Mobile,54,816,0.1,3499.54,47.11,134,19,0.2,12.93,1,0,0,0
22,1,1,India,Osaka,Utilities,Debit Card,POS Terminal,54,693,2.1,13896.35,243.18,131,22,28.0,1.67,0,0,0,0
1,0,1,UK,Osaka,Healthcare,Credit Card,Mobile,50,603,2.8,2752.0,58.02,131,30,6.8,28.51,1,0,0,0
14,0,0,UK,São Paulo,Travel,Mobile Payment,Mobile,56,766,1.2,1295.64,37.15,144,13,15.6,11.16,0,0,0,0
3,1,1,USA,Paris,Grocery,Bank Transfer,Mobile,77,636,3.2,2700.86,48.54,134,18,1.4,0.43,0,0,0,0
17,0,0,India,Toronto,Healthcare,Mobile Payment,Mobile,18,710,8.9,4910.75,49.77,155,22,18.0,1.05,0,0,0,0
10,0,0,France,Osaka,Healthcare,Bank Transfer,Mobile,26,804,1.2,1688.6,105.6,155,22,13.9,3.47,0,0,0,0
2,1,1,Australia,London,Gaming,Bank Transfer,POS Terminal,48,609,5.7,5540.3,32.84,146,19,7.6,25.1,0,0,0,0
19,1,0,Brazil,Tokyo,Utilities,Cheque,POS Terminal,36,617,3.7,5467.57,41.91,139,16,69.8,13.39,1,1,0,0
11,0,0,France,Mumbai,Entertainment,Credit Card,Mobile,20,708,5.2,3695.63,42.27,126,22,5.8,5.71,0,1,0,0
6,0,1,UK,Mexico City,Entertainment,Debit Card,POS Terminal,41,850,12.3,3814.68,67.77,148,23,24.6,9.0,0,0,0,0
10,0,0,USA,Lyon,Electronics,Debit Card,Mobile,23,553,5.8,8912.6,717.53,155,14,8.1,38.14,0,0,0,0
20,1,0,UK,Toronto,Education,Bank Transfer,Desktop,50,628,0.6,13507.65,30.29,134,27,0.6,4.44,0,0,0,0
12,0,0,Mexico,Guadalajara,Grocery,Mobile Payment,Mobile,35,636,1.3,784.86,24.21,146,12,19.2,1.44,0,0,0,0
9,1,0,India,Melbourne,Entertainment,Debit Card,Mobile,43,642,0.2,7942.27,173.68,140,21,18.0,8.64,0,0,0,0
18,1,0,USA,Los Angeles,Travel,Mobile Payment,Mobile,26,715,1.3,26570.03,83.54,171,14,8.6,1.84,1,0,0,0
7,0,0,Australia,Munich,Fuel,Debit Card,Mobile,43,736,1.1,1623.07,41.28,139,17,36.2,3.97,1,1,0,0
11,0,0,Germany,Osaka,Clothing,Credit Card,Mobile,60,516,18.9,986.39,21.05,169,20,5.3,1.99,1,0,0,0
5,1,1,UK,Vancouver,Gaming,Credit Card,Mobile,39,527,3.0,5240.65,25.99,161,21,1.3,2.21,1,0,0,0
16,0,0,Brazil,New York,Electronics,Mobile Payment,POS Terminal,18,831,0.8,4371.59,183.27,163,16,12.8,2.2,0,0,0,0
15,0,0,USA,Munich,Restaurant,Debit Card,Tablet,18,545,0.5,9823.67,35.24,145,12,4.7,3.87,0,0,0,0
10,0,0,USA,Rio,Electronics,Bank Transfer,ATM,29,532,1.7,11125.91,317.84,153,19,30.5,15.12,0,0,0,0
22,0,1,France,New York,Grocery,Bank Transfer,Desktop,51,721,1.8,52426.98,75.56,154,17,17.9,2.21,0,0,0,0
23,0,1,USA,Toronto,Online Shopping,Credit Card,Mobile,42,684,6.9,5338.48,183.87,138,15,58.7,9.42,0,1,0,0
11,1,0,India,Guadalajara,ATM Withdrawal,Mobile Payment,Mobile,56,625,8.4,3069.39,44.18,139,20,8.0,7.9,0,0,1,0
6,1,1,Germany,Munich,Electronics,Bank Transfer,Mobile,68,627,0.3,1018.4,9537.72,144,15,1.2,9.86,0,1,0,0
16,0,0,Japan,New York,Utilities,Mobile Payment,Desktop,56,616,8.4,19205.25,220.32,159,24,19.3,10.15,0,2,0,0
6,0,1,Japan,Delhi,Entertainment,Bank Transfer,Desktop,48,586,1.0,19975.91,82.3,142,26,8.2,5.23,1,0,0,0
14,0,0,USA,Tokyo,Clothing,Credit Card,Desktop,47,592,6.7,2773.14,310.25,155,22,24.1,24.98,0,0,0,0
4,0,1,USA,Rio,Fuel,Debit Card,Desktop,63,664,12.1,323.82,30.73,162,23,20.5,5.23,1,0,0,0
2,1,1,UK,Osaka,Gaming,Credit Card,Mobile,31,634,11.0,3954.08,40.2,147,22,4.2,0.74,0,0,0,0
23,0,1,UK,Tokyo,Entertainment,Credit Card,Mobile,38,710,1.3,2923.88,353.51,153,34,5.3,22.38,0,0,0,0
0,0,1,USA,Vancouver,Gaming,Debit Card,Mobile,29,674,5.7,48779.14,129.81,146,14,18.1,7.2,1,0,0,0
19,0,0,Brazil,Delhi,Travel,Debit Card,Mobile,42,724,8.7,5502.42,256.13,154,22,30.0,1.26,1,0,0,0
18,0,0,India,Berlin,Grocery,Mobile Payment,POS Terminal,18,639,0.9,27413.68,27.81,158,20,20.4,1.17,0,0,0,0
20,0,0,USA,Lyon,Electronics,Credit Card,Mobile,42,725,1.1,12766.31,560.66,156,24,30.3,23.56,1,0,0,0
11,0,0,Australia,Sydney,Crypto Exchange,Mobile Payment,Mobile,48,723,1.1,7394.54,45.45,138,24,29.1,13.9,0,0,0,0
22,0,1,USA,Lyon,Electronics,Credit Card,Mobile,42,642,21.8,32899.03,399.79,138,21,8.4,8.43,1,0,0,0
19,0,0,Germany,Sydney,Clothing,Mobile Payment,Desktop,25,683,1.5,6705.33,143.11,176,18,38.8,9.43,0,0,0,0
16,1,0,Canada,Berlin,Education,Mobile Payment,Mobile,41,621,4.2,35660.83,10.14,136,20,7.1,13.11,0,0,0,0
21,0,0,UK,São Paulo,Healthcare,Credit Card,Mobile,37,607,1.0,68125.63,3.54,158,18,32.4,1.29,0,0,0,0
20,0,0,UK,Munich,Fuel,Cheque,Mobile,18,765,11.6,6931.36,788.93,148,18,18.1,11.9,0,0,0,0
10,1,0,USA,Sydney,Clothing,Debit Card,POS Terminal,64,619,0.5,2228.59,378.48,134,26,67.3,25.18,0,0,0,0
12,0,0,UK,Manchester,Electronics,Bank Transfer,ATM,24,674,2.8,8783.91,720.29,162,22,5.9,8.28,0,0,0,0
13,1,0,Japan,Los Angeles,Utilities,Credit Card,POS Terminal,26,681,11.2,4900.03,30.72,129,23,19.9,29.6,0,0,1,0
19,1,0,UK,Manchester,Crypto Exchange,Credit Card,POS Terminal,25,621,1.7,22685.46,134.01,158,23,2.7,23.74,0,0,0,0
3,0,1,France,Toronto,Crypto Exchange,Crypto,Mobile,25,623,5.9,16607.53,258.12,129,17,1.4,3.48,0,0,0,0
1,1,1,India,New York,Electronics,Credit Card,POS Terminal,63,619,1.1,98827.16,1351.53,151,15,40.6,17.47,0,0,0,0
19,0,0,India,Mumbai,Online Shopping,Credit Card,Desktop,41,709,7.3,2533.37,24.59,164,20,11.4,23.03,0,2,0,0
12,0,0,Canada,Melbourne,Clothing,Credit Card,Mobile,43,661,4.3,27688.29,125.86,166,13,31.3,4.27,0,0,0,0
3,1,1,USA,Osaka,Grocery,Debit Card,Desktop,60,623,1.2,19794.65,20.17,155,13,57.6,2.24,0,0,1,0
4,0,1,France,Lyon,Clothing,Debit Card,Mobile,28,700,0.1,1567.46,15.17,145,9,13.4,25.07,0,3,1,1
11,0,0,Japan,Osaka,Travel,Bank Transfer,Mobile,46,697,1.9,12715.28,103.53,142,14,16.8,12.67,0,0,0,0
6,1,1,UK,Munich,Entertainment,Debit Card,ATM,59,633,5.2,11637.97,15.91,132,18,32.2,13.79,0,3,0,0
7,0,0,Japan,Paris,Grocery,Debit Card,ATM,31,735,8.8,21482.45,17.53,162,17,36.0,1.51,0,0,0,0
7,0,0,Germany,Osaka,Gaming,Bank Transfer,Tablet,30,780,8.4,2303.84,5.11,162,23,6.2,21.93,0,3,0,0
7,0,0,Canada,Delhi,Online Shopping,Bank Transfer,Tablet,34,740,15.6,11012.12,61.26,158,23,4.6,6.55,1,1,0,0
18,0,0,France,Munich,Grocery,Credit Card,Desktop,36,719,5.9,10663.3,11.26,142,25,21.9,20.67,1,0,0,0
12,0,0,UK,Paris,Grocery,Debit Card,Mobile,36,641,12.3,1794.83,12.35,162,19,1.2,0.25,0,0,0,0
19,0,0,Australia,Melbourne,Healthcare,Credit Card,POS Terminal,38,720,7.1,9137.61,35.03,142,27,26.2,18.74,0,0,1,0
13,0,0,UK,Sydney,Utilities,Debit Card,Mobile,24,758,4.3,9147.29,26.99,125,24,19.8,5.78,0,0,1,0
12,1,0,USA,Melbourne,Restaurant,Bank Transfer,Mobile,54,716,3.2,1047.63,29.21,151,18,46.6,24.96,0,0,0,0
4,1,1,USA,Rio,Entertainment,Bank Transfer,POS Terminal,49,727,2.0,20930.37,180.8,164,19,22.3,16.49,0,0,0,0
2,0,1,Germany,Sydney,Grocery,Credit Card,ATM,60,709,0.6,5830.92,86.11,152,31,66.0,37.23,0,0,0,0
2,0,1,Australia,Munich,Electronics,Debit Card,Mobile,50,658,16.0,15588.76,977.39,145,20,14.5,13.79,0,0,0,0
23,0,1,India,Sydney,Fuel,Credit Card,Mobile,50,677,5.2,83241.74,147.23,160,21,15.0,1.26,0,2,1,0
14,0,0,Brazil,Tokyo,Jewelry,Bank Transfer,Mobile,40,658,3.7,690.9,416.7,146,24,35.5,31.69,0,0,0,0
21,1,0,USA,Munich,Healthcare,Debit Card,POS Terminal,18,702,5.7,14727.3,18.14,137,21,56.2,6.35,0,0,1,0
6,0,1,USA,New York,Fuel,Credit Card,Desktop,54,701,0.8,10803.64,8.81,143,21,6.7,2.2,0,0,0,1
10,0,0,Japan,Tokyo,ATM Withdrawal,Credit Card,Mobile,70,751,0.4,1099.84,84.41,128,25,1.9,1.89,1,0,0,0
3,1,1,Germany,Guadalajara,Entertainment,Debit Card,Mobile,30,584,0.1,4682.03,63.62,167,19,7.8,13.74,0,0,0,0
13,0,0,France,London,Utilities,Crypto,Desktop,51,707,3.6,30056.92,51.66,146,20,0.2,48.21,1,0,0,0
1,0,1,USA,Delhi,Jewelry,Mobile Payment,POS Terminal,40,590,0.7,3153.15,349.14,150,25,3.4,2.6,0,0,0,0
17,0,0,Germany,Munich,Utilities,Credit Card,Desktop,27,677,0.9,11101.63,21.55,136,25,15.3,2.13,0,0,0,0
20,0,0,UK,Los Angeles,ATM Withdrawal,Mobile Payment,Mobile,18,604,6.2,27638.86,54.04,160,25,0.8,25.53,1,3,0,0
17,1,0,Germany,Los Angeles,Education,Bank Transfer,Tablet,32,617,5.8,108210.24,11.7,141,19,50.7,6.72,0,0,0,0
15,0,0,Japan,São Paulo,Online Shopping,Credit Card,Desktop,60,795,6.8,3445.65,52.86,146,22,57.8,4.15,0,1,0,0
1,0,1,USA,New York,ATM Withdrawal,Credit Card,ATM,38,684,0.7,2045.36,39.11,167,12,34.1,17.21,0,0,0,0
5,1,1,Canada,Los Angeles,Restaurant,Bank Transfer,Desktop,34,757,1.6,5634.17,98.02,156,23,18.3,39.41,0,0,0,0
8,0,0,UK,Sydney,Entertainment,Credit Card,POS Terminal,31,778,2.8,9053.08,20.59,139,15,11.7,3.77,0,0,0,0
15,0,0,Mexico,São Paulo,Electronics,Bank Transfer,ATM,43,777,11.6,34778.3,1043.94,142,19,46.0,14.54,0,0,0,0
9,0,0,USA,Manchester,ATM Withdrawal,Debit Card,POS Terminal,55,791,1.2,8500.41,111.52,144,21,22.8,15.99,1,2,0,0
23,0,1,USA,Berlin,Entertainment,Mobile Payment,POS Terminal,51,557,7.4,893.7,89.97,138,19,15.3,14.82,0,0,0,0
10,0,0,USA,London,Clothing,Bank Transfer,Desktop,28,574,12.0,3361.19,16.32,145,22,22.1,18.58,0,1,0,1
18,0,0,India,Mexico City,Healthcare,Debit Card,Desktop,36,850,1.6,8886.51,57.53,147,17,29.4,8.66,0,0,0,0
12,1,0,Germany,Lyon,Crypto Exchange,Mobile Payment,Mobile,45,560,0.9,3081.25,45.11,152,24,8.0,15.83,1,0,0,0
14,0,0,India,Osaka,Crypto Exchange,Mobile Payment,Mobile,24,567,0.9,3054.92,125.36,141,13,18.8,27.64,1,0,0,0
6,0,1,USA,London,Online Shopping,Credit Card,ATM,74,719,3.1,1042.28,125.42,147,18,13.4,3.55,0,0,0,0
7,0,0,Australia,Osaka,Healthcare,Mobile Payment,ATM,28,699,1.6,34728.27,249.03,159,18,23.9,8.78,0,0,0,0
4,0,1,France,Sydney,ATM Withdrawal,Bank Transfer,Desktop,32,740,2.7,2579.59,16.09,124,23,22.0,6.41,1,0,0,0
21,0,0,Japan,Mexico City,Healthcare,Bank Transfer,Mobile,31,718,0.1,13016.05,9.63,154,20,2.2,11.94,0,0,0,0
14,0,0,USA,London,Entertainment,Bank Transfer,Desktop,53,566,1.5,1932.75,38.72,154,19,0.4,2.2,0,0,0,0
14,0,0,Brazil,Guadalajara,Jewelry,Bank Transfer,Desktop,40,652,6.9,5638.3,1080.98,135,27,9.0,3.28,0,0,0,0
14,1,0,Brazil,Berlin,Utilities,Debit Card,Tablet,34,632,9.8,61707.46,16.02,156,18,8.3,11.06,0,0,0,0
7,0,0,USA,Paris,ATM Withdrawal,Credit Card,Desktop,58,776,1.1,4285.0,82.78,159,19,2.9,11.65,1,0,0,0
18,0,0,USA,Los Angeles,Gaming,Credit Card,Desktop,43,579,12.1,10547.31,182.37,161,25,69.1,2.16,0,0,0,1
5,0,1,France,Guadalajara,ATM Withdrawal,Credit Card,Mobile,41,689,3.6,13063.16,23.07,153,9,1.1,24.1,0,0,0,0
21,0,0,Germany,Sydney,Utilities,Debit Card,Mobile,49,689,3.1,13272.09,46.15,153,19,39.3,0.68,0,0,0,0
4,0,1,USA,Vancouver,ATM Withdrawal,Debit Card,Mobile,23,734,11.3,68975.18,39.95,172,23,10.3,11.65,1,0,0,0
17,1,0,UK,Lyon,Fuel,Debit Card,Desktop,41,736,2.5,1952.27,81.52,140,22,0.7,2.92,0,2,0,0
18,1,0,India,Los Angeles,Utilities,Bank Transfer,Desktop,43,619,1.1,4238.14,171.77,146,20,26.0,2.25,0,0,0,0
17,0,0,Canada,Melbourne,Clothing,Cheque,Tablet,42,664,10.1,26522.12,95.84,126,15,96.5,8.07,0,0,1,0
16,0,0,UK,Guadalajara,Restaurant,Debit Card,ATM,55,539,2.7,847.96,189.02,165,30,20.5,15.15,0,0,0,0
9,0,0,USA,Tokyo,Fuel,Cheque,Mobile,46,688,3.1,69295.86,30.66,160,22,22.3,25.0,0,0,0,0
12,0,0,Mexico,São Paulo,Utilities,Debit Card,Mobile,29,716,10.4,7274.07,65.61,139,25,0.9,0.62,0,0,0,0
16,0,0,Germany,Lyon,Gaming,Mobile Payment,ATM,36,571,0.9,22165.95,302.81,124,22,48.7,9.12,0,0,0,0
18,1,0,Japan,Mumbai,Jewelry,Credit Card,Mobile,41,723,2.9,5015.93,1329.85,146,19,18.6,11.31,0,0,1,0
5,1,1,USA,Munich,Fuel,Credit Card,ATM,25,602,0.2,1413.0,32.82,129,20,26.6,8.46,0,1,0,0
23,0,1,India,New York,Utilities,Credit Card,ATM,46,666,1.9,10555.77,35.27,176,16,13.3,14.59,1,0,0,0
10,1,0,Germany,São Paulo,Travel,Credit Card,Tablet,23,668,2.9,19743.27,974.96,156,12,26.1,2.78,1,1,0,0
13,0,0,Brazil,Melbourne,Healthcare,Credit Card,Mobile,26,687,0.6,1365.56,564.3,153,13,1.4,11.82,1,0,0,0
22,1,1,Australia,Munich,Grocery,Credit Card,Mobile,38,734,0.8,1309.92,97.3,145,22,46.2,13.99,0,2,0,0
21,0,0,USA,Mexico City,Education,Credit Card,Desktop,56,611,24.0,6377.85,44.66,155,17,24.0,3.89,1,0,0,0
19,0,0,UK,Rio,Healthcare,Debit Card,Desktop,57,617,4.9,79238.85,28.82,136,21,14.3,14.85,0,0,0,0
19,1,0,UK,Tokyo,Healthcare,Debit Card,POS Terminal,70,809,4.0,483.6,33.92,160,24,4.6,12.7,1,0,0,0
13,0,0,Japan,Manchester,Entertainment,Credit Card,Mobile,48,650,6.1,8807.0,58.78,138,20,15.2,6.25,0,1,1,0
19,0,0,USA,Guadalajara,Crypto Exchange,Debit Card,Mobile,32,719,7.4,1700.02,21.86,151,22,26.8,4.25,0,0,0,0
6,0,1,UK,Melbourne,Fuel,Credit Card,Mobile,45,723,7.7,23599.98,61.04,150,20,4.3,15.43,1,0,0,0
9,0,0,Mexico,Mexico City,Clothing,Bank Transfer,POS Terminal,69,744,3.4,5673.87,20.89,179,17,38.4,17.25,0,0,0,0
5,0,1,Canada,London,Entertainment,Mobile Payment,POS Terminal,61,790,0.2,6420.33,19.17,144,30,43.3,9.27,1,0,0,0
4,0,1,Mexico,Mumbai,Travel,Credit Card,Desktop,37,717,4.9,5614.07,297.47,170,18,0.2,11.97,1,1,0,0
20,0,0,Mexico,Osaka,Utilities,Credit Card,Mobile,27,578,4.8,5087.1,25.24,127,14,2.1,10.24,0,0,0,0
2,1,1,USA,Toronto,Education,Credit Card,Desktop,36,593,7.9,2204.82,35.12,158,19,36.7,21.43,0,0,0,0
15,1,0,Canada,Berlin,Gaming,Debit Card,Tablet,50,771,21.8,5246.71,72.48,152,28,14.0,23.26,0,0,0,0
1,0,1,USA,Mumbai,Travel,Credit Card,Mobile,43,710,4.0,9234.25,980.74,142,12,18.1,0.49,0,0,0,0
22,0,1,Germany,New York,Online Shopping,Credit Card,Mobile,38,643,0.7,7374.79,62.19,157,22,24.7,41.24,0,0,0,0
11,0,0,India,Mexico City,Utilities,Mobile Payment,Mobile,52,592,13.0,1646.2,20.51,140,17,5.4,14.33,0,0,0,0
6,1,1,Japan,Mumbai,Restaurant,Debit Card,Desktop,22,618,0.8,14234.04,15.86,140,22,0.4,2.42,0,0,0,0
23,0,1,USA,Osaka,Electronics,Credit Card,POS Terminal,33,636,2.1,11343.36,395.32,147,22,0.4,2.49,0,0,1,0
11,0,0,USA,Munich,Grocery,Credit Card,Tablet,33,609,5.1,11352.3,262.08,147,17,39.9,8.81,0,0,0,0
20,0,0,Brazil,Lyon,ATM Withdrawal,Mobile Payment,Tablet,44,616,0.7,3749.37,309.68,155,19,31.3,4.68,0,0,0,0
4,0,1,UK,London,Clothing,Bank Transfer,Desktop,34,645,4.4,1459.4,71.17,138,17,33.0,22.5,0,1,0,1
0,0,1,Japan,Vancouver,Healthcare,Credit Card,Desktop,51,788,8.4,25256.63,97.98,165,14,47.7,23.19,0,1,0,0
1,1,1,Germany,Vancouver,Grocery,Debit Card,Desktop,31,660,0.8,36605.96,19.4,148,21,4.2,5.91,0,0,0,0
6,0,1,Germany,Vancouver,ATM Withdrawal,Debit Card,ATM,41,800,2.8,1214.2,128.14,144,15,8.2,4.1,0,0,0,0
22,0,1,USA,Tokyo,Entertainment,Credit Card,Mobile,59,804,16.4,13955.87,252.1,165,18,3.5,0.88,0,0,0,0
9,0,0,France,Los Angeles,Education,Credit Card,Desktop,42,637,8.4,99235.13,12.22,167,15,6.1,9.11,0,2,0,0
15,1,0,Australia,São Paulo,Electronics,Credit Card,Desktop,55,598,5.7,1562.71,312.44,167,23,7.2,16.71,0,1,0,0
9,0,0,UK,Manchester,Entertainment,Mobile Payment,Desktop,34,736,4.1,10397.51,4.62,132,26,1.7,72.1,0,0,0,0
14,1,0,Brazil,Los Angeles,ATM Withdrawal,Debit Card,Mobile,65,589,2.6,1781.85,23.25,150,11,9.3,18.71,0,0,0,0
15,0,0,Brazil,Tokyo,Fuel,Credit Card,Mobile,42,786,30.0,3898.04,113.14,161,21,26.9,10.66,0,0,0,0
1,0,1,France,Mumbai,Clothing,Bank Transfer,Mobile,37,627,1.7,2302.28,70.0,148,20,20.5,7.39,0,0,0,0
22,0,1,USA,Paris,Jewelry,Bank Transfer,Mobile,18,758,3.6,11783.8,181.37,145,14,28.2,0.61,1,2,0,0
19,0,0,Australia,Mexico City,Fuel,Bank Transfer,Mobile,23,702,9.5,8153.4,91.61,147,18,2.7,18.83,0,0,0,0
21,0,0,USA,Guadalajara,Grocery,Credit Card,Desktop,63,792,0.3,7292.69,115.24,146,12,6.2,0.85,0,0,0,0
13,1,0,USA,Mumbai,Education,Mobile Payment,Tablet,34,623,12.5,1770.11,12.33,137,22,26.9,23.38,1,0,0,0
16,1,0,USA,London,Jewelry,Credit Card,POS Terminal,54,717,1.4,6875.45,449.75,129,22,7.4,20.68,1,0,0,0
21,1,0,India,São Paulo,Travel,Credit Card,Mobile,57,685,2.0,1792.43,185.02,132,27,1.1,14.86,0,0,0,0
18,0,0,Japan,Mexico City,Utilities,Debit Card,Tablet,43,653,0.8,6818.84,41.2,132,19,71.6,28.49,0,0,1,0
22,1,1,Canada,Delhi,Crypto Exchange,Mobile Payment,Mobile,40,755,7.4,1541.53,56.92,122,20,36.0,28.5,0,3,1,0
13,0,0,Canada,Rio,Utilities,Credit Card,POS Terminal,19,701,0.5,30355.07,52.71,144,22,48.2,26.97,0,3,0,0
17,0,0,Mexico,Toronto,Crypto Exchange,Credit Card,Mobile,34,687,6.0,3036.61,16.71,148,17,4.5,7.98,0,0,0,0
10,1,0,USA,Lyon,Travel,Mobile Payment,Mobile,53,805,6.4,12535.78,223.84,157,27,0.5,8.45,0,0,0,0
17,1,0,USA,London,Online Shopping,Credit Card,Desktop,55,609,2.5,1131.9,37.92,146,20,64.2,49.01,0,0,0,0
0,0,1,USA,London,Gaming,Credit Card,Desktop,37,696,3.2,24752.62,88.65,167,22,17.7,2.72,1,0,0,0
5,0,1,Germany,Paris,Healthcare,Crypto,Mobile,26,567,0.1,11643.88,34.62,147,18,83.6,22.67,0,0,0,0
1,1,1,Japan,Lyon,Restaurant,Debit Card,Mobile,46,772,3.1,17872.4,42.97,133,27,3.7,1.39,0,0,0,0
9,0,0,India,Mumbai,Gaming,Credit Card,Desktop,70,710,10.8,73607.73,429.19,131,20,4.6,21.29,0,0,0,0
23,0,1,Brazil,Melbourne,Grocery,Bank Transfer,Mobile,32,567,0.4,8436.48,39.42,151,26,5.4,26.77,0,0,0,0
21,0,0,Brazil,London,Education,Mobile Payment,ATM,33,747,1.3,1043.03,97.93,151,25,38.6,31.98,1,0,0,0
18,0,0,India,Los Angeles,Clothing,Debit Card,Mobile,58,755,1.2,891.84,70.91,157,24,108.3,7.9,0,0,0,0
17,0,0,France,Guadalajara,Electronics,Debit Card,Desktop,76,681,1.0,91879.04,2262.23,151,18,3.9,12.56,0,0,0,0
21,1,0,Brazil,Manchester,Online Shopping,Credit Card,Desktop,29,723,2.1,2965.14,48.92,162,12,9.8,2.88,0,0,1,0
1,0,1,Japan,Toronto,Travel,Bank Transfer,Desktop,59,605,2.1,31806.45,120.85,143,27,34.2,4.87,1,0,0,0
17,1,0,Canada,Manchester,Travel,Bank Transfer,Mobile,55,700,0.9,19841.61,343.84,106,17,13.5,29.17,0,0,0,0
5,0,1,Germany,Mexico City,Entertainment,Crypto,Mobile,49,753,0.3,7196.33,23.73,162,16,35.9,13.02,1,0,0,0
6,0,1,Germany,Manchester,Education,Debit Card,ATM,18,782,4.0,6446.73,34.77,147,23,12.6,5.85,0,0,0,0
13,0,0,Japan,Los Angeles,Gaming,Credit Card,POS Terminal,41,635,7.5,3841.15,19.3,147,12,25.4,11.99,0,0,0,0
14,1,0,USA,Berlin,Healthcare,Credit Card,Desktop,52,792,10.3,940.08,50.07,159,28,18.4,11.79,0,0,0,0
15,0,0,UK,Delhi,Gaming,Bank Transfer,Desktop,18,638,2.9,6987.4,383.66,138,23,9.0,27.93,0,3,0,0
1,0,1,Brazil,São Paulo,Restaurant,Debit Card,Desktop,18,712,10.6,6102.7,56.75,151,23,36.8,19.59,0,0,0,0
9,0,0,Brazil,Toronto,Gaming,Credit Card,Mobile,36,556,2.6,6601.12,40.94,153,22,7.7,9.36,0,0,0,0
12,0,0,Germany,Guadalajara,ATM Withdrawal,Debit Card,Desktop,32,602,1.2,2945.3,165.02,143,27,7.7,30.56,0,0,0,0
9,0,0,India,Tokyo,Jewelry,Credit Card,POS Terminal,54,653,3.0,4299.95,126.13,153,14,11.6,28.83,0,2,0,0
15,0,0,USA,Vancouver,Grocery,Mobile Payment,Desktop,18,748,6.4,18608.61,42.08,170,23,4.8,13.05,0,2,0,0
14,0,0,Mexico,Osaka,Jewelry,Bank Transfer,POS Terminal,55,620,2.9,3308.98,431.57,153,21,26.5,29.27,0,5,0,0
10,1,0,India,Delhi,Healthcare,Mobile Payment,ATM,18,699,3.8,2771.41,184.95,171,19,37.8,12.18,0,0,0,0
10,0,0,USA,Paris,Utilities,Credit Card,POS Terminal,28,748,2.6,64394.7,10.84,136,20,16.9,7.3,0,0,0,0
16,0,0,UK,New York,Online Shopping,Credit Card,Mobile,32,727,16.1,1794.52,23.3,146,22,3.3,5.57,0,0,0,0
15,1,0,France,Toronto,Entertainment,Mobile Payment,Desktop,47,756,2.5,78017.83,118.74,148,21,4.5,14.48,0,0,0,0
22,0,1,Germany,Mexico City,Clothing,Bank Transfer,Desktop,37,636,2.7,25859.05,105.7,121,14,20.9,39.47,1,0,0,0
19,1,0,France,Sydney,Travel,Credit Card,Mobile,30,669,0.1,17793.3,1531.87,133,22,55.0,15.13,1,0,0,0
16,0,0,India,Los Angeles,ATM Withdrawal,Credit Card,Tablet,45,776,1.4,549.71,20.68,149,22,14.0,0.55,0,0,0,0
10,0,0,India,Los Angeles,Healthcare,Debit Card,POS Terminal,71,683,7.2,7724.66,24.36,133,22,3.1,3.01,0,0,0,0
13,0,0,Australia,Sydney,Utilities,Credit Card,POS Terminal,68,560,4.1,1160.72,25.7,132,9,7.3,52.77,0,0,0,0
22,0,1,Mexico,Paris,Healthcare,Debit Card,Mobile,18,725,1.3,6040.16,12.77,135,17,20.3,2.32,0,0,0,0
13,1,0,Brazil,Munich,Online Shopping,Bank Transfer,Mobile,26,586,4.1,3062.37,48.3,140,27,33.9,2.74,1,0,0,0
12,0,0,UK,Sydney,Entertainment,Credit Card,ATM,40,598,17.5,3484.28,18.31,144,18,4.9,31.39,0,0,0,0
7,0,0,India,Toronto,Healthcare,Debit Card,Desktop,42,806,1.9,2311.03,87.6,132,15,2.6,9.29,0,0,0,0
23,0,1,Japan,Berlin,Clothing,Debit Card,Mobile,67,726,0.3,12970.92,30.84,140,21,3.8,16.03,0,0,0,0
2,0,1,Germany,São Paulo,Fuel,Crypto,Mobile,43,647,21.0,38699.0,24.65,166,23,7.3,10.06,0,0,0,0
8,0,0,Japan,Tokyo,Healthcare,Credit Card,Mobile,33,828,10.2,84297.04,185.71,129,19,3.9,13.13,0,1,0,0
4,0,1,USA,Berlin,Education,Debit Card,ATM,51,589,1.6,7456.76,125.47,143,23,29.8,0.13,0,0,0,0
7,0,0,Brazil,London,Entertainment,Mobile Payment,Desktop,27,842,5.1,19084.73,138.39,133,22,18.6,26.67,0,0,0,0
14,1,0,Canada,New York,ATM Withdrawal,Bank Transfer,Mobile,47,682,4.7,7186.87,5.84,169,21,0.6,7.87,0,0,0,0
3,0,1,USA,Mumbai,Fuel,Mobile Payment,Mobile,51,639,0.3,24146.62,164.4,141,20,7.0,0.5,0,0,0,0
0,1,1,USA,Mexico City,Healthcare,Debit Card,Mobile,21,573,2.6,13439.43,16.16,140,16,49.1,41.06,0,0,0,0
19,0,0,India,Sydney,Education,Credit Card,Mobile,48,776,22.3,5479.02,5.09,150,16,15.4,8.68,0,1,0,0
3,0,1,Canada,London,Clothing,Credit Card,POS Terminal,20,592,7.6,45633.05,65.89,151,29,21.8,2.74,0,0,0,0
10,0,0,Australia,Tokyo,Entertainment,Debit Card,Mobile,36,634,11.6,2478.21,31.34,154,12,39.5,9.38,0,0,0,0
0,0,1,India,Sydney,Entertainment,Credit Card,Desktop,42,725,10.9,10886.6,47.81,151,27,12.0,5.32,1,0,1,0
4,0,1,Brazil,Paris,ATM Withdrawal,Credit Card,Mobile,59,611,9.3,15092.89,68.89,162,23,10.3,20.4,0,0,0,0
13,0,0,Australia,Manchester,Utilities,Bank Transfer,POS Terminal,46,729,2.6,58173.39,11.54,154,17,17.0,11.05,0,0,0,0
17,0,0,Australia,Munich,Online Shopping,Mobile Payment,POS Terminal,18,712,1.2,17349.16,48.33,139,26,25.9,11.84,0,0,0,0
7,0,0,UK,Osaka,Restaurant,Credit Card,Mobile,37,735,0.7,19273.83,60.0,148,16,17.2,0.87,0,0,0,0
7,1,0,USA,Paris,ATM Withdrawal,Crypto,Mobile,51,784,0.2,4518.59,15.82,153,12,5.1,7.17,0,0,0,0
11,1,0,USA,New York,Crypto Exchange,Credit Card,Mobile,69,698,12.1,940.93,44.4,144,17,33.6,11.95,0,0,0,0
21,0,0,India,Manchester,Grocery,Bank Transfer,Mobile,53,804,2.0,885.41,155.8,159,22,18.5,15.4,1,0,0,0
9,0,0,France,Mumbai,Travel,Mobile Payment,Desktop,23,657,3.2,9676.09,1259.68,129,19,13.7,1.77,0,3,0,0
23,0,1,Brazil,Berlin,Travel,Bank Transfer,Mobile,27,544,0.9,4905.4,183.56,148,16,9.9,21.11,0,0,0,0
2,1,1,Japan,London,Online Shopping,Debit Card,Desktop,53,590,4.4,8410.4,128.99,146,16,14.7,0.8,1,0,0,0
13,1,0,USA,Guadalajara,Entertainment,Debit Card,POS Terminal,62,754,3.1,34176.51,63.53,148,28,0.7,4.21,0,0,0,0
9,0,0,Germany,Munich,Healthcare,Mobile Payment,Mobile,44,690,3.6,6423.9,78.3,156,12,54.3,17.66,0,0,0,0
9,1,0,USA,Mumbai,Crypto Exchange,Debit Card,POS Terminal,65,643,0.5,13117.58,57.21,160,17,6.6,6.79,0,0,0,0
0,1,1,India,London,Travel,Bank Transfer,Mobile,41,754,2.4,8309.59,214.93,161,21,44.6,0.83,0,0,1,0
2,0,1,Japan,Paris,Utilities,Mobile Payment,Mobile,33,636,2.7,4052.31,22.98,171,20,1.8,5.44,0,3,0,1
12,1,0,USA,Delhi,Grocery,Bank Transfer,ATM,46,797,6.5,4513.41,72.15,141,28,67.0,1.99,0,1,0,0
14,0,0,Canada,Manchester,ATM Withdrawal,Credit Card,Desktop,18,690,0.5,2770.04,43.98,142,16,0.4,4.63,0,0,0,0
13,0,0,Australia,London,Grocery,Bank Transfer,Mobile,33,680,1.2,2680.77,228.8,160,18,5.4,9.18,0,0,0,0
21,0,0,USA,Manchester,Utilities,Mobile Payment,Desktop,44,693,1.6,19289.92,48.63,145,18,44.7,24.03,0,0,0,0
22,1,1,UK,Lyon,ATM Withdrawal,Mobile Payment,Mobile,50,731,1.1,3921.91,146.1,132,26,22.3,3.53,1,0,0,0
20,0,0,France,Rio,Healthcare,Debit Card,POS Terminal,60,642,3.8,14226.65,10.9,130,19,69.9,5.15,0,4,0,0
2,0,1,Canada,Vancouver,Restaurant,Debit Card,Mobile,48,752,6.9,6738.66,160.31,139,26,12.7,0.5,0,0,0,0
19,1,0,USA,New York,Crypto Exchange,Debit Card,POS Terminal,36,626,2.1,7055.85,120.07,142,27,9.4,6.14,0,0,0,0
8,0,0,Canada,Mexico City,Crypto Exchange,Credit Card,Mobile,22,850,1.5,8089.17,53.89,141,18,8.1,3.73,0,0,0,1
15,0,0,USA,Rio,Healthcare,Credit Card,Mobile,23,597,4.5,13674.27,14.65,139,16,20.9,8.67,0,0,0,0
1,0,1,Mexico,Vancouver,Electronics,Debit Card,Mobile,18,773,2.3,1738.12,251.69,125,22,16.9,1.9,0,0,0,0
16,0,0,Brazil,São Paulo,Entertainment,Credit Card,Mobile,51,604,0.9,11666.33,28.06,168,18,6.8,11.94,0,0,0,0
20,1,0,USA,Osaka,Clothing,Crypto,Desktop,38,517,4.7,9960.09,36.84,157,17,49.0,31.48,0,0,0,0
7,0,0,France,Tokyo,Clothing,Debit Card,Mobile,53,649,1.0,3617.24,225.06,145,21,7.3,0.24,0,0,0,0
4,1,1,UK,Mumbai,Grocery,Crypto,Mobile,63,562,6.6,23173.25,46.29,151,11,13.4,18.68,1,0,0,0
18,0,0,Australia,Berlin,Clothing,Debit Card,Desktop,25,608,10.8,5954.2,30.32,138,22,0.4,9.07,0,0,0,0
15,0,0,Brazil,Paris,Restaurant,Bank Transfer,Tablet,44,734,1.1,1054.88,533.66,143,17,109.3,3.0,0,0,0,0
4,0,1,Germany,New York,Electronics,Cheque,Desktop,40,613,12.1,35324.75,635.64,152,22,29.0,31.02,0,1,1,0
5,0,1,Mexico,Osaka,Clothing,Debit Card,Mobile,34,720,0.3,32245.37,25.37,153,19,4.9,2.73,0,0,0,0
22,0,1,USA,Los Angeles,Grocery,Debit Card,Desktop,58,539,1.8,47223.87,51.54,146,22,4.4,10.17,0,0,0,0
22,1,1,Germany,Munich,Online Shopping,Debit Card,ATM,30,645,5.9,10616.4,96.45,151,32,5.8,13.24,0,0,0,0
23,0,1,USA,Delhi,ATM Withdrawal,Credit Card,Desktop,47,776,6.5,8991.59,33.55,179,14,35.7,22.09,0,0,0,0
21,0,0,Canada,Osaka,Crypto Exchange,Debit Card,Mobile,59,722,0.5,163266.23,183.12,140,21,17.4,32.57,0,0,0,0
6,0,1,Brazil,Vancouver,Fuel,Debit Card,ATM,58,645,3.4,64699.19,43.13,157,21,22.0,73.51,0,1,0,0
9,1,0,USA,Berlin,Education,Debit Card,ATM,28,665,2.9,2487.5,14.33,146,29,63.8,1.02,0,1,0,0
9,0,0,India,Lyon,Jewelry,Debit Card,Mobile,58,650,2.5,19264.2,82.58,138,16,15.3,8.71,0,3,0,0
10,0,0,USA,Lyon,Restaurant,Credit Card,Mobile,24,668,0.3,1285.13,210.78,153,17,2.3,46.76,0,2,0,0
13,1,0,UK,Melbourne,Gaming,Credit Card,POS Terminal,35,667,2.5,1322.64,18.85,133,24,0.2,0.91,0,0,0,0
13,0,0,Brazil,Delhi,Utilities,Bank Transfer,Tablet,80,657,1.1,24467.76,198.99,160,17,13.0,16.68,0,5,0,0
1,0,1,Japan,Paris,Gaming,Credit Card,Mobile,52,756,1.5,16306.93,2.33,144,20,37.2,39.57,0,0,0,0
21,0,0,USA,Sydney,Jewelry,Mobile Payment,Mobile,37,812,2.3,26671.97,227.38,148,22,28.2,0.32,0,0,0,0
18,0,0,France,Berlin,Jewelry,Bank Transfer,Mobile,33,631,5.1,5141.39,180.92,147,23,19.3,27.13,1,0,0,0
1,0,1,Canada,Los Angeles,Education,Credit Card,Mobile,36,799,3.0,3007.53,45.8,151,16,23.1,1.61,0,0,0,0
11,0,0,USA,Melbourne,Online Shopping,Bank Transfer,Desktop,50,799,0.3,15796.3,19.98,147,19,9.7,3.49,0,5,0,0
10,0,0,India,New York,Education,Debit Card,ATM,33,649,1.9,500.48,159.5,152,30,14.8,0.44,0,1,0,0
14,0,0,France,Lyon,Utilities,Bank Transfer,ATM,43,701,1.7,29933.35,9.14,158,23,6.9,0.48,0,2,1,0
19,0,0,India,Sydney,Entertainment,Crypto,Mobile,67,676,6.7,9313.77,18.12,142,14,14.3,9.45,0,0,0,0
9,1,0,Brazil,Mumbai,Grocery,Crypto,ATM,44,550,1.0,1306.68,22.44,131,18,14.0,6.63,1,2,0,1
15,0,0,Germany,Sydney,Education,Crypto,ATM,18,530,4.6,1258.31,146.13,146,21,5.7,5.03,0,1,0,0
17,1,0,USA,Vancouver,Grocery,Credit Card,Tablet,29,608,1.6,4175.65,93.51,146,26,48.4,1.84,1,0,0,0
9,0,0,USA,Rio,Education,Credit Card,Tablet,55,720,3.1,4453.88,95.34,145,16,17.6,1.02,0,0,0,0
12,0,0,USA,Manchester,Crypto Exchange,Credit Card,Desktop,18,842,0.7,48482.54,36.08,146,26,0.1,28.24,0,0,0,0
4,1,1,USA,Delhi,Gaming,Debit Card,Mobile,37,633,1.5,10260.56,113.52,162,26,9.5,2.3,0,0,0,0
19,0,0,UK,Delhi,Healthcare,Debit Card,Tablet,61,577,3.8,3613.15,99.15,146,23,25.0,0.48,0,0,0,0
17,0,0,Canada,Los Angeles,Gaming,Credit Card,Desktop,50,692,1.6,22972.76,4.43,171,22,0.7,9.1,0,0,0,0
4,0,1,USA,Los Angeles,Healthcare,Debit Card,Mobile,74,778,5.6,4718.94,13.43,163,14,13.0,9.64,1,0,0,0
10,0,0,Germany,Lyon,Clothing,Credit Card,Mobile,44,612,1.9,10164.18,40.75,149,21,28.0,41.09,0,0,0,0
22,0,1,Brazil,London,Gaming,Debit Card,Mobile,20,713,2.3,11089.6,34.53,143,23,10.0,11.18,0,0,0,0
23,0,1,USA,Toronto,Healthcare,Credit Card,POS Terminal,65,763,0.1,2395.44,114.21,142,11,16.1,3.79,0,0,0,0
0,0,1,France,London,Online Shopping,Debit Card,Desktop,56,612,1.5,6669.84,7.39,158,21,60.5,1.86,1,0,0,0
23,0,1,USA,Mumbai,Healthcare,Debit Card,Mobile,50,626,0.1,3232.9,111.98,151,11,15.7,7.45,0,0,0,0
8,0,0,Brazil,Paris,Restaurant,Mobile Payment,Tablet,27,693,1.6,22007.3,705.45,166,35,7.8,2.81,0,0,0,0
23,0,1,USA,Tokyo,Healthcare,Crypto,Mobile,33,661,2.3,12451.0,63.79,147,23,22.0,9.51,0,0,1,0
22,0,1,France,Osaka,Electronics,Credit Card,Desktop,38,494,19.4,76193.68,447.26,143,23,32.8,3.14,0,0,0,0
22,0,1,USA,Rio,Fuel,Debit Card,Mobile,26,746,5.2,21639.17,19.43,128,20,1.2,5.73,0,0,0,0
15,0,0,Brazil,Tokyo,Jewelry,Mobile Payment,Mobile,22,729,11.7,2909.6,1325.59,168,25,0.6,3.37,0,0,0,0
11,0,0,USA,New York,Crypto Exchange,Credit Card,Mobile,34,835,23.4,6533.56,40.98,161,20,8.9,1.44,0,0,0,0
16,0,0,France,São Paulo,Restaurant,Bank Transfer,Desktop,49,694,2.8,22155.71,86.64,157,19,36.2,2.05,0,0,0,0
14,1,0,USA,Manchester,Jewelry,Bank Transfer,Desktop,49,637,10.6,16429.34,726.35,159,22,2.3,2.6,0,0,0,0
7,0,0,USA,Sydney,Healthcare,Credit Card,Mobile,33,695,9.0,26065.84,23.5,165,20,5.5,0.16,0,0,0,0
0,0,1,Japan,São Paulo,Restaurant,Credit Card,Desktop,44,654,9.8,8300.37,228.69,136,20,2.3,2.52,0,1,0,0
11,0,0,USA,Berlin,Restaurant,Cheque,Mobile,40,619,2.5,6351.73,63.14,144,26,37.9,10.66,0,0,0,0
17,0,0,India,Mexico City,Travel,Mobile Payment,Desktop,21,745,9.6,8076.21,101.8,164,23,6.4,2.62,0,5,0,0
7,0,0,France,Mexico City,Education,Debit Card,Mobile,32,850,2.1,10753.74,65.21,151,21,22.9,16.81,1,0,0,0
10,0,0,USA,Osaka,Crypto Exchange,Credit Card,Mobile,37,697,5.1,7354.81,148.15,162,13,30.9,22.61,0,0,0,0
21,0,0,Germany,New York,Utilities,Bank Transfer,Mobile,23,557,4.4,5613.27,321.16,124,22,18.0,41.51,0,0,0,0
2,0,1,India,São Paulo,Healthcare,Debit Card,Desktop,40,619,7.5,8069.24,24.84,172,21,28.5,21.0,0,0,0,0
4,0,1,UK,Mumbai,Education,Mobile Payment,Tablet,51,822,0.8,21813.63,34.1,160,19,4.9,2.77,1,0,0,1
11,0,0,USA,Tokyo,Travel,Cheque,Desktop,44,625,16.0,1582.43,177.65,159,17,1.5,5.76,0,0,0,0
13,0,0,USA,London,Education,Credit Card,Mobile,57,760,5.4,2029.18,44.55,158,22,46.9,12.11,0,0,0,0
17,1,0,Japan,Manchester,Entertainment,Crypto,Tablet,69,693,3.1,2670.99,19.32,147,16,9.2,6.58,0,0,0,0
17,1,0,Mexico,London,Online Shopping,Credit Card,ATM,43,717,2.2,1357.39,89.68,139,21,40.9,9.78,0,0,0,0
20,0,0,Japan,Toronto,Clothing,Mobile Payment,ATM,57,774,10.5,9411.08,38.83,132,23,28.3,7.46,0,0,0,0
1,0,1,Canada,São Paulo,Electronics,Credit Card,POS Terminal,28,642,2.7,159927.25,368.31,143,23,23.3,12.19,0,0,0,0
18,0,0,France,Munich,Fuel,Debit Card,Desktop,37,783,1.9,14915.69,9.2,158,28,13.0,2.21,1,0,0,0
13,0,0,Brazil,Mexico City,Online Shopping,Credit Card,Mobile,43,707,1.1,7122.53,303.52,143,17,37.5,4.39,0,0,1,0
15,0,0,India,Munich,Jewelry,Debit Card,ATM,18,683,1.3,9387.66,363.5,171,14,20.6,28.61,0,0,0,0
23,0,1,USA,São Paulo,Gaming,Mobile Payment,Tablet,26,517,1.8,12028.6,87.41,140,23,11.5,2.12,0,0,1,0
23,0,1,Mexico,Guadalajara,Travel,Credit Card,Mobile,61,714,1.0,30316.71,239.13,126,13,7.8,1.91,0,0,0,0
4,0,1,USA,Manchester,Clothing,Credit Card,ATM,36,723,3.6,13866.35,131.17,163,19,16.8,16.3,0,0,0,0
22,1,1,Canada,Mumbai,Fuel,Debit Card,POS Terminal,41,666,10.6,13364.62,36.39,154,14,9.5,4.6,0,0,0,0
5,1,1,USA,Guadalajara,Online Shopping,Credit Card,Tablet,41,850,3.1,4011.73,8.57,130,18,29.8,12.05,0,0,0,0
5,1,1,Mexico,Berlin,Crypto Exchange,Credit Card,Tablet,57,677,1.7,945.27,97.7,154,22,21.4,10.53,0,0,1,0
8,0,0,India,Toronto,Electronics,Cheque,ATM,34,850,0.9,4617.61,2908.48,137,25,4.8,12.66,0,0,1,0
23,0,1,USA,Guadalajara,Electronics,Debit Card,POS Terminal,69,761,0.9,1756.93,266.98,137,25,12.0,13.24,0,0,0,0
5,0,1,Germany,Toronto,Utilities,Bank Transfer,Mobile,29,648,2.0,9888.42,233.06,157,23,1.0,0.16,0,5,0,0
9,0,0,UK,São Paulo,Entertainment,Crypto,ATM,61,618,1.0,1369.41,469.36,160,18,21.2,15.26,0,0,0,0
3,0,1,India,Sydney,ATM Withdrawal,Credit Card,Desktop,21,661,3.2,40713.73,251.32,169,15,21.5,7.2,1,0,0,0
12,0,0,USA,Los Angeles,Crypto Exchange,Debit Card,Mobile,18,645,1.1,167608.96,25.05,128,21,58.5,9.29,0,5,1,1
18,0,0,Brazil,New York,Jewelry,Cheque,POS Terminal,39,615,23.2,6806.55,129.15,152,24,6.9,46.46,0,0,0,0
12,1,0,India,Manchester,Entertainment,Cheque,Desktop,57,713,6.8,1537.23,339.35,165,22,30.1,2.28,1,0,0,0
13,1,0,Germany,Sydney,Restaurant,Bank Transfer,Tablet,18,547,3.0,2885.46,103.59,145,17,0.9,1.28,0,0,0,0
9,0,0,USA,Toronto,Restaurant,Credit Card,Desktop,57,643,1.8,4511.46,36.64,146,12,39.3,11.81,0,1,0,0
3,1,1,France,Lyon,Entertainment,Debit Card,Mobile,35,850,2.9,2363.74,27.71,129,19,6.9,2.2,0,0,0,0
23,0,1,France,Paris,Utilities,Credit Card,Mobile,18,683,5.6,116189.49,131.74,155,17,39.6,0.31,0,0,0,0
6,1,1,Japan,Manchester,Utilities,Debit Card,Desktop,36,667,2.3,5043.64,41.41,155,22,50.4,9.17,0,0,0,0
12,1,0,USA,Berlin,Utilities,Mobile Payment,Mobile,49,791,1.8,13537.36,31.75,141,21,11.7,3.3,0,0,0,0
21,1,0,USA,Los Angeles,Grocery,Credit Card,Desktop,34,797,6.5,6589.57,21.48,162,22,36.3,4.84,0,0,0,0
10,0,0,Australia,Tokyo,Travel,Credit Card,Mobile,27,850,3.5,8459.08,377.06,173,16,0.4,13.31,1,0,0,0
1,0,1,Brazil,Lyon,Jewelry,Mobile Payment,Desktop,21,559,11.5,3559.79,340.02,146,21,6.1,20.28,0,0,0,0
4,0,1,Australia,São Paulo,Online Shopping,Debit Card,Mobile,43,638,2.8,26927.09,63.03,164,19,20.7,22.73,0,0,0,0
9,1,0,UK,Los Angeles,Electronics,Bank Transfer,ATM,53,667,3.5,7433.2,211.93,154,24,7.2,17.93,0,0,0,0
17,0,0,Brazil,Mumbai,Grocery,Credit Card,Mobile,53,600,6.7,6029.46,117.9,162,19,8.0,1.65,1,0,0,0
8,0,0,USA,Melbourne,Travel,Bank Transfer,Mobile,24,767,10.0,7694.78,906.98,170,23,15.6,23.59,0,0,0,0
19,0,0,USA,Tokyo,ATM Withdrawal,Credit Card,Mobile,26,622,2.5,2073.38,32.94,157,22,59.3,18.14,0,0,0,0
13,0,0,Germany,Mumbai,Restaurant,Mobile Payment,Desktop,18,594,3.1,7017.98,394.69,143,21,4.9,24.71,0,0,0,0
22,0,1,UK,Berlin,Travel,Debit Card,Mobile,29,672,0.2,14040.46,339.23,162,16,15.6,1.19,0,1,0,0
16,0,0,Canada,Berlin,Fuel,Credit Card,Mobile,33,778,1.8,1076.83,164.55,141,17,8.7,17.78,1,0,0,0
3,1,1,India,Delhi,Clothing,Debit Card,Tablet,32,697,7.5,5738.76,43.34,146,19,19.3,2.28,0,0,0,0
20,0,0,Canada,Guadalajara,Online Shopping,Bank Transfer,POS Terminal,44,798,1.6,3191.06,111.46,159,24,2.3,3.97,1,0,0,0
23,0,1,USA,Manchester,Healthcare,Credit Card,Desktop,55,554,18.2,12948.84,55.7,148,24,8.4,35.74,0,0,0,1
12,0,0,UK,Vancouver,Fuel,Bank Transfer,Desktop,52,743,2.8,81815.4,39.34,133,20,12.6,10.15,0,0,1,1
17,0,0,Mexico,Melbourne,Crypto Exchange,Debit Card,Desktop,40,560,3.0,13117.75,36.98,129,22,28.2,3.77,0,5,0,0
6,0,1,USA,São Paulo,Restaurant,Debit Card,Mobile,48,781,3.0,68784.73,38.05,146,21,5.8,12.07,0,1,0,0
2,0,1,Germany,Tokyo,Jewelry,Mobile Payment,Mobile,39,647,4.8,23353.5,700.99,163,13,27.7,1.17,0,0,0,1
19,0,0,France,Guadalajara,Electronics,Debit Card,Tablet,51,674,9.7,99449.3,41.51,141,17,27.1,0.84,0,3,0,0
14,0,0,Australia,Rio,Jewelry,Credit Card,Mobile,55,731,0.1,4762.53,1048.75,137,17,3.1,3.65,0,0,0,0
14,1,0,Mexico,Tokyo,ATM Withdrawal,Bank Transfer,Desktop,18,563,1.2,13889.37,121.8,127,23,11.0,1.08,0,0,0,0
0,0,1,Germany,Osaka,Grocery,Bank Transfer,Mobile,47,669,4.6,7849.67,57.34,154,21,10.8,18.97,0,1,0,0
0,0,1,USA,Manchester,Healthcare,Debit Card,POS Terminal,19,724,7.1,16363.74,63.35,144,21,4.4,4.91,0,0,0,0
12,0,0,Japan,Paris,Education,Credit Card,Mobile,30,850,3.8,2465.72,13.99,143,34,6.2,4.46,0,0,0,0
18,0,0,USA,Melbourne,Restaurant,Debit Card,Desktop,42,610,1.1,23234.03,62.86,150,26,9.7,17.86,1,0,0,0
18,1,0,Germany,Mexico City,Clothing,Bank Transfer,Tablet,49,604,3.6,10838.98,287.66,167,20,7.4,61.54,0,0,1,0
22,0,1,USA,Paris,Utilities,Debit Card,Tablet,45,552,4.5,2589.6,27.05,149,23,17.8,4.9,0,0,1,0
3,0,1,UK,Munich,Grocery,Mobile Payment,ATM,33,634,3.4,25997.86,390.88,173,17,87.5,22.24,0,0,0,0
10,0,0,UK,Paris,ATM Withdrawal,Mobile Payment,Desktop,31,636,5.4,23430.9,34.44,164,29,6.8,9.4,0,0,0,0
21,1,0,USA,Mumbai,Utilities,Credit Card,Mobile,25,619,0.3,6762.99,36.75,141,12,2.1,2.53,0,1,0,0
7,1,0,India,New York,Entertainment,Credit Card,Desktop,36,693,11.7,1901.57,18.69,132,21,50.3,3.73,0,0,0,0
11,0,0,USA,London,Grocery,Bank Transfer,Mobile,25,783,6.3,11849.03,103.95,157,21,13.4,22.04,0,0,1,0
15,0,0,USA,Paris,Utilities,Debit Card,Mobile,32,632,1.6,1240.29,91.4,166,18,3.9,12.2,0,0,0,0
5,0,1,India,Mexico City,Clothing,Credit Card,Mobile,62,658,1.3,10340.31,114.63,168,14,14.0,4.21,0,0,0,0
6,0,1,UK,Sydney,Electronics,Debit Card,Tablet,37,612,2.4,20585.01,870.76,152,25,10.5,4.11,0,0,0,0
7,0,0,UK,Munich,Clothing,Debit Card,Desktop,18,688,11.5,4074.61,32.75,159,18,61.0,44.17,0,0,0,0
10,0,0,USA,Tokyo,ATM Withdrawal,Bank Transfer,Mobile,34,592,5.7,13462.21,91.53,147,16,8.3,17.14,0,0,0,0
16,1,0,India,Rio,ATM Withdrawal,Credit Card,Desktop,49,685,3.5,9602.78,165.87,149,18,9.3,16.09,0,0,0,0
22,0,1,France,Toronto,Entertainment,Bank Transfer,Tablet,49,720,11.6,8302.59,85.57,135,13,67.2,3.37,0,0,0,0
1,0,1,Canada,Osaka,Clothing,Credit Card,Desktop,29,697,1.4,33713.78,24.29,156,19,24.0,29.07,0,0,0,0
3,0,1,USA,Berlin,Fuel,Crypto,Mobile,31,653,12.9,4955.75,22.95,156,20,32.8,24.52,1,0,1,0
7,1,0,France,New York,Online Shopping,Credit Card,Mobile,60,762,0.7,3930.6,9.2,151,23,50.3,5.24,0,0,0,0
18,0,0,India,Melbourne,Healthcare,Debit Card,Desktop,50,683,6.4,3890.58,146.27,143,18,30.2,4.27,0,0,0,0
10,0,0,Japan,Tokyo,Utilities,Credit Card,Tablet,41,797,0.1,2546.05,15.12,163,27,3.2,9.61,1,0,0,0
3,0,1,Germany,Los Angeles,Crypto Exchange,Crypto,Desktop,18,774,1.0,10247.54,10.16,130,15,46.4,3.23,0,2,0,0
7,1,0,Canada,Toronto,Education,Crypto,Tablet,48,598,5.5,4719.57,180.73,134,14,5.3,29.91,1,0,0,1
14,0,0,Brazil,Guadalajara,Online Shopping,Mobile Payment,Desktop,33,717,2.0,36020.67,14.68,142,20,20.1,23.03,0,0,1,0
17,0,0,Canada,Munich,Restaurant,Credit Card,Desktop,29,678,0.5,30069.85,216.19,166,15,25.6,9.35,0,0,0,0
20,0,0,Mexico,Lyon,Clothing,Debit Card,Desktop,70,736,0.2,7285.11,409.09,143,23,68.7,2.03,0,0,0,0
22,1,1,France,Delhi,Utilities,Crypto,POS Terminal,31,709,2.2,40465.11,9.01,155,27,0.9,0.96,0,0,0,1
7,0,0,Germany,Mexico City,Online Shopping,Bank Transfer,Mobile,60,606,3.0,2104.16,106.94,168,20,5.0,2.27,1,0,0,0
18,0,0,USA,São Paulo,Education,Debit Card,Mobile,43,639,2.0,11402.55,231.71,121,18,124.8,14.8,0,0,0,0
12,0,0,USA,Guadalajara,Crypto Exchange,Credit Card,Desktop,46,738,12.7,2213.68,26.1,155,19,12.2,28.59,0,0,0,0
15,0,0,Japan,Tokyo,Online Shopping,Bank Transfer,Mobile,39,651,3.6,1205.8,33.96,157,18,7.1,3.02,0,0,0,0
4,0,1,Mexico,Lyon,Healthcare,Credit Card,Mobile,20,676,3.3,17720.36,147.51,153,14,7.1,33.37,0,0,1,0
15,0,0,Germany,São Paulo,Clothing,Credit Card,Desktop,43,571,9.2,28512.41,23.18,126,24,11.3,5.87,0,2,0,0
12,0,0,USA,São Paulo,Electronics,Bank Transfer,POS Terminal,31,627,8.0,15329.5,496.16,142,16,25.6,51.97,0,2,0,0
18,1,0,Japan,Melbourne,Crypto Exchange,Bank Transfer,Mobile,67,672,1.6,2293.87,32.57,159,25,1.0,7.55,0,0,0,0
1,1,1,USA,Los Angeles,Restaurant,Credit Card,Desktop,41,642,0.6,20652.77,215.4,137,17,3.5,15.97,0,0,0,0
10,1,0,Brazil,Melbourne,Travel,Debit Card,POS Terminal,56,618,1.7,44344.72,3442.0,156,21,12.8,4.13,0,0,0,0
4,0,1,India,Sydney,Education,Debit Card,Desktop,60,850,1.2,14438.23,120.11,150,15,8.6,13.42,0,0,0,0
8,0,0,USA,Sydney,Restaurant,Mobile Payment,Mobile,39,674,9.6,6201.66,87.28,149,17,3.1,55.18,0,0,0,0
23,0,1,USA,Delhi,Crypto Exchange,Bank Transfer,Mobile,19,786,5.3,2777.02,328.55,149,19,62.9,20.84,0,0,0,0
4,0,1,Brazil,Osaka,Fuel,Debit Card,POS Terminal,36,689,8.1,9909.5,44.65,151,19,11.2,12.17,0,0,0,0
11,1,0,USA,Berlin,Crypto Exchange,Credit Card,Tablet,47,734,1.5,8954.6,43.71,154,20,9.5,16.9,0,0,0,0
18,0,0,Japan,London,Jewelry,Credit Card,ATM,39,688,7.0,5602.62,254.92,155,21,35.1,13.85,0,0,0,0
7,0,0,USA,Rio,Clothing,Credit Card,Mobile,41,598,4.8,4705.61,48.6,156,17,31.7,29.59,0,0,1,0
15,0,0,UK,Mexico City,Crypto Exchange,Debit Card,Desktop,26,707,3.0,7023.76,30.92,147,21,46.6,4.93,0,0,0,0
22,0,1,Australia,Mexico City,ATM Withdrawal,Credit Card,Mobile,31,612,1.6,6118.53,22.15,121,22,57.7,4.36,0,0,0,0
16,0,0,USA,Toronto,Grocery,Debit Card,Desktop,46,797,2.8,2602.52,69.51,151,21,24.2,8.51,0,0,0,0
5,0,1,USA,Sydney,Crypto Exchange,Debit Card,Mobile,18,705,0.6,3239.74,265.63,134,21,52.7,10.56,0,0,0,0
18,1,0,UK,Munich,Jewelry,Credit Card,Desktop,58,850,0.7,11046.49,446.53,150,24,36.1,2.0,0,0,0,0
23,0,1,Canada,Los Angeles,Grocery,Debit Card,Tablet,44,642,1.0,3308.17,32.72,132,26,18.8,0.25,0,0,0,1
9,1,0,Brazil,Guadalajara,Utilities,Debit Card,POS Terminal,33,612,9.4,7456.16,17.29,150,18,0.8,1.07,0,0,0,0
21,0,0,USA,Sydney,Clothing,Debit Card,Mobile,71,635,3.1,9122.46,140.05,155,21,2.1,2.9,0,0,0,0
16,0,0,USA,London,Restaurant,Credit Card,Mobile,22,734,8.1,7583.93,24.92,161,21,6.9,5.65,0,0,0,0
19,0,0,USA,Tokyo,Clothing,Credit Card,Mobile,55,779,9.9,8798.46,85.1,146,26,6.3,102.59,0,0,0,0
1,0,1,Canada,Berlin,Travel,Crypto,Desktop,40,778,3.6,16957.69,738.87,145,24,2.1,0.53,0,0,1,0
0,0,1,USA,Mexico City,Crypto Exchange,Credit Card,Mobile,39,784,7.2,60306.16,57.92,147,17,6.4,13.51,0,0,0,0
8,1,0,Germany,Guadalajara,Clothing,Bank Transfer,Mobile,43,752,10.3,2185.28,49.09,125,36,1.4,2.5,0,0,0,0
23,0,1,UK,London,Grocery,Debit Card,Mobile,60,568,4.7,17861.45,24.45,147,14,5.6,5.11,1,4,0,0
15,0,0,India,New York,Entertainment,Debit Card,ATM,29,737,1.6,2421.03,94.11,161,17,18.6,7.64,0,0,0,0
2,0,1,India,Los Angeles,Travel,Bank Transfer,Mobile,46,710,3.6,4406.45,215.46,162,23,8.4,3.96,0,0,1,0
17,0,0,Germany,Berlin,Gaming,Debit Card,Desktop,48,700,2.2,35079.68,14.22,169,20,11.3,1.23,0,1,0,0
20,0,0,India,Guadalajara,Utilities,Debit Card,Desktop,56,809,2.0,43843.02,31.92,151,15,15.8,5.44,0,0,1,0
1,0,1,France,Osaka,Online Shopping,Debit Card,Tablet,31,647,4.5,4056.47,36.33,170,16,71.8,15.07,0,1,0,0
16,0,0,USA,Berlin,Crypto Exchange,Debit Card,Mobile,56,721,7.2,71611.62,49.27,150,29,24.8,45.29,0,0,0,0
16,1,0,Japan,Toronto,Entertainment,Credit Card,Desktop,43,663,5.8,1542.05,36.64,140,14,20.3,18.61,1,0,0,0
18,1,0,Australia,Vancouver,Online Shopping,Credit Card,Mobile,30,540,2.1,12831.41,221.89,131,28,41.0,44.25,0,0,0,0
11,0,0,Germany,Tokyo,Restaurant,Debit Card,Mobile,66,587,0.8,7609.39,72.53,150,12,9.7,2.64,0,0,0,0
1,0,1,Australia,Berlin,Jewelry,Bank Transfer,Mobile,23,774,6.7,1498.77,435.13,139,21,15.5,6.61,0,0,0,0
17,0,0,Canada,Los Angeles,Grocery,Credit Card,Tablet,43,582,3.4,2491.24,44.43,154,26,9.2,4.52,0,0,0,0
14,0,0,Japan,Berlin,Jewelry,Debit Card,Tablet,53,730,10.5,2334.97,427.86,141,19,18.0,0.55,0,0,0,0
2,0,1,India,Manchester,Restaurant,Debit Card,Desktop,55,715,25.8,16541.18,15.58,138,18,15.9,22.98,0,0,0,0
7,0,0,UK,Paris,Online Shopping,Bank Transfer,Tablet,43,535,11.1,12225.3,8.21,132,14,16.8,5.22,0,0,0,0
13,0,0,India,Guadalajara,Grocery,Debit Card,Mobile,52,712,0.4,5799.79,9.4,148,16,3.1,25.66,0,0,0,0
11,0,0,USA,Lyon,Electronics,Mobile Payment,Mobile,58,616,4.8,2849.33,914.02,161,21,11.9,0.69,0,0,0,0
19,1,0,UK,London,Crypto Exchange,Credit Card,POS Terminal,57,678,2.9,18344.71,89.91,149,20,6.9,19.44,0,1,0,0
22,0,1,UK,Manchester,Travel,Credit Card,Mobile,43,660,9.9,6556.06,328.7,141,20,18.8,8.38,0,0,1,0
4,0,1,USA,Vancouver,Crypto Exchange,Credit Card,Mobile,47,723,8.5,48219.6,65.18,141,21,7.2,37.14,0,0,0,0
14,0,0,Brazil,Los Angeles,ATM Withdrawal,Credit Card,Mobile,32,653,3.9,4186.7,433.52,149,23,6.9,1.73,0,0,0,0
14,0,0,France,New York,Education,Credit Card,Desktop,25,614,9.2,25773.7,44.77,151,21,0.5,11.26,0,0,0,0
19,0,0,Australia,Rio,Clothing,Cheque,Desktop,27,728,0.4,4704.03,186.24,163,21,20.2,10.08,0,0,0,0
7,0,0,USA,London,Education,Debit Card,Desktop,63,624,0.6,2212.71,25.22,129,16,9.1,6.8,0,0,0,0
3,0,1,Germany,Munich,Crypto Exchange,Credit Card,Mobile,42,690,4.9,18957.71,318.97,148,19,3.8,6.13,0,3,0,1
17,0,0,USA,Berlin,Online Shopping,Credit Card,Mobile,43,644,3.2,436.23,269.06,148,18,23.9,30.39,0,0,0,0
21,0,0,Brazil,Los Angeles,Utilities,Bank Transfer,Desktop,40,757,0.6,1702.49,18.79,187,16,2.0,14.23,0,0,0,0
16,1,0,Canada,Vancouver,Fuel,Bank Transfer,ATM,41,573,5.5,3977.47,37.28,167,15,6.6,2.48,0,0,0,0
11,0,0,USA,Mumbai,Online Shopping,Debit Card,Mobile,46,794,5.5,34145.89,80.36,157,25,9.1,7.91,0,0,0,0
10,0,0,France,Vancouver,Healthcare,Bank Transfer,Desktop,58,797,0.1,36800.41,154.81,164,17,10.4,1.01,0,0,0,0
11,0,0,India,Rio,Jewelry,Mobile Payment,Mobile,52,648,11.9,13954.64,963.5,146,29,25.4,4.54,0,0,0,0
21,0,0,France,Munich,Education,Credit Card,Mobile,48,546,2.9,4673.72,15.02,139,14,7.2,9.35,0,0,0,0
10,1,0,USA,Manchester,Electronics,Debit Card,Desktop,66,673,0.9,6190.53,30.31,149,18,2.9,9.81,0,0,0,0
17,1,0,Brazil,Los Angeles,Crypto Exchange,Bank Transfer,Tablet,31,782,2.2,3710.76,22.57,154,19,9.7,7.52,0,0,0,0
6,0,1,Japan,Munich,Utilities,Crypto,Desktop,20,744,2.8,38399.56,85.68,160,16,1.5,4.78,0,0,0,0
19,0,0,USA,Mumbai,Jewelry,Mobile Payment,Desktop,43,670,2.3,11782.83,439.1,156,17,11.5,33.1,0,0,0,0
21,0,0,USA,Lyon,Jewelry,Bank Transfer,Desktop,40,633,2.5,28482.2,949.94,167,20,0.2,4.88,0,0,0,0
14,0,0,UK,Toronto,Jewelry,Debit Card,Tablet,37,612,7.3,1924.97,1759.18,141,21,0.9,4.67,1,0,0,0
22,0,1,USA,São Paulo,Travel,Credit Card,Tablet,76,688,14.0,10985.21,355.06,142,31,1.5,21.25,0,0,0,0
13,1,0,Canada,Mexico City,Travel,Credit Card,Desktop,49,501,12.7,9681.33,345.88,155,20,11.2,14.88,0,0,1,0
2,0,1,UK,São Paulo,Healthcare,Mobile Payment,Mobile,29,584,2.0,16821.51,11.32,157,20,21.0,33.3,1,0,0,0
10,1,0,India,Osaka,Education,Bank Transfer,Mobile,56,786,8.8,6977.69,29.74,168,22,50.4,12.21,0,0,0,0
3,0,1,USA,Delhi,Education,Debit Card,Desktop,33,793,8.3,13385.78,206.82,165,24,8.3,8.37,0,3,0,0
23,0,1,USA,Paris,Fuel,Credit Card,Mobile,32,744,2.3,6264.62,27.32,150,17,0.6,5.96,0,0,0,0
1,0,1,USA,Mexico City,Online Shopping,Mobile Payment,Tablet,45,684,4.5,10808.48,79.09,149,20,3.7,4.44,0,0,0,0
11,0,0,UK,São Paulo,Utilities,Debit Card,Desktop,58,795,3.0,8390.65,11.53,125,21,10.9,5.21,0,1,0,0
17,0,0,Australia,Sydney,Education,Debit Card,Mobile,43,644,2.4,5275.15,63.57,140,14,29.2,13.3,0,0,0,0
10,0,0,USA,São Paulo,Crypto Exchange,Credit Card,Mobile,25,567,4.6,1753.87,26.41,129,21,69.6,13.09,0,1,0,0
7,0,0,USA,Manchester,Electronics,Debit Card,ATM,35,575,1.9,20054.09,296.63,163,26,0.2,29.7,0,0,1,0
20,1,0,Brazil,Los Angeles,Online Shopping,Credit Card,Mobile,58,778,0.6,5955.67,32.06,166,14,4.9,13.42,0,0,0,0
4,0,1,Mexico,São Paulo,Online Shopping,Credit Card,Desktop,33,662,11.4,20756.59,1.78,172,12,30.1,20.71,0,0,0,0
0,1,1,India,Sydney,Online Shopping,Mobile Payment,ATM,31,640,3.6,3278.23,169.64,138,25,17.4,2.45,0,5,1,0
7,1,0,Brazil,Lyon,Entertainment,Debit Card,Desktop,47,643,7.1,26198.0,322.93,156,21,10.0,16.26,0,0,0,0
22,0,1,UK,Toronto,Utilities,Credit Card,Mobile,20,592,6.4,43620.58,24.37,177,24,24.8,5.6,0,0,0,1
13,0,0,USA,Manchester,Utilities,Mobile Payment,POS Terminal,45,616,0.8,6236.55,9.25,157,15,8.9,21.77,0,1,0,0
5,0,1,USA,Osaka,Online Shopping,Mobile Payment,Mobile,69,644,3.2,2417.63,41.3,150,15,2.5,17.11,0,0,1,0
14,1,0,Germany,Guadalajara,Gaming,Crypto,Mobile,23,752,4.5,7153.64,46.21,165,25,20.0,52.97,0,0,0,0
14,1,0,UK,Melbourne,Grocery,Credit Card,Mobile,47,616,13.9,14686.71,40.35,139,15,29.5,1.39,0,0,0,0
1,0,1,India,Mexico City,Utilities,Credit Card,ATM,40,759,7.8,6636.68,80.43,150,18,2.5,12.37,0,0,1,0
14,0,0,UK,Mexico City,Clothing,Credit Card,Desktop,19,545,1.8,565.98,28.54,147,20,10.5,6.57,0,1,0,0
7,0,0,UK,Melbourne,Crypto Exchange,Debit Card,Desktop,28,812,14.0,24996.5,64.65,150,18,6.9,27.55,0,0,0,0
11,0,0,USA,Vancouver,Entertainment,Credit Card,ATM,68,648,7.2,6001.35,75.75,153,23,16.6,4.37,0,0,0,0
19,0,0,Brazil,Paris,Restaurant,Credit Card,POS Terminal,48,550,1.4,11175.73,280.67,185,18,9.9,3.14,0,0,0,0
8,0,0,Canada,Lyon,Jewelry,Bank Transfer,Mobile,47,666,2.9,2551.92,245.58,148,18,31.6,0.86,1,0,0,0
5,1,1,USA,Sydney,Fuel,Credit Card,Desktop,30,644,4.8,6393.7,60.04,140,25,2.5,16.97,0,0,0,0
23,0,1,Australia,São Paulo,Travel,Debit Card,Mobile,33,647,4.1,1816.6,1258.81,157,19,26.3,8.84,0,0,0,0
5,1,1,UK,Osaka,Entertainment,Credit Card,Mobile,18,553,0.1,2367.91,16.99,157,21,44.0,1.48,1,0,0,0
17,0,0,Brazil,Lyon,Education,Debit Card,Desktop,39,739,3.3,3505.39,184.67,142,22,32.9,0.17,0,0,0,1
20,0,0,Germany,Guadalajara,Entertainment,Credit Card,Mobile,58,779,10.8,1305.48,173.7,171,25,23.7,0.76,0,0,0,0
2,1,1,UK,Rio,Clothing,Debit Card,Desktop,40,667,0.2,3516.19,40.22,146,21,67.7,11.4,0,2,0,0
22,0,1,Brazil,Manchester,Gaming,Debit Card,ATM,44,539,4.0,3444.1,9.59,154,15,31.9,1.16,0,0,0,0
4,0,1,Germany,Osaka,Clothing,Credit Card,Mobile,18,711,7.7,2977.36,14.95,137,17,13.2,0.93,0,0,0,1
20,0,0,USA,Melbourne,Healthcare,Debit Card,Desktop,57,783,2.2,243.84,147.59,133,22,13.1,0.52,0,1,0,0
17,0,0,Australia,Mumbai,Utilities,Debit Card,Mobile,26,595,1.6,10401.79,13.52,158,21,3.9,7.22,0,3,0,0
23,1,1,India,Los Angeles,Healthcare,Debit Card,Desktop,39,647,1.3,1669.54,83.51,159,20,6.0,1.24,1,0,0,1
17,0,0,India,Paris,Grocery,Debit Card,ATM,24,664,3.0,61723.23,17.86,154,12,4.3,0.25,1,0,0,0
23,0,1,Australia,Tokyo,Fuel,Debit Card,POS Terminal,48,745,0.8,36338.54,30.93,137,20,12.4,13.71,0,2,0,0
3,0,1,India,Mumbai,Online Shopping,Credit Card,Mobile,51,657,0.7,100066.75,78.26,158,22,13.8,9.06,0,0,0,0
2,0,1,Canada,Tokyo,Healthcare,Credit Card,Tablet,52,558,3.4,9400.69,362.59,163,24,18.6,2.57,0,1,0,0
20,1,0,India,London,Utilities,Mobile Payment,Mobile,41,575,6.3,10587.17,59.85,179,24,12.3,16.94,0,0,0,0
23,0,1,USA,Lyon,Gaming,Bank Transfer,Mobile,29,747,12.0,21384.61,60.86,174,24,2.1,13.66,0,0,0,0
15,0,0,Australia,Rio,Restaurant,Credit Card,Mobile,41,817,8.9,17585.7,12.65,132,20,13.4,9.21,0,0,0,0
13,0,0,France,Delhi,Jewelry,Bank Transfer,Mobile,65,718,1.1,28931.92,349.54,151,18,23.9,5.94,0,1,0,0
17,0,0,UK,Osaka,Restaurant,Crypto,Mobile,41,803,9.3,8955.13,17.2,151,18,12.2,11.29,0,0,0,0
16,0,0,USA,Los Angeles,Jewelry,Debit Card,ATM,40,757,2.1,3067.88,296.53,150,23,45.3,9.29,0,0,0,0
0,0,1,Germany,Guadalajara,Entertainment,Credit Card,Mobile,67,672,5.3,13401.41,176.33,142,18,15.4,5.38,0,4,0,0
15,0,0,France,Lyon,Electronics,Credit Card,Mobile,33,675,11.8,2334.72,240.08,151,24,6.4,9.16,0,0,0,0
15,0,0,Brazil,Mexico City,Utilities,Credit Card,Mobile,55,741,2.2,5041.81,95.76,144,15,7.3,0.13,0,0,0,0
1,0,1,India,Munich,Restaurant,Cheque,Desktop,44,718,10.5,6855.7,196.65,161,21,38.6,13.44,0,0,0,0
7,0,0,USA,Berlin,Utilities,Bank Transfer,Mobile,59,713,0.4,4485.77,209.31,157,16,19.0,1.65,0,0,0,0
21,0,0,USA,Sydney,Travel,Mobile Payment,POS Terminal,18,654,20.8,23512.66,687.81,152,20,60.0,8.16,0,0,0,0
19,1,0,India,Osaka,Gaming,Debit Card,POS Terminal,38,575,5.8,3742.86,36.41,165,18,16.0,9.97,0,4,0,0
18,1,0,Germany,Lyon,Travel,Debit Card,Mobile,41,533,3.6,43537.43,209.16,152,18,8.2,23.02,0,0,0,0
5,0,1,Germany,São Paulo,Fuel,Debit Card,Mobile,30,649,3.1,11989.73,107.27,144,17,34.7,9.22,0,1,0,0
20,0,0,USA,Delhi,Gaming,Credit Card,Mobile,35,840,10.3,1896.82,18.46,141,15,17.3,2.73,0,0,1,0
4,0,1,USA,Manchester,Fuel,Credit Card,Desktop,28,739,4.4,1820.88,35.92,152,25,7.0,3.96,1,0,0,0
16,1,0,India,Toronto,Gaming,Debit Card,Mobile,61,778,10.2,2088.17,146.31,140,15,38.4,0.75,0,0,0,0
23,0,1,USA,Berlin,Jewelry,Debit Card,Mobile,43,638,8.0,23400.95,1249.91,144,18,27.3,0.0,0,0,0,1
23,0,1,UK,Berlin,Grocery,Credit Card,POS Terminal,58,606,2.3,2299.62,89.8,151,20,49.3,5.61,1,5,0,1
4,0,1,India,Mumbai,ATM Withdrawal,Credit Card,ATM,76,751,0.3,5304.82,145.99,164,17,42.6,8.15,0,1,0,0
19,0,0,India,Toronto,Grocery,Credit Card,ATM,25,685,1.0,9614.93,145.76,141,15,34.8,0.48,0,0,0,0
23,1,1,France,Guadalajara,Electronics,Debit Card,Desktop,39,588,9.3,19083.5,564.41,150,17,10.6,4.22,0,0,0,0
2,0,1,USA,Guadalajara,Online Shopping,Debit Card,Mobile,56,679,0.7,12434.17,10.66,144,12,14.1,21.39,0,0,0,1
10,0,0,Mexico,London,ATM Withdrawal,Debit Card,Mobile,45,789,1.1,21542.27,48.51,164,18,25.4,12.55,0,0,0,0
19,0,0,Japan,Munich,Travel,Cheque,ATM,60,500,1.5,2895.11,109.24,154,23,5.9,6.66,0,0,0,0
12,1,0,Canada,London,Utilities,Bank Transfer,Mobile,44,556,2.2,584.49,55.03,139,18,56.0,0.78,0,0,0,0
14,1,0,USA,Manchester,Fuel,Debit Card,Mobile,54,565,6.5,49616.78,72.54,141,19,39.2,11.0,0,0,0,0
1,0,1,Japan,Manchester,Restaurant,Mobile Payment,Mobile,27,672,5.2,5474.05,32.87,133,12,25.5,7.37,0,0,0,1
13,1,0,Brazil,Guadalajara,Online Shopping,Debit Card,Mobile,46,700,11.3,3225.5,115.8,145,22,60.2,11.21,0,0,0,0
7,0,0,France,Manchester,Electronics,Debit Card,Mobile,44,829,3.7,57420.73,75.08,143,21,7.6,19.45,1,0,0,0
4,0,1,UK,Lyon,Crypto Exchange,Debit Card,Tablet,40,696,9.8,3457.47,130.22,137,20,9.0,7.38,0,0,0,1
2,0,1,Brazil,Sydney,Entertainment,Credit Card,Desktop,44,714,0.8,11944.62,18.1,143,23,36.5,19.15,0,0,0,0
3,1,1,India,Paris,Crypto Exchange,Mobile Payment,Desktop,54,706,3.2,5984.7,6.8,137,19,3.5,5.54,0,0,0,0
13,0,0,USA,Toronto,Fuel,Credit Card,ATM,18,706,1.1,15415.29,82.01,143,25,23.2,3.81,0,0,0,0
8,1,0,USA,Tokyo,Online Shopping,Crypto,Desktop,47,653,0.5,4712.74,34.67,171,23,4.1,11.46,0,0,0,0
5,0,1,Australia,Guadalajara,Healthcare,Cheque,Mobile,48,538,0.9,3270.62,21.59,145,19,3.5,21.78,0,1,0,0
9,0,0,Canada,Paris,Crypto Exchange,Bank Transfer,Desktop,22,800,2.8,5640.74,64.86,134,19,23.7,14.4,1,1,0,0
17,0,0,USA,Mexico City,Grocery,Credit Card,Mobile,34,609,5.3,6083.5,326.01,152,14,4.3,10.91,0,0,0,0
4,1,1,Mexico,Berlin,Travel,Mobile Payment,Mobile,37,596,7.3,6976.8,894.07,162,21,0.4,4.34,0,0,0,0
18,0,0,Germany,Sydney,Crypto Exchange,Credit Card,Mobile,35,695,4.7,2984.46,63.13,142,20,35.5,4.45,0,0,0,0
21,1,0,Brazil,Tokyo,Electronics,Credit Card,Mobile,40,833,6.8,85442.26,303.84,148,26,1.7,7.99,0,0,0,0
21,0,0,USA,Munich,Utilities,Credit Card,ATM,47,672,2.8,42062.95,108.88,169,15,13.0,6.46,0,0,0,0
7,1,0,India,Toronto,Gaming,Bank Transfer,Mobile,53,590,7.4,7340.82,20.59,164,19,29.1,9.5,0,0,0,0
5,0,1,Germany,Los Angeles,Education,Crypto,Mobile,54,758,14.5,8430.42,211.23,133,11,64.3,3.62,0,0,0,0
7,0,0,Brazil,Munich,Electronics,Credit Card,Mobile,58,675,2.5,4069.55,105.03,161,24,10.8,6.7,0,0,0,0
16,0,0,Japan,London,Gaming,Credit Card,Mobile,48,705,8.0,2287.43,50.35,140,15,4.4,14.45,0,0,0,0
2,0,1,Brazil,Munich,Electronics,Debit Card,Mobile,48,622,2.2,4645.02,1303.89,175,18,9.9,37.3,0,0,0,0
10,1,0,Canada,Vancouver,Jewelry,Debit Card,Mobile,66,647,0.2,1029.88,1022.78,172,22,17.3,25.79,0,5,0,1
4,1,1,Japan,Mexico City,Fuel,Debit Card,Mobile,58,686,2.3,1592.13,305.15,164,21,9.9,14.43,0,0,0,0
1,1,1,UK,Los Angeles,Electronics,Mobile Payment,Mobile,65,850,2.7,2885.73,2093.49,179,25,12.2,0.73,0,2,0,0
20,0,0,Australia,Tokyo,Utilities,Bank Transfer,Mobile,40,645,3.7,55913.79,53.77,152,32,10.9,6.94,0,2,0,0
16,0,0,Japan,Guadalajara,Gaming,Credit Card,ATM,27,654,14.6,18417.84,223.13,150,21,62.5,4.17,0,0,0,0
15,0,0,India,Paris,Education,Debit Card,POS Terminal,23,568,0.8,8366.43,36.71,171,21,10.7,2.28,1,0,0,0
1,0,1,Japan,Mumbai,ATM Withdrawal,Credit Card,Tablet,45,752,7.3,8683.45,267.91,134,17,23.2,20.21,0,0,0,0
21,0,0,Germany,São Paulo,Clothing,Debit Card,Mobile,36,725,14.7,19463.53,69.94,167,20,18.4,31.64,0,1,0,0
13,0,0,Germany,Mexico City,Jewelry,Credit Card,Desktop,42,749,5.7,44757.45,454.34,145,21,4.2,5.85,1,0,0,0
8,0,0,Brazil,New York,Education,Debit Card,Mobile,52,530,7.0,9085.66,62.76,154,22,21.0,3.84,0,0,0,0
22,0,1,USA,Berlin,Online Shopping,Debit Card,Mobile,56,628,3.6,36531.49,65.49,146,15,60.6,11.75,0,0,0,0
15,0,0,India,São Paulo,Online Shopping,Credit Card,POS Terminal,20,697,3.2,16441.14,68.2,148,22,6.6,1.45,0,0,0,0
6,1,1,Mexico,Delhi,Crypto Exchange,Crypto,Desktop,28,787,2.4,10796.15,656.46,119,19,4.7,2.6,0,3,0,0
13,0,0,Japan,Melbourne,Entertainment,Bank Transfer,POS Terminal,40,805,8.3,1004.34,81.58,160,29,19.9,11.25,0,0,0,0
16,0,0,USA,Sydney,Utilities,Credit Card,Desktop,40,706,9.0,6333.04,118.16,133,26,32.8,15.31,0,0,0,0
17,1,0,USA,Munich,Electronics,Credit Card,Desktop,47,681,6.6,17692.67,323.43,141,23,0.1,14.28,0,0,0,0
21,0,0,Canada,Los Angeles,Travel,Bank Transfer,POS Terminal,44,680,1.1,11691.32,616.16,153,17,11.1,4.93,1,0,0,0
3,1,1,India,Mexico City,Entertainment,Bank Transfer,Desktop,31,713,0.6,13901.0,127.75,154,22,14.1,6.29,0,1,0,0
19,1,0,USA,London,Education,Credit Card,POS Terminal,44,604,14.8,122143.7,8.39,164,19,1.6,15.16,0,0,0,0
20,1,0,Mexico,Berlin,Clothing,Mobile Payment,Mobile,45,590,4.5,1174.95,100.61,145,20,131.9,2.92,0,0,0,0
10,0,0,Australia,New York,Online Shopping,Mobile Payment,Mobile,46,664,2.2,2703.96,62.06,169,14,7.4,14.42,0,0,0,0
3,0,1,USA,Tokyo,Online Shopping,Credit Card,Mobile,51,594,2.8,3771.64,133.19,177,20,12.4,0.56,1,2,0,1
10,0,0,Australia,Delhi,Fuel,Credit Card,ATM,49,662,13.3,6893.57,45.43,135,24,17.6,2.77,0,0,0,0
8,1,0,Mexico,São Paulo,Crypto Exchange,Credit Card,Mobile,54,703,14.3,583.22,391.7,125,18,1.5,16.62,0,0,0,0
16,0,0,USA,Munich,Entertainment,Mobile Payment,Desktop,84,657,0.7,29256.0,107.8,172,22,6.6,0.76,0,0,0,0
6,0,1,Brazil,Vancouver,Entertainment,Credit Card,Mobile,38,758,0.7,24048.16,58.15,131,22,45.7,10.23,0,0,0,0
13,0,0,Canada,Guadalajara,Online Shopping,Credit Card,Mobile,58,747,9.6,6868.76,62.07,161,21,44.4,11.55,0,0,0,0
15,0,0,USA,Paris,ATM Withdrawal,Debit Card,ATM,40,655,12.4,19689.8,12.46,155,34,71.3,39.55,1,1,0,0
15,0,0,USA,Los Angeles,Fuel,Credit Card,POS Terminal,51,629,2.6,763.6,48.21,151,15,40.2,11.68,0,2,0,0
5,1,1,UK,Guadalajara,Education,Credit Card,Mobile,20,620,10.3,38352.59,12.45,148,25,8.8,27.6,0,0,0,0
10,0,0,India,New York,Fuel,Debit Card,Desktop,24,563,1.9,2948.02,89.18,163,15,27.2,28.89,1,0,0,0
7,0,0,USA,Osaka,Entertainment,Debit Card,Mobile,39,646,0.8,2109.04,117.4,150,21,29.1,21.65,1,0,0,0
2,1,1,USA,Osaka,Crypto Exchange,Mobile Payment,Mobile,48,581,0.5,10992.98,18.19,173,11,10.2,18.51,1,0,0,0
17,0,0,Brazil,Melbourne,Travel,Credit Card,Desktop,18,779,4.7,7067.58,965.0,183,19,4.2,8.66,0,0,0,0
12,1,0,Australia,Delhi,Grocery,Credit Card,Mobile,38,667,9.4,15154.24,17.74,134,14,14.4,2.37,0,0,0,0
17,0,0,Mexico,London,Fuel,Credit Card,Desktop,53,784,3.6,2950.99,29.61,145,23,24.4,10.75,0,0,0,0
20,0,0,USA,Delhi,ATM Withdrawal,Credit Card,Mobile,63,739,2.6,6075.91,45.47,168,22,24.8,1.42,0,2,0,0
14,1,0,Canada,Mumbai,Healthcare,Credit Card,Mobile,18,683,7.4,10946.37,126.92,135,20,13.8,9.85,0,0,0,0
9,0,0,UK,Toronto,Education,Bank Transfer,Mobile,37,746,1.9,6565.77,34.7,166,22,6.2,8.09,1,1,0,0
5,0,1,Canada,Mexico City,Clothing,Credit Card,Desktop,54,673,10.3,3332.56,26.76,152,26,10.3,7.17,0,0,0,0
9,0,0,Australia,Tokyo,Entertainment,Credit Card,Mobile,41,649,9.7,3225.06,40.24,135,24,7.2,1.18,0,1,0,0
16,0,0,India,Manchester,Online Shopping,Cheque,POS Terminal,42,696,2.3,6036.65,18.73,153,22,10.2,7.29,0,0,0,0
12,1,0,UK,Tokyo,Restaurant,Crypto,Mobile,80,633,0.1,3999.58,231.33,163,26,1.3,7.87,0,1,0,0
19,1,0,Brazil,New York,Jewelry,Debit Card,Mobile,52,732,5.6,1806.42,110.27,143,18,9.4,1.37,0,0,0,0
4,0,1,France,São Paulo,Healthcare,Credit Card,ATM,20,726,1.3,1730.45,60.29,165,23,24.4,7.11,0,0,0,0
11,0,0,Japan,Guadalajara,Gaming,Debit Card,Desktop,59,691,3.7,93885.68,12.21,144,22,7.4,23.56,0,0,0,0
6,0,1,France,Rio,Entertainment,Crypto,Mobile,63,733,3.6,25085.21,40.83,135,16,33.1,6.5,0,0,0,0
11,1,0,USA,Mumbai,Utilities,Debit Card,POS Terminal,18,577,2.2,17365.01,111.46,137,16,0.0,8.2,0,1,0,0
14,0,0,USA,Osaka,Clothing,Credit Card,Desktop,32,708,2.5,4974.06,250.9,147,23,8.6,2.64,0,0,0,0
19,0,0,USA,Los Angeles,Healthcare,Mobile Payment,Mobile,52,771,1.1,23453.06,33.19,137,29,17.7,26.72,0,0,0,0
1,1,1,Australia,Guadalajara,Online Shopping,Credit Card,POS Terminal,38,619,3.3,7395.6,108.03,144,14,1.9,9.18,0,0,0,0
15,0,0,India,Sydney,Electronics,Crypto,Mobile,38,635,20.6,8817.3,303.34,142,26,9.1,66.11,0,0,0,0
3,0,1,Japan,Manchester,Grocery,Debit Card,POS Terminal,33,677,3.7,8322.27,135.42,166,16,10.7,14.63,1,0,0,0
16,0,0,Canada,Toronto,Grocery,Debit Card,Mobile,63,618,6.2,7632.23,76.06,143,28,0.8,0.52,0,0,0,0
22,0,1,Mexico,Mumbai,Crypto Exchange,Credit Card,POS Terminal,42,665,4.7,21030.77,116.09,139,22,3.8,0.37,1,0,0,0
22,0,1,Brazil,London,ATM Withdrawal,Debit Card,Mobile,35,685,0.5,36339.76,68.34,127,20,11.5,10.43,1,0,0,1
8,0,0,France,Melbourne,Clothing,Crypto,Mobile,34,457,14.5,20379.29,105.08,150,17,0.9,15.54,0,0,0,0
13,1,0,Brazil,London,Clothing,Mobile Payment,ATM,23,651,3.7,28412.64,48.43,154,16,26.3,10.89,0,0,0,0
14,0,0,Germany,Los Angeles,Electronics,Cheque,POS Terminal,18,637,5.0,19265.53,303.31,158,23,0.6,3.67,0,0,0,0
10,0,0,USA,Rio,Gaming,Debit Card,POS Terminal,36,727,21.2,1878.19,23.59,172,17,16.4,8.53,1,0,0,0
10,0,0,USA,Mumbai,Gaming,Credit Card,Tablet,40,809,2.3,158616.09,66.73,131,24,22.4,14.68,0,2,0,0
20,0,0,Germany,Paris,Clothing,Debit Card,POS Terminal,50,616,7.7,4053.89,151.37,145,18,26.4,1.03,0,0,0,0
8,0,0,Japan,Delhi,Education,Credit Card,Mobile,18,675,1.2,38903.05,72.31,123,25,34.7,1.62,0,0,0,0
14,0,0,India,São Paulo,Entertainment,Bank Transfer,Mobile,67,768,0.6,21408.02,55.22,173,12,44.0,20.47,0,0,0,0
21,0,0,UK,Manchester,Clothing,Cheque,Desktop,18,759,0.2,48526.78,93.99,146,16,6.6,3.87,0,0,0,0
10,0,0,USA,Mumbai,Clothing,Debit Card,Mobile,38,791,1.6,21554.75,42.43,154,19,53.7,22.02,1,0,0,0
11,0,0,Brazil,Lyon,Jewelry,Debit Card,ATM,61,761,7.5,10228.51,165.91,167,26,22.2,1.2,0,2,1,0
1,0,1,Japan,Paris,Crypto Exchange,Bank Transfer,ATM,52,602,8.8,10598.86,2.25,155,21,10.2,87.86,0,0,0,0
11,1,0,India,Paris,Travel,Credit Card,Mobile,34,712,17.3,10066.21,260.7,141,13,24.4,10.48,0,0,0,0
13,0,0,Germany,São Paulo,Jewelry,Debit Card,Desktop,55,733,0.1,6683.65,283.72,152,24,13.1,28.91,0,1,0,0
12,1,0,USA,Sydney,Electronics,Bank Transfer,ATM,40,654,10.0,5879.34,406.74,142,14,36.4,1.83,0,0,0,0
10,0,0,Japan,Paris,Grocery,Debit Card,POS Terminal,39,676,15.4,22707.19,4.84,159,28,9.6,4.81,0,0,0,0
19,0,0,Mexico,Mexico City,Online Shopping,Bank Transfer,Mobile,20,591,9.4,1603.07,50.11,155,21,9.3,7.7,0,0,0,0
10,0,0,UK,São Paulo,Travel,Debit Card,Mobile,37,695,2.9,1138.52,226.69,146,30,15.5,7.47,0,0,0,0
10,1,0,Japan,Toronto,Travel,Credit Card,Mobile,30,715,1.5,11171.59,341.49,150,15,3.4,4.55,1,0,0,0
5,0,1,Brazil,Toronto,Fuel,Bank Transfer,Mobile,34,749,7.7,4490.37,73.91,124,16,7.4,5.3,0,2,0,0
19,0,0,France,Mexico City,Grocery,Credit Card,Tablet,47,619,16.2,13908.45,37.44,155,22,0.2,33.51,1,0,0,0
16,1,0,Brazil,Lyon,Healthcare,Debit Card,Mobile,34,744,5.6,4282.68,3.47,155,22,47.1,43.08,0,1,1,0
9,1,0,Canada,Paris,Online Shopping,Debit Card,POS Terminal,69,628,5.4,13893.65,53.2,150,21,16.9,0.64,0,0,0,0
1,0,1,Brazil,Mumbai,Education,Debit Card,Mobile,32,717,0.5,40656.78,209.22,140,10,1.3,4.54,0,1,0,0
4,0,1,USA,Lyon,Grocery,Debit Card,Desktop,34,591,0.1,4037.38,36.94,148,15,16.7,4.41,0,0,0,0
23,1,1,USA,Guadalajara,Clothing,Credit Card,ATM,18,671,4.6,3454.28,159.38,141,19,68.2,23.45,0,1,0,0
19,0,0,Brazil,London,ATM Withdrawal,Credit Card,ATM,37,656,2.1,4914.02,58.7,155,26,14.9,2.49,0,2,0,0
21,1,0,Brazil,Rio,Gaming,Credit Card,Mobile,34,740,13.6,6229.56,24.67,151,20,63.6,12.38,0,0,0,0
0,1,1,Canada,Munich,ATM Withdrawal,Debit Card,Desktop,29,537,0.4,24235.58,30.28,141,21,45.0,25.12,1,3,0,0
22,0,1,USA,Rio,Utilities,Debit Card,Mobile,65,740,2.0,7068.91,66.38,150,17,5.6,1.53,0,0,0,0
8,0,0,Mexico,São Paulo,Clothing,Credit Card,ATM,42,542,12.6,11076.55,195.86,138,28,7.8,1.3,0,0,1,0
0,0,1,France,Manchester,ATM Withdrawal,Debit Card,Desktop,26,678,1.6,2906.5,39.78,164,19,3.7,24.81,0,0,1,0
14,0,0,Australia,Osaka,Crypto Exchange,Bank Transfer,POS Terminal,58,728,11.2,13089.98,33.33,118,25,5.6,20.4,0,0,0,0
2,0,1,USA,Vancouver,Grocery,Debit Card,Tablet,26,665,8.4,173270.12,43.39,165,21,1.3,2.55,0,0,1,0
12,0,0,UK,Rio,Online Shopping,Credit Card,Mobile,26,734,7.9,44691.13,17.12,169,17,65.1,12.79,0,0,0,0
4,0,1,USA,Tokyo,Travel,Bank Transfer,Mobile,24,759,1.3,3050.01,505.61,139,13,47.9,10.0,0,0,0,1
17,0,0,India,Guadalajara,Gaming,Debit Card,Mobile,45,654,0.8,4782.93,158.7,164,20,15.5,3.09,0,0,0,0
5,0,1,USA,Toronto,Restaurant,Debit Card,ATM,48,599,6.1,2542.24,9.14,138,23,12.8,45.81,0,0,1,0
0,1,1,UK,Melbourne,Clothing,Debit Card,POS Terminal,34,654,0.3,1840.5,39.56,166,22,6.9,12.86,0,0,0,0
5,0,1,USA,New York,Jewelry,Bank Transfer,Mobile,33,771,9.2,7658.68,247.2,148,21,16.4,8.43,0,0,0,0
19,0,0,USA,Rio,Grocery,Debit Card,Desktop,54,724,3.6,3250.03,19.26,136,13,11.2,2.92,1,0,0,0
16,1,0,Canada,Vancouver,Clothing,Bank Transfer,ATM,32,806,6.0,11647.21,45.28,124,18,1.4,0.44,0,3,0,0
11,0,0,India,Manchester,Restaurant,Mobile Payment,Desktop,67,738,0.8,11198.41,43.31,141,27,28.1,29.0,0,0,0,0
14,1,0,Canada,Sydney,Grocery,Credit Card,Mobile,31,647,1.9,1216.26,48.58,170,19,23.9,13.45,0,0,0,0
16,0,0,India,São Paulo,Fuel,Debit Card,Mobile,53,850,12.9,5481.34,47.98,163,15,4.6,9.55,0,0,0,0
15,0,0,Japan,Vancouver,Utilities,Debit Card,Tablet,62,618,1.7,21004.14,91.72,131,19,8.9,4.63,0,0,0,0
17,0,0,Mexico,New York,Online Shopping,Credit Card,POS Terminal,78,567,0.8,6040.22,15.58,151,19,4.3,12.61,0,0,0,0
15,0,0,UK,Sydney,Crypto Exchange,Debit Card,Mobile,39,695,6.4,51608.14,65.93,143,23,25.1,24.89,0,0,0,0
12,1,0,Germany,Munich,Online Shopping,Debit Card,ATM,47,757,13.9,1374.88,15.89,145,16,2.3,8.1,1,0,0,0
18,0,0,Brazil,Toronto,Gaming,Credit Card,Mobile,38,603,3.7,3745.29,176.57,147,18,11.0,36.75,0,0,0,0
2,0,1,Australia,Rio,Healthcare,Credit Card,Desktop,56,649,1.1,63557.1,100.89,149,19,0.8,6.88,1,0,0,0
22,0,1,Canada,São Paulo,Clothing,Credit Card,Mobile,39,738,0.5,17975.87,106.23,160,15,85.5,0.24,0,0,0,0
2,0,1,Mexico,Toronto,Travel,Credit Card,POS Terminal,28,746,1.5,18909.39,826.88,165,12,36.1,12.81,0,0,0,0
11,0,0,Germany,Paris,Restaurant,Credit Card,Desktop,59,677,3.5,13260.54,12.52,152,18,29.5,8.98,0,0,0,0
12,1,0,UK,Manchester,Travel,Debit Card,Mobile,59,655,2.5,8294.42,676.22,151,28,8.4,5.39,0,0,0,0
13,0,0,USA,Melbourne,ATM Withdrawal,Mobile Payment,Mobile,27,703,6.9,4026.23,25.38,144,16,20.2,21.1,0,0,0,0
6,0,1,USA,Toronto,Education,Crypto,POS Terminal,48,647,5.6,3259.78,408.71,152,30,19.5,0.78,0,0,0,0
11,0,0,India,New York,ATM Withdrawal,Cheque,Tablet,28,689,0.5,6497.27,52.23,157,18,18.6,3.56,0,0,0,0
21,0,0,India,New York,Fuel,Debit Card,Mobile,30,827,0.7,8295.49,33.57,146,21,24.4,15.89,0,0,0,0
10,0,0,Germany,London,Utilities,Crypto,Desktop,23,757,6.4,17356.49,24.16,164,14,4.4,16.26,0,2,0,0
3,0,1,USA,Osaka,Utilities,Credit Card,Tablet,27,622,12.4,2002.8,66.77,149,17,12.1,6.2,0,1,0,0
15,0,0,Brazil,Mumbai,Grocery,Debit Card,Mobile,36,676,4.4,36802.57,330.09,145,25,5.2,7.82,0,3,0,0
21,1,0,Brazil,London,Healthcare,Debit Card,Mobile,65,635,3.1,717.08,170.94,156,20,16.9,4.69,0,0,0,0
2,0,1,India,Osaka,Healthcare,Credit Card,Desktop,46,531,0.1,1201.75,26.72,136,18,13.8,0.93,0,0,0,0
3,0,1,UK,Sydney,Entertainment,Credit Card,Mobile,55,695,1.0,10771.41,12.12,156,22,2.0,4.11,0,0,0,0
15,1,0,USA,Melbourne,Electronics,Credit Card,Mobile,39,702,5.2,3861.86,374.7,162,19,7.9,6.32,1,0,0,0
17,0,0,Germany,Melbourne,Fuel,Cheque,Mobile,38,585,9.6,9282.58,330.08,159,21,14.1,17.26,0,0,0,0
3,1,1,UK,São Paulo,Electronics,Debit Card,Mobile,46,711,5.5,3408.34,3956.85,149,16,25.4,0.47,0,0,0,0
7,0,0,UK,Rio,Travel,Crypto,Mobile,28,677,0.4,2339.33,146.27,133,16,5.1,6.02,0,0,0,0
6,0,1,UK,Mumbai,Entertainment,Cheque,Tablet,21,688,1.2,1794.96,168.41,141,22,15.1,9.22,0,0,0,0
22,1,1,Mexico,New York,Restaurant,Debit Card,Mobile,43,645,8.5,12952.64,19.23,143,17,15.8,11.57,0,1,0,0
15,0,0,Japan,Rio,ATM Withdrawal,Credit Card,POS Terminal,41,757,3.8,3577.19,108.71,145,13,28.4,16.48,0,2,0,0
4,0,1,Mexico,Los Angeles,Online Shopping,Credit Card,POS Terminal,70,850,5.4,115939.38,19.39,155,21,9.1,43.7,1,0,0,0
1,0,1,Canada,Tokyo,Grocery,Mobile Payment,Mobile,25,566,2.5,682.91,128.28,144,18,13.4,6.33,1,0,0,0
11,0,0,Germany,Sydney,Restaurant,Credit Card,Desktop,65,602,1.0,11721.75,79.16,162,13,8.0,1.13,0,0,0,0
17,0,0,USA,Vancouver,Jewelry,Crypto,Tablet,44,660,4.4,29993.04,2326.88,119,19,7.0,11.38,0,0,0,0
18,1,0,Mexico,New York,Clothing,Mobile Payment,Mobile,62,596,3.2,6617.92,29.8,144,14,17.4,11.47,0,0,1,0
10,0,0,India,Sydney,Electronics,Mobile Payment,Mobile,40,673,5.6,4841.45,228.44,138,24,36.6,12.39,0,0,0,0
0,0,1,USA,Mexico City,Entertainment,Cheque,Mobile,55,685,3.6,31880.16,94.88,153,20,14.0,0.16,0,0,0,0
5,1,1,Brazil,New York,Entertainment,Credit Card,Mobile,56,636,1.2,3897.59,28.5,147,11,0.2,2.8,0,0,1,0
14,0,0,Brazil,Munich,ATM Withdrawal,Cheque,ATM,18,790,4.9,1345.02,579.25,147,25,67.1,20.86,0,0,0,0
20,1,0,Germany,Rio,Fuel,Mobile Payment,Tablet,24,586,2.8,12234.71,129.05,161,11,36.1,4.5,0,0,0,0
15,1,0,USA,Vancouver,Restaurant,Mobile Payment,Desktop,36,696,0.6,2266.06,93.83,154,22,9.7,0.87,0,0,0,0
5,1,1,Japan,Melbourne,Restaurant,Credit Card,Desktop,18,553,3.7,5974.76,56.29,139,20,24.4,3.33,1,0,0,0
12,0,0,India,Berlin,ATM Withdrawal,Debit Card,Desktop,65,629,12.5,15206.53,44.34,142,14,27.4,13.36,0,4,0,0
2,0,1,Brazil,London,Entertainment,Debit Card,Mobile,39,680,7.3,2569.82,20.29,158,15,0.1,9.28,0,0,1,0
17,1,0,USA,Delhi,Education,Debit Card,Desktop,23,823,8.7,18099.89,132.78,162,24,0.1,15.51,1,0,0,0
13,0,0,USA,Berlin,Entertainment,Credit Card,Desktop,36,634,1.1,9512.6,28.75,162,13,26.8,0.24,0,4,0,0
10,0,0,UK,Toronto,Fuel,Bank Transfer,Desktop,70,668,2.1,24239.61,96.27,134,21,2.4,18.22,1,0,0,0
6,0,1,Australia,Paris,Jewelry,Debit Card,Tablet,30,757,1.8,4930.01,211.03,133,22,10.7,17.29,0,0,0,0
0,0,1,India,Osaka,Entertainment,Credit Card,POS Terminal,49,706,1.5,33939.31,127.49,153,19,19.0,6.99,0,2,0,0
21,1,0,UK,Berlin,Jewelry,Debit Card,Mobile,37,753,7.3,2620.05,1805.0,160,18,18.0,12.84,0,0,0,0
0,0,1,Japan,Melbourne,Travel,Bank Transfer,Desktop,21,850,14.3,63597.55,154.87,166,24,5.9,37.27,0,0,0,0
10,1,0,UK,Los Angeles,Grocery,Credit Card,POS Terminal,58,718,1.5,28217.49,6.87,147,27,40.6,23.37,0,2,0,0
16,1,0,Germany,Lyon,Grocery,Debit Card,Mobile,32,713,2.6,19189.04,86.09,149,23,63.6,2.2,0,0,0,0
10,1,0,USA,Los Angeles,Healthcare,Credit Card,Mobile,67,609,0.2,11995.65,43.04,147,20,2.4,0.6,0,0,0,0
11,0,0,Canada,Delhi,Grocery,Debit Card,Desktop,51,619,28.2,26262.59,72.15,156,14,29.5,0.73,0,2,0,1
5,1,1,Japan,Guadalajara,Electronics,Credit Card,ATM,52,662,6.8,7461.15,75.99,165,14,24.5,17.65,0,1,0,0
10,0,0,Japan,Osaka,Clothing,Credit Card,POS Terminal,26,614,9.8,17792.17,8.4,115,15,10.9,5.04,1,0,0,0
9,1,0,France,Sydney,Restaurant,Debit Card,Mobile,53,699,1.1,2581.09,76.0,150,20,56.5,5.85,0,0,0,0
6,0,1,France,New York,Gaming,Credit Card,Mobile,37,723,22.7,2919.82,17.95,150,21,29.0,0.83,1,2,0,1
1,0,1,USA,London,Restaurant,Debit Card,Tablet,38,681,2.6,5048.41,6.54,152,15,1.6,15.41,1,0,0,0
14,0,0,Australia,Vancouver,Gaming,Bank Transfer,Mobile,52,831,0.7,4721.19,97.82,154,17,39.8,17.84,0,0,0,0
21,0,0,India,London,ATM Withdrawal,Debit Card,Desktop,44,590,1.2,24197.92,108.2,167,24,26.7,2.64,0,0,0,0
10,0,0,UK,Manchester,Education,Credit Card,Tablet,33,544,4.7,34825.59,317.8,147,18,71.2,44.99,0,0,0,0
0,0,1,India,Manchester,Crypto Exchange,Bank Transfer,POS Terminal,66,707,5.9,9242.37,74.31,137,23,10.4,15.33,0,0,0,0
7,1,0,USA,Melbourne,Utilities,Credit Card,Tablet,26,731,0.9,3135.37,144.29,156,26,37.7,26.59,0,0,0,0
12,0,0,France,Delhi,Healthcare,Crypto,Desktop,37,630,2.3,3955.93,67.5,143,17,3.6,5.02,0,0,0,0
4,0,1,USA,Berlin,Gaming,Credit Card,Desktop,34,773,24.5,3913.36,63.73,137,24,9.8,1.35,1,0,0,0
18,0,0,USA,London,Entertainment,Bank Transfer,Mobile,42,588,1.0,7401.85,457.11,143,21,14.8,7.84,0,0,0,0
0,0,1,India,São Paulo,Utilities,Bank Transfer,POS Terminal,65,539,5.6,10445.4,182.83,150,19,8.0,8.42,1,0,0,0
19,0,0,Brazil,Delhi,Jewelry,Credit Card,Mobile,54,658,2.1,686.44,175.4,145,15,0.8,1.86,0,2,0,0
23,0,1,USA,Osaka,ATM Withdrawal,Bank Transfer,Tablet,28,792,3.7,4322.8,170.7,160,18,14.0,3.57,0,0,0,0
1,0,1,Brazil,Los Angeles,Online Shopping,Crypto,Desktop,44,743,5.0,471.65,44.49,176,22,35.9,6.68,0,0,0,0
1,1,1,UK,Guadalajara,Grocery,Debit Card,Desktop,20,671,6.9,4247.86,86.62,136,12,1.7,1.87,0,0,0,1
1,0,1,USA,London,Restaurant,Credit Card,Mobile,40,715,0.5,11757.59,17.16,154,27,10.7,0.34,0,0,0,0
2,0,1,Mexico,Delhi,Electronics,Mobile Payment,Tablet,18,710,9.3,1635.77,88.85,152,11,16.6,7.11,0,0,0,0
20,0,0,Brazil,Delhi,Utilities,Credit Card,Desktop,52,569,5.6,45039.47,79.8,146,26,1.1,0.15,0,0,0,0
23,0,1,USA,Melbourne,Crypto Exchange,Credit Card,Mobile,46,827,2.7,5020.85,43.71,138,16,10.4,6.75,0,0,0,0
13,0,0,Germany,Vancouver,Electronics,Cheque,ATM,50,702,0.2,1494.22,394.16,159,12,48.6,0.89,0,0,0,0
7,1,0,Mexico,Berlin,Healthcare,Crypto,Mobile,46,550,7.9,1329.76,23.56,148,16,34.9,9.54,0,0,0,0
6,0,1,USA,Guadalajara,Grocery,Debit Card,POS Terminal,31,736,6.3,8541.66,63.82,146,18,5.5,6.42,1,0,0,0
19,0,0,Canada,Manchester,Crypto Exchange,Bank Transfer,Mobile,53,720,3.3,1702.27,44.84,144,19,26.2,1.85,0,0,0,0
14,1,0,USA,Melbourne,Online Shopping,Credit Card,Desktop,32,711,11.4,11075.74,6.41,166,27,26.0,5.11,1,0,0,0
17,1,0,Australia,Mumbai,Utilities,Credit Card,Desktop,33,632,2.9,3408.98,462.11,139,18,13.8,19.74,1,0,0,0
2,0,1,UK,Paris,Utilities,Debit Card,Tablet,73,663,0.2,10284.48,49.33,152,21,25.2,5.95,0,4,0,0
16,0,0,India,Rio,Jewelry,Debit Card,Desktop,24,602,2.5,3247.94,277.33,157,21,50.4,2.65,0,0,0,0
4,0,1,USA,Melbourne,ATM Withdrawal,Cheque,Desktop,23,725,17.0,3028.63,128.98,149,16,9.6,1.18,1,1,0,1
12,0,0,USA,São Paulo,Utilities,Debit Card,Mobile,36,747,11.4,38627.98,135.49,157,26,15.9,37.12,0,0,0,0
20,1,0,UK,Osaka,Restaurant,Debit Card,Desktop,26,581,1.3,2696.21,130.19,157,19,27.6,39.97,0,0,1,0
23,0,1,Germany,Lyon,Fuel,Credit Card,Desktop,40,838,10.2,5212.83,79.42,141,18,44.4,3.68,0,2,0,0
0,0,1,USA,Delhi,Travel,Mobile Payment,ATM,39,593,0.1,17309.52,278.2,136,26,36.3,3.48,1,0,0,0
18,1,0,Canada,Guadalajara,Travel,Credit Card,Mobile,27,640,1.4,6429.7,2708.82,146,17,11.1,24.94,0,0,0,0
14,0,0,USA,Manchester,Crypto Exchange,Credit Card,Desktop,49,658,0.1,4690.08,58.03,149,22,1.7,13.08,0,0,0,0
2,1,1,Germany,Lyon,Clothing,Debit Card,ATM,42,737,0.5,37778.27,90.01,152,31,18.5,6.38,0,2,1,0
20,0,0,UK,New York,Utilities,Bank Transfer,POS Terminal,52,652,11.3,2470.51,45.67,159,19,1.4,0.9,1,0,0,0
5,0,1,USA,Paris,Education,Credit Card,Desktop,75,636,4.2,17016.65,651.27,156,10,50.9,4.66,0,0,0,0
18,0,0,Mexico,Sydney,ATM Withdrawal,Debit Card,Mobile,58,718,8.2,1732.62,28.86,152,22,31.2,4.79,0,0,0,0
18,0,0,UK,Munich,Fuel,Credit Card,POS Terminal,63,785,3.1,5530.13,103.87,139,13,45.0,5.95,0,0,0,0
16,0,0,Brazil,Munich,Gaming,Mobile Payment,Desktop,56,685,10.6,28021.39,178.83,172,15,59.8,5.66,0,1,0,0
15,0,0,USA,Melbourne,Clothing,Mobile Payment,Mobile,64,709,2.5,8392.74,21.94,178,24,9.7,36.53,0,1,0,0
17,1,0,USA,Guadalajara,Restaurant,Debit Card,Mobile,41,657,2.6,4096.14,190.0,136,28,0.0,13.85,0,0,0,0
14,0,0,USA,Delhi,Entertainment,Debit Card,Mobile,75,623,3.6,31044.36,10.54,148,22,3.0,10.0,0,0,0,0
4,0,1,Brazil,Melbourne,Travel,Mobile Payment,Mobile,38,696,3.2,5022.86,385.05,165,20,4.5,31.6,1,0,0,0
7,0,0,Japan,Osaka,Crypto Exchange,Credit Card,POS Terminal,57,703,2.9,32289.42,535.13,148,18,8.5,9.87,0,1,0,0
15,0,0,USA,Rio,Crypto Exchange,Bank Transfer,Desktop,39,589,1.1,6738.66,61.49,139,24,13.5,18.27,0,1,0,0
19,0,0,Germany,Melbourne,Clothing,Credit Card,Mobile,24,621,10.3,14016.56,86.3,130,23,5.0,1.81,0,0,0,0
11,1,0,USA,Manchester,Education,Debit Card,Mobile,30,588,9.3,38596.59,120.49,150,16,38.9,6.78,0,1,0,0
5,0,1,India,Munich,Grocery,Bank Transfer,Mobile,34,764,5.9,14261.2,44.18,133,23,11.4,6.43,0,0,0,0
9,1,0,Australia,Vancouver,Utilities,Debit Card,Desktop,52,758,4.5,11676.71,44.61,150,17,3.3,11.56,0,0,0,0
3,0,1,India,Vancouver,Gaming,Credit Card,ATM,45,795,3.1,16175.92,57.91,155,25,2.2,2.68,0,1,0,0
14,0,0,India,Mumbai,Online Shopping,Debit Card,Mobile,49,550,3.6,14394.78,49.83,172,20,13.1,0.76,0,2,1,0
8,0,0,Mexico,São Paulo,Entertainment,Mobile Payment,ATM,57,716,0.1,6353.2,8.49,147,20,10.0,11.54,0,0,0,1
23,1,1,USA,Los Angeles,Restaurant,Debit Card,ATM,22,564,1.0,3023.69,109.47,152,23,14.2,7.28,0,0,0,0
18,1,0,Mexico,Los Angeles,Entertainment,Debit Card,Mobile,76,653,1.5,2094.26,209.65,148,24,8.6,1.5,0,0,0,0
8,0,0,Canada,Rio,Education,Debit Card,Tablet,46,757,4.9,4470.79,7.28,138,16,13.9,15.38,0,2,0,0
17,0,0,Brazil,Mexico City,Fuel,Bank Transfer,POS Terminal,39,645,7.4,13349.13,4.68,141,31,36.5,0.03,0,0,0,0
4,1,1,UK,Melbourne,Electronics,Bank Transfer,Mobile,20,611,1.4,4142.24,218.2,133,23,1.3,14.55,0,0,0,0
16,1,0,Japan,Lyon,Online Shopping,Mobile Payment,Mobile,52,723,7.8,3850.03,33.07,145,15,30.4,36.77,0,0,0,0
9,0,0,USA,Mumbai,Travel,Crypto,Mobile,36,792,0.1,11535.67,1048.62,171,21,10.1,2.21,0,0,0,0
6,0,1,USA,Guadalajara,Crypto Exchange,Bank Transfer,Mobile,32,844,19.2,14876.42,33.86,139,17,0.1,13.29,0,0,0,1
11,0,0,Australia,Berlin,Restaurant,Credit Card,Mobile,38,724,1.1,2113.23,53.85,153,21,9.2,2.87,0,0,0,0
3,1,1,USA,Los Angeles,Entertainment,Mobile Payment,Tablet,20,646,1.7,10084.94,139.17,126,19,1.5,4.31,0,0,1,0
15,1,0,India,Melbourne,Jewelry,Cheque,Mobile,36,655,10.1,3525.85,571.18,163,20,10.3,5.08,0,0,0,0
8,0,0,India,Berlin,Gaming,Credit Card,Mobile,49,668,2.2,16108.23,58.18,141,8,29.2,23.45,0,1,0,0
10,0,0,Brazil,Los Angeles,ATM Withdrawal,Credit Card,Tablet,47,843,2.4,23253.29,211.12,155,26,12.3,9.3,0,0,0,0
10,0,0,France,Delhi,ATM Withdrawal,Debit Card,Desktop,41,782,6.8,11312.51,106.97,126,15,24.6,24.17,0,0,0,0
7,0,0,USA,Toronto,Travel,Credit Card,Mobile,18,682,0.7,4320.04,904.22,151,20,7.4,19.62,0,0,0,0
11,1,0,Mexico,Delhi,Travel,Debit Card,Desktop,25,595,15.9,121690.52,1482.32,154,16,2.3,8.64,0,0,0,0
16,1,0,Germany,London,Restaurant,Credit Card,Mobile,50,777,0.8,4213.27,15.29,137,14,46.5,9.19,0,0,0,0
12,1,0,Canada,Vancouver,Online Shopping,Credit Card,Mobile,48,713,5.0,2286.29,74.94,143,25,44.0,17.21,0,0,0,0
5,0,1,Canada,Mexico City,Education,Debit Card,Tablet,49,605,2.8,8198.48,44.73,143,22,108.4,5.24,1,0,0,0
15,0,0,UK,Munich,Restaurant,Bank Transfer,Mobile,27,715,2.2,2571.86,28.95,152,14,10.5,16.65,0,0,0,0
20,1,0,USA,Tokyo,Electronics,Crypto,ATM,34,723,2.7,23642.77,3690.47,159,27,13.6,18.21,0,0,0,0
4,0,1,Mexico,Osaka,Jewelry,Debit Card,Mobile,36,707,0.1,4399.27,188.72,162,14,26.1,1.34,0,0,0,0
6,0,1,Brazil,Mumbai,Utilities,Bank Transfer,POS Terminal,35,688,3.3,10585.92,28.28,178,11,1.7,4.74,0,0,0,0
21,0,0,USA,Berlin,Grocery,Debit Card,Mobile,62,794,10.6,3834.7,339.29,138,18,22.5,13.2,1,0,0,0
14,0,0,Brazil,Los Angeles,Online Shopping,Mobile Payment,Mobile,51,672,7.4,9722.61,19.1,149,19,16.6,27.54,0,0,0,0
0,0,1,UK,Delhi,Grocery,Cheque,Tablet,31,660,3.0,3364.61,290.42,154,20,114.9,31.12,1,0,0,0
19,0,0,USA,Mumbai,Restaurant,Credit Card,Mobile,20,665,5.5,3629.66,17.53,138,15,4.4,0.89,0,0,0,0
2,0,1,Canada,New York,Electronics,Bank Transfer,Mobile,25,651,1.7,8708.28,300.72,183,29,36.0,1.12,0,0,0,0
21,0,0,Japan,Melbourne,Restaurant,Credit Card,Mobile,44,476,1.2,10977.18,68.74,147,12,29.8,6.64,0,0,0,0
12,0,0,UK,Paris,Electronics,Debit Card,POS Terminal,45,545,0.3,21037.62,124.35,159,27,37.9,5.22,0,0,0,0
22,1,1,Japan,Osaka,ATM Withdrawal,Debit Card,Tablet,66,694,10.8,7454.81,79.35,159,15,34.1,3.57,0,0,0,0
21,1,0,Canada,Vancouver,Gaming,Mobile Payment,ATM,52,597,8.3,8549.32,33.0,173,20,29.4,53.21,0,0,0,0
18,1,0,France,Paris,Healthcare,Credit Card,Tablet,38,628,5.1,14861.54,71.43,160,15,4.4,5.52,0,3,0,0
1,0,1,India,São Paulo,Electronics,Mobile Payment,Mobile,44,656,7.6,17184.69,2685.59,143,19,19.0,6.85,0,0,0,0
22,0,1,Germany,Delhi,Fuel,Credit Card,Mobile,28,734,2.6,8063.36,75.59,138,16,10.7,46.27,0,1,0,0
4,1,1,Australia,Toronto,Jewelry,Credit Card,ATM,33,773,5.2,9461.07,520.36,153,26,37.9,5.24,0,0,0,0
17,0,0,Canada,Berlin,Electronics,Mobile Payment,Desktop,18,615,5.2,3453.51,975.31,143,16,1.0,19.92,0,0,0,0
22,1,1,France,Mumbai,Jewelry,Bank Transfer,Desktop,32,655,1.5,15211.53,392.35,155,21,14.1,11.69,0,0,0,0
22,0,1,India,Melbourne,Gaming,Credit Card,ATM,44,630,1.6,5748.67,276.04,142,14,13.5,2.14,0,0,0,0
20,0,0,India,Manchester,Restaurant,Credit Card,Mobile,59,728,3.6,14200.16,15.71,138,17,21.3,7.08,0,0,0,0
19,1,0,India,London,ATM Withdrawal,Debit Card,Desktop,66,663,2.9,1839.05,255.76,149,26,44.2,1.59,0,0,0,0
12,0,0,USA,Delhi,Grocery,Credit Card,Mobile,44,706,3.2,3284.01,23.36,161,24,26.6,40.2,0,0,0,0
18,0,0,USA,Sydney,Jewelry,Bank Transfer,Desktop,38,765,9.6,8856.48,5927.98,152,18,3.3,2.22,0,0,0,0
16,1,0,UK,Sydney,ATM Withdrawal,Credit Card,Desktop,63,593,1.0,2204.29,14.78,157,17,4.1,18.35,0,0,0,0
6,1,1,USA,Rio,Electronics,Mobile Payment,Mobile,35,698,15.2,2365.05,204.65,145,19,5.8,6.52,1,0,0,1
0,0,1,Brazil,Vancouver,Utilities,Mobile Payment,Mobile,32,587,4.5,38801.39,112.49,155,24,47.4,8.79,0,0,0,0
22,0,1,USA,Los Angeles,Online Shopping,Debit Card,Desktop,37,707,4.6,32993.43,119.92,163,24,28.9,11.62,0,0,0,0
13,0,0,USA,Tokyo,Education,Debit Card,ATM,40,744,0.3,11731.03,48.63,152,14,51.1,23.98,0,0,0,0
3,0,1,Canada,Munich,Entertainment,Debit Card,Mobile,56,615,6.9,7292.82,128.72,139,17,15.3,13.82,1,0,0,1
22,0,1,India,Paris,Gaming,Debit Card,Desktop,56,736,4.5,5116.36,27.85,171,23,20.9,0.73,0,0,0,0
16,0,0,Japan,São Paulo,Education,Credit Card,Tablet,48,756,11.9,14679.6,101.59,142,27,19.6,1.09,0,5,0,0
21,1,0,USA,Tokyo,Education,Credit Card,Desktop,65,850,0.1,6450.38,380.6,163,21,14.3,19.68,0,0,0,0
22,0,1,USA,Paris,Entertainment,Credit Card,Mobile,58,752,2.4,16411.86,98.38,157,16,15.7,15.17,0,0,1,0
22,1,1,France,Mumbai,ATM Withdrawal,Credit Card,ATM,35,687,3.3,4873.56,47.18,156,21,2.2,6.76,0,0,0,0
18,1,0,Brazil,Vancouver,ATM Withdrawal,Debit Card,Desktop,30,821,7.3,11388.45,76.32,151,26,5.5,5.64,0,0,0,0
2,0,1,Japan,Rio,Fuel,Bank Transfer,Tablet,62,648,9.5,5211.08,33.47,155,13,10.6,0.07,0,0,1,0
13,0,0,UK,Berlin,Restaurant,Debit Card,Mobile,41,763,11.8,30102.25,12.19,155,20,0.4,2.0,0,0,0,0
11,1,0,USA,Manchester,Gaming,Debit Card,ATM,39,568,3.0,14810.28,56.87,147,22,37.5,17.84,0,0,0,0
1,0,1,USA,Toronto,ATM Withdrawal,Mobile Payment,ATM,57,727,4.8,26864.85,69.86,144,19,133.1,3.37,0,2,0,1
21,0,0,Brazil,Rio,Education,Mobile Payment,Mobile,26,725,2.1,2163.6,64.16,143,17,3.7,14.53,0,0,0,0
6,0,1,India,Melbourne,Fuel,Mobile Payment,ATM,36,811,0.5,7679.76,55.66,155,17,65.9,9.95,0,0,0,0
9,1,0,Australia,Berlin,Electronics,Debit Card,Mobile,42,836,8.9,16049.83,903.18,164,25,8.4,2.12,0,0,1,0
10,0,0,Japan,Mumbai,Healthcare,Debit Card,Mobile,63,730,5.4,2510.91,110.51,159,24,5.2,26.99,0,5,0,0
10,1,0,France,New York,Gaming,Bank Transfer,ATM,42,546,2.7,10165.67,40.79,146,29,3.1,21.45,0,0,0,0
5,0,1,USA,Delhi,Fuel,Debit Card,Mobile,18,778,0.8,17342.85,203.12,161,16,3.4,0.85,0,0,0,0
4,0,1,France,Los Angeles,Crypto Exchange,Credit Card,Desktop,51,723,6.9,1273.53,11.55,155,14,6.3,4.34,0,0,0,0
10,1,0,Australia,London,Crypto Exchange,Credit Card,Desktop,61,661,6.2,99153.45,26.49,158,20,7.3,31.36,0,0,0,0
23,0,1,UK,Los Angeles,Online Shopping,Bank Transfer,Mobile,47,683,9.0,27279.67,19.12,159,27,9.6,19.23,0,0,0,0
12,1,0,USA,Osaka,Online Shopping,Credit Card,Desktop,38,695,1.1,3034.27,12.62,149,20,16.5,0.63,0,0,0,0
21,0,0,Germany,Osaka,Crypto Exchange,Credit Card,Mobile,58,722,2.1,8405.23,80.66,139,23,20.2,1.63,1,0,0,0
5,1,1,USA,Paris,Education,Debit Card,POS Terminal,37,726,3.4,8619.51,37.7,148,17,7.2,21.47,0,0,0,0
0,0,1,Australia,New York,Jewelry,Bank Transfer,Mobile,24,606,2.4,7181.05,352.93,158,17,4.5,4.97,0,0,0,0
14,0,0,Japan,Paris,Entertainment,Debit Card,POS Terminal,47,686,4.7,2970.06,17.67,142,26,26.6,9.01,0,0,0,0
7,1,0,Germany,Paris,Fuel,Debit Card,Mobile,69,589,4.2,4887.67,45.93,148,26,15.3,9.71,0,0,0,0
20,0,0,Germany,Rio,ATM Withdrawal,Debit Card,Mobile,60,655,16.2,6563.9,25.54,138,26,21.5,1.67,0,0,0,0
1,0,1,USA,Toronto,Electronics,Debit Card,Mobile,41,612,1.6,1772.0,529.57,160,16,15.5,13.07,0,0,0,0
4,0,1,France,São Paulo,Travel,Credit Card,Desktop,52,576,5.0,36034.19,519.77,148,24,4.4,0.88,0,1,0,0
11,0,0,France,São Paulo,Travel,Debit Card,Mobile,38,698,5.9,8819.8,867.87,163,20,2.6,15.15,0,0,0,0
7,0,0,USA,Toronto,Grocery,Credit Card,Tablet,24,605,21.4,20286.24,42.62,169,27,15.0,1.0,1,0,0,0
9,0,0,Australia,Berlin,Gaming,Debit Card,Desktop,40,509,7.2,1247.53,14.71,146,16,0.0,10.23,0,0,0,0
7,0,0,USA,London,Fuel,Credit Card,Desktop,60,642,1.5,5835.82,53.27,138,27,40.7,58.83,1,0,0,0
8,1,0,India,Mumbai,Travel,Debit Card,POS Terminal,61,826,13.8,21068.92,107.25,139,17,16.9,0.89,1,0,0,0
0,1,1,Australia,Berlin,Jewelry,Crypto,POS Terminal,34,602,0.9,1280.59,285.6,160,22,57.7,17.28,0,0,0,0
5,0,1,Brazil,Mumbai,Travel,Mobile Payment,Mobile,31,676,17.1,12383.28,276.4,133,14,10.4,10.67,1,0,0,0
15,0,0,Brazil,Mexico City,Crypto Exchange,Credit Card,ATM,46,718,1.5,8738.01,81.08,139,22,4.5,8.83,0,1,0,0
10,1,0,Australia,Lyon,Utilities,Cheque,Mobile,42,809,0.2,10774.55,36.98,144,18,66.6,8.92,0,0,0,0
4,0,1,UK,Berlin,Grocery,Cheque,Mobile,46,732,6.0,14032.12,92.11,154,24,17.2,25.42,0,1,0,0
10,1,0,UK,Melbourne,Education,Bank Transfer,Mobile,38,677,8.9,2503.17,8.12,161,14,16.4,15.32,0,0,0,0
12,0,0,UK,Lyon,Gaming,Bank Transfer,Mobile,53,561,3.5,5771.88,26.05,161,19,14.0,31.82,0,0,0,0
3,0,1,Canada,Mumbai,Online Shopping,Bank Transfer,Mobile,47,727,1.9,23331.02,148.14,150,21,11.3,16.42,0,0,0,0
2,0,1,Mexico,Manchester,Gaming,Credit Card,Mobile,33,618,2.9,16521.04,76.84,165,13,9.1,0.62,0,0,0,0
5,1,1,Canada,São Paulo,Grocery,Credit Card,Desktop,42,733,11.0,34919.54,48.17,128,15,30.3,2.25,0,0,0,0
18,1,0,Canada,Mumbai,Healthcare,Credit Card,Mobile,21,510,3.4,5718.37,32.57,138,8,14.8,3.74,0,0,0,0
22,0,1,Brazil,Mexico City,Grocery,Mobile Payment,ATM,34,727,5.5,30653.39,39.42,148,17,1.1,0.29,1,3,0,0
0,0,1,Brazil,Rio,ATM Withdrawal,Debit Card,Desktop,27,575,3.4,14278.36,140.07,154,16,13.5,16.58,1,0,0,0
4,0,1,USA,Toronto,Online Shopping,Debit Card,Mobile,22,677,2.8,12222.89,26.98,144,22,4.4,2.04,0,0,0,0
14,1,0,Australia,Toronto,Travel,Bank Transfer,Mobile,50,587,2.3,2309.79,443.72,165,25,0.6,23.49,0,0,1,0
17,1,0,USA,Rio,Grocery,Bank Transfer,Mobile,33,768,0.2,9104.99,24.8,152,26,13.8,6.16,0,0,0,0
14,0,0,USA,Manchester,Crypto Exchange,Mobile Payment,Mobile,50,714,13.3,4133.38,248.08,170,25,18.8,16.45,0,2,0,1
10,0,0,Japan,Los Angeles,Electronics,Crypto,Desktop,58,599,1.8,7838.85,130.44,151,22,4.5,3.71,0,0,0,0
0,0,1,Canada,Lyon,Crypto Exchange,Bank Transfer,ATM,18,850,1.6,3393.93,28.09,161,22,17.9,6.23,0,1,0,0
3,0,1,Australia,Lyon,Utilities,Credit Card,Mobile,36,783,6.3,1759.5,59.68,147,19,5.1,1.84,0,0,1,0
8,0,0,USA,Toronto,Utilities,Credit Card,Desktop,42,719,5.9,4637.69,13.7,162,19,12.1,9.49,0,0,0,0
14,1,0,Canada,Lyon,Restaurant,Cheque,Mobile,49,676,1.2,8093.21,24.31,147,19,1.8,13.11,0,0,0,0
0,0,1,USA,Mumbai,Crypto Exchange,Debit Card,Mobile,41,746,0.8,19642.85,86.48,158,25,19.0,25.06,0,0,0,0
7,0,0,UK,Berlin,Jewelry,Debit Card,ATM,33,715,4.3,23776.94,310.58,164,16,56.8,8.48,1,0,0,1
1,0,1,Mexico,Mumbai,Gaming,Bank Transfer,Desktop,60,609,0.8,26755.05,65.27,131,17,15.1,33.7,1,0,0,0
21,0,0,UK,Sydney,Clothing,Crypto,Mobile,42,575,1.8,12869.52,47.16,156,17,35.6,0.88,0,0,0,0
15,0,0,USA,Paris,Entertainment,Credit Card,Mobile,38,689,0.9,22121.53,109.77,152,14,1.5,12.35,1,0,0,0
9,0,0,UK,New York,Travel,Credit Card,POS Terminal,51,682,0.1,9045.68,162.2,139,16,60.2,8.46,1,0,0,0
16,1,0,Brazil,Toronto,Healthcare,Credit Card,Mobile,27,763,0.6,67498.48,468.06,143,23,0.4,6.53,0,0,1,0
7,0,0,USA,New York,Crypto Exchange,Cheque,Desktop,26,623,2.5,7678.68,63.85,164,20,54.2,2.93,0,0,0,1
22,0,1,USA,Guadalajara,Restaurant,Bank Transfer,Desktop,54,633,1.1,9610.08,23.49,154,20,5.9,2.13,0,1,0,0
8,0,0,India,Mumbai,Electronics,Mobile Payment,Mobile,31,694,8.2,4185.92,1021.09,144,19,5.6,2.24,0,2,0,0
7,0,0,Australia,Rio,Utilities,Debit Card,Mobile,46,734,8.6,747.55,70.62,171,22,3.2,3.48,0,1,0,0
23,0,1,USA,Lyon,Education,Debit Card,Mobile,42,773,3.7,12622.42,461.07,141,17,0.5,12.64,0,0,0,1
7,0,0,USA,New York,ATM Withdrawal,Credit Card,Mobile,58,686,4.2,731.13,67.63,119,24,0.4,14.66,0,0,0,0
18,0,0,France,Osaka,Fuel,Debit Card,Mobile,45,642,1.5,1207.58,78.75,124,13,26.5,4.01,0,0,0,0
1,0,1,UK,Sydney,Travel,Mobile Payment,Tablet,46,672,18.6,20888.05,164.01,137,25,11.4,6.36,0,0,0,0
10,1,0,USA,Sydney,Gaming,Credit Card,Desktop,62,729,2.8,2133.4,64.87,155,22,5.4,15.76,0,0,0,0
13,0,0,France,Lyon,Crypto Exchange,Debit Card,Tablet,44,689,12.9,36163.48,14.8,149,17,5.0,9.8,0,1,0,0
5,1,1,India,Vancouver,Utilities,Crypto,ATM,42,704,1.8,7136.15,255.72,132,20,2.0,0.03,0,0,0,0
10,0,0,India,Manchester,Education,Mobile Payment,Desktop,54,695,0.9,34095.31,43.92,149,16,4.2,6.76,1,0,0,0
22,0,1,USA,Melbourne,Restaurant,Debit Card,Mobile,59,678,10.3,7305.14,10.91,157,18,27.2,0.25,0,0,0,0
15,0,0,Australia,Tokyo,Electronics,Debit Card,Mobile,27,850,6.8,10555.8,880.01,141,20,21.7,2.07,0,0,0,0
7,1,0,USA,Vancouver,ATM Withdrawal,Debit Card,ATM,36,671,2.2,14613.51,240.93,154,19,46.7,7.9,0,0,0,0
22,0,1,India,Mexico City,Jewelry,Bank Transfer,Desktop,51,508,0.5,17426.92,977.84,154,16,43.5,2.51,0,0,0,0
5,0,1,USA,Tokyo,Crypto Exchange,Credit Card,Tablet,32,778,4.3,2694.24,419.49,164,16,23.8,2.64,0,0,1,0
11,0,0,Canada,Los Angeles,Crypto Exchange,Mobile Payment,Tablet,32,663,4.3,6605.26,13.63,143,15,3.8,1.17,1,0,0,0
17,0,0,USA,São Paulo,Entertainment,Credit Card,Mobile,64,640,2.6,36474.05,15.07,124,18,16.9,45.67,0,0,0,0
1,0,1,USA,Melbourne,ATM Withdrawal,Mobile Payment,Mobile,67,640,3.1,2743.24,128.34,156,21,17.6,8.55,0,3,1,1
2,0,1,India,Vancouver,Travel,Credit Card,Mobile,36,708,3.1,9261.07,199.85,164,20,30.1,25.53,0,0,0,0
4,0,1,USA,São Paulo,Restaurant,Credit Card,Mobile,45,768,2.7,5255.38,68.56,148,17,4.6,34.31,0,0,0,0
17,0,0,Japan,Berlin,Education,Credit Card,Mobile,38,789,2.9,10076.39,77.49,155,22,9.5,8.09,0,0,0,0
1,0,1,Brazil,Delhi,Online Shopping,Bank Transfer,ATM,31,626,6.3,17724.16,109.52,138,18,20.6,24.12,1,0,0,0
3,1,1,Brazil,Mexico City,Jewelry,Debit Card,Mobile,38,745,4.2,8176.7,292.19,185,18,48.5,14.15,0,0,0,0
20,0,0,Brazil,Guadalajara,Electronics,Debit Card,Mobile,59,747,2.6,63521.25,53.27,152,30,25.7,1.74,0,0,0,0
16,1,0,UK,São Paulo,Grocery,Credit Card,Mobile,29,704,12.9,3161.2,70.6,133,11,5.6,16.95,0,0,0,0
1,0,1,Canada,Sydney,Crypto Exchange,Mobile Payment,Desktop,38,572,4.7,20980.77,355.15,150,18,4.4,5.12,0,0,0,0
1,1,1,India,Berlin,Grocery,Debit Card,Desktop,43,716,9.3,7159.66,516.98,142,20,17.3,18.85,1,0,0,0
4,1,1,France,Mexico City,Electronics,Debit Card,Desktop,18,682,2.6,10157.91,163.32,148,22,11.4,1.55,1,0,0,0
6,1,1,India,Osaka,Grocery,Debit Card,Mobile,52,689,3.8,4614.02,22.47,161,23,11.2,5.2,0,0,0,0
2,0,1,USA,Paris,Travel,Credit Card,Desktop,24,640,4.7,3445.56,670.08,171,17,17.0,5.4,0,0,0,1
10,1,0,Australia,Berlin,Entertainment,Debit Card,Mobile,40,631,6.1,11875.46,51.2,146,24,44.9,6.95,0,1,0,0
14,0,0,France,Mexico City,Crypto Exchange,Credit Card,Mobile,35,727,11.1,3822.72,59.0,152,19,43.6,8.09,0,0,0,0
22,0,1,India,London,Jewelry,Credit Card,Tablet,65,657,0.6,1832.95,563.43,156,15,114.3,35.0,0,0,0,0
17,0,0,India,Vancouver,Fuel,Crypto,ATM,65,750,0.2,3108.18,21.14,157,21,4.4,3.82,0,0,0,0
18,0,0,USA,São Paulo,Online Shopping,Credit Card,POS Terminal,56,619,3.9,7882.02,11.35,138,18,16.5,3.61,0,1,0,0
15,0,0,Australia,Osaka,Education,Credit Card,Mobile,38,740,1.9,3426.53,470.13,123,11,23.3,6.65,0,0,0,0
11,0,0,UK,Tokyo,Education,Mobile Payment,Desktop,48,645,5.5,11788.71,160.07,194,16,9.0,21.08,0,0,0,0
15,1,0,USA,Munich,Electronics,Debit Card,ATM,32,816,7.8,2616.99,1129.56,151,18,13.6,2.58,0,0,0,0
21,1,0,UK,Osaka,Entertainment,Credit Card,Desktop,31,850,0.2,3276.52,31.91,173,18,13.5,5.46,0,0,0,0
22,0,1,France,São Paulo,Clothing,Bank Transfer,ATM,38,763,14.0,1786.24,41.46,155,16,56.9,8.02,0,0,0,0
6,0,1,USA,Rio,Education,Bank Transfer,POS Terminal,52,652,7.9,3350.13,21.32,157,18,1.0,3.39,0,0,0,0
19,1,0,Germany,Los Angeles,Entertainment,Debit Card,Mobile,25,648,6.4,11139.38,21.63,142,21,11.6,13.75,1,1,0,0
13,0,0,UK,Tokyo,Entertainment,Debit Card,Mobile,45,657,19.9,8631.81,147.5,146,16,3.1,4.31,0,0,0,0
4,0,1,USA,London,Crypto Exchange,Debit Card,POS Terminal,21,658,2.4,43425.7,47.61,162,19,12.4,20.82,0,0,0,0
7,1,0,USA,Sydney,Online Shopping,Credit Card,Desktop,22,635,3.4,4681.96,345.83,162,22,1.8,5.05,0,0,0,0
20,0,0,India,Los Angeles,Crypto Exchange,Bank Transfer,Desktop,36,602,8.2,34122.49,110.8,149,26,14.3,21.73,0,1,0,0
0,0,1,USA,New York,Online Shopping,Credit Card,Mobile,18,623,2.0,4341.88,234.37,137,29,6.7,10.27,1,0,1,0
5,1,1,Germany,São Paulo,Grocery,Debit Card,Mobile,42,595,3.1,57726.24,115.44,140,10,28.0,7.2,0,4,0,0
20,0,0,Brazil,Delhi,Online Shopping,Mobile Payment,Desktop,36,660,4.2,16438.29,46.69,162,16,3.9,3.73,0,1,0,0
14,0,0,Brazil,Lyon,Gaming,Credit Card,Desktop,28,640,1.1,216747.8,84.47,145,26,45.7,1.07,0,1,0,0
14,0,0,India,Lyon,Grocery,Crypto,Tablet,43,576,5.1,77209.55,19.79,132,17,3.8,1.65,0,0,0,0
0,1,1,UK,Los Angeles,Clothing,Bank Transfer,Tablet,34,833,11.2,1186.32,86.26,148,27,6.6,5.44,0,1,0,0
13,0,0,India,Lyon,Clothing,Credit Card,Mobile,58,602,16.0,3769.5,104.92,131,12,9.3,2.08,0,0,1,0
23,0,1,USA,Munich,Fuel,Bank Transfer,Mobile,36,760,7.7,7969.44,25.98,129,21,3.4,53.77,0,0,0,0
13,1,0,USA,São Paulo,Entertainment,Credit Card,Mobile,53,645,6.2,18122.35,92.33,152,19,64.1,0.17,0,0,1,1
13,0,0,USA,Sydney,Gaming,Bank Transfer,Mobile,49,742,0.6,100.0,21.22,158,21,11.8,2.25,1,0,0,0
8,0,0,USA,London,Gaming,Debit Card,Desktop,46,701,1.3,831.78,15.39,158,23,32.2,19.65,0,0,0,0
13,0,0,France,Rio,Travel,Credit Card,Mobile,50,779,1.4,5662.28,267.27,148,16,42.8,8.97,0,1,0,0
6,0,1,Japan,New York,ATM Withdrawal,Debit Card,Desktop,45,612,3.8,713.58,20.31,159,11,8.3,6.44,0,0,0,0
3,1,1,Mexico,Rio,ATM Withdrawal,Debit Card,Mobile,65,740,0.1,4066.33,109.87,156,18,8.9,4.12,1,1,0,0
5,0,1,India,Delhi,Clothing,Crypto,ATM,36,612,0.3,1210.36,215.29,174,22,27.1,24.63,0,0,0,0
6,0,1,France,Munich,Jewelry,Debit Card,Mobile,18,736,8.0,4219.51,204.44,166,21,10.5,22.88,0,1,0,0
17,0,0,UK,Sydney,Healthcare,Credit Card,Desktop,18,796,4.3,55311.35,25.37,160,10,23.6,5.86,0,0,1,0
16,1,0,UK,Toronto,Education,Debit Card,POS Terminal,46,703,7.8,983.85,146.79,147,28,19.2,2.39,0,0,0,0
16,1,0,India,Toronto,Healthcare,Credit Card,POS Terminal,27,661,3.5,5333.53,25.28,153,14,5.8,10.41,0,0,1,0
12,0,0,India,Los Angeles,Utilities,Debit Card,POS Terminal,43,850,4.9,13481.71,29.52,157,13,4.5,7.62,0,0,0,0
18,0,0,UK,Sydney,Healthcare,Credit Card,Desktop,18,768,1.0,15705.03,56.89,160,15,21.9,6.73,0,0,0,0
4,1,1,India,Rio,Jewelry,Credit Card,Tablet,64,765,9.4,940.06,98.75,138,19,3.4,6.4,0,0,0,0
19,0,0,Australia,Paris,Clothing,Debit Card,Desktop,50,720,2.0,32649.61,97.35,156,23,3.7,4.5,0,0,0,0
2,0,1,France,Melbourne,Online Shopping,Credit Card,Desktop,47,540,9.2,284.51,13.31,159,13,18.7,7.09,0,0,0,0
11,0,0,India,Sydney,Healthcare,Credit Card,Mobile,41,733,0.8,8669.3,96.27,158,24,49.5,1.49,0,2,0,0
1,0,1,Japan,Paris,Education,Bank Transfer,Mobile,54,753,7.5,2663.3,44.34,146,15,9.8,10.71,0,0,0,0
16,0,0,UK,Melbourne,Travel,Debit Card,Desktop,33,452,2.1,8906.59,2550.15,148,18,79.7,29.23,0,0,0,0
1,1,1,USA,Tokyo,Restaurant,Bank Transfer,Tablet,31,732,0.4,41907.99,50.07,146,15,30.2,22.57,0,1,0,0
13,0,0,UK,Vancouver,Jewelry,Credit Card,POS Terminal,52,730,9.5,13632.75,401.27,141,13,2.2,9.7,0,0,0,0
6,0,1,Brazil,Rio,Travel,Bank Transfer,Desktop,20,692,2.7,4504.74,2570.53,130,17,2.9,4.28,1,0,0,0
14,0,0,India,Lyon,Fuel,Crypto,Mobile,36,756,0.3,9727.53,25.41,135,17,4.0,48.89,0,0,0,0
10,0,0,USA,New York,Fuel,Debit Card,Mobile,33,681,5.3,3952.92,22.72,132,23,68.4,2.31,0,1,0,0
18,0,0,USA,New York,Online Shopping,Credit Card,Mobile,30,551,3.3,7833.81,13.73,183,22,4.8,0.17,0,0,1,0
14,0,0,Germany,Los Angeles,Gaming,Credit Card,Mobile,55,655,6.1,3770.32,42.62,129,20,1.9,7.97,1,0,0,0
2,0,1,Brazil,Guadalajara,Clothing,Credit Card,Mobile,70,719,4.7,18546.11,62.88,160,19,56.5,18.01,0,0,0,0
11,0,0,Brazil,Manchester,Grocery,Credit Card,POS Terminal,48,558,28.1,15928.31,108.26,139,20,4.2,10.41,0,0,0,0
9,0,0,India,Sydney,Entertainment,Credit Card,ATM,45,564,2.5,8429.87,8.68,155,22,26.5,5.53,0,2,1,0
6,1,1,USA,Munich,Travel,Debit Card,Desktop,46,714,7.6,22205.59,384.75,151,20,5.3,25.95,0,0,0,0
0,1,1,Japan,Sydney,ATM Withdrawal,Debit Card,Mobile,40,743,6.2,5120.97,46.7,145,23,1.1,15.48,0,0,0,0
8,0,0,USA,Mumbai,Utilities,Debit Card,Tablet,29,821,5.1,2758.18,31.5,155,17,1.1,8.61,0,0,0,0
13,1,0,Brazil,Osaka,Restaurant,Debit Card,Desktop,58,850,1.1,5894.9,26.74,169,25,1.2,6.44,0,1,0,0
10,1,0,Canada,Sydney,Online Shopping,Bank Transfer,Mobile,51,616,3.1,1422.66,17.5,132,22,0.5,1.57,0,0,0,0
18,0,0,UK,Berlin,Travel,Debit Card,Desktop,28,716,4.0,35884.32,1754.82,144,16,21.3,6.24,1,0,0,0
10,0,0,India,Manchester,Utilities,Credit Card,Mobile,50,663,6.1,4287.23,30.67,164,12,65.9,17.05,0,0,0,1
16,0,0,Canada,Munich,Jewelry,Mobile Payment,POS Terminal,44,774,13.7,7112.79,387.93,146,15,30.8,36.09,0,0,0,0
11,0,0,UK,Paris,Healthcare,Mobile Payment,Mobile,36,608,4.4,4171.9,50.04,132,24,30.6,7.34,0,0,0,0
18,1,0,India,São Paulo,Utilities,Credit Card,POS Terminal,40,696,2.2,3694.62,158.88,142,23,4.7,30.88,0,0,0,0
9,0,0,USA,Paris,Grocery,Debit Card,Mobile,41,698,3.8,2793.85,11.93,146,16,7.0,12.36,1,1,0,0
20,0,0,India,Delhi,Healthcare,Credit Card,Desktop,45,633,3.2,4218.59,120.47,163,18,149.2,17.84,0,0,0,0
5,1,1,India,Rio,Travel,Credit Card,Mobile,37,630,4.0,12312.45,1404.7,149,19,2.1,13.78,1,0,1,0
19,0,0,USA,Vancouver,Jewelry,Mobile Payment,POS Terminal,52,641,7.6,2951.88,530.84,154,14,24.7,7.9,0,0,0,0
9,0,0,USA,Mumbai,Electronics,Bank Transfer,ATM,37,727,16.2,49470.33,134.18,147,22,3.8,13.81,0,0,0,0
13,0,0,UK,Los Angeles,Healthcare,Credit Card,Mobile,37,608,1.6,72014.66,23.69,146,18,76.5,29.78,0,1,0,0
5,0,1,UK,Berlin,Crypto Exchange,Debit Card,POS Terminal,37,589,3.1,3351.54,12.17,171,26,8.1,7.51,0,0,0,0
13,0,0,Japan,London,Online Shopping,Credit Card,Tablet,42,734,0.6,1127.08,239.36,155,19,3.3,16.38,0,0,0,0
9,0,0,Germany,São Paulo,Online Shopping,Debit Card,Mobile,44,614,3.8,26293.52,56.36,145,24,22.6,28.28,0,2,0,0
14,0,0,Mexico,Munich,Jewelry,Credit Card,POS Terminal,54,758,0.1,19306.71,298.49,170,17,20.3,8.45,1,1,0,0
1,0,1,USA,Mumbai,Online Shopping,Credit Card,POS Terminal,27,678,4.5,13127.96,25.19,157,18,40.5,4.42,0,0,0,0
21,1,0,UK,Rio,Travel,Credit Card,Mobile,36,655,1.2,8776.91,470.02,145,28,13.0,3.85,0,0,0,0
15,1,0,Australia,Sydney,Gaming,Debit Card,Mobile,20,766,4.5,5982.93,124.17,160,17,5.7,27.13,0,0,1,0
21,1,0,India,Mexico City,Fuel,Bank Transfer,Mobile,31,720,0.3,318.25,68.91,143,16,31.2,11.93,0,0,0,0
21,0,0,Germany,Melbourne,ATM Withdrawal,Bank Transfer,Mobile,50,703,1.0,25484.33,281.88,184,20,69.7,25.21,0,0,1,0
19,1,0,USA,Tokyo,Restaurant,Bank Transfer,Mobile,22,632,6.5,24317.52,28.6,148,29,10.7,32.06,1,0,0,0
22,0,1,Canada,Paris,ATM Withdrawal,Debit Card,Mobile,36,714,0.1,13308.69,30.41,139,23,43.7,11.55,1,2,1,1
3,1,1,Brazil,Delhi,Entertainment,Credit Card,Desktop,31,651,4.0,36386.34,211.12,150,24,4.2,24.24,0,0,0,0
0,0,1,India,Munich,Utilities,Debit Card,Mobile,32,543,14.1,2172.56,26.45,152,20,14.9,2.23,0,0,0,0
5,1,1,Canada,Rio,Online Shopping,Mobile Payment,Desktop,32,670,1.6,6553.63,640.81,149,18,2.9,6.65,0,0,0,0
2,0,1,USA,Rio,Clothing,Credit Card,Mobile,39,670,2.3,36721.91,24.94,150,12,12.6,7.06,0,0,0,1
0,0,1,India,Mexico City,ATM Withdrawal,Credit Card,Mobile,37,724,10.8,2285.37,49.31,168,19,4.7,17.02,0,0,0,0
21,0,0,Germany,Lyon,Entertainment,Debit Card,Mobile,79,570,7.4,45306.13,61.68,149,18,10.5,5.68,0,0,0,0
11,0,0,Mexico,São Paulo,Gaming,Debit Card,Desktop,26,819,3.2,6177.32,19.32,156,17,100.7,16.08,1,0,0,0
10,0,0,France,Melbourne,ATM Withdrawal,Debit Card,Desktop,23,714,0.3,13934.02,283.1,149,21,1.7,18.39,0,0,1,0
22,0,1,USA,New York,Jewelry,Debit Card,Mobile,43,652,3.4,2665.46,61.25,138,13,3.2,0.94,0,2,0,0
20,1,0,India,Guadalajara,Online Shopping,Credit Card,Mobile,71,708,7.7,7463.72,50.53,163,16,27.8,17.21,0,0,0,0
20,0,0,Japan,Manchester,ATM Withdrawal,Debit Card,Mobile,38,530,10.5,11501.24,16.43,148,16,1.5,28.93,0,0,0,0
23,0,1,Germany,Delhi,Healthcare,Debit Card,ATM,55,638,5.4,15918.68,38.75,133,16,20.3,6.1,0,2,0,0
10,0,0,India,Osaka,Online Shopping,Credit Card,POS Terminal,35,523,6.0,5387.05,31.54,137,24,17.3,0.17,0,0,1,1
5,0,1,Brazil,Osaka,Online Shopping,Bank Transfer,Desktop,46,719,3.6,12057.47,14.82,157,19,6.4,6.22,0,0,0,1
0,1,1,Brazil,Sydney,Entertainment,Credit Card,Mobile,66,674,5.2,7135.99,78.46,168,14,7.9,8.92,0,0,0,0
16,0,0,Germany,Rio,Grocery,Credit Card,Mobile,31,678,0.8,5724.51,57.4,166,28,25.8,17.8,0,2,0,0
17,0,0,Mexico,Los Angeles,Clothing,Credit Card,Mobile,52,717,2.9,14441.9,85.99,166,23,3.5,6.9,0,0,0,0
9,0,0,Mexico,Lyon,Grocery,Credit Card,ATM,49,778,1.1,16906.12,126.1,131,15,0.3,2.7,1,0,0,1
11,0,0,UK,Vancouver,Gaming,Credit Card,Mobile,22,708,2.0,10715.7,13.28,131,16,3.9,1.1,0,0,0,0
17,1,0,UK,Manchester,Education,Credit Card,POS Terminal,41,850,7.6,3739.36,58.7,168,16,28.3,4.16,0,0,0,0
6,0,1,UK,Sydney,Gaming,Bank Transfer,Desktop,43,601,1.3,6397.58,238.81,134,23,23.5,44.73,0,2,0,0
4,1,1,Australia,Delhi,Travel,Mobile Payment,Mobile,58,660,2.7,3316.94,521.52,134,16,54.5,9.3,0,1,0,0
5,1,1,Germany,Melbourne,Fuel,Debit Card,Mobile,53,650,4.0,4766.5,18.12,140,22,29.2,20.04,0,0,0,0
21,0,0,Mexico,Lyon,Jewelry,Credit Card,Mobile,31,588,30.0,2320.8,508.48,142,19,18.5,79.04,0,0,0,0
4,0,1,USA,São Paulo,ATM Withdrawal,Debit Card,Mobile,43,704,0.2,5816.09,6.27,155,24,9.4,12.52,0,0,0,0
7,0,0,Mexico,Berlin,Education,Debit Card,Mobile,44,570,0.8,10420.85,366.54,145,17,4.3,0.98,0,1,0,0
7,0,0,Brazil,Lyon,Online Shopping,Debit Card,Desktop,40,797,6.9,931.39,42.15,129,22,0.1,0.14,0,3,0,0
18,1,0,USA,Lyon,Education,Credit Card,Desktop,25,670,0.1,18652.6,190.0,139,14,6.0,15.85,0,1,0,0
15,0,0,France,Rio,Travel,Credit Card,Desktop,41,754,8.8,1219.06,237.57,143,24,24.3,1.95,0,0,0,0
19,1,0,India,Delhi,Healthcare,Mobile Payment,Mobile,44,724,0.6,2078.11,114.46,163,9,30.6,2.18,1,0,0,0
21,0,0,Japan,Los Angeles,Travel,Credit Card,ATM,25,681,7.6,535.09,445.33,138,19,43.6,24.84,0,0,0,0
6,1,1,USA,Rio,Crypto Exchange,Credit Card,ATM,36,627,0.9,10878.24,126.46,170,20,19.4,28.23,0,0,1,1
11,0,0,Mexico,Guadalajara,Restaurant,Debit Card,ATM,61,698,2.2,6575.03,58.86,140,14,7.4,4.96,0,0,0,0
4,0,1,France,Los Angeles,Online Shopping,Debit Card,POS Terminal,53,595,3.9,6799.07,305.85,162,14,39.8,10.6,0,0,0,0
8,1,0,India,Los Angeles,Gaming,Credit Card,Mobile,27,559,1.4,1443.04,38.85,155,19,11.5,3.06,0,0,0,0
23,0,1,USA,Berlin,Entertainment,Mobile Payment,ATM,53,639,4.2,19847.63,115.76,175,24,31.4,23.1,0,0,1,0
14,0,0,USA,London,Utilities,Mobile Payment,Mobile,39,782,0.5,3265.19,91.99,161,20,51.5,8.48,0,0,0,0
14,1,0,USA,Tokyo,Crypto Exchange,Credit Card,Desktop,53,586,8.7,2228.71,66.99,135,16,2.1,1.24,0,0,0,0
11,0,0,USA,Tokyo,Gaming,Debit Card,ATM,36,779,10.1,19233.61,12.49,147,29,27.6,5.46,0,0,0,0
1,0,1,Brazil,Lyon,Education,Mobile Payment,Desktop,55,673,1.6,9735.91,45.63,152,23,90.3,24.17,0,1,0,0
2,0,1,Australia,Paris,Electronics,Bank Transfer,Desktop,51,850,3.1,4116.84,1438.87,140,22,0.2,13.1,0,0,0,0
18,0,0,Brazil,Delhi,Grocery,Credit Card,POS Terminal,41,725,10.0,1556.8,19.38,136,25,7.2,15.66,0,0,0,0
22,0,1,UK,Guadalajara,Education,Debit Card,Desktop,18,651,2.6,9276.93,235.17,155,17,30.0,1.25,0,0,0,1
4,0,1,Canada,Lyon,Crypto Exchange,Debit Card,Desktop,29,688,0.9,19910.53,13.98,130,21,26.4,16.81,0,0,0,0
23,0,1,USA,Delhi,Restaurant,Credit Card,Mobile,27,546,12.7,5921.18,36.31,155,10,62.4,3.27,0,0,0,0
7,1,0,Japan,Guadalajara,Grocery,Credit Card,Mobile,60,535,4.2,15482.44,34.24,153,18,9.6,2.47,0,0,1,0
10,1,0,Brazil,Sydney,Crypto Exchange,Credit Card,Mobile,30,774,1.5,215606.31,64.24,138,19,25.4,8.71,0,0,0,0
5,1,1,India,Mexico City,Electronics,Bank Transfer,Mobile,41,805,9.7,1720.59,44.78,154,10,17.0,2.4,1,0,0,0
22,0,1,Mexico,Los Angeles,Education,Mobile Payment,Mobile,41,652,2.1,16099.39,96.31,134,24,1.2,17.84,1,1,0,0
5,0,1,USA,Sydney,Healthcare,Mobile Payment,Mobile,46,793,0.8,1788.79,29.47,145,17,6.4,16.82,0,0,0,0
7,1,0,Japan,Berlin,Grocery,Bank Transfer,POS Terminal,47,709,0.3,3240.6,32.71,158,12,19.2,2.94,0,0,0,0
0,0,1,Australia,Melbourne,Online Shopping,Cheque,Mobile,34,695,0.5,9872.91,107.5,138,23,5.9,3.64,0,1,0,0
18,1,0,USA,Lyon,Travel,Cheque,Mobile,73,628,3.2,19448.55,156.97,175,25,5.9,4.92,0,1,0,0
3,0,1,Australia,Rio,Clothing,Debit Card,Tablet,40,724,6.4,62879.04,79.41,138,13,75.1,9.37,0,0,0,0
19,0,0,USA,Delhi,Jewelry,Bank Transfer,Mobile,49,811,5.4,12361.57,2670.18,144,24,7.3,38.84,0,0,0,0
10,1,0,USA,Osaka,Online Shopping,Debit Card,ATM,46,626,14.1,8803.07,51.58,131,24,27.7,24.63,0,0,0,0
15,1,0,Australia,Vancouver,Travel,Debit Card,Tablet,31,742,2.9,2725.92,335.01,166,8,9.7,61.47,0,0,0,0
20,0,0,India,Lyon,Healthcare,Crypto,Mobile,33,563,10.2,5382.92,331.0,150,17,1.1,1.32,0,0,0,0
22,1,1,USA,London,Gaming,Mobile Payment,Tablet,29,548,6.4,102175.04,33.49,143,21,17.4,8.24,1,0,0,1
16,0,0,India,Vancouver,Clothing,Debit Card,Mobile,34,677,19.9,69380.65,369.35,130,23,21.8,5.49,1,0,0,0
1,0,1,Canada,Delhi,Grocery,Debit Card,Tablet,43,684,3.6,3546.23,64.37,142,20,31.4,13.0,0,0,1,0
8,1,0,USA,Sydney,Online Shopping,Debit Card,Mobile,29,674,8.2,36105.42,26.19,156,23,18.8,7.33,0,0,0,0
2,0,1,USA,Delhi,Jewelry,Credit Card,ATM,25,589,11.8,4282.56,2993.49,176,25,14.7,4.55,0,0,0,0
15,0,0,Japan,Guadalajara,Travel,Credit Card,Tablet,39,730,2.9,74271.23,218.86,151,24,36.8,8.84,0,1,0,0
22,1,1,Australia,Delhi,Grocery,Credit Card,Mobile,25,755,4.3,17558.61,18.44,138,20,32.5,25.01,0,0,0,0
12,1,0,Australia,Manchester,Electronics,Credit Card,Desktop,26,559,13.5,2948.36,95.77,172,21,17.2,1.68,0,2,0,0
12,0,0,Canada,Tokyo,Jewelry,Debit Card,Mobile,49,674,0.5,1708.04,839.29,133,31,36.0,33.43,0,0,0,0
14,0,0,USA,Paris,Travel,Credit Card,Mobile,39,740,3.3,14509.41,250.27,163,20,1.1,34.52,0,0,1,0
11,0,0,USA,Berlin,Restaurant,Debit Card,Desktop,75,529,0.7,9673.7,202.48,149,24,10.2,25.79,0,2,0,0
12,0,0,USA,Melbourne,Utilities,Credit Card,Mobile,51,656,0.2,10529.59,36.59,155,13,12.2,15.14,1,2,0,0
18,0,0,Australia,Delhi,Entertainment,Bank Transfer,Tablet,54,536,3.2,23532.31,13.76,159,18,1.8,8.83,1,0,1,0
5,0,1,USA,São Paulo,Grocery,Debit Card,Mobile,34,684,14.4,10594.93,22.3,165,14,26.0,2.98,1,0,0,0
8,0,0,Japan,São Paulo,Fuel,Cheque,ATM,37,695,2.9,20115.14,34.56,134,17,5.4,5.12,0,1,0,0
14,0,0,India,Melbourne,Gaming,Bank Transfer,Mobile,40,677,4.0,25872.45,109.02,152,19,1.8,43.47,1,0,0,0
11,0,0,India,Mexico City,Crypto Exchange,Credit Card,Mobile,18,516,1.2,2262.51,49.34,169,21,19.2,8.83,0,0,0,0
21,1,0,Australia,Delhi,Utilities,Mobile Payment,Mobile,52,716,3.5,6603.87,58.74,154,25,6.7,5.02,0,1,1,0
13,0,0,Germany,Munich,Travel,Credit Card,Desktop,35,735,8.2,3339.17,267.04,150,19,32.9,3.11,0,0,0,1
0,0,1,Japan,Rio,Restaurant,Debit Card,Desktop,43,625,0.7,66572.44,381.75,171,25,8.9,10.52,0,2,0,0
22,0,1,USA,New York,Clothing,Debit Card,Mobile,39,678,0.5,35631.67,71.96,127,14,66.6,20.61,0,1,0,0
19,0,0,Germany,Berlin,Utilities,Credit Card,Mobile,65,656,1.3,4365.82,17.78,149,26,8.9,18.73,0,0,0,0
18,0,0,Australia,Toronto,Electronics,Debit Card,ATM,58,563,0.6,6581.58,143.37,145,14,49.1,0.73,1,0,0,0
0,1,1,India,Munich,Crypto Exchange,Credit Card,Mobile,22,683,14.4,5570.38,74.17,141,25,17.1,41.29,0,0,0,0
14,0,0,Japan,Manchester,Healthcare,Credit Card,Mobile,53,747,2.0,117547.32,37.72,169,24,4.4,24.6,1,0,0,0
2,0,1,Germany,London,Utilities,Debit Card,Desktop,44,809,1.4,148183.23,41.49,140,16,7.2,28.29,0,0,0,0
19,1,0,India,London,Healthcare,Cheque,Desktop,61,742,0.1,104163.25,63.4,170,23,6.9,65.88,0,0,0,0
14,0,0,UK,London,Electronics,Debit Card,ATM,41,738,1.5,4155.74,170.4,140,18,13.5,26.82,0,0,0,0
3,0,1,Japan,Manchester,Education,Debit Card,Mobile,47,601,12.1,1401.39,57.66,146,15,12.3,6.41,0,0,0,0
6,0,1,Mexico,São Paulo,Education,Credit Card,Mobile,60,850,2.8,12166.08,29.55,129,21,58.6,9.81,0,1,0,0
18,1,0,UK,São Paulo,Restaurant,Bank Transfer,Mobile,32,693,12.3,20476.11,159.57,155,22,59.7,0.9,1,1,0,0
3,0,1,USA,Tokyo,Entertainment,Credit Card,Desktop,35,780,3.6,3038.33,138.6,174,21,2.9,5.19,1,0,0,0
4,0,1,Germany,Toronto,Restaurant,Mobile Payment,Desktop,46,695,2.3,7989.75,125.27,141,13,33.1,37.58,0,1,0,0
18,0,0,UK,Tokyo,Clothing,Debit Card,Mobile,37,617,3.1,3161.46,33.97,142,23,13.1,21.82,1,2,0,0
18,1,0,Japan,Mumbai,Healthcare,Credit Card,Desktop,27,567,4.2,3848.14,154.03,182,17,10.8,4.08,0,0,1,0
22,0,1,India,Toronto,ATM Withdrawal,Credit Card,Mobile,18,781,2.9,5047.69,29.74,127,17,16.2,15.6,0,1,0,0
6,1,1,USA,Sydney,Education,Credit Card,POS Terminal,50,503,5.2,28919.06,83.94,130,23,0.7,6.54,0,0,0,0
7,0,0,Brazil,Vancouver,Online Shopping,Credit Card,Mobile,53,663,2.1,2620.0,64.39,155,16,3.4,19.08,1,0,0,0
6,1,1,USA,Mumbai,Fuel,Debit Card,ATM,49,683,1.5,1420.81,648.02,162,21,5.8,4.5,0,0,1,1
16,0,0,India,Mexico City,Grocery,Crypto,POS Terminal,40,764,12.2,13264.69,33.21,156,24,25.7,1.77,0,3,0,0
9,1,0,USA,Toronto,Utilities,Credit Card,POS Terminal,49,679,3.3,5967.95,44.26,140,20,34.2,33.75,0,0,0,0
19,0,0,Mexico,Berlin,Restaurant,Mobile Payment,POS Terminal,42,649,7.0,6687.74,20.07,151,27,11.7,37.4,0,0,0,0
9,0,0,France,Guadalajara,Crypto Exchange,Mobile Payment,Mobile,48,666,6.0,15873.88,11.53,158,15,27.8,0.76,0,0,0,0
11,0,0,USA,São Paulo,Travel,Bank Transfer,Mobile,42,682,0.3,3887.79,462.4,138,21,13.6,11.12,0,0,0,0
21,0,0,Brazil,Melbourne,Travel,Cheque,Desktop,29,616,6.3,18016.44,309.98,148,17,1.9,14.67,0,3,0,0
22,1,1,Australia,São Paulo,Entertainment,Debit Card,ATM,20,787,1.1,5775.58,81.9,161,27,53.3,11.22,0,0,0,0
8,0,0,Canada,Sydney,Utilities,Bank Transfer,Mobile,50,738,3.6,36557.52,32.38,125,15,148.2,1.47,0,2,0,0
3,0,1,Brazil,Paris,Healthcare,Debit Card,Desktop,43,657,4.2,13124.02,37.53,165,27,10.9,18.26,1,0,0,0
10,0,0,Mexico,Berlin,Travel,Debit Card,Desktop,71,625,14.0,33286.95,182.26,147,26,7.3,29.85,0,0,0,0
6,0,1,USA,Toronto,Utilities,Mobile Payment,Mobile,49,566,1.0,3718.03,4.67,132,21,9.5,9.48,1,0,1,0
10,1,0,UK,Mumbai,Electronics,Crypto,Desktop,54,720,6.8,47770.57,100.45,159,24,8.2,8.16,0,0,0,0
14,1,0,India,Vancouver,ATM Withdrawal,Bank Transfer,Desktop,41,545,1.4,8341.09,53.93,179,19,45.1,0.96,0,0,0,0
23,0,1,Germany,Paris,Crypto Exchange,Debit Card,Mobile,28,655,1.4,4726.46,67.28,132,12,15.9,0.04,1,0,0,0
10,1,0,UK,Toronto,Crypto Exchange,Debit Card,Desktop,79,613,3.5,10799.81,97.08,165,22,2.9,8.65,0,0,1,0
6,0,1,India,Lyon,Jewelry,Credit Card,Desktop,57,647,4.3,21325.09,334.6,165,21,7.5,27.13,0,0,0,0
10,1,0,India,Mexico City,Utilities,Credit Card,POS Terminal,30,733,6.5,7687.9,26.28,146,16,29.6,25.54,0,0,0,0
21,1,0,Mexico,Delhi,Travel,Bank Transfer,POS Terminal,52,565,0.1,6123.3,195.71,153,19,15.6,30.48,0,1,0,0
3,0,1,Mexico,Berlin,Travel,Bank Transfer,Mobile,47,801,2.3,21595.27,125.99,151,25,16.9,1.8,0,0,0,0
11,1,0,Canada,Rio,Healthcare,Credit Card,Mobile,56,677,2.2,27670.44,30.13,154,27,7.0,21.84,0,0,0,0
0,0,1,Canada,Rio,Fuel,Credit Card,Mobile,55,718,3.3,11626.64,45.65,139,24,10.9,27.52,1,3,0,0
9,0,0,India,Mumbai,Jewelry,Credit Card,Tablet,75,742,0.4,6869.7,883.79,127,27,21.2,88.01,0,0,0,0
8,0,0,Japan,Manchester,ATM Withdrawal,Credit Card,Mobile,31,756,5.8,6118.89,43.92,150,16,22.9,1.61,0,0,0,0
17,0,0,UK,Tokyo,Clothing,Debit Card,Mobile,57,651,7.1,121973.58,40.55,162,16,140.2,7.35,0,1,0,0
21,1,0,USA,Osaka,Travel,Debit Card,Desktop,37,781,0.3,3048.61,626.82,157,20,10.8,35.16,0,0,0,0
22,1,1,USA,London,Restaurant,Bank Transfer,Desktop,39,737,1.9,3844.78,22.49,150,19,6.3,7.96,1,0,0,0
18,0,0,Brazil,Mumbai,Travel,Debit Card,Mobile,53,735,7.5,11656.16,97.79,148,20,10.5,4.66,0,0,0,0
15,0,0,Mexico,Mumbai,Restaurant,Debit Card,Mobile,26,583,12.4,1359.76,60.47,132,17,32.5,2.16,0,0,0,0
19,0,0,Brazil,Sydney,Gaming,Debit Card,POS Terminal,63,658,0.7,79120.88,178.11,121,26,13.4,7.9,0,0,0,0
7,0,0,USA,Sydney,Healthcare,Credit Card,Mobile,25,680,0.1,22135.49,89.78,162,21,39.3,4.72,0,0,0,0
11,0,0,UK,Paris,Education,Credit Card,Mobile,34,679,2.1,2401.32,26.31,146,22,6.8,7.0,1,0,0,0
15,0,0,Canada,London,Jewelry,Credit Card,Desktop,37,662,6.5,10443.98,121.34,165,17,9.9,12.08,1,0,0,0
23,0,1,USA,London,Jewelry,Bank Transfer,Tablet,68,570,4.5,1605.59,266.35,148,18,5.8,39.6,0,0,0,0
12,0,0,India,Tokyo,ATM Withdrawal,Credit Card,POS Terminal,31,692,0.7,9515.24,32.85,156,17,2.4,0.47,1,0,0,1
9,0,0,Germany,Munich,Utilities,Mobile Payment,Desktop,50,809,9.5,44040.77,81.92,151,32,17.7,14.01,0,0,0,0
15,0,0,Japan,Berlin,Crypto Exchange,Debit Card,Tablet,26,600,5.3,910.72,30.52,181,21,5.2,2.08,0,0,0,0
5,0,1,France,Rio,Crypto Exchange,Debit Card,Mobile,34,630,4.6,41382.07,12.7,137,24,54.0,11.11,0,0,1,0
2,1,1,Canada,Paris,Education,Credit Card,ATM,20,678,2.3,3377.11,36.8,133,29,71.9,19.94,0,1,0,0
9,0,0,Germany,Guadalajara,Electronics,Debit Card,Desktop,46,742,10.6,12133.53,318.05,139,23,10.8,27.18,0,0,0,0
19,0,0,USA,São Paulo,Fuel,Debit Card,ATM,28,748,0.8,4703.5,140.24,134,24,9.1,5.64,0,1,0,0
0,0,1,USA,Berlin,Crypto Exchange,Debit Card,POS Terminal,36,676,5.3,7347.78,147.4,160,26,3.7,7.96,0,0,0,0
3,1,1,UK,Rio,Utilities,Cheque,Mobile,48,557,3.4,18237.16,35.49,150,19,80.7,11.7,0,0,0,0
21,0,0,Mexico,Los Angeles,Fuel,Credit Card,POS Terminal,77,782,8.5,1883.45,195.71,159,18,18.5,4.2,0,0,1,1
9,0,0,Germany,Mumbai,Clothing,Credit Card,Mobile,43,638,20.2,20439.29,19.45,145,17,18.8,6.29,0,0,0,0
12,1,0,Germany,Tokyo,Crypto Exchange,Debit Card,Tablet,27,846,4.0,9207.73,106.98,131,12,6.3,13.0,1,0,0,0
17,1,0,UK,Vancouver,Healthcare,Crypto,Desktop,42,725,6.2,6010.86,25.72,142,16,11.1,0.34,0,0,1,0
2,1,1,Canada,São Paulo,Fuel,Debit Card,Mobile,43,670,6.9,7077.86,59.51,134,14,24.3,1.41,1,0,0,0
20,0,0,Canada,Toronto,ATM Withdrawal,Credit Card,Mobile,20,716,1.9,6454.5,26.53,145,22,44.0,6.22,0,0,0,0
10,1,0,UK,London,Restaurant,Credit Card,Mobile,30,730,1.5,5545.68,42.34,164,15,8.5,8.27,0,0,0,0
15,0,0,USA,Osaka,Jewelry,Mobile Payment,Mobile,34,570,8.3,8290.14,236.26,146,23,44.1,10.63,0,0,0,1
11,0,0,USA,São Paulo,Gaming,Bank Transfer,Desktop,47,696,0.9,34882.48,35.77,157,12,10.3,3.61,0,2,0,0
1,0,1,Germany,Manchester,Healthcare,Crypto,Desktop,43,576,10.6,15892.11,44.28,145,23,4.5,33.82,0,0,0,0
0,0,1,USA,Toronto,Restaurant,Credit Card,Mobile,18,672,5.8,7663.37,22.09,151,26,5.5,25.85,0,1,0,0
5,1,1,Germany,Mexico City,Crypto Exchange,Credit Card,ATM,81,758,2.1,10382.71,25.66,142,18,5.5,3.32,0,0,0,0
20,0,0,Japan,Berlin,Healthcare,Debit Card,Desktop,39,674,4.6,2834.49,74.27,165,22,13.4,12.06,0,0,0,0
22,0,1,UK,Sydney,Healthcare,Debit Card,Desktop,39,701,20.4,6447.21,93.84,146,22,15.5,2.51,1,0,0,0
4,0,1,Canada,Munich,Healthcare,Debit Card,Mobile,32,575,2.0,7435.36,59.66,145,12,3.2,5.53,0,0,1,0
10,0,0,UK,Mexico City,Electronics,Credit Card,Mobile,28,596,6.5,4939.7,157.15,146,19,1.8,0.89,0,0,0,0
18,0,0,India,Berlin,Utilities,Debit Card,Mobile,28,778,3.7,2707.52,106.94,169,16,65.7,25.02,0,0,0,0
13,0,0,USA,London,Fuel,Credit Card,Desktop,25,721,0.3,12708.54,268.65,155,17,17.4,2.8,0,0,0,0
11,0,0,USA,Osaka,Jewelry,Bank Transfer,Mobile,36,691,15.2,5297.08,478.81,134,14,0.2,15.36,0,2,0,0
13,1,0,Mexico,Munich,Clothing,Debit Card,POS Terminal,52,729,2.7,4118.48,28.18,145,22,16.1,0.62,0,0,0,0
7,0,0,USA,Sydney,Fuel,Credit Card,POS Terminal,39,738,20.9,8137.87,12.82,162,19,7.5,1.89,0,2,0,0
11,0,0,UK,Sydney,Crypto Exchange,Debit Card,Mobile,30,583,1.9,35052.83,106.03,156,16,1.3,14.91,0,0,0,0
21,0,0,UK,Los Angeles,ATM Withdrawal,Mobile Payment,Desktop,39,688,1.4,26627.85,30.08,134,22,0.5,13.82,1,0,0,0
3,0,1,Australia,Osaka,Fuel,Debit Card,ATM,28,616,12.2,5538.64,37.39,161,22,20.8,20.82,0,1,0,0
1,0,1,USA,Paris,Entertainment,Debit Card,Mobile,39,694,0.4,1337.69,68.07,167,11,8.1,9.56,0,0,0,0
12,0,0,India,Vancouver,Jewelry,Debit Card,Mobile,28,782,8.0,11011.52,174.98,153,16,2.4,3.87,0,0,0,0
12,1,0,USA,London,Electronics,Debit Card,POS Terminal,45,694,0.8,1025.78,212.09,177,19,21.7,4.04,1,0,0,1
0,0,1,Brazil,Munich,ATM Withdrawal,Credit Card,Mobile,44,697,3.4,7330.61,69.5,164,15,13.1,87.56,0,1,0,0
15,0,0,USA,New York,Entertainment,Credit Card,Desktop,53,741,1.0,3786.66,47.18,150,17,36.6,2.53,0,3,0,0
9,0,0,Canada,Toronto,Healthcare,Debit Card,Desktop,40,766,1.2,1024.32,79.94,151,25,13.7,12.31,0,3,0,0
15,0,0,Canada,Mumbai,Healthcare,Credit Card,Tablet,33,764,2.3,5831.19,63.31,133,24,9.7,3.19,0,0,0,0
11,0,0,Mexico,São Paulo,Crypto Exchange,Debit Card,Mobile,32,795,5.0,13894.84,113.11,147,13,19.7,4.59,0,1,0,0
9,0,0,Mexico,Munich,Utilities,Credit Card,Mobile,37,777,0.6,11291.05,20.22,149,23,16.4,8.66,0,0,0,0
15,1,0,USA,Delhi,ATM Withdrawal,Debit Card,Mobile,43,668,2.8,4591.51,37.68,135,22,4.1,19.89,0,1,0,0
11,0,0,Brazil,Berlin,Crypto Exchange,Bank Transfer,Desktop,68,701,2.2,15472.42,6.28,155,16,6.2,12.74,1,0,0,0
7,0,0,Canada,Osaka,Electronics,Debit Card,Mobile,34,613,3.2,6268.19,570.76,150,26,3.6,14.82,0,0,0,0
12,0,0,Canada,Manchester,ATM Withdrawal,Credit Card,Mobile,42,544,4.6,7461.18,231.26,152,17,9.7,16.25,0,0,0,0
5,0,1,Australia,Sydney,Fuel,Mobile Payment,Desktop,25,563,7.6,33201.93,77.39,159,23,13.9,0.01,0,0,0,0
4,0,1,France,Rio,Online Shopping,Credit Card,Mobile,73,682,0.4,82025.55,14.18,146,23,36.3,11.5,0,0,0,0
11,0,0,India,Mexico City,Grocery,Bank Transfer,Desktop,60,552,1.3,30634.02,81.57,142,14,41.7,2.45,1,0,0,0
17,0,0,USA,Guadalajara,Entertainment,Bank Transfer,Desktop,56,720,1.2,8047.38,63.84,151,17,2.1,8.78,0,0,0,0
10,0,0,USA,London,Gaming,Credit Card,Mobile,51,614,13.1,3689.94,11.59,146,17,8.0,2.6,1,0,0,1
3,0,1,Japan,Los Angeles,ATM Withdrawal,Debit Card,Mobile,41,673,0.1,4666.96,31.71,170,30,29.1,15.64,1,0,0,0
10,1,0,USA,London,Utilities,Bank Transfer,Desktop,54,597,7.6,83336.96,35.71,136,26,16.8,22.43,0,0,0,0
5,1,1,India,Munich,Utilities,Credit Card,Mobile,51,727,4.3,8693.46,50.57,164,18,20.2,8.82,0,0,0,0
12,0,0,Brazil,Toronto,Electronics,Credit Card,Mobile,43,765,10.4,163404.36,2005.69,146,18,18.5,34.49,0,0,0,0
1,0,1,Mexico,Melbourne,Entertainment,Debit Card,Mobile,44,560,6.2,1233.58,88.84,143,27,3.1,0.82,0,0,0,0
5,1,1,Mexico,Berlin,Electronics,Bank Transfer,ATM,55,610,10.7,8410.02,229.12,152,21,16.2,9.47,0,0,0,1
11,0,0,USA,Los Angeles,Utilities,Credit Card,ATM,50,569,0.3,38767.87,123.93,163,26,48.0,37.5,0,0,0,0
20,0,0,USA,Mexico City,Fuel,Debit Card,Tablet,60,614,1.8,17534.04,86.05,156,27,16.5,4.43,0,3,0,0
1,0,1,Canada,São Paulo,Gaming,Credit Card,Mobile,53,610,13.7,1074.57,58.03,154,21,4.6,51.5,0,0,0,0
6,0,1,Germany,Paris,Education,Debit Card,ATM,40,598,13.6,4873.67,152.26,158,28,4.3,0.14,0,1,0,1
2,0,1,Canada,Rio,Education,Credit Card,POS Terminal,56,781,4.3,4523.79,20.92,162,22,0.6,11.1,0,0,0,0
12,0,0,USA,São Paulo,Education,Debit Card,Mobile,73,759,8.9,47015.48,26.92,155,26,10.5,3.99,0,2,1,0
22,0,1,France,Melbourne,Online Shopping,Credit Card,Mobile,38,748,1.9,6338.91,104.54,142,25,35.7,4.3,0,0,0,1
6,0,1,Australia,Munich,Education,Mobile Payment,Mobile,38,473,8.0,8313.79,124.01,156,18,9.4,6.6,0,0,0,0
22,0,1,UK,Mexico City,Travel,Debit Card,Mobile,39,654,4.4,14712.42,619.46,137,20,9.6,22.48,1,0,0,0
21,0,0,Mexico,Osaka,Travel,Mobile Payment,Tablet,28,666,3.8,16779.6,188.69,163,19,15.6,5.89,1,0,0,0
23,1,1,Australia,Vancouver,Crypto Exchange,Debit Card,ATM,43,677,15.9,14401.02,19.04,154,21,4.8,9.2,0,0,0,0
15,1,0,USA,Mumbai,Crypto Exchange,Bank Transfer,Desktop,35,758,0.5,16453.28,60.41,137,19,41.3,27.87,0,0,0,0
8,0,0,Germany,São Paulo,Fuel,Debit Card,Mobile,30,793,12.2,17907.9,97.75,135,25,1.0,2.02,0,0,0,0
17,1,0,USA,Munich,Clothing,Debit Card,Mobile,71,669,0.1,3015.83,281.51,148,21,8.4,6.85,0,0,0,0
17,0,0,USA,Manchester,Travel,Credit Card,Mobile,40,629,1.6,106466.99,96.54,141,24,1.6,11.94,1,0,0,0
16,0,0,Canada,Lyon,Grocery,Credit Card,Mobile,31,548,0.1,43516.75,50.04,135,23,21.9,22.1,0,0,1,0
7,1,0,UK,Delhi,Gaming,Credit Card,ATM,34,776,0.8,8636.5,204.13,154,26,6.3,10.14,0,0,0,0
13,0,0,Mexico,London,Crypto Exchange,Debit Card,Mobile,64,587,0.9,546.2,51.28,153,17,4.3,15.0,0,0,0,0
12,1,0,Mexico,Delhi,ATM Withdrawal,Bank Transfer,Mobile,26,797,8.8,22907.97,232.15,133,13,25.9,10.08,0,0,0,0
1,0,1,Japan,Osaka,Travel,Credit Card,Mobile,28,653,14.6,1267.16,450.69,127,14,7.4,5.33,0,0,0,0
14,0,0,USA,Toronto,Entertainment,Mobile Payment,Tablet,28,715,3.7,9573.96,22.33,144,18,9.4,4.93,0,0,0,0
11,0,0,USA,Sydney,Jewelry,Credit Card,Mobile,70,702,8.8,775.7,1038.17,146,15,26.7,7.3,0,0,0,0
5,0,1,Brazil,Los Angeles,Online Shopping,Credit Card,Mobile,39,632,1.8,1512.45,268.57,141,25,15.9,0.93,0,0,0,0
23,0,1,Canada,Munich,Gaming,Credit Card,Desktop,38,697,2.1,2956.03,4.38,132,21,15.0,1.01,0,0,0,0
5,1,1,Japan,Mumbai,Crypto Exchange,Bank Transfer,Desktop,63,566,0.7,2379.35,16.98,144,16,3.8,12.4,0,0,0,0
5,0,1,USA,Mumbai,Healthcare,Debit Card,ATM,58,734,7.2,332202.23,73.82,147,18,3.0,29.86,0,0,0,0
23,1,1,Canada,Mumbai,Fuel,Credit Card,Desktop,26,659,0.5,9684.31,61.26,138,25,28.6,8.24,1,0,0,0
4,0,1,USA,Mumbai,Gaming,Credit Card,Mobile,38,689,5.3,13920.52,82.06,140,13,13.8,26.75,1,0,0,0
23,1,1,India,Los Angeles,Grocery,Mobile Payment,Desktop,41,644,12.2,654.82,191.47,148,17,9.4,8.74,0,1,0,0
9,1,0,India,Sydney,Jewelry,Debit Card,Desktop,35,563,1.1,741.1,303.04,163,20,1.5,2.77,1,0,0,0
21,0,0,Mexico,Sydney,Education,Debit Card,Tablet,62,835,2.0,1400.92,82.6,154,20,80.3,6.57,0,0,0,0
2,0,1,Mexico,São Paulo,Electronics,Mobile Payment,Mobile,65,681,1.9,3894.64,540.71,160,19,6.1,7.89,1,0,1,0
1,0,1,Australia,London,Grocery,Debit Card,Mobile,46,639,7.3,2247.88,11.51,148,28,3.1,6.29,0,0,0,0
8,1,0,Canada,Guadalajara,Healthcare,Debit Card,Mobile,43,730,5.9,6178.22,19.13,161,19,11.9,15.88,0,0,0,0
2,0,1,USA,New York,Jewelry,Mobile Payment,Desktop,40,749,18.3,1689.15,317.81,164,15,61.3,5.22,1,0,0,1
22,0,1,India,Manchester,Fuel,Crypto,Desktop,72,735,2.0,2268.35,16.94,168,20,5.7,2.83,0,2,0,0
9,0,0,USA,Vancouver,Travel,Debit Card,Mobile,40,850,12.8,5627.45,207.72,159,17,3.4,1.53,0,2,0,0
2,0,1,USA,Lyon,Gaming,Debit Card,POS Terminal,34,564,1.6,1940.37,8.65,123,23,137.0,2.81,0,0,0,0
21,0,0,Mexico,Paris,Utilities,Bank Transfer,Mobile,25,827,4.3,72867.48,10.83,147,19,47.3,21.77,0,0,0,0
14,1,0,India,São Paulo,Utilities,Bank Transfer,Mobile,19,691,6.7,1953.21,105.76,154,19,9.8,23.4,1,0,0,0
3,0,1,France,Mexico City,Gaming,Credit Card,Desktop,27,630,4.1,1977.86,143.12,139,20,12.1,14.92,1,0,0,0
9,1,0,Brazil,Paris,Fuel,Debit Card,Mobile,43,584,0.9,8520.67,26.16,136,31,22.6,15.36,0,0,0,0
14,0,0,USA,London,Fuel,Bank Transfer,Mobile,54,644,4.9,22304.31,119.84,149,16,22.5,3.88,0,3,0,0
9,0,0,India,Rio,Healthcare,Credit Card,Desktop,48,682,0.2,2468.9,23.43,144,20,12.8,7.64,0,0,0,0
14,0,0,USA,Guadalajara,Fuel,Mobile Payment,Mobile,54,621,3.0,18131.47,8.04,153,19,13.9,11.52,0,1,0,0
9,0,0,UK,Melbourne,Clothing,Bank Transfer,ATM,31,643,11.1,47265.35,8.09,155,19,38.6,8.26,0,0,0,0
9,0,0,UK,Guadalajara,Fuel,Debit Card,Desktop,27,631,0.9,4834.34,26.08,149,22,7.3,31.03,0,0,0,0
8,1,0,USA,Berlin,Jewelry,Debit Card,Desktop,62,621,1.2,10687.86,436.12,142,16,19.2,2.79,0,5,0,0
4,0,1,Brazil,Paris,Travel,Credit Card,Mobile,37,728,5.3,1781.43,837.46,139,26,42.9,0.88,0,0,0,0
2,0,1,Germany,Guadalajara,Electronics,Debit Card,Mobile,41,669,12.0,8902.57,507.96,115,16,22.2,37.73,0,0,0,0
3,0,1,Germany,Mumbai,Healthcare,Credit Card,Desktop,32,686,6.4,10038.94,46.54,137,20,4.7,27.7,0,0,0,0
8,0,0,USA,Guadalajara,Electronics,Credit Card,POS Terminal,18,757,6.1,11601.79,1064.67,170,14,0.6,10.42,1,0,0,0
17,0,0,Canada,Manchester,Clothing,Mobile Payment,Mobile,23,626,6.2,68940.43,61.36,134,21,34.9,1.52,1,0,0,0
9,0,0,Brazil,Sydney,ATM Withdrawal,Debit Card,Mobile,64,689,6.5,449.16,35.03,154,14,9.4,19.02,0,0,0,0
5,0,1,USA,Toronto,Healthcare,Debit Card,Desktop,30,665,18.0,50832.41,36.96,164,18,77.3,0.77,1,0,0,0
7,0,0,Canada,Lyon,Grocery,Debit Card,Mobile,39,676,6.2,5259.95,61.69,159,19,0.7,14.75,0,0,1,0
11,0,0,USA,Los Angeles,Travel,Credit Card,Desktop,36,660,6.5,1144.29,848.46,139,26,7.5,5.72,0,0,0,0
19,0,0,USA,Tokyo,Online Shopping,Debit Card,Mobile,46,455,1.0,40705.62,45.54,127,15,9.0,1.52,0,0,0,0
3,0,1,USA,Delhi,Utilities,Debit Card,Tablet,19,661,9.4,8857.17,39.11,161,22,5.5,15.8,1,1,0,0
8,0,0,USA,Toronto,ATM Withdrawal,Credit Card,Mobile,32,646,9.2,21717.43,164.81,151,15,19.7,6.72,0,0,0,0
15,0,0,India,Lyon,Utilities,Bank Transfer,Mobile,58,770,2.0,1985.06,11.71,148,16,45.4,23.71,0,0,0,0
22,1,1,Brazil,Munich,Restaurant,Credit Card,Desktop,42,504,2.9,36885.25,30.95,161,21,46.4,1.91,1,0,0,0
11,0,0,France,New York,Restaurant,Debit Card,Desktop,29,700,6.0,3710.51,554.05,157,27,20.0,1.94,0,0,0,0
7,0,0,Mexico,São Paulo,Grocery,Debit Card,Desktop,53,606,5.8,9341.19,66.31,165,25,2.6,5.88,0,1,0,0
2,0,1,Germany,Mexico City,Education,Debit Card,POS Terminal,80,658,22.4,19695.66,571.59,148,24,51.3,3.39,1,0,1,0
2,0,1,UK,Guadalajara,Online Shopping,Credit Card,ATM,28,610,8.0,15586.39,98.72,139,20,12.7,3.6,0,4,0,0
6,0,1,Brazil,Toronto,Utilities,Credit Card,Tablet,41,738,2.1,5720.11,17.37,146,18,49.6,13.55,0,1,0,0
9,0,0,Brazil,Vancouver,Restaurant,Crypto,Tablet,46,805,1.0,2001.28,9.55,139,18,35.9,5.14,0,5,0,0
12,0,0,India,Tokyo,ATM Withdrawal,Credit Card,Mobile,20,693,11.7,131427.3,40.1,162,29,1.5,1.52,0,0,0,0
21,0,0,Mexico,Mexico City,Clothing,Debit Card,Mobile,48,602,3.3,2706.75,15.68,144,9,14.3,2.22,0,0,0,0
21,0,0,Mexico,Melbourne,Entertainment,Debit Card,Desktop,28,605,5.3,36230.4,21.41,154,27,18.0,6.69,0,1,0,0
15,0,0,UK,Tokyo,Online Shopping,Debit Card,Desktop,28,719,5.9,1868.9,69.25,149,23,20.8,8.71,0,0,1,0
13,0,0,Mexico,Melbourne,Healthcare,Debit Card,Mobile,39,672,7.3,3424.23,93.08,155,21,2.3,4.8,0,0,0,0
1,1,1,France,New York,Education,Debit Card,Mobile,31,782,6.2,50416.76,5.1,175,8,30.7,18.99,0,0,0,0
19,0,0,Mexico,Munich,Travel,Credit Card,POS Terminal,42,600,11.6,7911.28,444.13,159,22,15.4,4.14,0,2,0,0
8,0,0,India,London,Healthcare,Credit Card,Mobile,27,745,4.1,110982.06,34.05,153,21,17.6,13.68,0,3,0,1
11,0,0,Brazil,Los Angeles,Gaming,Credit Card,Desktop,18,661,13.6,11294.18,26.13,151,16,17.5,0.75,0,0,0,0
20,1,0,Mexico,Los Angeles,Online Shopping,Credit Card,Mobile,43,754,3.2,10529.31,61.43,174,18,27.2,2.43,0,0,0,0
11,0,0,USA,Guadalajara,Utilities,Credit Card,Mobile,39,622,3.2,1341.75,205.79,156,24,4.2,21.54,0,0,0,0
2,1,1,USA,Melbourne,Crypto Exchange,Bank Transfer,Desktop,52,810,2.8,5848.87,66.5,149,12,2.6,8.07,0,0,0,0
16,0,0,Mexico,Vancouver,Fuel,Credit Card,Mobile,31,745,5.3,21872.65,62.98,155,15,18.0,2.01,0,0,0,0
20,1,0,Brazil,Los Angeles,Grocery,Mobile Payment,Mobile,37,582,1.7,1408.98,13.48,156,12,12.1,39.87,0,0,0,0
7,0,0,UK,Mexico City,Education,Credit Card,Tablet,47,757,6.8,13446.85,44.06,160,14,32.1,14.59,0,1,0,0
10,0,0,Brazil,Paris,ATM Withdrawal,Bank Transfer,Desktop,42,645,0.5,27825.82,44.23,154,18,6.6,5.82,0,0,0,0
0,1,1,France,Guadalajara,Education,Mobile Payment,Mobile,40,580,0.7,38374.6,13.19,139,13,7.3,3.76,0,0,0,0
18,0,0,India,Manchester,Education,Credit Card,Mobile,55,618,5.8,2302.77,66.98,163,26,47.4,2.3,0,0,0,0
21,0,0,USA,Tokyo,Jewelry,Debit Card,Tablet,40,636,1.1,7518.92,313.28,150,25,43.1,24.5,1,0,0,0
18,1,0,India,Lyon,Travel,Credit Card,Mobile,42,744,4.6,10246.42,1229.99,153,21,2.3,0.79,0,0,0,0
22,0,1,India,São Paulo,Online Shopping,Bank Transfer,Tablet,32,601,2.5,3708.61,15.14,126,21,39.8,21.75,0,0,0,0
14,0,0,India,London,Jewelry,Bank Transfer,Mobile,38,633,1.0,3983.48,1006.79,158,16,0.6,10.28,0,0,0,0
20,1,0,USA,Munich,Grocery,Credit Card,POS Terminal,55,791,4.2,1294.68,12.28,154,21,7.6,5.49,0,1,0,0
2,0,1,UK,Osaka,ATM Withdrawal,Bank Transfer,Mobile,48,733,6.5,1908.06,23.08,149,17,41.4,4.01,0,0,0,0
2,0,1,USA,Sydney,Electronics,Crypto,Mobile,47,695,10.0,4037.72,1045.58,163,21,1.8,9.97,0,0,0,0
15,1,0,USA,Berlin,Electronics,Crypto,Mobile,39,554,0.1,3610.02,36.56,133,26,4.7,7.98,0,0,1,0
3,0,1,Australia,Osaka,Entertainment,Debit Card,Desktop,58,495,3.8,1868.59,6.9,173,14,39.6,2.24,0,1,1,0
14,0,0,UK,Rio,Jewelry,Credit Card,Desktop,56,743,3.0,2217.07,96.26,146,25,15.8,9.58,0,0,1,0
2,0,1,Canada,Manchester,Entertainment,Mobile Payment,Mobile,18,637,0.3,38400.43,106.71,159,21,37.0,8.6,0,0,0,0
10,0,0,USA,Paris,Restaurant,Debit Card,Mobile,18,601,6.9,1358.49,85.42,158,19,6.4,9.18,0,0,0,0
3,1,1,Brazil,London,Grocery,Credit Card,Desktop,48,800,2.0,33525.55,24.1,164,17,10.0,3.26,0,0,0,0
15,1,0,India,Rio,Entertainment,Bank Transfer,Mobile,19,554,3.3,68329.47,47.88,149,15,12.0,3.55,1,0,0,1
8,0,0,Brazil,Osaka,Electronics,Credit Card,Tablet,22,818,2.7,18532.46,699.58,142,13,4.4,24.78,0,2,0,0
22,0,1,India,New York,Entertainment,Bank Transfer,Desktop,48,674,2.2,14491.9,244.77,137,21,3.3,41.98,0,0,0,0
22,1,1,India,London,Education,Debit Card,Desktop,55,612,1.0,1255.21,65.79,161,24,39.5,21.63,0,0,0,0
1,0,1,Brazil,Vancouver,Entertainment,Debit Card,Mobile,38,660,13.2,1097.98,178.28,133,28,45.2,4.64,0,2,0,0
7,0,0,UK,Vancouver,Crypto Exchange,Debit Card,Desktop,43,624,5.3,9033.17,28.74,176,15,44.6,17.08,0,0,0,0
11,1,0,Germany,Guadalajara,Restaurant,Debit Card,Mobile,60,584,5.2,20069.88,40.86,134,12,64.8,4.32,0,1,0,0
10,0,0,India,Guadalajara,Electronics,Mobile Payment,Mobile,38,798,15.3,18559.66,3611.4,143,19,4.5,8.52,0,0,0,0
10,0,0,USA,Mumbai,Utilities,Debit Card,Mobile,36,638,4.2,12390.2,89.62,119,25,99.6,21.66,0,3,0,0
0,1,1,Mexico,Manchester,ATM Withdrawal,Bank Transfer,Mobile,44,699,0.4,6464.98,56.11,149,17,36.4,1.31,1,0,0,0
13,1,0,USA,São Paulo,Healthcare,Debit Card,Desktop,35,829,1.8,27326.33,24.16,148,21,8.9,49.46,0,0,0,0
8,0,0,USA,Berlin,Electronics,Crypto,Desktop,47,701,5.6,2139.1,431.41,136,16,19.6,30.87,0,0,0,0
14,1,0,Japan,Rio,Crypto Exchange,Mobile Payment,Mobile,31,746,7.7,15292.15,26.32,148,16,12.8,3.39,0,0,0,1
8,0,0,Mexico,Los Angeles,Crypto Exchange,Credit Card,Mobile,51,713,3.2,11742.34,63.1,146,20,26.8,13.8,1,0,1,0
11,1,0,Japan,Sydney,Clothing,Debit Card,ATM,33,681,1.8,3030.15,144.47,179,25,9.5,6.16,0,1,0,0
13,0,0,Japan,Sydney,Gaming,Credit Card,POS Terminal,47,671,14.8,11548.92,71.41,163,14,0.6,21.17,0,0,0,0
4,0,1,Mexico,Munich,Entertainment,Credit Card,Desktop,57,653,2.1,46043.84,84.04,157,29,7.2,11.45,0,0,0,0
2,0,1,Mexico,Vancouver,Entertainment,Credit Card,Mobile,40,637,11.7,515.13,33.05,177,28,2.7,1.05,0,0,0,0
21,1,0,Mexico,Guadalajara,ATM Withdrawal,Credit Card,ATM,21,559,3.1,8684.52,24.85,177,24,0.6,8.96,0,0,0,0
9,0,0,USA,Guadalajara,Clothing,Credit Card,Tablet,71,755,0.1,4323.08,22.85,161,19,58.7,3.45,1,0,0,0
7,1,0,USA,Toronto,Travel,Credit Card,Desktop,44,538,4.5,10059.27,15.17,154,24,9.5,4.91,0,4,1,0
2,0,1,India,Toronto,Entertainment,Mobile Payment,Mobile,31,533,5.0,2157.03,16.93,156,19,14.8,2.6,0,1,0,0
19,0,0,Canada,Toronto,Restaurant,Crypto,Mobile,53,683,2.4,25354.29,98.17,136,21,43.4,16.08,1,0,0,0
9,1,0,UK,Delhi,Travel,Crypto,Mobile,41,615,1.9,1704.02,802.11,141,22,32.5,4.95,0,0,0,0
17,0,0,Canada,Osaka,Travel,Debit Card,POS Terminal,18,678,6.2,5037.53,844.2,148,15,41.0,2.46,0,0,0,0
14,0,0,Germany,New York,Gaming,Credit Card,Tablet,72,678,14.0,11731.13,41.51,146,23,18.9,23.72,0,0,0,0
5,0,1,Germany,São Paulo,Grocery,Crypto,Mobile,46,804,4.4,6703.36,127.64,181,35,12.5,17.93,0,0,0,0
20,0,0,USA,Los Angeles,ATM Withdrawal,Mobile Payment,Desktop,50,693,5.3,2704.95,6.34,151,15,23.3,21.56,0,0,0,0
8,0,0,UK,Berlin,Travel,Credit Card,ATM,31,662,6.2,4095.27,306.23,153,22,34.0,6.51,0,0,0,0
14,0,0,Canada,Mumbai,Restaurant,Credit Card,Desktop,28,736,12.2,7672.29,50.45,129,24,7.9,4.06,0,0,0,0
11,0,0,UK,Vancouver,Electronics,Mobile Payment,Mobile,52,788,1.9,887.75,278.71,158,23,5.5,5.57,0,2,0,0
5,0,1,Mexico,Guadalajara,Crypto Exchange,Credit Card,Mobile,18,747,19.6,10705.44,343.02,149,15,46.3,1.11,0,1,0,0
1,1,1,USA,Guadalajara,Crypto Exchange,Credit Card,Tablet,31,651,18.5,4758.34,21.98,160,19,32.7,18.82,0,0,0,1
2,0,1,India,Lyon,Restaurant,Bank Transfer,Mobile,34,730,2.3,10730.24,96.92,144,15,8.1,3.4,0,0,0,0
8,1,0,USA,Osaka,Electronics,Credit Card,Tablet,54,561,1.8,4202.31,702.39,141,19,14.4,6.2,0,1,0,0
4,0,1,India,New York,Crypto Exchange,Credit Card,Tablet,25,589,10.6,4438.42,98.08,149,14,9.0,18.83,0,0,0,0
21,0,0,USA,Rio,Clothing,Debit Card,Desktop,43,645,4.4,12903.83,87.86,141,14,63.9,16.16,0,0,0,0
1,0,1,Japan,Melbourne,Online Shopping,Debit Card,Desktop,58,699,1.4,2962.11,40.68,142,18,1.8,9.18,0,0,0,0
13,0,0,Germany,Delhi,Grocery,Credit Card,Desktop,41,673,1.4,279353.83,97.05,131,23,2.4,4.58,0,4,0,0
14,1,0,UK,Berlin,Crypto Exchange,Crypto,ATM,31,737,5.1,8592.72,185.67,162,19,22.5,45.61,0,0,0,0
10,1,0,USA,Tokyo,Jewelry,Credit Card,Desktop,48,689,10.2,6634.87,329.82,159,22,28.1,18.94,0,0,1,0
2,1,1,UK,Toronto,Grocery,Debit Card,ATM,35,615,3.7,6746.99,22.15,137,18,18.8,3.39,0,0,0,0
3,0,1,USA,Rio,ATM Withdrawal,Debit Card,ATM,33,733,0.5,740.7,26.53,132,20,30.7,3.4,0,0,0,0
12,0,0,USA,Vancouver,Gaming,Credit Card,Mobile,37,568,8.7,18660.25,42.79,152,20,106.3,3.99,0,0,0,0
16,1,0,Canada,Melbourne,Clothing,Credit Card,Mobile,28,579,1.2,5718.24,54.02,147,25,13.1,5.16,1,2,0,0
19,0,0,USA,Delhi,Utilities,Debit Card,ATM,27,732,2.7,7170.34,74.11,140,12,1.5,38.39,0,0,0,0
2,0,1,UK,Lyon,Online Shopping,Debit Card,Mobile,75,597,0.5,4819.42,77.54,157,16,31.2,12.1,0,0,0,0
11,0,0,Mexico,London,Entertainment,Credit Card,Mobile,36,762,4.3,12539.21,429.05,170,15,0.6,24.42,0,2,0,0
5,0,1,Canada,Manchester,Entertainment,Credit Card,Mobile,58,742,2.2,1286.62,121.58,154,30,1.4,2.81,0,1,0,0
6,1,1,USA,New York,Online Shopping,Mobile Payment,Desktop,55,681,15.0,4253.9,91.4,159,16,20.3,7.31,0,0,0,0
11,1,0,India,Melbourne,Gaming,Credit Card,Mobile,48,656,0.7,3155.78,21.23,153,22,53.6,4.37,0,0,0,0
12,0,0,Canada,Toronto,Education,Mobile Payment,Mobile,55,527,2.6,3663.75,73.98,145,17,60.4,0.74,0,0,0,0
14,0,0,Germany,Mumbai,Entertainment,Mobile Payment,POS Terminal,45,731,2.8,4625.42,24.18,139,20,17.2,6.59,0,0,0,0
7,0,0,UK,Los Angeles,Restaurant,Mobile Payment,Tablet,25,747,2.5,1307.97,270.83,155,22,20.7,11.05,0,0,0,0
14,1,0,USA,Lyon,Grocery,Credit Card,Mobile,38,555,15.6,13247.57,32.82,165,17,128.8,5.58,0,1,0,0
2,0,1,Japan,Munich,Online Shopping,Debit Card,Tablet,36,626,4.1,9632.05,22.01,160,23,13.1,31.4,0,0,0,0
22,0,1,USA,Delhi,Fuel,Bank Transfer,Mobile,28,717,4.7,17348.84,30.2,134,18,21.3,3.22,0,0,0,0
2,0,1,Brazil,Guadalajara,ATM Withdrawal,Debit Card,Mobile,33,634,2.0,6866.64,104.2,170,19,5.3,32.87,0,0,0,0
20,0,0,USA,Mexico City,Electronics,Crypto,Mobile,48,812,1.1,847.02,856.17,141,25,12.4,30.41,0,3,0,0
17,0,0,USA,Osaka,Healthcare,Credit Card,ATM,39,748,1.5,10986.18,169.95,127,24,3.3,37.23,0,0,0,0
2,0,1,Canada,London,Jewelry,Credit Card,Mobile,57,619,1.9,3656.05,146.28,131,16,37.2,23.9,0,0,0,0
19,0,0,Canada,Munich,Jewelry,Debit Card,Desktop,57,596,1.3,25126.67,183.01,128,24,7.6,10.67,0,0,0,0
18,0,0,Japan,Manchester,Travel,Bank Transfer,Mobile,34,779,6.8,9146.96,443.51,148,20,4.2,1.1,1,0,0,0
12,0,0,USA,Toronto,Travel,Mobile Payment,Tablet,52,616,2.9,10373.12,2464.81,141,15,6.3,3.91,0,0,0,0
15,0,0,USA,Vancouver,Gaming,Credit Card,Mobile,52,636,16.1,39320.05,16.88,157,19,2.8,6.6,0,0,0,0
0,0,1,USA,Paris,Electronics,Debit Card,Mobile,46,731,0.8,28927.26,573.26,143,17,42.4,5.36,0,0,0,0
21,0,0,India,Rio,Grocery,Credit Card,Mobile,26,703,7.5,1786.25,60.57,150,21,37.1,10.0,0,0,0,0
13,1,0,Japan,Sydney,Crypto Exchange,Debit Card,Tablet,41,675,1.6,12660.61,30.29,168,22,20.3,0.87,0,0,0,0
8,0,0,UK,Los Angeles,Online Shopping,Credit Card,Mobile,39,690,8.4,67977.12,195.63,159,22,11.7,10.98,0,0,0,0
2,0,1,India,Lyon,Jewelry,Debit Card,Tablet,47,729,4.9,7128.72,367.39,170,11,67.4,8.45,0,2,0,0
7,1,0,Japan,Guadalajara,Fuel,Bank Transfer,ATM,52,831,2.3,24550.22,72.44,134,18,0.8,21.07,0,0,0,0
22,0,1,Canada,Tokyo,Entertainment,Bank Transfer,Mobile,60,578,7.8,15521.74,71.24,151,19,4.8,18.4,0,0,0,0
18,0,0,Canada,Paris,Crypto Exchange,Credit Card,Desktop,46,687,5.9,36105.42,85.08,146,17,19.6,2.94,1,1,0,1
4,0,1,France,Los Angeles,Utilities,Debit Card,Mobile,46,493,3.4,5688.02,91.02,166,32,12.6,57.56,0,0,0,0
5,0,1,USA,Toronto,Online Shopping,Mobile Payment,Desktop,54,554,12.5,2666.12,23.88,149,18,22.4,12.6,0,4,0,0
16,1,0,France,Melbourne,Electronics,Debit Card,ATM,43,729,4.6,21927.81,464.33,145,15,16.8,3.94,0,0,0,0
7,0,0,Canada,Mexico City,Healthcare,Debit Card,Desktop,50,652,4.6,7719.35,144.84,159,21,18.6,3.57,0,0,1,0
16,1,0,Japan,Rio,Fuel,Credit Card,Mobile,43,706,5.7,134598.88,25.62,138,29,6.8,9.07,0,0,0,0
1,0,1,Brazil,Toronto,Restaurant,Mobile Payment,Mobile,26,774,0.4,5308.81,33.11,152,19,28.5,3.17,0,0,1,0
8,0,0,USA,Manchester,Entertainment,Credit Card,Mobile,55,624,26.1,2920.07,49.79,136,15,18.4,7.51,0,1,0,0
4,0,1,USA,Tokyo,Restaurant,Credit Card,Desktop,24,722,1.8,30329.65,82.09,165,21,43.3,2.73,0,0,0,0
10,0,0,Canada,Lyon,Education,Credit Card,ATM,51,643,7.0,8341.18,87.33,148,25,21.6,24.95,0,0,1,0
17,0,0,Germany,Paris,Utilities,Debit Card,Desktop,25,639,3.0,134909.99,17.59,145,23,11.1,2.67,0,1,0,0
19,1,0,Germany,Mexico City,Utilities,Debit Card,Mobile,49,710,3.7,73051.24,93.03,152,17,5.6,19.75,1,0,0,0
16,0,0,India,Toronto,Crypto Exchange,Credit Card,Mobile,41,693,20.1,13612.51,99.19,163,25,40.4,22.94,1,0,0,0
4,0,1,Japan,London,Online Shopping,Debit Card,Mobile,43,710,5.0,28539.08,2.83,132,22,25.3,1.82,1,0,0,0
2,0,1,France,Mexico City,Education,Credit Card,ATM,35,748,3.1,3725.91,93.47,156,24,26.9,2.05,0,0,0,1
21,0,0,Canada,Tokyo,Education,Credit Card,Mobile,29,848,23.8,5447.84,97.51,157,28,12.8,16.56,0,0,0,0
1,0,1,USA,Guadalajara,Travel,Debit Card,Mobile,46,649,0.7,8693.94,237.43,135,16,76.3,6.32,0,2,0,0
23,0,1,France,Los Angeles,ATM Withdrawal,Debit Card,Desktop,48,669,1.3,2267.52,24.24,144,21,32.7,47.98,0,3,0,0
10,1,0,Mexico,Manchester,Online Shopping,Debit Card,Tablet,58,695,6.2,3008.83,22.02,136,22,37.2,0.74,0,0,0,0
12,0,0,USA,Osaka,Electronics,Credit Card,ATM,47,767,3.4,5129.19,61.45,148,24,33.0,6.57,0,0,0,0
9,0,0,Australia,Manchester,Entertainment,Credit Card,Desktop,47,586,1.5,20500.91,13.95,166,18,26.4,5.02,0,0,0,0
11,0,0,USA,Delhi,Gaming,Debit Card,ATM,54,579,1.1,3381.78,26.89,159,15,2.4,1.48,0,0,0,0
10,0,0,USA,Melbourne,Fuel,Cheque,ATM,58,726,8.7,742.04,32.8,151,14,62.4,56.12,1,0,0,0
11,0,0,Australia,Sydney,Online Shopping,Credit Card,POS Terminal,45,712,21.6,3729.21,15.6,153,15,15.5,3.59,0,0,0,0
23,1,1,USA,Toronto,Online Shopping,Debit Card,Mobile,25,710,0.8,9484.84,15.02,146,16,7.3,0.76,0,0,0,0
21,1,0,France,Berlin,Grocery,Debit Card,POS Terminal,29,741,2.1,6131.33,40.52,145,16,6.1,18.49,0,0,0,0
8,0,0,USA,Berlin,Healthcare,Credit Card,ATM,38,633,3.2,25791.8,23.35,127,14,13.1,6.42,0,0,0,0
1,0,1,Japan,Osaka,Electronics,Crypto,Desktop,51,777,1.6,8444.5,306.26,171,24,51.6,19.71,0,0,0,0
7,0,0,Canada,Delhi,Online Shopping,Credit Card,Desktop,38,614,3.0,10157.82,81.22,139,15,19.1,0.34,1,0,0,0
11,0,0,USA,Sydney,Clothing,Cheque,Mobile,38,744,5.1,1758.92,31.59,146,21,22.2,1.87,0,0,0,0
20,0,0,India,Berlin,Education,Mobile Payment,Mobile,38,721,6.1,8356.77,58.37,151,23,2.8,13.49,1,0,0,0
5,1,1,USA,Paris,Entertainment,Cheque,Tablet,48,726,3.2,17165.55,115.87,150,25,0.1,11.28,0,1,1,0
14,0,0,Mexico,Manchester,Grocery,Debit Card,Tablet,36,723,1.7,1114.24,210.35,127,23,5.9,69.42,0,0,0,0
1,0,1,USA,Los Angeles,Gaming,Bank Transfer,Mobile,50,651,9.4,18179.19,101.62,141,18,24.4,1.7,0,0,0,0
4,0,1,Canada,Mumbai,Utilities,Credit Card,Mobile,31,544,3.7,327909.49,74.49,157,24,13.3,2.58,1,0,0,0
13,0,0,France,Vancouver,Restaurant,Credit Card,Mobile,50,682,8.1,1670.59,70.18,155,13,40.2,4.88,0,0,0,0
10,1,0,Brazil,Guadalajara,Utilities,Mobile Payment,Mobile,31,612,1.6,12906.54,45.02,149,18,16.0,5.12,0,0,0,0
8,0,0,USA,Berlin,Electronics,Credit Card,Mobile,43,657,0.6,22587.46,523.63,143,15,10.3,53.03,0,0,0,0
14,0,0,India,Berlin,Travel,Credit Card,Tablet,36,595,6.4,3181.59,1458.48,155,20,49.4,5.54,1,0,0,1
14,0,0,India,Delhi,Restaurant,Debit Card,Mobile,52,692,2.1,13041.86,133.62,160,20,34.5,6.81,0,0,0,0
2,0,1,Canada,Toronto,Gaming,Mobile Payment,Mobile,40,752,10.0,5641.93,64.34,164,21,9.3,7.55,0,0,0,0
7,0,0,USA,Manchester,Education,Credit Card,ATM,50,599,4.4,10016.66,94.33,155,14,37.1,4.87,0,0,0,0
6,0,1,USA,Los Angeles,Clothing,Cheque,Mobile,43,630,2.4,2951.24,43.51,143,19,1.4,8.38,0,0,0,0
10,0,0,Japan,Paris,Clothing,Credit Card,Mobile,60,748,0.3,17489.04,39.54,145,25,10.1,4.09,0,0,0,0
8,0,0,Japan,Lyon,Electronics,Bank Transfer,Tablet,81,694,3.2,1046.73,759.57,161,23,61.5,2.74,1,0,0,0
7,1,0,Canada,Manchester,Gaming,Credit Card,Mobile,31,736,3.1,2040.24,74.16,156,22,0.7,28.74,0,0,0,0
4,0,1,Japan,New York,Jewelry,Debit Card,POS Terminal,35,596,1.4,14047.49,123.46,158,19,16.9,0.22,0,2,1,0
8,0,0,USA,Paris,Clothing,Bank Transfer,Desktop,61,769,7.9,103874.55,6.28,165,16,3.5,40.13,0,0,0,0
20,0,0,Japan,New York,Jewelry,Credit Card,POS Terminal,28,549,12.9,29988.9,464.51,133,18,5.0,15.84,0,0,0,0
18,0,0,Australia,New York,Electronics,Debit Card,Mobile,69,768,2.3,18807.34,480.3,180,20,8.1,14.03,0,3,0,0
5,0,1,Mexico,Osaka,Entertainment,Credit Card,Mobile,55,746,2.8,29973.86,82.71,154,18,2.7,12.48,0,0,0,0
18,0,0,UK,Rio,Online Shopping,Debit Card,POS Terminal,75,563,1.1,2148.59,102.49,189,25,4.6,3.7,0,0,0,0
18,0,0,Australia,Toronto,Education,Debit Card,Desktop,18,566,10.1,61086.2,76.49,133,20,22.7,9.25,0,0,0,0
11,0,0,France,Vancouver,Healthcare,Credit Card,Mobile,23,719,5.2,31636.32,105.86,152,21,8.7,9.98,1,0,0,0
18,0,0,USA,Osaka,ATM Withdrawal,Credit Card,Mobile,36,720,9.8,8256.16,177.14,148,22,54.5,8.2,0,0,0,0
11,0,0,Mexico,Rio,Crypto Exchange,Credit Card,Desktop,41,540,3.7,27779.34,10.6,140,15,12.1,69.36,0,0,0,0
2,0,1,UK,London,Clothing,Credit Card,Desktop,73,733,4.9,30879.81,186.75,152,22,25.6,13.19,1,0,0,0
7,0,0,USA,Guadalajara,Entertainment,Mobile Payment,POS Terminal,42,737,4.6,8421.75,274.61,155,22,21.9,10.22,0,0,0,0
18,0,0,USA,Guadalajara,Travel,Credit Card,Mobile,31,473,27.4,2654.4,110.07,138,20,8.3,33.02,0,0,0,0
18,0,0,Japan,London,Jewelry,Credit Card,POS Terminal,20,704,1.4,108224.23,635.93,124,21,2.0,19.82,0,0,0,0
10,0,0,Australia,Tokyo,Entertainment,Credit Card,Desktop,49,727,1.5,10391.14,32.18,152,13,30.6,7.6,1,0,0,1
3,0,1,Mexico,Guadalajara,Clothing,Bank Transfer,Desktop,47,735,5.2,26653.11,147.56,163,27,27.5,28.78,0,0,0,0
1,0,1,India,Toronto,Utilities,Debit Card,Mobile,52,780,2.0,58019.46,40.07,145,16,1.5,6.39,0,0,0,0
1,0,1,USA,Melbourne,Jewelry,Debit Card,Mobile,48,760,5.2,18190.92,603.17,163,21,10.0,2.31,0,0,0,0
10,0,0,USA,Munich,Entertainment,Debit Card,Tablet,45,666,3.5,3948.08,13.02,137,19,40.9,0.27,0,0,0,0
5,0,1,India,Osaka,Grocery,Debit Card,Mobile,37,759,1.7,13971.57,50.76,145,18,34.6,4.85,0,4,0,0
20,1,0,Canada,Rio,Gaming,Credit Card,Mobile,28,686,0.2,3260.3,182.93,152,20,45.4,3.94,1,1,1,0
13,0,0,Brazil,Toronto,Travel,Debit Card,Mobile,38,822,11.7,30866.02,313.18,148,23,14.7,3.85,0,0,0,0
10,0,0,USA,Melbourne,Online Shopping,Credit Card,Desktop,45,744,9.1,3086.05,117.28,155,22,32.2,24.96,0,0,0,0
18,0,0,India,Osaka,Entertainment,Debit Card,POS Terminal,45,624,7.8,5645.79,7.38,147,23,43.2,7.86,0,0,0,0
0,0,1,Japan,Vancouver,Travel,Bank Transfer,Mobile,41,555,0.5,2509.65,1858.94,144,17,6.4,2.62,0,0,0,0
2,0,1,Australia,São Paulo,Gaming,Debit Card,Tablet,56,631,1.4,6006.31,35.34,130,23,10.3,1.45,0,0,0,0
13,0,0,Australia,Rio,Online Shopping,Cheque,Desktop,40,590,8.0,4070.57,328.36,143,28,8.8,2.51,0,1,0,0
12,0,0,USA,Lyon,Gaming,Credit Card,Tablet,38,770,4.1,17399.85,93.48,136,15,29.4,1.58,0,0,1,0
13,0,0,USA,Berlin,Travel,Bank Transfer,Mobile,54,687,0.7,263621.47,129.31,152,16,15.1,13.07,1,0,0,0
8,0,0,Canada,Lyon,Grocery,Debit Card,Mobile,50,591,0.7,4361.07,117.61,127,21,5.7,0.46,0,2,0,0
22,0,1,Brazil,Mumbai,Utilities,Credit Card,Mobile,41,683,15.2,13259.9,39.07,158,25,2.2,5.0,1,0,0,0
5,0,1,USA,Berlin,Utilities,Crypto,Mobile,54,712,1.8,7501.09,46.42,147,16,9.7,11.49,0,0,0,0
20,0,0,USA,Mexico City,Gaming,Bank Transfer,Desktop,33,577,3.0,8758.38,54.98,143,27,12.5,8.17,0,0,0,0
9,0,0,Brazil,Mexico City,Entertainment,Mobile Payment,Mobile,51,727,1.3,26715.17,3.36,134,14,27.7,0.19,0,0,0,0
1,0,1,USA,Berlin,Crypto Exchange,Bank Transfer,POS Terminal,58,745,2.6,10547.12,94.23,148,17,6.7,11.75,0,0,0,0
3,0,1,Canada,Mexico City,Jewelry,Bank Transfer,ATM,46,603,7.3,5239.13,145.43,159,20,8.0,15.67,0,0,0,0
15,1,0,USA,Toronto,Travel,Debit Card,Mobile,44,816,2.5,27291.17,336.81,133,26,10.7,19.88,1,0,1,0
13,0,0,USA,Osaka,Restaurant,Credit Card,Desktop,47,850,3.1,3122.35,482.36,155,23,2.9,18.64,0,0,0,0
5,1,1,Germany,Lyon,Entertainment,Debit Card,POS Terminal,42,757,1.1,10464.9,6.1,141,32,23.1,11.88,0,0,0,0
8,0,0,Germany,Mexico City,Fuel,Mobile Payment,Desktop,21,713,0.7,9514.69,36.91,151,22,3.8,18.74,1,1,0,0
11,1,0,USA,Osaka,Entertainment,Credit Card,Mobile,61,567,7.0,7674.36,30.57,141,11,4.5,20.29,0,0,0,0
20,0,0,India,Tokyo,Clothing,Credit Card,ATM,55,791,1.6,13347.81,10.35,164,18,30.9,13.27,0,0,0,0
15,0,0,Brazil,Paris,Utilities,Credit Card,Mobile,41,850,1.3,23100.3,21.54,139,22,52.8,6.31,0,0,0,0
16,1,0,Brazil,Vancouver,Gaming,Bank Transfer,Mobile,36,733,8.8,5521.71,22.22,153,27,4.4,4.63,1,0,0,0
8,0,0,Mexico,London,Fuel,Cheque,Mobile,63,617,5.0,2037.13,115.36,156,30,22.6,5.61,0,0,0,0
19,1,0,France,Vancouver,Travel,Credit Card,Desktop,67,717,5.9,9426.93,322.2,161,20,1.2,0.19,0,0,0,0
3,0,1,Brazil,Mexico City,Utilities,Crypto,Desktop,47,850,2.4,58363.4,102.66,155,19,2.0,36.73,1,0,0,0
5,0,1,Canada,Tokyo,Electronics,Mobile Payment,POS Terminal,58,666,0.3,9794.07,1385.82,150,20,12.4,3.11,0,0,0,0
15,1,0,Mexico,Delhi,Fuel,Crypto,Mobile,38,668,3.2,23513.9,47.9,145,26,0.3,2.16,0,0,1,0
11,0,0,France,New York,Online Shopping,Debit Card,Mobile,34,541,4.2,24260.58,69.96,144,25,8.8,14.39,0,0,0,0
6,0,1,Mexico,São Paulo,Utilities,Credit Card,Mobile,38,522,18.4,2982.41,17.64,138,22,38.6,2.29,0,1,0,0
14,0,0,USA,Paris,Jewelry,Credit Card,Mobile,26,721,5.6,75633.46,851.98,160,17,22.1,18.97,0,0,0,0
15,1,0,Japan,London,ATM Withdrawal,Bank Transfer,Desktop,35,760,0.2,854.24,3.13,162,19,14.4,7.9,0,0,0,0
14,1,0,USA,Los Angeles,Restaurant,Bank Transfer,POS Terminal,40,746,1.0,6993.75,22.61,154,24,0.5,12.88,1,0,0,0
3,0,1,Mexico,London,Gaming,Debit Card,ATM,21,627,0.3,1543.42,72.4,151,25,13.9,1.0,0,0,0,0
10,0,0,UK,London,Online Shopping,Credit Card,Desktop,43,741,1.5,126148.19,77.06,145,20,26.8,4.7,0,2,0,0
14,0,0,Japan,Munich,Online Shopping,Credit Card,Desktop,45,727,6.3,33881.18,32.17,148,30,41.0,1.39,0,0,0,0
17,0,0,Japan,Lyon,Utilities,Bank Transfer,Mobile,22,637,0.1,8546.85,75.1,144,19,16.2,1.32,0,1,0,0
6,0,1,USA,Berlin,Electronics,Credit Card,Mobile,61,595,0.9,13980.05,206.13,134,16,70.4,4.27,0,1,0,0
21,0,0,Japan,Berlin,Utilities,Credit Card,Mobile,31,618,6.3,15977.28,29.33,156,17,30.4,5.72,0,2,0,1
11,0,0,Australia,Rio,ATM Withdrawal,Debit Card,Tablet,44,574,1.0,8284.94,14.48,143,20,9.3,22.03,0,0,0,0
13,1,0,France,Guadalajara,Travel,Credit Card,Mobile,32,639,3.2,2372.61,142.54,155,20,1.0,5.82,0,0,0,0
21,0,0,Japan,Mumbai,Entertainment,Debit Card,ATM,33,723,5.3,19184.85,26.95,148,22,0.4,1.08,1,0,0,0
8,0,0,India,Vancouver,Grocery,Debit Card,Desktop,55,641,2.3,4064.78,118.61,136,16,10.1,4.61,0,0,0,0
14,1,0,Canada,Rio,Healthcare,Credit Card,Desktop,51,546,13.8,4061.8,113.82,144,20,35.5,12.0,0,0,0,0
6,0,1,USA,London,Utilities,Cheque,Mobile,41,594,0.5,48946.13,33.99,147,26,33.5,2.03,0,0,0,0
1,0,1,USA,Manchester,Crypto Exchange,Bank Transfer,Mobile,62,546,5.6,10509.03,34.3,144,18,0.4,1.66,1,1,0,0
10,1,0,Germany,Melbourne,Gaming,Credit Card,Desktop,39,526,14.9,7267.03,57.4,137,16,8.5,4.74,0,3,0,0
18,0,0,Japan,Mumbai,Fuel,Debit Card,Mobile,36,592,20.1,26761.15,14.39,154,20,4.3,4.96,0,0,0,0
13,0,0,Brazil,Lyon,Education,Credit Card,Desktop,48,688,1.6,3986.68,371.2,129,18,74.0,39.19,0,1,0,0
12,0,0,Brazil,Munich,Entertainment,Credit Card,Desktop,50,815,0.7,2139.64,9.05,152,24,14.2,13.69,1,0,0,0
3,0,1,USA,Delhi,Gaming,Credit Card,Desktop,25,764,2.9,44622.69,15.24,148,20,55.0,22.69,0,1,0,0
13,0,0,USA,Guadalajara,Jewelry,Mobile Payment,Desktop,32,658,6.4,6271.05,1658.98,141,22,11.2,8.57,0,0,0,0
19,0,0,UK,Osaka,Healthcare,Credit Card,Desktop,46,809,5.4,45588.21,31.69,148,15,62.2,4.18,0,0,0,0
18,1,0,UK,Vancouver,Utilities,Bank Transfer,Mobile,30,757,1.5,10380.92,19.75,167,21,21.6,9.35,0,0,1,0
18,0,0,Germany,New York,Online Shopping,Debit Card,ATM,62,690,2.7,3008.72,44.8,160,18,0.7,16.07,1,0,0,0
22,0,1,USA,Toronto,Jewelry,Credit Card,Mobile,21,543,3.1,6087.47,216.08,158,16,34.4,1.78,1,0,0,0
7,0,0,Brazil,New York,Restaurant,Bank Transfer,Mobile,34,568,3.6,5271.29,46.35,162,16,28.9,2.07,0,0,0,0
10,0,0,Germany,Melbourne,Grocery,Bank Transfer,Desktop,35,751,2.7,18998.51,21.05,146,20,21.3,6.62,0,0,0,0
16,0,0,UK,Lyon,Crypto Exchange,Mobile Payment,Tablet,27,615,0.3,8726.51,173.59,172,10,10.3,20.12,0,2,0,1
1,0,1,India,São Paulo,Fuel,Credit Card,ATM,22,588,3.7,6549.41,66.15,157,21,4.1,12.38,0,0,0,0
21,0,0,Japan,Lyon,Gaming,Debit Card,Mobile,20,800,0.1,11164.14,162.18,148,23,13.0,12.31,0,0,0,0
4,0,1,USA,Mumbai,Gaming,Debit Card,Desktop,49,801,2.0,12653.31,37.11,140,12,1.7,11.55,0,0,0,0
23,1,1,USA,London,Electronics,Credit Card,Desktop,61,749,0.9,4738.43,199.57,166,14,14.0,6.51,0,0,0,0
2,0,1,USA,Rio,Restaurant,Cheque,Mobile,59,731,6.8,11125.19,15.87,150,16,7.8,21.08,0,1,0,0
5,0,1,Japan,Tokyo,ATM Withdrawal,Debit Card,POS Terminal,44,622,1.5,19336.84,19.2,145,20,9.6,56.54,1,0,0,0
7,0,0,Brazil,Paris,Grocery,Credit Card,Mobile,58,702,2.9,12469.64,321.63,152,23,47.6,2.19,0,0,1,0
3,0,1,Brazil,Los Angeles,Electronics,Bank Transfer,Desktop,53,651,5.1,3233.94,165.85,159,25,44.9,4.26,0,2,0,0
14,1,0,Germany,Paris,Restaurant,Credit Card,Desktop,46,684,4.0,4637.59,52.21,144,20,8.0,16.63,0,0,0,0
9,0,0,USA,Vancouver,Grocery,Debit Card,Mobile,27,693,0.2,11379.96,12.3,139,26,11.8,1.27,0,0,0,0
5,0,1,France,Manchester,Education,Bank Transfer,Mobile,70,659,4.5,16177.43,66.42,152,13,19.2,3.4,0,0,0,0
18,0,0,India,Delhi,Travel,Credit Card,Mobile,38,488,21.5,5784.0,24.99,166,20,0.8,5.24,0,0,0,0
2,0,1,Brazil,Berlin,Jewelry,Debit Card,Desktop,58,632,8.7,2898.5,405.49,148,20,10.8,14.39,1,1,0,0
19,0,0,India,London,Online Shopping,Debit Card,POS Terminal,33,751,2.1,2570.79,29.63,158,25,45.9,1.91,0,0,0,0
14,1,0,USA,Munich,Utilities,Credit Card,ATM,52,571,5.2,2049.29,114.3,143,15,12.2,2.61,0,0,0,0
5,1,1,Brazil,Berlin,Healthcare,Debit Card,Desktop,43,603,4.3,21292.93,11.95,161,17,10.6,3.72,1,3,0,1
22,0,1,Brazil,Los Angeles,Gaming,Mobile Payment,Desktop,26,750,0.4,8991.56,63.44,151,28,18.9,4.7,1,0,0,0
3,0,1,UK,Paris,Gaming,Credit Card,Mobile,40,661,5.9,901.48,17.06,148,19,31.4,7.9,0,0,0,0
8,0,0,Mexico,New York,Gaming,Credit Card,POS Terminal,21,747,5.0,1549.18,245.6,154,24,6.2,10.97,0,0,0,0
0,0,1,France,Berlin,Online Shopping,Debit Card,Desktop,60,735,9.7,3754.76,23.66,125,15,1.8,8.19,0,0,0,0
8,0,0,USA,Osaka,Crypto Exchange,Mobile Payment,Desktop,53,686,3.8,971.26,66.22,175,14,15.6,8.82,1,1,0,0
21,0,0,USA,New York,Online Shopping,Credit Card,Mobile,18,646,5.2,3867.95,8.58,139,20,3.8,4.51,0,0,1,0
21,0,0,UK,Los Angeles,Entertainment,Credit Card,Mobile,44,608,11.6,24160.04,74.13,149,20,24.9,4.41,1,0,0,0
3,0,1,Canada,Guadalajara,Healthcare,Crypto,Desktop,42,766,1.7,77097.72,527.3,141,16,14.5,13.22,1,0,0,0
10,0,0,USA,Rio,Education,Debit Card,Mobile,37,574,13.7,981.39,28.61,134,22,2.6,2.0,0,0,0,0
18,1,0,Germany,Mexico City,Grocery,Crypto,Mobile,48,648,2.9,4224.87,25.48,149,15,12.2,12.84,1,0,0,0
19,1,0,Australia,Tokyo,Healthcare,Debit Card,ATM,18,761,7.9,615.86,19.59,148,14,95.3,2.47,0,0,0,0
16,0,0,Germany,Delhi,Education,Bank Transfer,Mobile,38,581,6.0,47480.64,186.79,146,21,0.9,9.14,0,0,0,0
7,0,0,France,Munich,Clothing,Debit Card,Tablet,55,683,3.8,16892.15,48.88,131,18,2.5,6.8,0,0,0,0
20,0,0,Germany,New York,Restaurant,Debit Card,Mobile,39,666,2.8,10649.59,63.36,155,13,4.6,8.87,1,1,0,0
20,0,0,USA,Los Angeles,Clothing,Bank Transfer,Desktop,34,687,0.8,1061.17,191.1,118,11,22.1,0.36,1,2,0,1
19,1,0,USA,Los Angeles,Grocery,Crypto,POS Terminal,18,652,2.0,2897.42,332.8,147,23,11.4,2.76,1,3,0,0
1,0,1,India,Toronto,Restaurant,Bank Transfer,Mobile,65,613,0.3,10782.99,92.72,127,12,8.0,30.12,0,1,0,0
21,0,0,USA,Berlin,Gaming,Mobile Payment,Mobile,57,660,1.7,8753.58,238.66,157,15,19.6,0.65,0,0,0,0
6,1,1,Japan,Osaka,Entertainment,Debit Card,Mobile,42,750,4.9,10900.82,79.84,185,24,9.4,17.07,1,0,0,0
22,0,1,France,Delhi,Clothing,Debit Card,Mobile,40,720,1.5,1666.24,35.37,159,23,7.9,1.84,0,0,0,0
5,0,1,USA,Tokyo,Fuel,Mobile Payment,ATM,31,743,9.8,11543.11,111.65,152,23,50.7,3.79,0,0,0,0
2,0,1,USA,Berlin,Crypto Exchange,Bank Transfer,Tablet,18,779,6.0,12091.67,25.06,156,24,15.5,6.41,0,1,0,0
4,0,1,India,Sydney,Gaming,Credit Card,Mobile,49,758,4.9,8607.96,102.35,139,21,14.6,14.68,1,0,0,0
16,1,0,Japan,Vancouver,Education,Debit Card,Mobile,49,620,2.1,10822.26,27.28,163,15,14.6,10.16,0,0,0,0
14,1,0,UK,New York,Electronics,Credit Card,Mobile,30,702,3.1,3455.83,532.95,136,14,44.4,5.91,0,0,0,0
8,1,0,Mexico,Delhi,Crypto Exchange,Crypto,ATM,43,637,6.1,9291.47,51.23,146,29,13.1,6.33,0,0,0,0
7,0,0,Germany,Mexico City,Travel,Credit Card,Mobile,39,744,0.3,1249.24,291.75,146,14,2.0,11.18,1,0,0,0
4,0,1,Mexico,Osaka,Education,Cheque,Tablet,44,667,10.5,25798.69,135.81,165,14,4.8,22.17,0,5,0,0
23,0,1,Canada,Guadalajara,Education,Bank Transfer,Mobile,52,771,0.6,1804.67,73.29,165,26,35.2,17.31,1,0,0,0
5,1,1,Japan,Mexico City,Gaming,Credit Card,Desktop,48,581,1.1,5529.11,25.58,134,16,10.1,23.25,1,0,0,0
14,0,0,UK,Sydney,Gaming,Mobile Payment,Mobile,23,723,10.6,35363.11,154.48,153,21,12.5,25.81,0,0,0,0
12,0,0,India,Berlin,Online Shopping,Credit Card,Mobile,30,753,9.4,1202.28,127.1,140,18,63.9,10.24,1,1,0,0
14,0,0,USA,Los Angeles,ATM Withdrawal,Debit Card,Desktop,29,697,6.8,32934.36,23.8,152,24,15.4,54.03,0,0,0,0
7,1,0,USA,Berlin,Entertainment,Bank Transfer,Mobile,45,623,7.6,13443.44,119.36,151,20,12.8,5.45,1,0,0,0
6,0,1,USA,Manchester,Jewelry,Bank Transfer,Tablet,48,565,4.8,16094.02,443.46,147,14,1.5,12.8,0,0,0,0
8,0,0,USA,London,Healthcare,Bank Transfer,Tablet,24,761,8.1,7646.09,70.49,132,24,22.4,25.45,0,0,0,0
3,1,1,USA,Osaka,Gaming,Debit Card,ATM,29,543,0.3,12329.99,115.65,145,21,8.0,1.81,0,0,0,0
16,0,0,Japan,Melbourne,Online Shopping,Credit Card,Tablet,59,603,1.9,8018.79,73.16,143,12,26.9,2.16,0,0,0,1
9,0,0,Brazil,London,Crypto Exchange,Bank Transfer,Desktop,35,601,2.6,7929.77,96.6,136,19,75.0,20.7,0,3,0,0
18,0,0,Japan,Sydney,Grocery,Debit Card,Desktop,21,695,14.5,2172.44,86.86,141,25,37.7,4.14,0,0,0,0
23,1,1,Brazil,Melbourne,ATM Withdrawal,Cheque,Desktop,44,673,0.4,22697.99,141.91,142,21,2.0,5.55,0,0,0,0
10,1,0,UK,Tokyo,Travel,Credit Card,Mobile,43,660,15.1,684.76,407.27,148,19,6.4,21.07,0,0,0,0
0,0,1,Japan,Mumbai,Online Shopping,Credit Card,ATM,48,657,9.9,2373.15,261.84,166,25,15.0,7.05,0,0,0,0
14,0,0,France,Munich,Electronics,Bank Transfer,Desktop,47,729,2.5,10550.9,94.25,151,20,17.4,9.2,0,0,0,0
8,0,0,Brazil,Vancouver,Crypto Exchange,Mobile Payment,Mobile,29,850,10.1,48916.69,15.06,161,29,6.1,8.18,0,0,0,0
6,0,1,USA,Manchester,ATM Withdrawal,Crypto,Desktop,37,700,1.9,14236.69,60.42,140,20,52.4,4.92,1,5,1,1
23,1,1,France,Sydney,Clothing,Credit Card,ATM,36,552,2.7,4460.49,49.14,126,18,11.1,24.56,0,0,0,0
5,0,1,Germany,Vancouver,Utilities,Debit Card,Mobile,52,567,6.7,4911.9,73.1,149,25,63.9,13.54,0,0,0,0
6,0,1,India,São Paulo,Grocery,Debit Card,Mobile,34,807,4.0,2255.58,49.94,133,25,16.2,21.47,0,2,0,0
19,1,0,UK,Manchester,Education,Debit Card,Mobile,48,684,9.6,9304.58,18.89,151,17,9.1,1.12,0,0,0,0
22,0,1,India,Vancouver,Grocery,Credit Card,Mobile,56,681,2.1,33517.09,43.36,132,21,1.5,1.13,0,0,0,1
0,1,1,India,Guadalajara,Utilities,Credit Card,Desktop,49,697,0.8,5822.24,6.55,141,30,55.6,13.49,0,0,1,0
20,0,0,India,Vancouver,ATM Withdrawal,Debit Card,Tablet,26,705,0.1,3083.37,29.99,137,16,3.8,2.02,0,2,0,0
10,0,0,India,Tokyo,Fuel,Debit Card,POS Terminal,31,671,4.7,3385.48,45.87,135,20,10.8,2.1,0,0,0,0
12,0,0,USA,New York,Online Shopping,Credit Card,Mobile,78,549,4.1,5351.48,53.2,131,18,0.2,11.45,0,2,0,0
20,0,0,USA,Rio,Online Shopping,Credit Card,ATM,25,685,2.1,18455.75,447.01,143,27,2.8,0.79,0,0,0,0
19,0,0,Australia,Tokyo,Entertainment,Debit Card,POS Terminal,29,702,16.8,19109.13,33.87,154,22,13.9,4.7,0,0,0,0
1,0,1,Germany,London,Utilities,Credit Card,POS Terminal,22,678,2.7,36122.12,39.33,150,17,7.6,21.57,0,0,0,0
9,0,0,Germany,Manchester,Jewelry,Mobile Payment,Mobile,24,705,14.2,1236.56,2296.16,154,14,4.9,17.37,0,0,0,0
0,0,1,USA,Vancouver,Jewelry,Bank Transfer,Mobile,60,640,0.6,19697.28,624.33,158,17,27.4,27.53,0,0,0,0
10,0,0,India,Toronto,Online Shopping,Credit Card,Mobile,46,642,3.1,26755.46,32.05,149,23,19.2,14.75,0,0,0,0
14,0,0,Japan,São Paulo,Gaming,Credit Card,Desktop,46,698,1.0,48651.83,22.24,152,22,3.2,8.15,0,0,1,0
4,0,1,India,Toronto,Clothing,Bank Transfer,Desktop,23,698,7.6,7765.88,33.07,159,24,21.8,16.78,0,0,0,1
20,1,0,Australia,São Paulo,Fuel,Credit Card,Desktop,32,585,15.7,17317.45,18.87,147,16,24.7,3.79,0,0,0,0
23,0,1,Mexico,Mexico City,Fuel,Credit Card,Mobile,29,676,0.1,10196.59,19.01,137,25,18.2,2.23,0,0,0,0
22,1,1,USA,Delhi,Travel,Debit Card,POS Terminal,37,689,3.3,3357.9,85.53,134,20,20.1,0.11,0,0,0,0
3,0,1,India,Guadalajara,Crypto Exchange,Debit Card,Mobile,46,712,1.6,10876.15,73.72,169,24,7.9,3.68,0,0,0,0
4,1,1,Canada,Paris,Grocery,Credit Card,Desktop,18,662,5.5,1294.42,118.92,134,19,2.2,3.63,0,0,1,0
18,0,0,Brazil,Manchester,Travel,Credit Card,POS Terminal,25,681,5.0,1510.96,565.93,141,25,20.5,0.31,0,0,1,0
21,0,0,Germany,Toronto,Grocery,Debit Card,Tablet,44,727,10.5,8911.88,15.92,140,16,13.6,23.87,0,3,1,0
6,0,1,Brazil,São Paulo,Grocery,Credit Card,Mobile,46,699,2.4,41205.37,18.17,159,23,5.6,10.73,1,0,0,0
3,1,1,India,Sydney,Jewelry,Crypto,Desktop,51,670,0.4,8260.1,591.27,162,19,20.3,4.62,0,0,0,0
18,0,0,Japan,Munich,Crypto Exchange,Credit Card,ATM,18,646,4.5,9666.72,112.21,146,13,0.1,11.09,1,0,0,0
13,0,0,India,New York,Crypto Exchange,Credit Card,Desktop,54,660,0.6,6359.88,12.93,146,23,25.5,35.97,0,0,1,0
9,0,0,Germany,Rio,Online Shopping,Crypto,Mobile,55,706,2.5,6637.38,26.69,148,20,4.1,3.9,0,3,0,0
23,0,1,Mexico,Rio,Utilities,Debit Card,Desktop,53,583,25.7,4167.86,79.73,152,20,0.8,50.2,0,0,0,0
5,1,1,UK,Lyon,Restaurant,Credit Card,POS Terminal,20,599,1.3,5016.93,15.18,161,20,9.0,29.96,1,0,0,0
11,1,0,Brazil,Delhi,Restaurant,Bank Transfer,POS Terminal,52,724,1.9,6984.02,4.42,151,14,11.0,17.42,0,0,0,0
22,1,1,USA,Mexico City,Jewelry,Debit Card,ATM,32,728,0.9,14284.44,168.4,140,18,29.2,11.43,1,0,0,0
2,0,1,Australia,Mumbai,Online Shopping,Cheque,Mobile,43,681,4.4,3386.87,206.15,134,24,37.6,2.44,1,0,0,0
6,0,1,Australia,Mumbai,Education,Cheque,Tablet,22,529,0.9,2106.92,206.29,148,21,56.6,7.3,0,0,0,0
9,1,0,USA,Osaka,Electronics,Debit Card,Tablet,31,564,15.7,5752.79,128.61,153,23,13.4,15.44,1,0,0,0
5,0,1,India,Guadalajara,Education,Credit Card,Mobile,66,618,3.0,5573.91,36.68,137,15,21.3,2.52,1,0,0,0
16,1,0,Brazil,London,Entertainment,Mobile Payment,Mobile,34,718,18.5,12461.73,458.27,154,26,17.1,23.25,1,0,1,0
3,0,1,India,Vancouver,Healthcare,Credit Card,Mobile,30,633,0.2,9714.74,45.91,161,25,9.7,21.6,0,0,0,0
17,1,0,USA,Berlin,Fuel,Credit Card,Tablet,60,761,5.9,14453.49,158.62,140,20,41.5,6.0,0,0,0,0
21,0,0,Mexico,Melbourne,Healthcare,Debit Card,Mobile,42,568,8.8,4638.92,12.16,137,20,1.1,0.42,0,0,0,0
18,1,0,Brazil,Vancouver,Electronics,Credit Card,Mobile,49,814,13.5,101210.82,252.32,144,15,30.2,1.69,1,0,0,0
14,0,0,USA,Melbourne,Electronics,Debit Card,Mobile,35,581,0.6,3639.9,598.63,143,19,3.9,10.92,1,0,0,0
22,0,1,USA,Manchester,Fuel,Bank Transfer,Mobile,30,630,1.3,10053.44,31.44,151,15,58.8,1.42,1,0,0,0
19,0,0,USA,Vancouver,Education,Cheque,Mobile,56,802,14.8,8828.97,36.82,138,14,44.1,25.07,0,0,0,0
7,0,0,Germany,Mexico City,Entertainment,Cheque,Mobile,52,685,12.8,4223.01,3.82,157,18,5.3,7.7,0,0,0,0
12,1,0,India,Toronto,Restaurant,Mobile Payment,Desktop,50,724,5.1,33978.3,23.57,134,22,19.2,10.97,0,0,0,0
9,1,0,USA,São Paulo,Clothing,Mobile Payment,Mobile,30,807,3.6,1584.79,16.49,150,13,37.8,12.19,1,0,0,0
3,0,1,Canada,Paris,Education,Credit Card,ATM,45,742,8.5,18191.73,5.83,153,21,7.2,10.41,0,0,0,1
1,0,1,UK,Osaka,Grocery,Bank Transfer,Desktop,64,665,2.3,7966.92,23.4,172,24,6.7,10.2,0,0,0,1
3,0,1,USA,Los Angeles,Entertainment,Credit Card,Desktop,25,600,7.7,49861.1,62.13,149,23,5.4,14.45,1,0,0,1
12,1,0,USA,New York,Healthcare,Mobile Payment,POS Terminal,43,796,2.6,11588.6,49.57,134,21,7.3,9.28,0,2,1,0
0,1,1,UK,Melbourne,Grocery,Debit Card,Desktop,31,570,1.1,46337.51,66.07,159,19,14.0,4.67,0,0,0,0
12,0,0,Mexico,Tokyo,Utilities,Credit Card,Mobile,56,667,6.7,3072.69,44.01,148,18,7.2,8.88,0,1,1,0
19,0,0,Japan,São Paulo,Travel,Credit Card,ATM,61,581,2.6,19766.73,2283.56,155,18,7.1,1.56,0,0,0,0
23,0,1,USA,Sydney,Entertainment,Credit Card,Mobile,64,567,3.2,10910.32,420.56,138,24,1.6,4.72,1,0,0,0
23,0,1,USA,Munich,Education,Credit Card,Desktop,59,661,0.7,1912.42,203.46,141,22,4.2,14.47,0,0,0,0
12,0,0,India,Berlin,ATM Withdrawal,Credit Card,Tablet,26,545,12.2,10950.5,22.27,154,14,27.0,1.98,0,0,0,0
11,1,0,USA,Berlin,Travel,Crypto,Desktop,67,660,4.4,12460.79,936.02,140,26,4.1,2.85,0,0,0,0
10,0,0,India,Rio,Utilities,Mobile Payment,Mobile,36,700,2.6,8301.71,71.4,139,21,11.7,8.08,1,0,1,0
11,0,0,USA,São Paulo,Grocery,Debit Card,Tablet,18,614,1.8,3048.72,15.19,157,22,13.4,1.29,0,2,0,0
15,0,0,USA,Manchester,Electronics,Bank Transfer,Mobile,35,729,6.2,1953.03,1598.96,129,17,36.8,2.13,0,0,0,0
21,0,0,UK,Los Angeles,Grocery,Mobile Payment,ATM,36,649,2.5,6842.54,17.8,154,18,0.4,3.13,1,4,0,0
19,0,0,India,Delhi,Fuel,Debit Card,ATM,50,762,0.5,12819.73,218.45,160,13,0.1,8.53,0,0,0,0
6,1,1,Germany,Tokyo,Grocery,Mobile Payment,Desktop,67,667,1.9,12821.33,105.3,147,22,16.0,4.92,0,0,0,0
20,1,0,USA,Paris,Healthcare,Cheque,Tablet,35,635,3.0,41294.61,312.82,165,15,5.0,22.26,0,0,0,0
1,0,1,Australia,Berlin,Healthcare,Credit Card,Mobile,32,784,5.3,64264.32,179.93,125,17,27.9,3.43,0,0,0,0
2,0,1,Brazil,Osaka,Crypto Exchange,Debit Card,Desktop,61,634,0.1,20498.68,340.76,138,10,4.9,1.5,1,0,0,0
8,0,0,Germany,Mexico City,Fuel,Credit Card,Mobile,42,688,8.9,15152.08,64.08,144,19,11.8,11.81,0,0,0,0
2,1,1,India,Guadalajara,Travel,Credit Card,Desktop,51,588,2.7,105881.53,426.91,131,32,6.1,8.96,1,0,0,0
6,0,1,USA,Munich,Online Shopping,Credit Card,Desktop,31,592,9.8,1070.37,34.02,149,19,60.4,0.52,0,0,0,1
16,0,0,India,Los Angeles,Healthcare,Credit Card,POS Terminal,58,642,1.0,50514.09,49.94,131,17,16.1,1.86,0,0,0,0
5,0,1,France,Toronto,Entertainment,Credit Card,Mobile,38,686,8.4,3601.09,35.69,158,11,6.3,11.81,0,0,0,0
20,0,0,UK,Paris,Clothing,Bank Transfer,POS Terminal,22,686,2.4,14347.72,38.85,152,19,9.0,16.33,0,0,0,0
19,0,0,Germany,Osaka,Electronics,Bank Transfer,Mobile,38,727,3.1,26074.53,876.73,161,28,0.5,6.6,1,0,0,1
16,0,0,France,Guadalajara,Healthcare,Bank Transfer,Desktop,31,699,8.0,1853.47,28.68,155,19,15.7,21.18,0,0,0,0
19,0,0,USA,Manchester,Crypto Exchange,Credit Card,Desktop,29,766,4.3,4224.42,31.29,145,18,39.4,1.69,0,0,1,0
5,0,1,Mexico,Tokyo,Restaurant,Credit Card,POS Terminal,21,607,6.1,6072.26,183.0,146,18,40.3,6.89,0,0,0,0
9,1,0,USA,Osaka,Utilities,Credit Card,ATM,47,615,0.7,5400.2,8.6,147,24,0.9,12.26,0,0,0,0
5,1,1,Japan,Tokyo,Healthcare,Credit Card,POS Terminal,30,792,4.3,16652.43,114.47,152,28,11.3,10.37,0,0,1,0
15,0,0,Japan,London,Restaurant,Bank Transfer,Tablet,43,650,4.1,12853.09,61.62,155,16,0.1,13.82,0,2,0,0
12,0,0,India,Guadalajara,Restaurant,Mobile Payment,POS Terminal,64,719,4.9,927.92,26.05,139,17,9.5,5.33,0,0,0,0
6,1,1,India,Los Angeles,Entertainment,Debit Card,Mobile,48,617,1.6,2042.27,29.49,140,23,0.4,2.51,0,0,0,0
14,0,0,USA,Guadalajara,Entertainment,Debit Card,POS Terminal,18,709,0.3,12460.37,65.35,146,27,3.5,18.95,1,0,0,0
2,0,1,Mexico,Vancouver,Healthcare,Bank Transfer,POS Terminal,24,761,4.4,12057.77,76.74,154,15,8.7,4.23,0,0,0,0
11,0,0,USA,São Paulo,ATM Withdrawal,Bank Transfer,Desktop,62,655,3.1,41299.35,39.86,135,20,22.8,15.26,0,0,0,0
18,0,0,Germany,Berlin,Utilities,Bank Transfer,POS Terminal,40,707,0.3,81912.34,139.21,162,27,29.3,36.06,0,0,0,0
1,1,1,Germany,Mumbai,Gaming,Debit Card,Mobile,41,553,0.4,4097.95,86.89,155,20,23.2,45.83,0,4,0,0
3,1,1,USA,Rio,Entertainment,Bank Transfer,Mobile,54,775,6.5,4390.01,51.05,154,16,10.2,18.21,0,0,0,0
9,0,0,Brazil,Rio,Jewelry,Credit Card,POS Terminal,39,727,3.5,13061.6,211.96,161,16,38.7,71.91,0,0,0,0
13,0,0,USA,Sydney,ATM Withdrawal,Bank Transfer,Desktop,35,589,7.1,35434.15,44.18,136,21,41.2,12.3,0,0,0,0
0,1,1,France,Mexico City,Entertainment,Debit Card,ATM,28,762,1.5,45734.62,14.95,145,19,23.6,24.43,0,0,0,0
13,0,0,UK,Paris,Crypto Exchange,Credit Card,Desktop,55,640,2.2,52563.44,16.56,148,10,61.9,2.38,0,3,0,0
7,0,0,UK,Munich,Education,Bank Transfer,POS Terminal,36,682,0.5,1949.93,81.54,153,16,34.2,9.98,0,0,0,0
4,1,1,Germany,Osaka,Education,Crypto,Mobile,39,802,1.6,3034.86,335.83,152,22,52.1,26.05,1,1,0,0
3,0,1,Canada,Mexico City,Fuel,Debit Card,Mobile,26,641,14.0,1530.44,354.55,154,12,19.6,10.95,1,0,0,0
15,1,0,USA,Munich,Grocery,Credit Card,Tablet,49,694,1.7,4583.01,239.26,144,16,21.8,15.95,0,0,0,0
9,0,0,UK,Berlin,Utilities,Credit Card,Desktop,34,608,2.0,3796.27,116.04,160,21,32.2,0.03,0,0,0,0
18,1,0,France,Osaka,Crypto Exchange,Bank Transfer,Mobile,39,691,6.4,8635.63,35.45,162,19,62.2,3.73,0,0,0,1
12,0,0,USA,Berlin,Jewelry,Crypto,Desktop,39,615,14.0,5143.03,170.85,160,17,7.8,1.16,1,5,1,0
14,1,0,Japan,Los Angeles,Restaurant,Cheque,ATM,58,733,1.9,16461.33,29.32,158,22,32.2,3.27,0,2,0,0
10,1,0,Germany,Sydney,Fuel,Debit Card,Desktop,49,701,19.8,7701.65,228.18,153,29,33.7,0.49,0,0,0,0
0,0,1,Brazil,Guadalajara,Clothing,Credit Card,Mobile,29,767,4.9,7813.38,43.07,137,17,4.4,2.28,0,0,0,0
5,0,1,USA,Berlin,Utilities,Credit Card,Tablet,47,581,8.0,1104.38,233.2,142,19,34.0,25.38,0,0,0,0
4,0,1,Australia,Tokyo,Utilities,Debit Card,Desktop,36,823,4.6,11462.01,50.51,130,25,22.6,8.37,0,0,0,0
6,0,1,Germany,Mumbai,Education,Credit Card,Mobile,57,763,12.7,4035.12,17.69,144,14,10.8,3.36,0,0,0,0
5,0,1,UK,Lyon,ATM Withdrawal,Debit Card,Mobile,34,533,4.5,43867.04,360.76,167,23,4.9,7.21,0,0,0,0
17,0,0,Germany,Munich,Crypto Exchange,Debit Card,Desktop,45,686,2.0,11244.72,306.99,145,14,8.5,2.87,0,0,0,1
20,0,0,Mexico,Rio,Crypto Exchange,Debit Card,Desktop,36,562,10.1,70223.57,34.88,144,15,94.7,1.08,0,0,1,0
5,0,1,Brazil,London,Online Shopping,Crypto,Desktop,45,746,0.5,6168.81,268.62,161,25,10.7,20.05,0,0,0,0
9,0,0,Canada,Sydney,Utilities,Credit Card,Mobile,47,700,30.0,5475.36,67.36,144,22,10.7,6.33,0,0,0,0
8,1,0,Australia,Melbourne,Clothing,Debit Card,Tablet,25,733,3.9,1998.29,33.54,138,22,3.8,13.59,0,0,0,0
7,1,0,USA,Los Angeles,Travel,Debit Card,Mobile,37,590,10.5,4009.73,651.53,146,22,50.1,0.05,0,0,0,0
10,1,0,Germany,Berlin,Education,Credit Card,Desktop,46,830,5.5,6168.64,36.01,164,16,41.3,8.33,0,0,0,0
18,0,0,Australia,New York,Gaming,Credit Card,POS Terminal,61,744,6.4,2453.6,330.79,162,16,41.1,21.56,0,0,0,0
12,0,0,Mexico,New York,Crypto Exchange,Crypto,POS Terminal,32,735,13.5,712.94,182.56,149,14,2.2,10.13,0,0,0,0
8,0,0,Germany,Guadalajara,Utilities,Credit Card,Tablet,39,674,2.2,2928.94,88.29,133,15,30.8,6.89,0,0,0,0
6,0,1,India,São Paulo,Restaurant,Debit Card,Mobile,55,685,2.1,15669.61,112.73,143,18,12.8,5.15,1,0,0,0
1,0,1,USA,Tokyo,Healthcare,Bank Transfer,Desktop,47,698,5.6,815.65,48.69,146,22,51.6,11.63,0,0,0,1
7,0,0,USA,São Paulo,Gaming,Crypto,Tablet,39,562,7.4,1035.0,216.2,134,21,16.8,22.39,0,0,0,0
2,0,1,Germany,Tokyo,Grocery,Mobile Payment,Mobile,60,596,0.2,5777.48,85.24,177,17,32.8,8.63,1,0,0,0
20,0,0,USA,Tokyo,Education,Mobile Payment,Mobile,47,768,10.5,24440.91,26.07,169,19,11.8,10.99,0,0,0,0
3,0,1,Germany,Berlin,ATM Withdrawal,Debit Card,Desktop,34,706,4.1,8959.91,57.93,150,22,9.1,6.85,0,1,0,0
1,0,1,Australia,Guadalajara,Electronics,Crypto,Mobile,42,628,4.0,14674.88,1248.54,132,20,31.4,0.57,0,0,0,0
12,0,0,India,Delhi,Gaming,Crypto,Desktop,25,802,4.9,3955.0,6.77,157,18,21.4,4.15,0,0,0,0
11,0,0,UK,São Paulo,Travel,Debit Card,ATM,62,628,8.2,10314.93,406.8,152,20,1.7,9.16,0,0,0,0
11,1,0,USA,São Paulo,Gaming,Bank Transfer,Tablet,18,647,0.4,32984.51,57.69,139,22,17.5,5.79,0,0,0,0
9,0,0,USA,Lyon,Fuel,Bank Transfer,Mobile,42,520,5.5,862.58,48.95,148,18,3.6,0.17,0,0,0,0
22,0,1,Japan,São Paulo,Travel,Credit Card,ATM,36,724,1.1,7522.13,955.98,145,17,3.4,0.62,0,0,0,0
3,0,1,USA,Osaka,Education,Credit Card,POS Terminal,46,494,0.1,6697.49,36.9,131,26,13.6,36.59,0,0,0,1
10,0,0,Germany,Osaka,Jewelry,Credit Card,Mobile,31,674,4.5,5183.48,261.37,172,24,12.6,20.56,0,0,1,1
19,0,0,USA,Sydney,Gaming,Debit Card,Desktop,59,600,8.1,662.58,184.23,160,15,40.2,8.78,1,0,0,0
5,0,1,Japan,Delhi,Utilities,Mobile Payment,Mobile,44,722,0.5,47058.79,40.19,136,23,73.3,37.14,0,1,0,0
6,1,1,USA,London,Grocery,Debit Card,Mobile,33,726,1.3,749.82,60.8,158,23,18.8,20.64,0,0,1,1
15,0,0,USA,Lyon,Travel,Debit Card,Desktop,49,724,13.4,25436.97,50.59,162,20,9.4,4.11,0,0,0,0
20,0,0,Germany,Berlin,Jewelry,Bank Transfer,Mobile,40,597,1.6,1591.99,568.94,143,23,15.4,11.31,0,0,0,0
21,0,0,France,Mumbai,Healthcare,Debit Card,Tablet,37,760,1.2,22551.82,6.04,131,20,107.6,24.7,0,0,0,0
4,0,1,Brazil,Osaka,Online Shopping,Mobile Payment,ATM,40,519,5.1,14530.81,23.89,172,18,2.9,37.49,0,0,0,0
5,1,1,India,Rio,Fuel,Credit Card,ATM,41,797,4.3,6910.95,52.5,157,22,1.3,6.57,1,1,0,0
14,0,0,USA,Los Angeles,Fuel,Debit Card,Desktop,35,716,3.3,48150.54,97.75,153,19,32.2,8.23,0,0,1,0
4,0,1,India,Osaka,Utilities,Credit Card,Desktop,70,682,17.7,7356.06,92.82,167,16,42.1,9.3,0,0,0,0
7,0,0,Germany,Melbourne,Healthcare,Credit Card,Mobile,37,562,6.7,34195.53,67.85,148,22,46.4,20.61,1,0,0,0
3,0,1,UK,Melbourne,Jewelry,Credit Card,Mobile,18,826,2.7,14813.32,394.2,160,20,9.2,1.12,0,0,1,0
4,0,1,USA,London,Online Shopping,Credit Card,Mobile,20,551,6.5,3454.95,36.96,162,14,82.1,5.25,0,0,0,0
19,0,0,Japan,Guadalajara,ATM Withdrawal,Bank Transfer,Desktop,53,597,1.4,57828.15,28.77,165,26,1.4,9.52,0,0,0,0
16,1,0,Germany,Toronto,Education,Crypto,Mobile,32,720,5.9,54594.88,157.94,138,20,32.4,1.01,0,0,1,0
15,0,0,India,Munich,Utilities,Credit Card,ATM,61,727,3.7,24206.27,62.37,157,21,47.1,1.76,0,0,0,0
16,0,0,USA,Mumbai,Grocery,Credit Card,Mobile,26,716,11.7,174147.04,32.51,152,26,23.2,9.07,0,2,0,0
19,0,0,USA,Munich,Grocery,Mobile Payment,Mobile,44,654,5.8,14152.8,47.29,158,23,40.4,19.3,0,0,0,0
3,0,1,Brazil,London,Electronics,Debit Card,Desktop,55,518,4.9,10093.29,941.15,145,16,22.6,14.22,0,2,0,1
0,1,1,Brazil,Paris,Grocery,Mobile Payment,Mobile,40,716,2.6,25613.18,71.25,157,23,7.3,8.9,0,0,0,0
19,0,0,India,New York,Fuel,Bank Transfer,Desktop,67,585,6.2,11240.87,54.92,163,26,22.4,0.1,0,0,0,0
3,0,1,Japan,Berlin,Crypto Exchange,Credit Card,Desktop,29,601,4.9,2802.8,27.79,149,15,27.4,4.73,0,0,0,0
14,0,0,Brazil,Osaka,Jewelry,Crypto,POS Terminal,65,799,1.2,5790.46,716.59,152,21,21.4,0.03,0,2,0,0
9,0,0,USA,Osaka,Utilities,Credit Card,Mobile,22,633,0.7,16571.02,164.57,164,15,10.9,4.8,0,0,0,0
14,0,0,USA,Manchester,ATM Withdrawal,Credit Card,Desktop,36,686,2.5,9815.57,227.74,155,21,7.9,28.62,0,0,0,0
18,0,0,India,Osaka,Crypto Exchange,Cheque,Desktop,26,680,5.8,6400.49,10.38,175,29,6.6,15.72,0,0,1,0
12,1,0,USA,Manchester,Grocery,Crypto,Mobile,23,688,2.1,9856.36,258.38,153,20,42.9,2.56,1,0,0,0
0,0,1,Germany,Munich,Clothing,Bank Transfer,Desktop,27,564,0.7,1053.89,48.39,159,20,51.7,13.15,1,0,0,0
22,0,1,Germany,Manchester,Entertainment,Debit Card,Mobile,38,659,6.6,1730.53,57.21,167,22,19.6,6.7,0,0,1,0
13,0,0,USA,Delhi,Education,Mobile Payment,Mobile,30,682,6.7,2206.42,72.09,179,20,5.5,11.86,0,0,0,0
22,0,1,USA,Mumbai,Jewelry,Credit Card,POS Terminal,27,636,0.1,8359.82,179.46,162,21,23.6,1.91,0,0,0,0
10,0,0,Mexico,Los Angeles,Entertainment,Debit Card,Mobile,24,735,7.0,25104.47,34.21,164,14,56.9,30.79,0,1,0,0
6,0,1,Japan,Melbourne,Clothing,Cheque,ATM,49,764,2.3,11840.24,27.89,141,19,0.2,21.59,0,0,0,1
18,0,0,India,Delhi,Crypto Exchange,Crypto,POS Terminal,71,706,4.9,8534.49,53.14,150,12,19.2,9.0,0,0,0,1
10,0,0,Germany,Guadalajara,Utilities,Debit Card,Mobile,45,715,3.1,19099.91,29.47,155,24,42.3,1.91,0,0,0,0
13,0,0,USA,Guadalajara,Jewelry,Debit Card,Desktop,18,755,1.0,8231.73,687.65,147,24,78.9,7.12,0,0,1,0
1,0,1,France,Munich,Gaming,Mobile Payment,Mobile,51,525,1.4,7457.75,34.6,165,19,2.5,11.85,0,0,0,0
1,1,1,Brazil,Sydney,Gaming,Debit Card,ATM,23,606,3.5,25048.63,53.31,147,25,1.7,13.4,0,0,0,1
13,0,0,Canada,Guadalajara,Education,Credit Card,Desktop,63,780,3.5,1174.09,57.4,130,24,145.4,7.77,0,0,0,0
20,0,0,Brazil,Mexico City,ATM Withdrawal,Credit Card,Desktop,37,538,2.3,12996.1,17.91,151,13,31.1,12.94,0,0,0,0
18,0,0,UK,Berlin,Travel,Bank Transfer,Mobile,51,696,0.5,21841.64,299.69,154,16,33.0,1.31,0,0,0,0
21,0,0,Japan,Vancouver,ATM Withdrawal,Bank Transfer,Desktop,18,835,6.7,3822.96,21.26,149,26,4.0,21.55,0,0,0,0
12,0,0,UK,Osaka,Gaming,Mobile Payment,ATM,28,588,6.2,65265.49,98.39,144,16,2.4,18.25,0,0,0,0
22,1,1,Brazil,Mexico City,Online Shopping,Credit Card,Desktop,22,748,1.3,12853.49,32.4,162,17,15.0,12.64,0,0,0,0
3,0,1,Japan,Melbourne,Utilities,Cheque,Mobile,34,715,14.7,3696.51,44.73,159,15,8.5,1.47,0,0,0,0
11,0,0,USA,Toronto,Grocery,Debit Card,Tablet,48,665,12.7,6044.97,568.82,147,18,6.8,3.47,0,0,0,0
21,0,0,USA,Manchester,Restaurant,Credit Card,Tablet,38,573,5.9,3296.67,217.1,138,24,10.8,19.75,0,0,0,0
10,0,0,Germany,London,Education,Debit Card,Desktop,26,623,16.3,19338.27,188.29,131,13,9.4,16.86,0,0,0,0
7,1,0,USA,Los Angeles,Education,Debit Card,Mobile,20,656,3.1,38015.2,193.44,126,13,8.9,9.47,0,1,0,0
6,0,1,Germany,Paris,Electronics,Debit Card,Mobile,19,700,7.4,4131.79,5399.8,146,15,21.5,15.25,0,0,0,0
15,1,0,USA,Paris,Clothing,Credit Card,Mobile,37,810,8.1,1232.55,23.22,140,21,2.0,1.56,0,0,0,0
22,0,1,UK,São Paulo,Education,Debit Card,Mobile,30,603,2.7,1831.25,30.91,171,21,6.5,12.18,1,0,0,0
14,1,0,India,Osaka,Clothing,Credit Card,Mobile,43,506,1.1,3244.92,6.96,146,14,5.2,23.23,0,0,0,0
2,1,1,Brazil,Rio,Fuel,Mobile Payment,Mobile,22,598,4.4,30828.46,74.4,130,20,34.0,1.23,0,0,0,0
17,0,0,India,Los Angeles,Clothing,Debit Card,Mobile,30,697,4.7,56075.29,58.52,165,16,3.4,1.36,0,0,0,0
20,0,0,USA,Mumbai,Grocery,Debit Card,ATM,29,581,10.5,2493.6,16.44,163,16,69.8,1.2,0,1,0,0
9,0,0,USA,Sydney,Utilities,Credit Card,POS Terminal,48,704,8.8,1654.92,10.81,149,18,13.9,17.7,0,4,0,0
23,0,1,UK,São Paulo,Crypto Exchange,Debit Card,Desktop,55,656,19.7,10914.14,65.13,144,18,5.3,5.72,0,0,0,0
1,0,1,USA,Osaka,Gaming,Bank Transfer,Mobile,60,612,8.0,9000.56,76.28,153,15,24.7,12.63,0,1,0,0
17,0,0,France,Berlin,Entertainment,Debit Card,Mobile,20,725,0.8,334.54,88.39,148,22,0.5,12.11,0,0,0,0
13,0,0,France,Vancouver,Grocery,Debit Card,ATM,31,558,9.2,8009.36,38.5,159,19,3.3,2.98,0,0,0,0
23,1,1,USA,Tokyo,ATM Withdrawal,Credit Card,ATM,45,601,0.4,18663.21,10.6,188,17,22.8,1.85,0,0,0,0
23,0,1,USA,Guadalajara,Online Shopping,Debit Card,Mobile,57,843,2.8,6616.1,380.07,137,15,37.0,0.62,0,0,0,0
1,1,1,UK,Delhi,Jewelry,Crypto,Mobile,33,729,2.9,17020.46,1319.52,150,21,96.4,19.29,0,0,0,0
19,0,0,Japan,Rio,Travel,Bank Transfer,ATM,48,749,1.2,5492.05,105.16,154,23,1.0,4.71,1,0,0,0
7,0,0,Canada,Mexico City,ATM Withdrawal,Bank Transfer,Mobile,34,647,8.6,7076.01,42.91,141,25,37.6,1.06,0,0,0,0
23,1,1,USA,Sydney,Online Shopping,Debit Card,Mobile,41,745,1.9,7819.99,46.57,165,12,3.4,0.73,0,1,0,0
1,1,1,Germany,London,Travel,Debit Card,Mobile,18,641,0.9,19343.97,1616.73,149,22,4.1,6.95,0,2,0,0
20,0,0,Australia,London,Grocery,Mobile Payment,POS Terminal,47,702,1.3,4119.16,53.93,159,21,8.3,11.4,1,0,0,0
3,1,1,Brazil,Munich,Utilities,Bank Transfer,Tablet,37,655,3.1,31424.42,128.96,146,19,24.3,13.69,1,0,0,1
1,1,1,UK,Rio,Gaming,Credit Card,Mobile,81,683,1.4,1140.09,31.59,166,19,3.7,20.41,0,0,0,0
0,0,1,Brazil,Manchester,Restaurant,Credit Card,Mobile,52,693,3.0,22946.8,395.34,134,21,73.2,3.93,0,0,0,0
9,0,0,Brazil,Vancouver,Travel,Credit Card,ATM,62,808,1.4,13426.68,1289.52,145,17,11.5,31.88,0,0,1,0
17,0,0,India,Munich,Healthcare,Debit Card,ATM,76,668,8.9,8463.79,292.8,165,28,5.9,1.5,0,0,0,0
14,0,0,USA,Los Angeles,Clothing,Debit Card,Tablet,40,766,4.8,1783.62,34.35,157,22,3.7,6.48,0,0,0,0
19,1,0,Australia,Toronto,Crypto Exchange,Credit Card,POS Terminal,35,766,8.6,6285.92,69.44,159,26,18.7,19.3,0,0,0,0
6,0,1,France,Delhi,ATM Withdrawal,Debit Card,POS Terminal,22,655,10.0,20412.94,145.76,134,22,9.3,6.08,0,0,0,0
18,0,0,Australia,Tokyo,Utilities,Mobile Payment,ATM,26,762,4.4,2552.5,105.13,138,16,34.7,4.78,0,0,0,0
8,0,0,USA,Paris,Clothing,Debit Card,Mobile,62,509,2.0,9469.61,24.25,160,23,32.5,22.02,0,3,0,0
13,1,0,UK,London,Restaurant,Credit Card,Tablet,44,706,4.5,10811.72,24.52,130,22,10.6,19.6,0,5,0,0
7,0,0,USA,Munich,Restaurant,Credit Card,Mobile,26,617,12.9,22651.89,37.7,155,19,67.3,16.1,1,0,0,0
12,1,0,Japan,New York,Restaurant,Debit Card,Desktop,18,714,1.0,4391.89,10.38,158,23,23.2,3.8,1,2,0,1
14,0,0,UK,Sydney,Online Shopping,Bank Transfer,Mobile,40,655,16.9,13108.87,130.84,153,19,0.3,11.48,1,0,0,0
6,0,1,Japan,Mumbai,ATM Withdrawal,Debit Card,Mobile,18,630,3.6,3072.39,256.66,139,24,3.4,7.41,0,0,0,0
5,0,1,Brazil,Rio,Education,Bank Transfer,Desktop,18,562,2.9,14736.54,26.47,121,21,9.8,18.09,0,0,0,0
22,0,1,India,Berlin,Electronics,Cheque,Mobile,47,573,12.2,42013.78,454.55,172,27,65.9,4.54,0,0,0,0
1,0,1,Japan,Rio,Grocery,Credit Card,ATM,30,711,3.7,18406.83,47.97,147,22,6.1,1.43,0,0,0,0
10,0,0,Brazil,New York,Utilities,Mobile Payment,POS Terminal,37,727,4.8,5886.15,24.41,149,21,4.3,12.35,0,0,0,0
0,0,1,USA,Los Angeles,Grocery,Credit Card,Mobile,52,735,0.7,3200.54,17.77,154,22,3.6,2.4,1,1,0,0
4,0,1,USA,New York,Grocery,Crypto,Tablet,41,762,1.8,6737.99,244.71,161,15,45.5,2.83,0,0,0,0
18,0,0,UK,Berlin,Grocery,Credit Card,Mobile,28,618,3.3,5347.06,183.14,165,22,31.7,2.91,0,0,0,0
16,1,0,USA,Tokyo,Education,Bank Transfer,ATM,31,767,2.6,62682.21,73.32,150,16,84.0,12.22,0,0,0,0
16,0,0,India,Mexico City,ATM Withdrawal,Credit Card,Desktop,53,733,2.1,6208.71,56.42,153,21,1.7,35.59,0,0,0,0
22,0,1,Canada,Melbourne,Utilities,Credit Card,Mobile,24,687,1.6,4186.24,254.54,157,27,36.2,4.23,0,0,0,0
21,0,0,India,Osaka,Healthcare,Credit Card,Desktop,20,644,4.1,95089.61,34.41,149,20,37.1,5.21,1,0,0,0
9,0,0,Mexico,Paris,Jewelry,Debit Card,Mobile,46,566,0.9,30540.23,224.7,156,10,19.3,6.35,0,0,0,0
13,1,0,India,Rio,Electronics,Debit Card,Mobile,31,530,9.4,12369.4,981.44,157,26,8.6,0.85,0,0,0,0
13,0,0,Canada,Vancouver,Electronics,Credit Card,Mobile,34,738,11.3,2343.67,113.04,116,20,22.8,8.79,0,0,0,0
8,0,0,USA,Munich,Travel,Credit Card,Mobile,32,700,11.2,27124.61,157.49,143,21,13.1,7.61,0,0,0,0
11,0,0,India,London,Jewelry,Cheque,Mobile,50,599,0.4,2542.85,581.5,146,24,29.0,23.82,0,4,1,0
11,1,0,USA,Manchester,Clothing,Debit Card,Mobile,18,781,1.8,25956.42,17.71,144,18,35.8,0.2,1,1,0,0
13,0,0,Japan,Tokyo,Jewelry,Bank Transfer,Mobile,47,770,0.1,6880.18,1060.39,147,29,8.9,2.62,0,0,0,0
19,0,0,USA,Mumbai,Education,Credit Card,Mobile,43,751,1.9,14363.97,164.23,151,28,23.6,3.18,0,0,0,0
6,0,1,Mexico,New York,Education,Credit Card,Mobile,50,638,21.1,1118.57,21.84,153,17,6.5,8.15,0,0,0,0
18,0,0,India,Mexico City,Crypto Exchange,Bank Transfer,Mobile,45,750,7.3,15678.95,92.72,141,21,32.4,17.52,0,0,0,0
9,1,0,USA,Melbourne,Grocery,Bank Transfer,POS Terminal,62,732,2.4,42891.7,252.54,158,27,104.3,13.79,0,0,0,0
22,0,1,Germany,Rio,Education,Credit Card,Mobile,43,780,1.7,74991.31,22.22,142,19,5.9,5.7,0,0,0,0
23,0,1,Australia,Guadalajara,Education,Credit Card,Desktop,18,606,0.5,67665.1,14.96,154,8,17.0,15.99,0,1,0,0
17,0,0,Brazil,Tokyo,Education,Debit Card,ATM,50,612,6.0,4408.5,26.88,166,11,21.5,0.14,0,5,0,0
22,0,1,Canada,London,Entertainment,Credit Card,ATM,42,706,15.6,16919.51,128.63,148,22,5.4,6.4,0,0,0,0
8,0,0,India,Guadalajara,Electronics,Mobile Payment,Mobile,50,693,1.9,3296.11,864.04,160,25,7.0,1.74,0,0,0,0
7,0,0,Canada,Toronto,Online Shopping,Credit Card,Mobile,30,833,3.4,5714.26,14.07,141,14,17.3,9.05,0,0,0,0
6,0,1,Brazil,Mexico City,ATM Withdrawal,Cheque,Mobile,47,669,5.7,28410.61,15.28,130,24,64.6,4.3,0,2,0,0
16,0,0,Canada,London,Jewelry,Bank Transfer,Mobile,38,686,1.9,2850.9,387.07,142,17,34.8,6.66,0,2,0,0
22,0,1,Brazil,Osaka,Gaming,Debit Card,Mobile,43,641,2.3,9993.02,50.43,155,14,6.3,13.34,0,1,0,0
15,0,0,India,Manchester,Electronics,Debit Card,Mobile,34,718,5.0,23943.37,117.45,127,25,42.8,31.05,0,0,0,0
8,0,0,Mexico,Delhi,ATM Withdrawal,Crypto,Tablet,36,722,1.8,35044.93,38.65,144,17,8.8,5.78,0,0,0,0
13,1,0,Germany,Melbourne,Education,Credit Card,Desktop,39,587,1.2,2617.72,9.82,178,24,1.3,4.21,0,0,0,0
23,0,1,Germany,São Paulo,Healthcare,Debit Card,Desktop,69,760,17.8,60877.23,116.5,157,13,28.4,32.08,0,2,0,0
20,0,0,USA,Paris,ATM Withdrawal,Credit Card,ATM,18,611,2.1,4297.57,25.82,166,15,4.9,8.25,0,0,0,0
13,0,0,USA,Mumbai,Entertainment,Debit Card,POS Terminal,54,624,1.9,7292.65,36.37,134,19,2.2,14.38,0,0,1,0
16,0,0,Germany,Osaka,Gaming,Debit Card,ATM,26,718,2.3,16618.57,64.81,124,15,18.6,1.53,0,0,0,0
5,0,1,USA,Delhi,Crypto Exchange,Credit Card,ATM,36,527,2.7,5686.95,84.42,150,19,2.9,11.87,0,0,0,0
18,0,0,Brazil,Melbourne,Entertainment,Bank Transfer,Desktop,45,712,3.2,4061.15,3.0,173,8,11.1,20.08,1,0,0,0
12,0,0,USA,Mumbai,Online Shopping,Mobile Payment,Mobile,30,708,6.3,36171.56,6.51,157,28,5.5,20.87,1,2,0,0
4,0,1,USA,London,Electronics,Credit Card,Mobile,48,636,4.1,19398.61,1005.46,143,9,13.4,6.58,0,0,0,0
21,0,0,Japan,Melbourne,Grocery,Mobile Payment,Desktop,42,708,2.1,4405.86,93.68,150,23,2.9,7.0,0,0,0,0
2,0,1,UK,Munich,Utilities,Credit Card,Tablet,36,607,3.3,46443.1,165.25,134,20,0.1,2.31,0,1,0,0
2,0,1,USA,Berlin,Online Shopping,Mobile Payment,Mobile,44,664,0.3,3263.86,41.99,158,25,5.1,8.29,0,0,0,0
14,1,0,Japan,São Paulo,Jewelry,Bank Transfer,Mobile,37,551,30.0,3616.31,545.56,134,22,35.1,11.84,0,0,0,0
12,0,0,India,Munich,Travel,Bank Transfer,Desktop,50,663,4.4,6170.58,99.44,156,31,39.5,6.74,0,0,0,0
23,0,1,India,Vancouver,Gaming,Bank Transfer,Mobile,37,660,0.5,6146.97,117.41,157,20,7.8,5.43,1,1,0,0
2,1,1,Brazil,New York,Travel,Credit Card,Mobile,18,636,0.1,26986.76,73.11,148,22,28.1,18.21,0,0,1,0
22,0,1,UK,Vancouver,Travel,Debit Card,Desktop,43,768,1.1,4483.5,101.19,147,25,28.6,1.19,0,0,0,0
13,0,0,Brazil,Sydney,Entertainment,Credit Card,Mobile,42,699,1.6,2838.99,283.0,143,21,6.9,9.78,0,0,0,0
23,1,1,Germany,Mumbai,Restaurant,Bank Transfer,POS Terminal,31,775,8.3,1162.15,58.73,139,31,15.7,14.56,1,0,0,0
11,1,0,Brazil,Sydney,Clothing,Cheque,POS Terminal,23,705,0.5,15573.14,89.56,151,13,24.9,1.6,0,0,0,0
10,1,0,USA,Delhi,Gaming,Debit Card,Mobile,41,797,6.2,10295.65,49.75,155,22,22.7,0.28,0,2,0,0
8,1,0,USA,Rio,Restaurant,Credit Card,Mobile,47,767,6.7,9637.69,82.9,158,25,1.8,0.03,0,0,1,0
17,0,0,Brazil,Toronto,Education,Debit Card,ATM,30,691,6.2,5679.65,107.21,161,22,6.8,7.24,0,3,0,0
12,0,0,Canada,Tokyo,ATM Withdrawal,Crypto,Desktop,46,637,12.9,1647.99,51.67,128,21,42.5,18.62,0,0,0,0
22,1,1,France,Los Angeles,Jewelry,Debit Card,POS Terminal,31,737,3.1,5363.5,585.42,129,19,12.2,10.7,0,0,0,0
3,0,1,Australia,São Paulo,Fuel,Debit Card,Mobile,50,619,5.1,3531.83,32.1,152,19,17.7,5.61,0,0,0,0
17,0,0,USA,Vancouver,Crypto Exchange,Mobile Payment,Desktop,32,632,2.1,9290.74,116.34,148,23,39.1,0.22,0,0,0,0
8,0,0,USA,Delhi,Jewelry,Mobile Payment,Desktop,49,738,1.7,3402.04,926.69,168,13,59.8,5.35,0,0,0,0
7,0,0,USA,São Paulo,ATM Withdrawal,Credit Card,Desktop,34,707,2.4,3666.86,30.59,144,11,10.5,6.31,1,0,0,0
1,0,1,USA,Munich,Electronics,Bank Transfer,Desktop,55,634,6.0,29361.19,6483.82,147,19,49.9,4.59,0,1,0,0
22,0,1,Brazil,Manchester,Travel,Credit Card,Desktop,42,688,0.2,5071.23,1782.24,146,21,11.7,3.44,0,0,0,0
0,0,1,Brazil,Mumbai,Restaurant,Cheque,Tablet,56,786,8.6,6038.88,344.29,145,20,13.6,10.47,0,1,0,0
19,0,0,Germany,Mumbai,Restaurant,Credit Card,Tablet,25,637,15.8,28737.18,28.73,142,27,3.8,8.47,0,0,1,0
22,1,1,Germany,Delhi,Entertainment,Mobile Payment,Desktop,61,659,6.9,12725.85,72.78,134,27,16.9,3.21,0,2,0,0
6,0,1,USA,Tokyo,Online Shopping,Credit Card,Desktop,32,578,1.8,14223.15,35.98,148,28,10.0,2.5,0,0,0,0
2,0,1,India,Berlin,Fuel,Credit Card,Mobile,49,492,3.2,9726.69,41.11,157,21,5.3,10.7,0,0,0,0
20,0,0,USA,Berlin,Healthcare,Bank Transfer,Mobile,18,647,2.5,3618.74,23.37,136,24,6.2,11.66,0,4,0,0
16,1,0,USA,Berlin,Electronics,Credit Card,Mobile,62,614,5.0,3878.11,799.06,140,13,13.1,15.18,0,0,0,0
10,0,0,UK,Melbourne,Entertainment,Bank Transfer,ATM,40,533,2.0,1360.23,78.37,148,21,22.0,6.47,0,0,0,0
15,0,0,France,Sydney,Electronics,Credit Card,Mobile,33,646,1.8,6440.1,466.52,141,16,1.1,5.03,0,0,0,0
0,0,1,USA,Munich,Gaming,Cheque,Mobile,31,751,8.4,2255.29,32.97,145,19,45.3,7.29,0,0,0,0
9,0,0,Australia,Toronto,Crypto Exchange,Bank Transfer,Mobile,18,671,3.1,10547.24,77.0,147,9,0.0,5.23,0,3,0,0
23,0,1,USA,Melbourne,Electronics,Debit Card,Desktop,42,746,4.9,2582.87,238.3,137,13,5.5,11.24,0,0,0,0
9,1,0,India,Los Angeles,Travel,Credit Card,ATM,60,844,2.5,19928.61,321.18,138,21,37.5,18.81,0,0,0,0
2,0,1,Germany,Vancouver,Gaming,Credit Card,ATM,54,642,13.9,7968.56,40.94,144,21,40.4,37.47,0,0,0,0
7,1,0,France,Rio,Grocery,Credit Card,Desktop,35,677,2.7,57517.59,204.66,167,21,6.9,1.82,0,0,0,0
14,1,0,Germany,Berlin,Restaurant,Debit Card,Mobile,18,618,0.1,25553.98,25.14,144,28,12.0,19.38,0,1,0,0
20,0,0,USA,Vancouver,Healthcare,Credit Card,Mobile,44,667,0.6,11179.32,396.41,162,12,0.0,61.01,0,0,0,0
12,1,0,Germany,Osaka,Online Shopping,Bank Transfer,Desktop,32,627,5.9,1638.57,48.96,141,10,19.3,15.97,1,0,0,0
12,0,0,France,São Paulo,ATM Withdrawal,Credit Card,Tablet,25,747,15.3,7087.52,47.15,158,25,26.6,1.81,0,0,0,0
22,0,1,UK,New York,Healthcare,Debit Card,ATM,40,648,2.6,21628.53,181.87,155,24,13.1,0.78,0,0,0,0
15,1,0,Germany,Lyon,Fuel,Crypto,Mobile,36,766,9.3,5692.16,145.69,119,20,4.0,2.42,1,0,0,0
22,1,1,India,Toronto,Electronics,Credit Card,Mobile,30,560,1.2,30090.12,1117.59,156,20,21.0,20.03,0,0,0,1
3,1,1,Canada,Munich,Online Shopping,Credit Card,Mobile,37,845,4.7,11807.12,18.01,131,27,33.0,26.97,0,0,0,0
12,0,0,USA,Manchester,Fuel,Credit Card,ATM,60,668,8.1,1342.58,16.85,161,14,7.6,4.04,0,2,0,0
21,1,0,India,Guadalajara,Entertainment,Credit Card,ATM,35,635,5.6,19230.51,16.96,148,26,6.1,5.92,0,0,0,0
12,0,0,Germany,Sydney,Fuel,Credit Card,Tablet,18,798,3.9,4097.0,39.76,171,12,0.8,0.59,0,0,0,0
0,0,1,USA,Delhi,Grocery,Crypto,Mobile,18,754,7.2,2500.21,38.32,152,18,9.8,20.11,0,0,0,0
21,1,0,USA,Tokyo,Online Shopping,Bank Transfer,Desktop,59,623,6.3,3626.1,101.95,185,16,1.2,16.32,0,5,0,0
14,0,0,USA,Vancouver,Crypto Exchange,Mobile Payment,ATM,25,614,1.9,2670.88,76.67,160,21,10.7,19.11,0,1,0,0
14,0,0,Japan,Osaka,Jewelry,Credit Card,Mobile,43,611,17.9,2625.16,564.29,147,20,4.7,3.1,0,0,0,0
15,0,0,USA,Sydney,Entertainment,Mobile Payment,Mobile,40,622,0.4,4351.91,38.46,175,22,55.1,42.31,0,1,0,0
7,0,0,Canada,Delhi,ATM Withdrawal,Debit Card,Mobile,44,668,2.4,8674.27,25.03,155,18,9.2,14.73,0,1,0,0
14,0,0,Australia,New York,Education,Debit Card,Mobile,49,604,6.3,3375.33,23.35,141,27,32.8,3.29,0,0,0,0
1,0,1,France,Vancouver,Restaurant,Credit Card,Mobile,49,579,11.8,3078.68,116.12,148,21,10.7,0.85,0,2,0,0
8,1,0,Mexico,Guadalajara,ATM Withdrawal,Debit Card,Mobile,48,535,1.3,13835.84,69.22,148,22,72.3,12.06,1,0,0,0
14,1,0,India,Manchester,Grocery,Debit Card,Desktop,61,564,0.9,173772.16,15.34,181,21,29.9,25.85,1,0,0,0
16,1,0,USA,Guadalajara,Gaming,Debit Card,Mobile,32,788,7.4,4481.95,49.62,156,18,9.6,28.16,0,2,0,1
10,0,0,Brazil,Los Angeles,ATM Withdrawal,Bank Transfer,Tablet,46,707,2.1,6709.71,52.35,139,24,9.0,4.8,0,0,0,0
21,0,0,France,Melbourne,Entertainment,Debit Card,Mobile,61,547,2.4,2189.94,34.61,153,24,11.9,5.31,1,0,0,0
3,0,1,India,Tokyo,Online Shopping,Bank Transfer,Mobile,66,748,6.5,133710.54,37.91,141,14,6.4,17.93,0,0,0,0
9,1,0,Australia,Vancouver,Healthcare,Bank Transfer,Mobile,47,706,6.3,1524.17,297.87,145,24,4.7,12.03,0,0,0,0
15,0,0,Brazil,New York,Healthcare,Debit Card,Desktop,56,755,1.7,23627.31,46.44,144,32,75.0,12.67,0,0,0,0
10,0,0,India,Sydney,Entertainment,Mobile Payment,Mobile,30,664,7.1,3947.72,319.42,168,22,32.9,13.52,0,0,0,0
22,0,1,USA,Munich,Electronics,Mobile Payment,Mobile,18,675,0.2,32317.13,1376.14,146,20,10.0,1.6,0,0,0,0
17,0,0,UK,Manchester,Online Shopping,Mobile Payment,Mobile,40,664,0.2,29455.55,187.61,160,17,6.1,39.84,1,0,1,0
13,0,0,Brazil,Delhi,Jewelry,Debit Card,POS Terminal,18,700,10.9,4543.88,248.92,149,19,0.9,23.79,0,0,0,0
1,1,1,UK,Sydney,Clothing,Credit Card,POS Terminal,32,702,18.2,2482.65,131.2,137,20,1.2,0.85,0,0,0,0
10,0,0,UK,Manchester,Online Shopping,Debit Card,Mobile,24,661,2.6,13206.49,72.92,141,23,49.6,1.76,0,0,0,0
20,0,0,USA,Mumbai,Electronics,Debit Card,Mobile,47,656,3.0,2793.03,313.93,174,20,23.2,8.36,1,0,0,0
23,0,1,Mexico,Delhi,Restaurant,Debit Card,Tablet,42,723,2.1,7610.48,14.34,172,19,14.9,3.53,0,5,0,0
16,0,0,UK,Paris,Utilities,Mobile Payment,Mobile,43,626,0.5,9080.97,8.84,167,18,5.7,7.99,0,0,0,0
15,0,0,USA,New York,Healthcare,Debit Card,Mobile,45,781,4.2,11572.54,38.21,138,14,26.1,26.84,0,0,0,0
20,0,0,USA,Berlin,Electronics,Credit Card,Mobile,41,642,3.8,24775.81,1069.52,150,13,22.6,0.61,0,0,0,0
12,0,0,USA,Melbourne,Healthcare,Mobile Payment,Mobile,29,617,0.6,3720.02,118.73,164,15,46.1,10.98,0,0,0,0
21,0,0,USA,Mexico City,Electronics,Debit Card,Mobile,55,685,2.0,10682.98,171.23,141,25,9.2,19.55,0,2,0,0
15,0,0,Japan,Manchester,Utilities,Credit Card,Mobile,41,543,0.8,1106.31,178.06,176,19,4.4,14.84,0,0,0,0
0,1,1,USA,Mexico City,Education,Credit Card,POS Terminal,56,658,1.7,2064.89,86.93,125,11,5.2,16.03,0,0,0,0
22,0,1,USA,Osaka,Grocery,Crypto,ATM,52,751,2.7,26814.88,51.34,152,22,0.4,17.47,0,2,0,0
0,0,1,France,Mumbai,Gaming,Bank Transfer,Mobile,41,655,0.1,2271.09,63.87,164,13,12.7,5.04,0,0,0,0
7,0,0,Germany,Guadalajara,Grocery,Bank Transfer,Desktop,31,679,2.8,10150.41,139.35,148,23,1.0,7.26,0,0,0,0
5,0,1,USA,Paris,Electronics,Mobile Payment,ATM,59,662,8.3,6931.95,478.53,150,25,8.8,0.02,0,0,0,0
2,0,1,USA,Melbourne,Fuel,Mobile Payment,POS Terminal,44,690,0.6,4358.68,27.53,168,19,4.3,0.07,0,0,0,1
18,0,0,India,Mumbai,Entertainment,Credit Card,Desktop,47,686,18.8,13141.06,13.09,154,18,17.1,1.9,1,0,0,0
4,0,1,Japan,Paris,Crypto Exchange,Debit Card,Desktop,75,668,0.6,708.3,19.92,165,26,17.5,4.44,0,0,0,0
13,1,0,UK,Sydney,Gaming,Mobile Payment,ATM,40,649,7.8,8809.81,361.3,156,28,18.6,0.45,0,0,0,0
12,1,0,UK,São Paulo,Gaming,Mobile Payment,Mobile,29,664,0.8,9002.78,14.19,168,22,13.2,6.72,0,1,0,0
13,0,0,India,Melbourne,Utilities,Mobile Payment,Mobile,42,718,3.4,5620.05,230.71,144,17,9.0,0.11,0,0,0,0
22,1,1,India,São Paulo,Restaurant,Debit Card,Desktop,37,766,5.2,1269.34,58.43,143,20,13.9,0.87,0,0,0,0
3,0,1,Canada,New York,Jewelry,Debit Card,Mobile,53,693,1.9,7787.42,80.4,145,26,19.7,11.16,0,0,1,0
17,1,0,France,Osaka,Education,Bank Transfer,Tablet,35,647,3.0,13620.77,20.16,160,22,33.4,1.79,0,0,0,0
8,0,0,USA,São Paulo,Healthcare,Debit Card,Desktop,44,697,4.2,1693.86,16.89,139,16,41.4,4.31,0,0,0,0
5,1,1,UK,Berlin,ATM Withdrawal,Mobile Payment,Desktop,49,724,1.7,3392.87,73.05,166,19,0.0,21.45,0,0,0,1
8,1,0,USA,Toronto,Fuel,Credit Card,Desktop,22,720,4.8,3079.43,27.43,161,22,2.9,5.68,0,0,0,0
0,1,1,Japan,Lyon,Clothing,Bank Transfer,Mobile,46,780,1.3,2549.73,41.56,137,14,1.6,4.19,0,0,0,0
15,0,0,Japan,Melbourne,Healthcare,Debit Card,Desktop,19,724,1.2,726.0,62.31,133,22,47.3,12.16,0,0,0,0
20,0,0,Australia,Mumbai,Electronics,Bank Transfer,POS Terminal,82,692,5.0,24549.86,1070.75,147,22,5.8,16.42,0,0,0,0
16,0,0,USA,Melbourne,Crypto Exchange,Bank Transfer,Mobile,48,649,6.7,4174.8,298.84,148,29,13.5,2.72,0,0,0,0
17,1,0,India,Paris,Jewelry,Bank Transfer,Mobile,23,583,8.7,12192.22,2323.6,148,30,49.2,2.58,1,0,0,0
19,0,0,Brazil,New York,Education,Bank Transfer,Desktop,32,641,0.1,15200.71,70.44,149,20,16.5,2.36,1,0,0,0
2,0,1,USA,London,Fuel,Credit Card,Desktop,26,827,1.7,3029.8,151.63,144,16,7.2,2.66,0,0,0,0
11,0,0,USA,Manchester,Jewelry,Bank Transfer,Desktop,30,718,5.7,13112.68,649.53,152,18,26.9,26.58,1,0,0,0
10,0,0,USA,Toronto,Gaming,Bank Transfer,Tablet,51,599,0.3,19509.57,79.32,155,22,20.3,20.32,0,1,0,0
4,1,1,Japan,London,Crypto Exchange,Cheque,Mobile,53,656,2.8,5708.4,87.1,148,20,65.7,37.01,0,0,0,0
5,0,1,France,Guadalajara,Clothing,Bank Transfer,Desktop,44,674,28.5,52885.98,13.14,147,20,59.3,22.76,0,0,0,0
4,0,1,Germany,São Paulo,Healthcare,Mobile Payment,ATM,28,722,1.1,811.68,44.41,151,25,2.0,3.02,0,0,0,0
4,1,1,UK,Guadalajara,Crypto Exchange,Credit Card,ATM,34,581,2.1,3062.15,38.63,160,22,6.8,7.67,0,2,0,0
3,0,1,USA,São Paulo,Travel,Crypto,Mobile,28,842,13.9,3740.05,233.17,148,19,40.2,3.52,1,0,0,0
1,1,1,Canada,Los Angeles,Utilities,Credit Card,Tablet,22,598,4.3,5670.92,45.44,140,24,3.3,55.96,0,0,1,0
15,0,0,USA,Toronto,Crypto Exchange,Debit Card,Mobile,43,730,9.8,2912.36,19.07,178,17,4.6,10.04,0,0,0,0
8,1,0,USA,Rio,Healthcare,Crypto,Desktop,18,509,8.5,16307.92,56.84,160,11,3.4,2.5,1,0,0,0
18,1,0,Brazil,Vancouver,Travel,Credit Card,Tablet,42,821,2.1,14255.37,49.71,166,19,22.2,40.3,0,0,0,0
0,0,1,India,Mexico City,Utilities,Credit Card,Mobile,43,696,2.6,10147.15,31.08,142,31,27.3,4.31,0,0,0,0
19,0,0,UK,Guadalajara,Clothing,Mobile Payment,Mobile,32,740,1.7,14651.57,92.97,167,22,0.1,2.39,0,0,0,0
4,1,1,UK,Melbourne,Healthcare,Bank Transfer,Tablet,61,719,8.1,56729.29,23.88,148,26,15.0,14.38,0,1,0,0
17,0,0,Mexico,Tokyo,Clothing,Credit Card,ATM,36,742,10.4,301655.18,102.8,137,22,2.9,3.85,0,0,0,0
0,0,1,UK,Los Angeles,Travel,Debit Card,Mobile,25,727,13.6,2111.01,308.99,137,20,51.7,4.63,1,0,1,0
4,1,1,UK,Munich,Jewelry,Debit Card,Desktop,43,678,1.1,33653.65,1677.14,143,25,11.3,7.43,0,0,0,0
8,0,0,Canada,Osaka,Online Shopping,Credit Card,Desktop,38,583,6.4,14297.43,7.34,150,22,35.1,0.27,0,1,0,0
2,0,1,Australia,Sydney,Online Shopping,Mobile Payment,Mobile,49,788,0.3,4795.43,53.24,152,29,33.3,13.86,0,1,0,0
6,0,1,UK,Sydney,Online Shopping,Debit Card,Mobile,28,707,0.3,4250.34,281.09,161,23,43.7,26.67,0,0,1,0
19,0,0,USA,São Paulo,Restaurant,Debit Card,Desktop,29,709,3.5,13200.6,354.78,148,24,13.9,11.05,0,0,0,0
16,0,0,USA,São Paulo,ATM Withdrawal,Bank Transfer,Mobile,35,696,13.9,50468.03,7.39,144,14,9.7,17.25,0,0,0,0
19,0,0,USA,Vancouver,Healthcare,Crypto,ATM,40,721,0.4,2800.87,25.38,157,23,40.0,1.12,0,0,0,0
8,0,0,Brazil,Mumbai,Entertainment,Debit Card,Desktop,19,714,0.9,12795.28,7.5,182,17,7.3,6.02,1,0,0,0
3,1,1,USA,Guadalajara,Education,Mobile Payment,Desktop,31,683,1.7,21468.54,300.45,158,18,13.2,17.73,0,2,0,0
14,0,0,USA,Mumbai,Entertainment,Bank Transfer,POS Terminal,27,750,0.7,1538.7,44.15,133,13,75.9,4.81,0,0,0,0
17,1,0,Germany,Mexico City,ATM Withdrawal,Debit Card,ATM,63,701,2.5,51829.34,248.78,163,12,50.7,0.88,0,0,0,0
10,0,0,India,Los Angeles,Entertainment,Credit Card,Mobile,52,569,0.9,9188.91,9.03,162,23,32.6,7.71,1,0,0,0
5,0,1,Brazil,Rio,Restaurant,Debit Card,POS Terminal,60,712,0.6,69439.64,22.54,132,19,10.2,18.95,0,0,0,0
9,0,0,India,Manchester,Entertainment,Debit Card,Desktop,36,756,3.9,12136.45,19.23,146,23,19.7,14.17,0,0,0,0
2,0,1,USA,Mexico City,Electronics,Bank Transfer,Mobile,36,714,3.6,11581.62,241.4,132,15,7.9,1.05,0,0,0,0
20,0,0,Canada,Los Angeles,Entertainment,Debit Card,ATM,30,626,25.4,19630.84,73.38,140,14,11.4,16.27,0,0,0,0
8,1,0,India,Los Angeles,Gaming,Debit Card,Desktop,36,639,0.6,2671.5,53.67,136,25,50.3,9.81,0,0,0,0
4,0,1,Mexico,Osaka,ATM Withdrawal,Credit Card,Desktop,45,702,10.6,2477.35,41.01,129,22,4.0,23.54,0,0,0,0
1,1,1,USA,Manchester,Gaming,Debit Card,Desktop,30,710,8.9,23938.68,205.0,139,28,31.5,19.05,0,0,0,0
4,0,1,USA,Guadalajara,Utilities,Crypto,Tablet,28,720,2.1,1773.55,30.58,153,24,12.8,7.44,1,0,0,0
12,0,0,USA,São Paulo,Jewelry,Credit Card,Mobile,63,772,2.2,23172.11,42.42,140,21,0.4,7.77,0,0,0,0
8,0,0,Brazil,Los Angeles,ATM Withdrawal,Credit Card,Mobile,60,570,2.9,17288.76,7.1,154,24,32.4,12.06,0,4,0,1
0,0,1,UK,Manchester,Restaurant,Bank Transfer,Desktop,40,575,10.2,30874.19,62.75,157,24,3.2,19.35,1,0,0,1
8,1,0,USA,São Paulo,Travel,Bank Transfer,Mobile,63,637,2.7,4219.37,295.68,157,17,18.7,1.19,0,0,0,0
3,0,1,Brazil,Delhi,Travel,Debit Card,Desktop,68,560,1.6,18885.9,281.09,152,30,27.3,7.9,0,0,0,0
3,1,1,USA,Berlin,Entertainment,Crypto,Desktop,41,850,0.5,4058.17,267.12,148,21,51.4,31.95,0,0,0,0
3,0,1,Australia,Toronto,Restaurant,Credit Card,Mobile,40,835,5.9,21404.0,259.0,135,23,10.8,6.1,0,0,1,1
7,0,0,India,Tokyo,ATM Withdrawal,Debit Card,Mobile,66,661,2.9,9487.89,18.73,159,25,7.7,7.43,0,0,0,0
21,0,0,Japan,Vancouver,Clothing,Credit Card,ATM,69,595,15.3,1006.94,25.56,158,18,10.6,1.49,0,0,0,0
4,0,1,Australia,Sydney,Restaurant,Credit Card,Desktop,60,739,1.3,37649.66,15.26,148,28,11.6,2.24,0,0,0,0
12,0,0,Brazil,Mexico City,Travel,Debit Card,Mobile,38,665,3.2,11230.72,494.69,163,26,7.5,4.57,0,0,0,0
12,0,0,Germany,Manchester,Grocery,Debit Card,Mobile,52,850,3.0,71305.06,70.49,144,18,6.3,3.29,0,1,0,0
13,1,0,USA,Los Angeles,Restaurant,Crypto,Mobile,39,680,14.9,1239.94,43.47,138,21,45.4,12.12,1,1,1,0
19,1,0,USA,Tokyo,Education,Debit Card,Desktop,18,679,2.6,9456.2,71.18,146,11,19.6,9.89,0,0,0,0
15,1,0,USA,Mumbai,Entertainment,Debit Card,POS Terminal,51,658,2.2,10967.82,14.82,173,16,9.1,22.11,0,0,0,0
18,0,0,India,Munich,Electronics,Credit Card,Desktop,72,650,10.2,8699.39,95.78,144,23,10.3,63.26,0,0,0,0
6,0,1,Germany,Paris,Clothing,Credit Card,Desktop,51,732,0.1,17302.03,437.73,150,18,38.9,3.58,0,0,1,0
22,0,1,France,Mexico City,Utilities,Mobile Payment,Mobile,71,665,7.1,3706.94,89.56,161,15,19.2,0.44,1,0,0,0
14,0,0,India,Osaka,ATM Withdrawal,Credit Card,Mobile,50,709,8.6,4307.26,137.46,154,15,40.0,1.82,1,4,0,0
17,0,0,Brazil,Tokyo,Crypto Exchange,Debit Card,Mobile,33,668,3.9,39350.84,34.85,154,19,32.2,38.1,0,0,0,0
2,0,1,Mexico,São Paulo,Healthcare,Crypto,ATM,23,640,0.4,7695.15,699.74,165,22,15.0,10.85,1,0,0,0
5,0,1,Germany,London,Healthcare,Debit Card,Desktop,49,724,4.5,23745.24,32.04,160,27,4.5,1.27,0,0,1,0
9,0,0,Canada,Sydney,Utilities,Mobile Payment,Mobile,65,760,3.5,30283.71,53.12,144,17,35.1,7.19,0,0,0,0
5,0,1,India,Munich,Clothing,Credit Card,POS Terminal,24,690,5.5,2712.44,28.22,135,23,0.4,16.45,0,0,0,0
8,0,0,France,São Paulo,Grocery,Debit Card,Mobile,54,701,3.3,21566.55,30.47,162,16,30.6,10.98,0,0,0,0
22,1,1,India,São Paulo,Healthcare,Bank Transfer,Tablet,54,558,2.3,1379.88,40.96,172,23,31.7,22.01,0,0,0,0
2,0,1,Japan,São Paulo,Online Shopping,Debit Card,Desktop,25,633,2.1,5135.44,24.14,172,19,22.6,2.75,1,0,0,0
20,0,0,India,Vancouver,Healthcare,Crypto,Mobile,23,743,3.2,37479.63,180.08,157,22,55.2,30.02,0,0,0,0
22,1,1,India,Melbourne,Grocery,Debit Card,Desktop,32,792,2.1,1006.83,158.82,161,30,26.4,4.3,0,0,0,0
2,0,1,Mexico,Manchester,Online Shopping,Bank Transfer,Mobile,46,512,18.4,124363.65,12.89,135,16,8.6,28.8,0,2,0,0
12,1,0,Brazil,Paris,Fuel,Bank Transfer,Desktop,45,777,0.7,25151.41,201.0,152,12,1.4,6.86,0,0,0,0
1,0,1,Germany,Manchester,Restaurant,Credit Card,Mobile,36,777,6.8,2292.65,61.4,151,22,21.9,14.75,0,0,0,0
8,0,0,Germany,Vancouver,Crypto Exchange,Credit Card,ATM,53,645,0.5,4143.38,216.4,166,15,85.1,1.62,1,0,0,0
14,0,0,Canada,Berlin,Utilities,Bank Transfer,Mobile,42,549,0.4,4726.88,27.1,154,24,9.2,0.62,0,0,0,0
16,1,0,Brazil,Lyon,Restaurant,Mobile Payment,Mobile,40,845,1.6,5520.74,34.64,154,25,17.2,18.02,0,0,1,0
3,0,1,Brazil,Berlin,Utilities,Credit Card,POS Terminal,36,672,9.6,1520.99,52.04,142,15,13.1,0.41,0,2,0,1
13,1,0,France,Vancouver,Travel,Credit Card,Tablet,65,666,2.9,7546.1,1492.93,145,18,10.9,2.17,1,0,0,0
1,0,1,Mexico,Manchester,Travel,Credit Card,ATM,50,499,9.8,3056.55,743.91,154,14,2.6,21.2,0,0,0,1
12,0,0,Germany,Rio,Entertainment,Credit Card,Mobile,56,751,1.7,2692.21,142.26,184,18,8.8,0.99,0,0,0,0
5,0,1,Australia,New York,Entertainment,Bank Transfer,Desktop,41,611,10.8,1272.61,91.96,153,21,0.6,8.52,0,0,1,0
15,0,0,Canada,Rio,Online Shopping,Credit Card,Mobile,18,488,0.7,2487.94,38.44,138,27,8.0,2.42,0,0,0,0
8,1,0,Brazil,Melbourne,Gaming,Bank Transfer,Mobile,45,591,0.1,5045.9,30.06,167,20,25.6,6.29,0,0,0,0
13,1,0,USA,Delhi,Education,Bank Transfer,Mobile,43,625,1.0,26126.16,1319.33,151,28,1.2,7.05,0,1,0,0
6,0,1,Germany,Vancouver,Clothing,Debit Card,Tablet,39,720,0.6,4724.67,57.01,150,22,4.2,8.77,0,0,0,0
2,0,1,India,London,Grocery,Credit Card,ATM,39,714,0.9,77935.84,98.38,145,17,47.0,4.46,0,2,0,0
4,1,1,Mexico,Melbourne,Travel,Debit Card,ATM,42,527,30.0,1375.76,165.52,150,20,6.8,0.27,1,3,0,1
23,1,1,USA,Mexico City,Online Shopping,Debit Card,Mobile,31,638,2.4,21229.64,42.69,147,22,25.1,2.51,0,1,0,1
1,0,1,USA,Munich,Education,Debit Card,Desktop,58,659,2.9,2809.12,351.36,174,30,7.5,0.13,0,0,0,0
22,0,1,USA,Delhi,Gaming,Mobile Payment,Mobile,38,596,3.5,1427.09,37.19,141,20,9.1,0.52,0,0,0,0
1,0,1,France,Los Angeles,Entertainment,Credit Card,POS Terminal,51,655,12.7,4899.98,30.34,128,22,54.1,12.51,0,0,0,0
11,1,0,Canada,Delhi,Electronics,Credit Card,Mobile,36,708,16.2,11657.38,681.76,160,22,1.7,33.94,0,0,0,0
18,0,0,Canada,Toronto,Fuel,Debit Card,Mobile,72,661,1.4,2938.86,112.28,123,22,15.4,24.52,0,0,0,0
17,0,0,Brazil,Melbourne,Restaurant,Debit Card,Mobile,53,688,0.1,6758.92,100.16,146,15,25.5,1.34,0,0,0,0
20,0,0,Mexico,London,Electronics,Mobile Payment,Desktop,38,584,0.6,131704.45,1020.38,148,18,8.7,41.9,0,1,0,0
4,0,1,USA,London,Education,Debit Card,Mobile,19,645,7.9,28817.61,13.85,157,17,1.2,12.56,0,0,0,0
3,1,1,USA,Vancouver,Fuel,Debit Card,Tablet,50,716,2.3,3990.16,49.85,152,22,1.0,9.28,0,0,0,0
19,0,0,France,London,Utilities,Credit Card,Mobile,30,778,0.4,4582.48,39.2,140,20,0.2,1.16,0,0,0,0
22,0,1,USA,Osaka,Fuel,Credit Card,POS Terminal,36,715,10.1,17075.44,15.8,145,23,30.8,0.06,0,0,0,0
6,0,1,UK,London,Grocery,Credit Card,Tablet,32,637,11.6,10313.55,12.96,147,13,0.8,13.82,1,0,0,0
6,0,1,France,New York,Crypto Exchange,Crypto,Mobile,38,705,4.3,9549.55,4.67,152,18,11.5,2.72,0,2,0,1
14,0,0,USA,London,Education,Bank Transfer,Mobile,62,676,0.4,4036.68,58.07,155,21,4.5,1.31,0,0,0,0
16,1,0,USA,London,Restaurant,Bank Transfer,Tablet,54,555,3.2,4816.5,98.22,147,22,0.3,2.48,1,0,1,0
21,0,0,Canada,São Paulo,Online Shopping,Credit Card,POS Terminal,34,844,3.2,28631.94,67.17,175,22,17.8,5.66,0,1,1,0
19,1,0,Germany,Los Angeles,Electronics,Credit Card,Desktop,51,696,2.6,4188.81,349.38,173,18,15.4,3.61,0,0,0,0
21,0,0,USA,Rio,Education,Mobile Payment,Desktop,33,695,3.3,5016.9,45.08,154,18,10.0,13.7,0,0,0,0
6,0,1,Japan,Mumbai,Restaurant,Debit Card,Desktop,30,728,0.6,31938.78,55.35,149,17,3.0,7.86,0,0,1,0
4,0,1,UK,Osaka,Jewelry,Bank Transfer,Mobile,66,637,2.2,2897.72,80.32,151,18,45.0,0.94,1,0,0,0
10,0,0,USA,Tokyo,Grocery,Bank Transfer,Tablet,42,686,0.5,7080.36,156.97,158,18,32.5,15.39,0,0,1,0
7,0,0,Germany,Paris,Clothing,Debit Card,POS Terminal,21,583,3.7,4189.8,204.26,156,17,4.5,13.54,0,0,0,0
17,0,0,India,Osaka,Crypto Exchange,Crypto,ATM,43,697,0.8,33918.98,405.78,138,19,44.2,5.66,0,0,0,0
17,0,0,USA,Mumbai,Healthcare,Credit Card,POS Terminal,42,726,5.4,16912.03,40.86,150,27,8.9,37.13,0,0,0,0
23,0,1,Mexico,Munich,Travel,Credit Card,Mobile,40,672,2.7,19964.96,872.96,144,24,35.5,3.7,0,0,0,1
8,0,0,USA,Munich,Grocery,Bank Transfer,Desktop,51,568,4.5,26468.26,317.08,166,20,11.0,5.82,0,0,0,0
1,0,1,USA,Guadalajara,Travel,Debit Card,Tablet,45,543,1.0,25878.58,783.66,174,25,26.2,2.44,0,0,0,0
8,0,0,USA,Tokyo,Online Shopping,Debit Card,Mobile,39,575,1.1,12454.03,128.47,125,24,29.9,14.77,1,2,0,0
18,0,0,Brazil,Mexico City,Clothing,Debit Card,Desktop,47,679,8.4,9423.72,9.92,156,22,11.8,2.44,1,0,1,0
13,1,0,USA,Mumbai,Crypto Exchange,Credit Card,ATM,34,580,7.9,17099.35,138.19,152,22,14.6,1.45,1,0,0,0
10,1,0,Brazil,Lyon,Gaming,Mobile Payment,Desktop,48,704,8.6,13813.54,110.19,154,20,2.4,21.42,1,0,0,0
7,0,0,India,Toronto,Grocery,Credit Card,Mobile,25,659,4.0,3212.85,103.7,166,20,33.1,14.28,1,1,0,1
5,1,1,Canada,New York,Clothing,Bank Transfer,Mobile,44,705,1.7,13726.72,101.22,153,26,10.9,9.73,0,0,0,0
3,0,1,USA,London,Utilities,Bank Transfer,Desktop,63,809,4.0,17596.46,45.22,135,19,16.7,0.18,0,0,0,0
22,0,1,Germany,London,Utilities,Credit Card,Mobile,21,793,0.4,37841.12,7.1,158,18,32.8,3.34,0,2,0,0
13,0,0,USA,Munich,Crypto Exchange,Debit Card,Desktop,34,665,4.1,17484.64,29.84,148,19,4.3,0.35,0,0,0,0
6,1,1,UK,Melbourne,Jewelry,Debit Card,Desktop,52,674,6.9,7428.7,273.46,151,14,5.9,20.68,1,0,1,0
16,0,0,Brazil,Delhi,Electronics,Credit Card,Desktop,66,845,0.1,9926.06,301.57,153,19,22.5,1.86,0,0,0,0
10,0,0,Brazil,São Paulo,Healthcare,Credit Card,Desktop,56,634,1.9,3774.08,4.07,157,19,22.3,1.81,0,1,0,0
8,0,0,Japan,Guadalajara,Crypto Exchange,Credit Card,Mobile,23,684,7.5,4508.68,116.49,167,28,17.8,2.99,0,0,0,1
8,0,0,USA,Sydney,Entertainment,Bank Transfer,Desktop,18,702,2.0,11166.7,64.96,154,21,24.8,19.88,0,5,0,0
4,0,1,India,Guadalajara,Restaurant,Debit Card,Mobile,38,746,3.5,7940.35,130.85,153,20,2.6,28.79,0,0,0,0
14,0,0,UK,Tokyo,Healthcare,Credit Card,Mobile,43,781,0.8,93748.89,144.49,166,15,19.9,4.42,0,1,0,0
10,0,0,Canada,Delhi,Crypto Exchange,Crypto,Mobile,46,649,3.6,6757.04,31.8,154,18,20.7,16.32,0,0,0,0
22,0,1,India,Munich,Grocery,Credit Card,Desktop,62,706,7.1,3314.78,286.13,146,23,38.1,10.06,0,0,1,0
17,0,0,India,Manchester,Crypto Exchange,Debit Card,POS Terminal,31,753,14.7,18994.14,257.88,150,18,1.7,0.52,0,0,0,0
13,0,0,UK,Sydney,Education,Debit Card,POS Terminal,34,763,8.0,2386.67,21.93,177,26,5.9,5.65,0,0,0,0
16,1,0,USA,Toronto,Entertainment,Bank Transfer,Desktop,60,623,4.3,39374.54,13.37,157,18,11.6,8.19,0,2,0,0
10,1,0,India,London,Grocery,Bank Transfer,Mobile,33,554,1.0,975.21,35.26,158,36,4.3,12.39,1,1,0,0
3,0,1,Mexico,Guadalajara,Healthcare,Debit Card,Mobile,50,826,0.5,6599.48,25.45,147,20,61.4,11.22,1,0,0,0
13,0,0,UK,Manchester,ATM Withdrawal,Credit Card,Mobile,36,753,6.0,2972.99,31.74,143,24,27.0,29.62,0,2,1,1
17,0,0,UK,New York,Healthcare,Mobile Payment,Mobile,51,799,3.1,13924.51,274.39,124,17,33.9,2.14,0,0,0,0
11,0,0,USA,Manchester,ATM Withdrawal,Bank Transfer,POS Terminal,43,765,0.1,29885.23,133.38,171,15,5.1,1.88,1,2,1,0
11,0,0,Brazil,Guadalajara,Gaming,Credit Card,Tablet,38,771,1.7,14487.93,114.45,133,17,5.3,16.16,1,0,0,0
16,0,0,USA,Munich,Online Shopping,Credit Card,Desktop,53,730,8.3,24328.5,113.8,161,19,21.9,43.22,0,0,0,0
2,1,1,USA,Delhi,Online Shopping,Bank Transfer,Mobile,60,575,5.4,1967.05,15.36,150,13,9.7,7.98,0,0,0,0
20,1,0,UK,Osaka,Travel,Mobile Payment,ATM,38,719,3.6,7168.23,1697.48,154,16,14.0,22.17,0,0,0,0
1,0,1,USA,London,Entertainment,Credit Card,Mobile,29,560,1.8,3176.66,258.5,143,14,11.5,3.68,0,0,0,0
4,0,1,France,Manchester,Gaming,Credit Card,Desktop,43,599,2.9,10027.42,92.09,139,25,8.6,2.56,0,3,0,0
6,0,1,Japan,Paris,Crypto Exchange,Credit Card,Tablet,47,626,11.5,7154.29,58.71,158,13,12.1,2.61,0,0,0,0
5,1,1,Germany,London,Electronics,Debit Card,Mobile,31,504,1.6,18345.33,347.8,161,19,67.6,10.55,0,0,0,1
4,0,1,USA,Toronto,Healthcare,Bank Transfer,POS Terminal,34,670,3.4,11955.31,52.57,154,30,1.5,2.55,0,0,0,1
16,0,0,Germany,Osaka,Online Shopping,Debit Card,ATM,40,626,30.0,8999.66,39.87,131,19,17.3,11.06,0,1,0,0
7,0,0,Germany,London,Healthcare,Mobile Payment,Desktop,67,688,8.3,18975.63,99.39,138,23,36.0,11.39,0,0,0,0
5,1,1,UK,London,Travel,Credit Card,Desktop,34,518,5.0,4976.51,103.7,171,18,2.4,4.92,0,0,0,0
12,0,0,France,Vancouver,Education,Bank Transfer,Desktop,41,752,12.2,3484.86,119.49,165,21,5.8,2.82,1,0,0,0
2,0,1,USA,Mexico City,Gaming,Mobile Payment,Mobile,29,681,0.1,5663.34,63.45,142,16,0.3,8.39,0,0,0,0
14,1,0,USA,Paris,Healthcare,Mobile Payment,Tablet,30,738,0.3,3513.61,63.37,155,16,3.2,13.75,1,2,0,1
12,0,0,France,Melbourne,Fuel,Credit Card,Mobile,58,647,15.7,8355.98,48.07,157,14,33.1,3.96,1,0,0,0
0,0,1,USA,Guadalajara,Utilities,Crypto,Mobile,50,533,7.0,2745.1,45.27,151,24,14.8,2.14,0,0,0,0
14,0,0,Brazil,Mumbai,Gaming,Credit Card,Mobile,59,696,22.5,6530.45,57.24,142,16,26.4,4.96,0,0,0,0
6,0,1,USA,Vancouver,Education,Debit Card,ATM,38,640,0.5,5200.7,51.58,180,18,15.9,4.69,0,0,0,1
13,0,0,India,Mumbai,Restaurant,Credit Card,Desktop,48,736,1.6,5517.82,121.7,141,25,6.1,2.38,0,1,0,0
8,1,0,India,Vancouver,Clothing,Debit Card,POS Terminal,25,679,0.2,8676.14,12.5,128,33,9.7,23.33,0,0,0,0
6,0,1,Germany,Los Angeles,Jewelry,Bank Transfer,Mobile,27,635,5.7,3400.74,69.9,126,22,5.5,14.8,1,0,0,1
17,0,0,France,Mumbai,Online Shopping,Bank Transfer,Desktop,52,835,2.1,1472.45,109.73,155,25,26.1,11.2,0,2,0,0
21,0,0,USA,Delhi,Gaming,Debit Card,Mobile,39,591,12.2,1111.82,54.8,125,15,16.7,10.25,1,0,0,0
23,1,1,India,Berlin,Entertainment,Cheque,Mobile,18,755,3.1,9166.96,87.03,145,24,62.9,20.31,0,0,0,0
2,1,1,India,Mexico City,Fuel,Crypto,Desktop,51,817,1.8,4081.09,16.75,148,30,28.7,1.34,0,1,0,0
14,1,0,India,Rio,Fuel,Credit Card,Mobile,24,583,4.1,705.93,34.57,136,22,83.0,28.5,0,0,0,0
0,1,1,Brazil,Paris,Gaming,Credit Card,Tablet,36,676,1.0,6026.1,17.6,156,14,3.7,0.01,0,0,0,1
15,0,0,USA,Manchester,Gaming,Credit Card,POS Terminal,58,491,2.2,2307.28,14.71,143,24,20.6,25.17,0,0,1,0
17,1,0,Mexico,New York,Electronics,Credit Card,ATM,30,760,4.2,3080.44,100.17,153,21,11.7,5.62,0,1,0,0
16,0,0,Australia,Paris,Clothing,Credit Card,Desktop,49,642,1.2,12879.6,52.98,134,16,15.0,3.96,0,0,0,0
8,1,0,USA,Melbourne,Gaming,Credit Card,Desktop,29,602,2.1,8119.85,54.16,159,28,38.1,38.62,0,0,0,0
8,1,0,India,Delhi,ATM Withdrawal,Credit Card,POS Terminal,56,648,3.6,3000.36,16.16,137,17,54.6,18.51,1,0,0,0
22,1,1,USA,Sydney,Clothing,Debit Card,Mobile,19,758,0.6,25118.29,117.84,162,18,19.9,10.41,0,0,0,1
11,1,0,UK,Melbourne,Entertainment,Debit Card,Mobile,56,628,0.7,4226.85,34.17,157,21,22.6,4.67,0,0,0,0
5,0,1,Germany,London,Crypto Exchange,Debit Card,Mobile,49,768,4.6,22790.73,31.51,132,25,2.0,12.36,0,0,0,1
14,1,0,Japan,Melbourne,Gaming,Debit Card,Mobile,44,760,0.4,7071.47,47.64,129,19,11.3,17.64,0,0,0,0
7,1,0,USA,Rio,Gaming,Mobile Payment,Mobile,26,704,1.1,36473.19,91.4,149,18,4.6,5.36,0,5,1,0
4,0,1,UK,Munich,ATM Withdrawal,Bank Transfer,Mobile,41,837,0.2,49479.82,45.83,127,12,23.3,10.72,0,1,0,0
10,1,0,India,New York,Healthcare,Debit Card,Mobile,61,731,13.5,3090.28,59.52,151,15,58.6,4.41,0,0,0,0
15,0,0,Australia,Tokyo,Grocery,Credit Card,Mobile,42,809,6.0,18272.32,137.2,137,20,2.1,8.16,0,2,0,0
5,1,1,USA,Lyon,Entertainment,Mobile Payment,POS Terminal,64,638,2.1,6772.45,5.9,165,24,3.0,4.32,1,0,0,0
12,0,0,USA,Mexico City,ATM Withdrawal,Debit Card,POS Terminal,49,741,0.2,7530.4,13.8,166,25,79.2,0.94,0,0,0,0
8,0,0,Germany,Osaka,Crypto Exchange,Credit Card,Mobile,31,718,5.6,16907.67,21.41,137,14,40.9,14.49,0,0,0,0
0,0,1,Canada,Tokyo,Travel,Bank Transfer,Mobile,53,654,2.4,4362.66,282.48,152,23,31.8,27.59,0,0,0,0
19,0,0,USA,Sydney,Clothing,Credit Card,Desktop,64,714,0.5,12848.18,69.71,146,24,42.1,4.2,0,0,0,0
12,1,0,USA,Sydney,Gaming,Mobile Payment,Mobile,27,637,0.5,5264.93,34.04,149,14,1.6,10.08,0,0,0,0
18,0,0,USA,Guadalajara,Entertainment,Credit Card,Mobile,54,720,4.9,11531.82,59.95,152,13,22.3,25.88,0,0,0,0
18,0,0,Japan,Melbourne,Electronics,Mobile Payment,Mobile,42,793,3.7,2714.28,667.89,141,22,16.8,4.58,0,3,0,0
21,0,0,Canada,Paris,Education,Credit Card,Desktop,24,720,28.2,10827.88,244.47,138,24,19.9,16.32,0,3,0,0
20,0,0,USA,Melbourne,Healthcare,Credit Card,POS Terminal,69,589,2.7,5632.68,142.43,148,17,0.2,11.69,0,3,0,0
2,0,1,India,Osaka,Restaurant,Credit Card,Mobile,38,679,2.4,6344.38,76.99,127,20,14.3,2.73,0,0,0,0
23,0,1,USA,London,Fuel,Credit Card,Desktop,31,747,14.3,4098.09,75.91,140,18,78.1,7.96,0,0,0,0
18,0,0,Australia,Delhi,ATM Withdrawal,Credit Card,Mobile,48,646,0.1,19762.46,329.54,140,22,8.8,0.02,1,3,0,0
16,0,0,USA,São Paulo,Grocery,Credit Card,Desktop,42,716,6.3,1455.54,34.77,157,18,29.6,4.7,0,5,0,0
10,0,0,Japan,Rio,Healthcare,Debit Card,Tablet,37,478,4.0,5584.93,495.0,147,30,10.2,2.49,1,1,0,0
16,0,0,USA,London,Clothing,Debit Card,Desktop,55,749,30.0,722.48,48.92,148,23,36.6,3.06,0,0,0,0
13,1,0,Brazil,Melbourne,Grocery,Debit Card,Tablet,47,740,0.2,27463.08,41.3,158,22,68.7,26.09,0,0,1,0
8,0,0,Germany,Mexico City,Restaurant,Bank Transfer,Tablet,22,559,6.8,5307.66,17.78,144,20,11.1,1.89,0,0,0,0
19,0,0,India,Munich,Gaming,Debit Card,Mobile,24,808,2.0,33844.47,62.47,138,13,9.9,0.71,0,0,0,0
11,0,0,Brazil,Tokyo,Grocery,Cheque,Desktop,33,745,3.4,73063.45,31.57,133,16,28.3,0.86,0,0,0,0
14,0,0,Canada,Delhi,Clothing,Mobile Payment,Mobile,47,592,5.4,6311.44,16.47,153,19,16.3,4.6,1,0,0,0
17,1,0,Japan,Delhi,Jewelry,Mobile Payment,Desktop,36,846,4.8,650.98,300.14,169,25,1.2,13.39,0,0,0,0
5,0,1,Mexico,Berlin,Restaurant,Credit Card,Mobile,38,590,4.6,24790.25,47.17,145,16,35.4,18.5,0,0,0,0
13,0,0,USA,São Paulo,Restaurant,Crypto,POS Terminal,40,733,2.0,42641.93,54.22,157,24,21.9,12.91,0,0,0,0
11,0,0,Mexico,São Paulo,ATM Withdrawal,Debit Card,Desktop,54,642,9.2,21770.93,18.46,145,32,62.6,3.76,0,0,0,0
23,0,1,India,Berlin,Online Shopping,Mobile Payment,Tablet,33,697,4.7,4204.1,7.17,146,23,18.9,0.7,0,2,0,0
13,1,0,UK,Mumbai,ATM Withdrawal,Debit Card,Mobile,58,684,1.8,35254.63,13.51,144,19,25.5,0.96,0,4,0,0
20,0,0,Mexico,São Paulo,Jewelry,Bank Transfer,Desktop,47,609,8.5,934.15,115.3,129,19,43.2,2.41,0,0,0,0
18,0,0,Brazil,Guadalajara,Education,Crypto,Tablet,47,830,1.1,1633.77,32.22,168,17,37.1,1.64,0,1,0,0
10,0,0,Australia,Guadalajara,Online Shopping,Credit Card,ATM,52,811,15.7,24550.39,31.98,148,15,12.8,0.94,0,0,0,0
12,0,0,India,Mexico City,Crypto Exchange,Debit Card,Mobile,38,557,6.7,2249.09,24.87,182,23,20.4,8.49,0,0,0,0
21,0,0,Japan,Osaka,Electronics,Credit Card,Mobile,18,549,9.7,3438.46,241.47,147,20,31.2,31.26,1,0,0,0
16,0,0,USA,Lyon,Grocery,Bank Transfer,Mobile,30,733,1.9,16223.12,32.37,132,14,44.0,0.37,0,0,0,1
6,0,1,Canada,Mumbai,Crypto Exchange,Crypto,Mobile,23,725,10.7,6693.95,42.65,162,27,5.3,41.49,0,2,0,0
11,0,0,Canada,Guadalajara,Online Shopping,Mobile Payment,Mobile,36,753,6.9,11108.57,21.74,157,9,16.2,8.13,1,0,1,0
9,0,0,USA,Sydney,Education,Credit Card,Desktop,39,664,3.6,8128.73,126.24,139,12,9.7,0.27,0,0,0,0
16,0,0,USA,São Paulo,Online Shopping,Crypto,Mobile,24,693,10.6,7861.26,16.97,137,23,43.2,3.69,0,0,0,0
3,0,1,UK,Sydney,Gaming,Bank Transfer,Mobile,48,667,21.4,10761.64,128.24,151,13,6.2,3.04,0,0,0,0
16,1,0,Mexico,Delhi,Fuel,Bank Transfer,Desktop,30,583,6.6,4398.5,31.74,127,18,18.9,1.48,0,0,0,0
0,0,1,Canada,Guadalajara,Travel,Credit Card,Mobile,46,669,3.4,6650.87,79.37,153,15,8.7,5.85,0,0,0,0
12,0,0,Brazil,São Paulo,Crypto Exchange,Bank Transfer,Mobile,49,742,1.2,2804.03,55.29,154,19,8.3,13.06,0,0,1,0
15,0,0,USA,Mexico City,Restaurant,Debit Card,Mobile,46,671,6.3,3003.31,17.97,130,17,43.8,15.41,0,3,0,0
15,1,0,USA,Mumbai,Clothing,Debit Card,Mobile,48,612,8.0,18143.8,90.13,162,19,37.3,5.16,1,0,0,0
4,1,1,Australia,São Paulo,Grocery,Cheque,Desktop,18,686,0.7,11603.4,58.43,139,24,60.3,11.37,0,3,0,0
4,0,1,France,London,ATM Withdrawal,Credit Card,POS Terminal,42,612,1.3,6894.3,43.25,162,15,2.7,0.53,0,0,0,0
13,0,0,USA,Rio,Online Shopping,Mobile Payment,Mobile,33,795,20.5,11493.86,34.12,145,26,30.8,23.44,0,0,0,0
6,1,1,Canada,Melbourne,Jewelry,Bank Transfer,Tablet,49,709,0.9,937.47,155.07,171,15,8.5,7.11,1,0,0,0
3,0,1,Germany,Osaka,Entertainment,Cheque,ATM,34,596,1.0,20735.3,45.2,160,22,19.3,28.59,0,0,0,0
21,1,0,Japan,Tokyo,Crypto Exchange,Bank Transfer,ATM,56,556,3.5,21316.41,120.34,137,18,40.3,8.81,0,2,0,0
6,1,1,Germany,Osaka,Utilities,Mobile Payment,Mobile,31,616,5.9,25538.1,28.16,144,13,18.5,0.94,0,0,0,1
23,0,1,USA,Lyon,Fuel,Mobile Payment,Mobile,36,662,4.2,4191.41,85.6,181,27,32.1,13.26,0,0,0,0
10,0,0,India,Paris,Gaming,Bank Transfer,Desktop,34,729,6.1,10261.22,30.64,132,18,25.6,37.63,0,0,0,0
11,0,0,France,Manchester,Fuel,Credit Card,Mobile,51,627,8.4,50219.3,169.9,164,24,52.4,10.87,0,0,0,0
16,0,0,Canada,London,Jewelry,Credit Card,Mobile,38,568,10.8,15603.6,1249.41,164,19,13.7,34.36,1,0,0,0
23,0,1,USA,Delhi,Online Shopping,Credit Card,ATM,32,778,3.7,5175.21,13.11,152,13,32.7,4.52,0,1,0,0
23,1,1,Brazil,Paris,Electronics,Credit Card,Mobile,65,735,0.6,738.61,110.44,137,15,15.2,7.63,0,2,0,0
16,0,0,USA,New York,Utilities,Bank Transfer,ATM,21,648,6.7,9091.99,48.73,167,21,17.8,4.42,0,0,0,0
4,0,1,India,Osaka,Online Shopping,Mobile Payment,POS Terminal,38,748,9.7,16545.94,26.5,161,21,20.6,2.82,0,0,0,0
23,0,1,USA,Mumbai,Online Shopping,Credit Card,Mobile,44,767,0.5,18330.27,74.89,163,31,9.1,25.82,0,0,0,0
23,1,1,USA,Osaka,Gaming,Bank Transfer,Desktop,37,731,1.2,16623.61,34.56,162,24,12.7,4.93,0,0,0,0
2,0,1,Brazil,São Paulo,Gaming,Debit Card,POS Terminal,25,591,0.4,21461.57,2.61,139,22,8.4,3.59,0,0,0,0
7,0,0,Mexico,New York,Healthcare,Mobile Payment,POS Terminal,29,642,5.5,24213.35,52.25,170,15,17.3,19.33,0,0,1,0
16,0,0,USA,Berlin,Travel,Debit Card,POS Terminal,34,637,2.1,1058.65,456.22,149,13,18.7,4.52,1,5,0,1
4,0,1,Japan,Sydney,Online Shopping,Bank Transfer,ATM,44,670,1.2,6893.04,49.84,146,15,58.2,16.63,0,0,0,0
8,1,0,Canada,Sydney,Healthcare,Bank Transfer,Mobile,41,677,1.9,25876.68,34.94,137,25,15.5,10.76,1,0,1,0
0,0,1,Germany,Manchester,Healthcare,Credit Card,ATM,22,605,1.7,25943.93,89.55,131,22,74.9,48.09,0,0,0,0
7,0,0,USA,São Paulo,Fuel,Debit Card,POS Terminal,23,706,2.8,11864.27,132.83,140,13,10.9,0.4,1,0,0,0
13,0,0,Japan,London,Gaming,Credit Card,Tablet,56,620,12.7,5765.34,270.45,158,22,13.1,13.25,0,2,0,0
12,1,0,USA,Rio,Grocery,Debit Card,ATM,41,745,3.2,9636.68,102.84,136,21,21.5,4.45,0,0,0,0
20,0,0,Germany,Sydney,Electronics,Bank Transfer,Mobile,29,725,14.0,39863.47,267.43,161,25,5.0,11.33,0,0,0,0
9,1,0,India,São Paulo,Grocery,Debit Card,Mobile,32,668,2.9,13980.18,124.5,187,16,4.9,22.2,0,0,0,0
6,0,1,Canada,Guadalajara,Jewelry,Debit Card,Desktop,47,686,8.8,27454.6,1640.65,145,18,3.8,16.52,0,0,0,0
10,0,0,India,São Paulo,Travel,Credit Card,Mobile,57,737,6.7,7165.25,3179.56,148,16,2.3,4.81,0,0,0,0
19,0,0,UK,Vancouver,Electronics,Mobile Payment,POS Terminal,38,745,8.2,46806.84,1148.82,156,20,36.2,0.66,0,0,0,0
2,0,1,USA,New York,Entertainment,Bank Transfer,Desktop,33,665,0.3,27112.51,27.79,163,8,3.5,17.66,0,0,0,0
9,0,0,India,Vancouver,Healthcare,Bank Transfer,Desktop,26,646,1.9,17685.18,162.44,158,19,30.2,18.08,0,0,0,0
8,0,0,UK,Rio,Restaurant,Debit Card,ATM,62,696,5.1,42929.62,29.48,150,18,24.5,0.22,0,0,0,0
10,1,0,USA,Mexico City,Crypto Exchange,Debit Card,Mobile,37,676,6.8,42768.21,48.38,136,23,0.3,8.43,0,0,1,0
8,0,0,Australia,Osaka,Utilities,Credit Card,Desktop,36,659,1.7,4044.67,15.09,124,20,7.7,4.33,0,0,0,0
14,1,0,India,Berlin,Entertainment,Credit Card,Tablet,33,681,2.4,8156.12,241.73,137,16,7.7,1.32,0,0,0,0
3,0,1,Canada,Paris,Restaurant,Debit Card,Desktop,50,693,2.0,76068.93,265.2,187,22,94.3,10.82,0,1,0,0
0,0,1,USA,Vancouver,Healthcare,Crypto,Desktop,50,749,4.4,26758.06,179.73,176,23,2.5,11.38,0,0,0,0
23,0,1,Australia,London,Gaming,Bank Transfer,Mobile,44,673,4.2,615.1,151.64,156,18,5.7,32.44,1,1,0,1
14,0,0,USA,Munich,Utilities,Mobile Payment,Mobile,25,588,5.0,44656.37,57.43,158,20,69.2,1.87,1,0,0,0
11,1,0,India,London,Crypto Exchange,Debit Card,Desktop,27,653,4.0,3106.69,94.54,152,23,15.5,8.8,1,0,0,0
5,0,1,Japan,Los Angeles,Jewelry,Credit Card,Mobile,42,700,4.2,1571.67,272.22,150,22,6.5,1.9,0,0,0,0
9,0,0,USA,London,Restaurant,Credit Card,Mobile,32,700,3.3,13420.04,50.12,145,19,17.3,82.38,0,0,0,0
20,1,0,USA,Paris,Entertainment,Credit Card,Mobile,35,699,6.9,14840.96,49.4,151,20,20.6,3.01,0,0,0,0
19,0,0,Germany,Mumbai,Entertainment,Debit Card,Desktop,37,651,5.8,4678.89,31.12,165,23,46.6,13.97,0,1,1,0
8,0,0,Mexico,Berlin,Gaming,Debit Card,Mobile,24,648,1.5,6003.43,71.8,148,16,3.7,11.88,1,0,0,0
16,0,0,Canada,Los Angeles,Gaming,Bank Transfer,Mobile,46,633,8.5,39190.32,19.76,149,14,10.7,3.14,0,0,0,0
5,0,1,Australia,Lyon,Utilities,Credit Card,Desktop,46,670,5.3,6008.31,150.75,133,17,44.0,36.22,0,0,0,0
18,0,0,France,São Paulo,Crypto Exchange,Debit Card,Mobile,45,557,0.1,62838.96,62.78,147,15,33.1,2.13,0,0,0,0
4,0,1,USA,Berlin,ATM Withdrawal,Credit Card,Mobile,47,712,7.4,15094.84,451.47,141,25,6.8,20.4,0,0,0,0
8,0,0,France,Mumbai,Fuel,Credit Card,Mobile,23,589,13.1,4957.75,34.2,155,26,17.5,14.42,0,1,1,0
19,0,0,UK,Toronto,Crypto Exchange,Bank Transfer,Mobile,37,660,2.9,2425.0,54.0,145,28,23.0,13.92,1,0,0,0
10,0,0,Japan,Lyon,Entertainment,Credit Card,ATM,19,741,3.2,4008.77,65.31,164,19,14.7,6.06,0,1,0,0
15,0,0,USA,Vancouver,Electronics,Crypto,Mobile,33,636,1.2,2718.71,139.53,164,18,9.8,6.57,0,0,0,0
23,0,1,UK,Rio,Online Shopping,Mobile Payment,Mobile,35,675,0.9,2380.08,71.38,168,20,4.1,19.66,0,0,0,0
10,0,0,USA,Mexico City,Gaming,Credit Card,Tablet,28,830,17.8,15041.34,187.07,149,16,2.6,1.71,0,0,0,0
10,0,0,India,London,Education,Debit Card,ATM,37,710,1.2,7470.96,229.09,147,22,48.2,0.95,0,3,0,0
4,0,1,Australia,New York,Jewelry,Bank Transfer,Mobile,54,658,10.6,3341.5,3719.81,146,18,7.1,12.14,0,4,0,0
6,1,1,France,Mumbai,Electronics,Mobile Payment,Mobile,26,599,3.6,107030.8,1205.77,124,26,15.7,0.46,1,1,0,0
1,1,1,USA,Osaka,Electronics,Credit Card,Tablet,49,792,4.1,1239.0,986.9,140,19,30.1,18.76,0,1,0,0
8,0,0,UK,Rio,Electronics,Credit Card,POS Terminal,49,789,1.8,15656.86,1695.44,160,22,25.6,20.17,0,0,0,0
13,0,0,USA,Tokyo,Online Shopping,Debit Card,ATM,50,603,3.9,5422.62,31.8,133,18,0.7,16.98,0,0,0,0
13,0,0,USA,Berlin,Electronics,Credit Card,Mobile,42,621,1.4,5115.19,154.56,134,20,0.1,4.66,1,0,0,0
13,0,0,France,Mumbai,Healthcare,Mobile Payment,Desktop,20,691,3.7,30105.15,39.96,154,33,2.9,1.81,0,0,0,0
18,0,0,USA,Lyon,Gaming,Mobile Payment,Mobile,55,614,21.4,4721.72,147.48,166,23,4.9,3.12,0,3,0,0
7,0,0,Japan,Osaka,Restaurant,Credit Card,ATM,68,654,1.5,73234.15,195.22,167,21,28.3,14.12,0,0,1,0
11,0,0,USA,São Paulo,Electronics,Debit Card,Mobile,79,662,2.6,5024.78,1347.17,157,14,2.0,12.09,1,0,0,0
9,0,0,USA,Guadalajara,Jewelry,Credit Card,Mobile,32,742,0.1,47270.3,906.85,163,18,28.7,13.28,0,0,0,0
0,0,1,USA,Mumbai,Entertainment,Credit Card,Mobile,36,660,24.9,11080.12,17.93,133,19,10.4,4.81,0,0,0,0
18,0,0,India,Munich,Online Shopping,Mobile Payment,Mobile,24,685,9.9,4045.1,28.63,137,14,2.1,4.89,0,0,0,0
14,1,0,Mexico,Lyon,Electronics,Bank Transfer,Desktop,51,635,1.3,36512.48,775.35,142,19,1.8,3.34,1,2,0,1
4,0,1,USA,Guadalajara,Entertainment,Debit Card,Desktop,38,850,6.7,7621.04,15.64,152,22,68.8,6.78,0,0,0,0
6,0,1,Japan,Toronto,Travel,Mobile Payment,Desktop,27,608,22.3,22417.04,509.52,172,19,5.2,7.19,0,0,0,0
19,0,0,India,Delhi,Crypto Exchange,Credit Card,ATM,18,656,4.4,2013.22,72.9,174,18,22.2,1.46,1,1,0,0
6,0,1,Japan,Guadalajara,Grocery,Bank Transfer,Mobile,63,754,4.7,1601.49,205.14,142,23,17.4,0.35,0,0,0,0
22,0,1,France,Osaka,Grocery,Debit Card,Desktop,51,570,10.8,4361.48,463.43,144,31,25.1,21.41,1,0,0,1
19,0,0,USA,Manchester,Grocery,Debit Card,ATM,29,784,1.5,36573.54,24.49,154,18,33.7,9.32,0,0,0,0
6,0,1,India,Sydney,Entertainment,Mobile Payment,Mobile,44,704,3.3,1159.5,11.87,142,19,4.2,6.08,0,0,0,0
17,1,0,Germany,Los Angeles,Electronics,Bank Transfer,Tablet,54,633,8.2,3434.28,533.01,141,19,40.9,13.15,0,0,0,0
17,0,0,USA,New York,Healthcare,Bank Transfer,Tablet,34,725,7.0,2139.02,149.24,149,16,19.9,12.67,0,1,0,0
1,0,1,Germany,Vancouver,Fuel,Credit Card,ATM,57,565,1.0,15975.65,56.7,175,20,22.8,21.76,1,0,0,0
21,0,0,Mexico,Munich,Fuel,Mobile Payment,Mobile,53,618,3.0,6626.97,40.15,159,18,40.6,40.8,0,0,0,0
1,0,1,France,Paris,Gaming,Credit Card,Mobile,60,709,6.3,9841.95,39.93,145,16,26.0,4.83,0,0,1,0
10,1,0,India,Melbourne,Electronics,Credit Card,POS Terminal,52,748,1.6,1979.07,805.68,164,22,15.9,20.49,0,1,1,0
22,1,1,Australia,Guadalajara,Gaming,Mobile Payment,Mobile,42,716,6.0,8942.91,112.83,124,13,9.0,2.18,0,0,0,0
14,0,0,Mexico,London,Online Shopping,Debit Card,Mobile,57,726,5.7,6740.33,88.24,157,15,52.8,19.42,1,0,0,0
15,0,0,France,Mumbai,Clothing,Credit Card,Mobile,29,746,0.8,33156.02,21.36,151,24,14.2,29.02,0,0,0,0
14,0,0,Germany,Toronto,Travel,Credit Card,ATM,50,570,10.2,4247.04,230.08,134,26,10.4,15.49,0,0,0,0
15,0,0,USA,Berlin,Jewelry,Bank Transfer,POS Terminal,19,615,0.5,4651.34,466.93,137,19,13.3,0.55,0,0,0,0
0,0,1,Canada,Guadalajara,Travel,Credit Card,POS Terminal,38,548,13.3,500.87,621.11,141,24,36.5,0.05,0,0,0,0
4,0,1,Brazil,Rio,Healthcare,Credit Card,Tablet,49,562,0.3,23564.53,30.92,116,13,10.6,32.81,0,0,0,0
21,0,0,Germany,Los Angeles,Utilities,Debit Card,POS Terminal,30,681,0.7,13997.29,22.56,137,21,38.6,5.07,0,0,0,0
8,0,0,UK,Delhi,Grocery,Credit Card,Desktop,58,687,3.1,7971.22,165.11,172,17,20.9,2.32,0,0,0,0
5,1,1,France,Osaka,Healthcare,Crypto,Desktop,34,539,1.1,3659.57,280.99,141,25,24.4,10.97,0,0,0,0
12,0,0,Japan,Tokyo,Electronics,Bank Transfer,Mobile,18,701,0.5,5871.86,876.22,143,13,52.2,39.15,0,0,0,0
18,0,0,France,Paris,Entertainment,Credit Card,Mobile,39,708,5.0,12896.01,40.93,158,24,1.8,2.5,0,1,0,0
15,0,0,USA,Rio,ATM Withdrawal,Credit Card,Mobile,60,597,9.8,26132.48,29.12,172,27,15.8,14.82,0,0,1,0
9,0,0,India,Delhi,Crypto Exchange,Debit Card,Desktop,31,663,2.1,1254.26,30.03,126,11,29.9,14.64,0,1,0,0
7,0,0,Germany,New York,Fuel,Credit Card,Desktop,43,719,4.2,8535.75,7.18,147,19,11.9,25.78,0,0,0,0
10,1,0,UK,Paris,Electronics,Debit Card,POS Terminal,64,676,13.7,208.6,316.45,141,13,27.9,0.57,0,0,0,0
2,0,1,France,Sydney,ATM Withdrawal,Bank Transfer,POS Terminal,44,677,10.1,3573.46,107.14,153,20,40.9,7.14,0,0,0,0
5,0,1,Japan,Los Angeles,Gaming,Bank Transfer,Mobile,40,720,2.9,9346.53,13.5,163,20,49.4,0.29,0,1,0,0
2,0,1,Brazil,Paris,Clothing,Credit Card,Mobile,48,582,0.3,19361.02,58.49,141,21,17.9,9.54,0,0,0,0
11,0,0,UK,Melbourne,ATM Withdrawal,Cheque,Desktop,18,553,20.3,5256.41,72.38,159,17,12.8,5.23,0,0,0,0
12,0,0,India,Toronto,Fuel,Credit Card,Mobile,37,777,5.2,3077.32,71.66,156,19,34.3,15.78,0,0,0,0
20,0,0,USA,Mumbai,Fuel,Credit Card,Tablet,39,585,5.8,5996.18,48.73,157,15,21.1,65.42,0,0,0,0
1,0,1,USA,Vancouver,Travel,Credit Card,Mobile,38,796,12.0,16014.88,645.91,167,22,8.7,4.93,0,0,0,0
16,0,0,USA,Paris,Travel,Credit Card,Tablet,41,766,4.7,54516.86,842.47,146,19,67.2,30.38,0,0,1,0
20,0,0,India,Munich,Electronics,Crypto,Desktop,38,714,4.2,2661.04,121.1,151,18,19.6,1.84,0,0,0,0
22,0,1,USA,Sydney,Jewelry,Credit Card,Mobile,32,653,0.7,12456.11,149.61,133,10,4.2,11.38,0,0,0,0
8,0,0,USA,Toronto,ATM Withdrawal,Debit Card,Mobile,74,779,6.7,6215.19,343.5,146,23,1.8,5.06,0,0,0,1
1,0,1,Australia,Guadalajara,Clothing,Mobile Payment,Mobile,52,687,3.3,2723.09,229.09,153,18,51.2,3.6,0,0,0,0
21,1,0,USA,Guadalajara,Education,Debit Card,Desktop,30,678,0.4,3741.32,47.78,148,28,14.3,10.83,0,0,0,0
19,0,0,France,Rio,Entertainment,Credit Card,ATM,48,749,2.8,8700.0,149.95,153,11,19.3,2.01,1,0,0,0
14,0,0,Canada,Melbourne,Crypto Exchange,Credit Card,Mobile,66,727,8.6,1825.45,16.33,157,24,38.0,1.99,0,0,0,0
10,0,0,USA,Vancouver,Crypto Exchange,Mobile Payment,Mobile,51,809,9.1,14508.94,39.55,165,16,20.4,6.45,0,0,0,0
9,0,0,Germany,Melbourne,Fuel,Credit Card,ATM,23,671,0.1,6821.43,64.34,161,25,35.1,12.3,0,0,0,0
5,1,1,Mexico,Toronto,Restaurant,Credit Card,Mobile,55,678,0.9,10784.46,62.36,157,12,28.6,17.4,0,0,0,0
0,0,1,India,Guadalajara,Clothing,Credit Card,Mobile,60,597,2.5,3661.77,17.79,162,15,2.2,7.9,0,0,0,0
16,0,0,India,Paris,Entertainment,Debit Card,Tablet,22,740,4.1,3201.71,96.7,152,23,6.8,5.31,1,0,0,0
7,0,0,Brazil,Berlin,Online Shopping,Credit Card,Desktop,18,662,6.7,12079.27,13.55,139,11,60.3,24.7,0,0,0,0
14,0,0,USA,Delhi,Online Shopping,Credit Card,ATM,25,731,2.3,18688.71,194.72,171,18,21.6,3.87,0,0,0,0
5,0,1,USA,Osaka,Jewelry,Credit Card,Tablet,20,618,0.3,1396.18,87.27,147,23,10.6,5.57,0,4,0,0
10,0,0,UK,Rio,Clothing,Bank Transfer,Mobile,29,727,4.7,1369.48,45.73,153,26,1.2,7.12,0,0,0,0
17,1,0,Brazil,Osaka,ATM Withdrawal,Debit Card,Mobile,54,775,2.4,29951.22,45.16,135,23,82.8,13.57,0,0,0,0
22,0,1,Japan,Rio,Utilities,Crypto,Mobile,50,664,2.7,8583.21,32.38,150,23,65.5,19.09,0,0,0,0
14,1,0,India,Melbourne,ATM Withdrawal,Debit Card,Desktop,53,706,1.5,18855.49,120.22,152,15,55.4,4.56,0,2,0,0
12,0,0,Mexico,Rio,Entertainment,Bank Transfer,ATM,35,668,0.4,23048.44,7.55,174,14,0.1,10.23,0,0,0,0
16,1,0,USA,Delhi,Electronics,Debit Card,ATM,45,595,5.5,1001.22,2119.22,177,31,36.7,1.09,0,0,0,0
11,0,0,USA,Vancouver,Jewelry,Mobile Payment,Desktop,46,772,4.1,7602.4,367.15,137,17,28.3,12.32,0,0,0,0
13,0,0,France,Osaka,Entertainment,Debit Card,Desktop,18,553,1.2,6295.3,17.37,147,17,46.3,66.98,0,4,0,0
11,0,0,Australia,Delhi,Healthcare,Mobile Payment,Desktop,32,737,0.6,34186.52,77.46,141,18,13.2,5.27,0,1,0,0
17,1,0,India,London,Crypto Exchange,Debit Card,Mobile,28,723,9.7,3007.76,21.39,148,22,32.3,1.21,0,1,0,0
7,0,0,Australia,London,Gaming,Debit Card,Mobile,29,757,5.0,6526.33,104.4,151,14,10.8,1.44,0,0,0,0
6,0,1,USA,Vancouver,Grocery,Credit Card,Mobile,33,765,4.2,1179.67,61.54,169,20,14.5,10.99,0,0,0,0
15,1,0,India,Munich,Entertainment,Mobile Payment,Mobile,26,619,6.1,8525.62,56.83,131,19,30.9,14.54,0,1,0,0
0,0,1,India,Manchester,Education,Credit Card,Tablet,18,793,1.0,6392.96,44.69,152,23,10.3,25.47,0,0,0,0
20,0,0,India,Guadalajara,Gaming,Mobile Payment,Tablet,45,692,0.5,4390.53,22.21,142,13,3.9,2.39,1,0,0,0
5,0,1,India,Rio,Online Shopping,Credit Card,Mobile,29,652,1.5,4064.93,242.37,137,22,69.6,1.48,1,0,0,0
4,1,1,UK,Berlin,Utilities,Bank Transfer,Desktop,37,523,3.1,16641.64,43.33,140,21,22.4,20.63,0,0,0,0
8,0,0,USA,Rio,ATM Withdrawal,Credit Card,Mobile,37,785,11.6,13100.57,11.62,158,16,7.5,4.26,0,0,0,0
13,1,0,France,Delhi,Healthcare,Credit Card,Mobile,37,634,1.7,1591.64,75.33,168,18,16.3,8.49,1,0,0,0
20,1,0,Japan,Manchester,Entertainment,Debit Card,Desktop,53,529,2.1,11343.77,38.93,162,20,4.5,2.4,0,0,0,0
5,0,1,USA,Munich,Jewelry,Debit Card,Desktop,18,676,6.7,39222.48,174.6,113,14,25.6,7.51,0,1,1,0
11,0,0,UK,Mexico City,Restaurant,Credit Card,Mobile,40,420,3.7,1886.48,118.26,128,22,15.0,4.31,1,0,0,0
1,0,1,USA,Munich,Online Shopping,Bank Transfer,Mobile,35,649,2.4,9243.74,70.54,146,21,4.9,45.1,0,0,0,0
2,0,1,UK,Toronto,Online Shopping,Crypto,Desktop,66,634,2.5,83469.28,200.61,151,23,61.7,5.07,0,0,0,0
8,1,0,USA,Tokyo,Restaurant,Debit Card,Desktop,72,615,6.6,4181.56,84.7,132,30,20.2,5.39,0,3,0,0
13,1,0,Germany,Los Angeles,Crypto Exchange,Credit Card,Mobile,38,627,7.4,28317.43,30.6,155,15,48.9,20.25,0,0,0,0
0,0,1,USA,Manchester,Gaming,Debit Card,Mobile,35,644,3.6,21772.61,50.97,150,18,28.5,0.42,0,1,0,1
17,1,0,Australia,New York,Clothing,Debit Card,ATM,56,667,2.8,2935.97,6.95,161,29,18.5,18.99,0,0,0,0
8,0,0,France,Delhi,Entertainment,Debit Card,ATM,40,543,4.0,27782.15,46.65,154,12,4.2,7.56,0,0,0,0
6,0,1,India,Rio,Fuel,Mobile Payment,Mobile,38,557,2.2,2814.63,89.17,155,19,20.0,13.71,0,1,0,0
8,0,0,Germany,Berlin,Grocery,Debit Card,Tablet,40,690,0.8,9427.16,58.58,125,23,25.8,14.52,0,0,0,0
13,0,0,Australia,Munich,Online Shopping,Mobile Payment,Desktop,54,658,1.6,6391.84,68.51,174,20,52.0,1.21,0,2,0,0
0,0,1,USA,Rio,Electronics,Credit Card,ATM,51,687,11.0,18870.54,394.37,173,25,5.1,18.2,0,1,0,0
16,0,0,USA,Mexico City,Travel,Debit Card,Tablet,51,850,8.5,1712.3,649.6,142,19,7.7,2.42,0,0,1,0
23,0,1,USA,Guadalajara,Electronics,Crypto,Mobile,36,704,11.4,40969.37,641.91,154,19,12.6,2.07,0,0,0,0
11,0,0,India,Toronto,Entertainment,Credit Card,Mobile,65,671,7.4,2997.42,11.78,138,20,8.8,2.08,0,0,0,1
12,0,0,USA,Lyon,Grocery,Credit Card,Mobile,42,719,5.4,1145.72,88.61,147,21,2.5,12.38,0,3,1,0
17,0,0,UK,Berlin,Grocery,Credit Card,Mobile,41,597,3.4,12617.6,23.47,155,14,75.7,2.42,1,0,0,0
6,0,1,Mexico,Osaka,Electronics,Bank Transfer,ATM,79,752,9.5,36055.35,162.62,160,24,18.6,2.58,0,0,0,0
23,0,1,Mexico,Mumbai,Healthcare,Bank Transfer,Desktop,70,567,2.2,1656.14,156.96,160,24,35.9,2.76,0,0,0,0
23,1,1,UK,Lyon,Online Shopping,Credit Card,Desktop,52,680,4.6,1762.44,31.37,141,20,2.6,4.24,0,0,0,0
11,0,0,USA,Melbourne,Gaming,Bank Transfer,Mobile,42,690,0.9,15649.44,46.55,160,18,16.5,18.82,0,0,0,0
22,1,1,Mexico,New York,Restaurant,Credit Card,Mobile,35,586,1.5,9765.61,37.11,161,15,2.6,3.09,0,0,0,0
6,1,1,India,New York,Electronics,Credit Card,Mobile,35,706,8.2,6442.94,370.82,147,19,3.5,3.69,0,0,0,0
5,0,1,UK,Mexico City,ATM Withdrawal,Mobile Payment,Mobile,26,753,7.8,11436.13,76.9,152,21,26.6,5.82,0,0,0,0
7,0,0,Canada,Delhi,ATM Withdrawal,Debit Card,Mobile,50,834,0.6,11210.5,94.33,120,20,79.9,28.62,0,0,0,0
1,0,1,Canada,Osaka,Online Shopping,Debit Card,ATM,53,720,0.3,3291.89,35.42,156,16,26.5,8.24,0,0,0,0
2,0,1,Brazil,Melbourne,Clothing,Debit Card,ATM,31,801,2.9,58910.95,187.98,145,22,25.3,2.5,0,0,0,0
19,0,0,Germany,São Paulo,Entertainment,Crypto,Mobile,24,634,23.5,8021.8,116.69,162,25,41.5,25.48,0,0,0,0
2,0,1,USA,Guadalajara,Fuel,Credit Card,Mobile,52,749,1.4,5039.01,28.47,147,18,0.3,2.76,0,0,0,0
12,0,0,UK,Mexico City,Clothing,Debit Card,POS Terminal,40,676,4.3,52046.59,87.4,171,13,3.6,4.43,0,1,1,0
12,1,0,UK,Tokyo,Travel,Credit Card,POS Terminal,48,714,0.7,9573.36,569.12,171,17,6.2,20.8,0,0,0,0
7,0,0,USA,Munich,Utilities,Bank Transfer,Desktop,63,625,10.6,16073.23,9.58,188,19,24.8,6.86,0,0,0,0
13,0,0,USA,Mexico City,Jewelry,Bank Transfer,Tablet,31,767,3.6,525.05,303.31,153,18,13.9,8.06,0,0,0,0
23,0,1,Japan,Sydney,Education,Debit Card,Tablet,47,582,2.2,11370.13,6.1,167,26,100.3,24.57,0,0,0,0
9,1,0,Germany,Rio,Online Shopping,Bank Transfer,POS Terminal,19,712,0.2,6206.55,8.21,175,29,5.1,2.61,0,3,0,0
18,0,0,USA,Los Angeles,Utilities,Crypto,Tablet,42,686,5.2,21021.59,149.41,142,13,90.8,2.26,0,0,0,0
20,1,0,Australia,Manchester,Online Shopping,Credit Card,Desktop,42,668,16.5,537.64,112.46,143,18,1.2,2.32,0,0,0,0
7,1,0,Canada,Vancouver,Jewelry,Credit Card,Mobile,51,743,0.8,455.79,418.37,145,19,12.9,13.78,0,1,0,0
20,1,0,France,Sydney,Electronics,Debit Card,Mobile,41,728,6.9,16780.02,369.29,156,19,56.8,3.02,0,1,0,0
8,0,0,Brazil,São Paulo,Crypto Exchange,Credit Card,Mobile,20,708,1.5,28290.47,159.25,144,20,21.3,3.35,0,0,0,0
5,0,1,Australia,Tokyo,Gaming,Debit Card,Mobile,41,792,14.6,15309.91,121.85,154,18,6.0,14.2,0,1,0,0
14,0,0,Japan,Paris,Healthcare,Credit Card,Desktop,49,710,2.5,9875.57,73.45,162,27,83.7,14.53,0,5,0,0
11,0,0,Japan,Toronto,Grocery,Cheque,Mobile,64,688,0.1,22395.53,45.76,139,18,105.0,7.91,1,0,0,0
21,0,0,USA,Toronto,Healthcare,Mobile Payment,Desktop,36,625,1.7,9415.04,47.17,144,19,6.0,10.3,1,0,0,0
19,1,0,Brazil,Vancouver,Utilities,Credit Card,Mobile,61,606,2.2,2056.64,111.66,148,16,7.7,6.37,0,1,0,0
11,0,0,USA,Rio,Crypto Exchange,Debit Card,POS Terminal,51,798,6.1,5470.08,53.12,151,23,88.6,1.08,0,0,0,0
16,0,0,France,Los Angeles,Gaming,Bank Transfer,Desktop,44,607,5.2,17963.5,23.01,148,28,22.9,8.52,0,0,0,0
15,1,0,Brazil,Paris,Utilities,Credit Card,Mobile,49,525,1.8,85485.16,51.71,161,14,111.7,13.06,0,0,0,0
22,0,1,Canada,Delhi,Jewelry,Credit Card,Desktop,39,701,0.9,24411.85,142.98,159,23,11.3,6.85,0,1,0,0
22,0,1,France,Lyon,Travel,Debit Card,Desktop,40,552,5.3,66406.2,474.23,159,21,3.2,75.38,0,0,0,0
12,0,0,USA,Vancouver,Jewelry,Debit Card,ATM,20,828,6.5,10204.91,299.46,150,21,20.1,0.33,0,0,0,0
5,1,1,USA,Paris,Fuel,Mobile Payment,Mobile,37,700,3.2,10348.53,71.92,136,14,6.1,18.42,0,0,0,0
16,1,0,USA,Toronto,Travel,Bank Transfer,POS Terminal,21,700,11.4,6268.08,487.91,153,20,2.9,16.52,0,1,0,0
14,0,0,Canada,Manchester,Crypto Exchange,Bank Transfer,Mobile,47,574,0.1,23116.02,25.98,158,23,13.3,5.54,0,0,1,0
15,0,0,USA,Vancouver,Healthcare,Credit Card,Mobile,58,564,5.2,9191.11,293.96,133,12,48.7,2.77,1,0,0,0
19,0,0,USA,Munich,Restaurant,Bank Transfer,Tablet,69,758,14.3,2505.02,19.18,146,22,4.4,10.63,0,0,0,0
19,0,0,UK,Paris,Electronics,Credit Card,Mobile,50,632,14.0,3369.2,532.4,138,29,19.7,34.15,0,0,0,0
6,0,1,India,Guadalajara,Healthcare,Crypto,Mobile,33,741,1.6,11678.77,108.04,148,18,11.7,8.58,0,1,0,0
23,0,1,France,Tokyo,Clothing,Bank Transfer,Mobile,48,621,0.6,4652.18,3.89,152,17,40.8,12.24,0,0,0,0
0,0,1,Germany,Lyon,Grocery,Credit Card,Mobile,36,780,5.3,25101.07,69.45,156,18,8.0,4.64,0,0,0,0
18,0,0,USA,Mumbai,Gaming,Mobile Payment,Mobile,18,739,9.3,8631.69,152.6,141,13,0.9,1.04,0,0,0,0
8,0,0,Australia,São Paulo,ATM Withdrawal,Credit Card,Mobile,30,850,4.6,3420.7,27.43,140,17,9.6,40.05,0,0,0,0
1,1,1,Australia,Toronto,Entertainment,Mobile Payment,POS Terminal,46,738,4.3,27915.55,23.73,131,13,4.5,9.37,0,2,0,1
22,0,1,Mexico,São Paulo,Travel,Bank Transfer,Desktop,30,718,1.9,7085.72,1058.08,157,24,39.5,9.86,0,0,0,0
16,0,0,Brazil,Delhi,Restaurant,Credit Card,ATM,34,454,3.2,4741.66,33.33,170,14,22.0,9.1,0,0,0,0
10,0,0,India,Toronto,Jewelry,Debit Card,Mobile,33,850,10.0,44422.5,117.59,151,25,7.2,8.08,0,0,0,0
21,0,0,Germany,São Paulo,Restaurant,Debit Card,ATM,45,673,8.7,10198.53,28.04,140,22,13.1,5.89,0,0,0,0
3,1,1,UK,Munich,ATM Withdrawal,Mobile Payment,Tablet,24,716,4.2,22180.94,125.5,143,20,11.1,3.88,0,0,0,1
9,1,0,India,Paris,Restaurant,Credit Card,Desktop,51,717,0.9,2201.37,183.86,155,12,0.0,5.01,0,0,1,0
14,0,0,Brazil,Toronto,Fuel,Mobile Payment,Desktop,33,746,8.0,43551.24,143.1,132,20,2.5,30.9,0,0,0,0
22,1,1,Brazil,Mexico City,Utilities,Debit Card,Mobile,48,676,9.5,5767.69,5.46,148,15,63.3,38.9,0,0,0,0
15,1,0,Germany,São Paulo,Healthcare,Credit Card,Mobile,34,615,5.3,37721.04,95.81,146,16,85.4,42.79,0,0,0,0
2,0,1,Mexico,Delhi,Travel,Mobile Payment,Mobile,52,659,3.5,3215.1,407.54,147,18,4.8,39.08,1,0,0,0
3,0,1,Mexico,Rio,Healthcare,Debit Card,Tablet,18,721,1.8,1645.57,38.81,141,23,5.8,10.7,0,0,0,0
16,0,0,Brazil,Sydney,Electronics,Credit Card,Desktop,54,735,2.0,3069.57,777.74,148,22,19.7,13.03,1,0,0,0
19,0,0,India,London,Education,Credit Card,Mobile,41,683,4.2,24301.72,15.59,148,25,12.9,1.47,1,1,0,0
22,1,1,Brazil,Osaka,ATM Withdrawal,Credit Card,POS Terminal,53,683,0.6,38164.16,15.9,146,23,16.9,2.28,0,0,0,0
23,0,1,Brazil,New York,Utilities,Mobile Payment,Desktop,28,639,0.9,36636.81,40.56,156,22,7.3,6.02,0,0,0,0
13,0,0,USA,Manchester,Crypto Exchange,Credit Card,Desktop,29,696,9.1,11800.04,77.06,156,23,37.6,35.11,0,0,0,0
5,1,1,India,Paris,Utilities,Debit Card,Mobile,32,481,4.3,8511.62,355.75,158,26,0.6,11.06,1,0,0,0
11,1,0,Brazil,São Paulo,ATM Withdrawal,Debit Card,POS Terminal,48,763,0.5,16206.37,14.07,151,16,45.5,45.31,0,0,1,0
7,0,0,Australia,Sydney,Online Shopping,Debit Card,ATM,52,613,12.3,5023.36,37.96,133,16,156.7,4.23,0,0,0,0
1,0,1,USA,Mexico City,Crypto Exchange,Credit Card,Mobile,42,730,1.9,3906.3,17.93,149,17,4.8,37.79,0,0,0,0
13,0,0,USA,Toronto,Jewelry,Bank Transfer,Mobile,32,748,8.6,1455.78,349.83,142,14,27.4,45.33,0,0,0,0
0,0,1,India,Manchester,Crypto Exchange,Credit Card,Mobile,58,696,6.6,77256.79,42.8,158,25,5.0,5.33,0,0,0,0
18,0,0,Mexico,Vancouver,Travel,Debit Card,Mobile,47,710,21.1,7951.31,50.0,138,16,23.1,15.89,1,0,0,0
6,0,1,USA,Mumbai,Electronics,Credit Card,Mobile,60,620,2.1,1934.99,1096.77,153,16,5.4,4.05,0,0,0,0
6,0,1,Canada,Paris,Travel,Debit Card,Mobile,47,681,2.8,5698.35,41.82,161,21,0.1,4.26,0,0,0,0
18,0,0,USA,Tokyo,ATM Withdrawal,Credit Card,Mobile,70,692,5.9,1154.19,62.41,142,21,6.8,1.69,1,0,0,0
2,0,1,USA,Mexico City,Grocery,Debit Card,Desktop,46,545,0.4,3784.01,120.95,127,20,12.2,10.58,0,0,0,0
11,0,0,Germany,Berlin,Entertainment,Credit Card,ATM,46,701,16.6,8735.37,86.21,154,16,17.7,24.04,0,0,0,0
0,0,1,Mexico,Osaka,Online Shopping,Mobile Payment,Tablet,35,659,4.3,6930.68,4.62,144,25,0.1,10.09,0,0,0,0
13,0,0,India,Manchester,Electronics,Mobile Payment,Desktop,26,695,7.9,29086.26,1484.65,132,23,14.5,27.89,1,0,0,0
11,0,0,UK,Rio,Healthcare,Credit Card,Tablet,53,733,0.5,26974.25,36.63,149,23,8.0,8.66,1,0,0,0
8,1,0,Germany,Melbourne,Travel,Crypto,Desktop,49,850,2.7,5195.28,441.79,152,24,77.2,2.18,1,2,0,0
17,0,0,France,Los Angeles,Online Shopping,Credit Card,Mobile,18,568,0.2,3165.81,29.08,161,18,29.3,7.76,0,0,0,0
20,0,0,USA,New York,Fuel,Mobile Payment,Desktop,40,694,1.4,10290.1,264.69,174,25,111.6,8.86,0,0,0,0
1,1,1,Brazil,New York,Entertainment,Debit Card,Mobile,63,606,15.0,23020.13,85.23,152,28,34.4,3.57,0,0,0,0
4,1,1,Canada,Vancouver,Entertainment,Credit Card,Desktop,35,653,1.1,30947.7,84.07,143,20,35.8,12.05,0,0,0,0
5,0,1,India,Sydney,Fuel,Crypto,Mobile,37,698,5.1,25889.9,53.81,143,17,3.1,10.91,0,1,0,0
7,0,0,USA,Mexico City,Entertainment,Credit Card,POS Terminal,18,699,11.7,785.03,185.03,137,22,33.8,1.54,0,0,0,0
22,1,1,USA,Delhi,Travel,Credit Card,Desktop,63,777,11.7,12452.68,458.23,154,25,1.4,25.13,0,0,1,0
0,0,1,Canada,Tokyo,Restaurant,Debit Card,Desktop,41,789,4.0,2838.79,21.83,166,25,4.6,19.92,0,0,0,0
13,0,0,Brazil,Osaka,Clothing,Debit Card,Mobile,44,689,4.4,17882.85,13.88,146,18,24.1,8.14,0,0,0,0
12,1,0,Brazil,Vancouver,Healthcare,Credit Card,Mobile,46,661,1.8,6459.18,28.16,140,19,16.6,16.62,0,0,0,0
3,0,1,USA,Vancouver,Education,Mobile Payment,Mobile,38,783,3.3,3531.33,291.31,126,19,47.9,15.22,0,0,0,1
23,0,1,France,Melbourne,Healthcare,Debit Card,POS Terminal,37,664,11.0,35695.64,131.85,154,21,12.6,7.55,0,0,0,0
12,0,0,USA,Osaka,ATM Withdrawal,Debit Card,Mobile,36,740,2.7,932.4,196.21,142,17,20.4,7.63,0,1,0,0
12,0,0,India,Tokyo,Restaurant,Credit Card,Tablet,49,776,3.4,24199.7,131.7,164,18,1.3,31.76,0,0,0,0
19,1,0,Japan,Lyon,Entertainment,Debit Card,Mobile,61,803,14.0,915.99,58.33,144,12,4.8,21.91,0,0,0,0
6,0,1,Australia,Tokyo,ATM Withdrawal,Debit Card,Desktop,49,636,4.4,10622.07,40.88,165,26,6.1,13.2,0,0,0,0
0,0,1,USA,Los Angeles,Fuel,Debit Card,ATM,39,711,15.2,13176.88,30.9,158,12,11.8,4.76,0,2,0,0
5,0,1,USA,Guadalajara,Gaming,Credit Card,Desktop,58,653,15.1,20612.05,101.08,166,14,29.4,0.92,0,0,0,0
11,0,0,USA,Los Angeles,Restaurant,Debit Card,Mobile,47,759,0.6,33164.7,11.28,133,26,3.5,1.15,0,3,1,1
19,0,0,USA,São Paulo,Fuel,Debit Card,Mobile,36,585,5.1,29994.85,526.13,142,20,23.2,6.7,0,0,0,0
20,0,0,USA,Tokyo,Healthcare,Mobile Payment,Mobile,50,627,21.7,6371.04,263.45,134,21,20.9,1.33,0,0,0,0
13,0,0,UK,Munich,Travel,Debit Card,Tablet,47,655,6.9,56195.3,89.45,147,12,35.1,32.47,0,0,0,0
1,1,1,Japan,Rio,Gaming,Mobile Payment,ATM,23,647,0.1,16072.66,177.04,156,26,2.8,1.37,0,0,0,0
2,1,1,Germany,Berlin,Healthcare,Bank Transfer,Desktop,45,743,1.4,10012.64,60.61,144,19,20.8,15.39,0,0,0,0
22,0,1,USA,Melbourne,Utilities,Credit Card,POS Terminal,70,632,13.8,11808.44,49.82,159,19,18.0,41.91,0,0,0,0
16,0,0,USA,Vancouver,Restaurant,Mobile Payment,Desktop,51,612,3.6,2348.48,9.22,163,23,71.7,1.46,0,0,0,0
23,0,1,USA,Delhi,Healthcare,Debit Card,ATM,32,717,0.4,29643.18,62.62,151,13,27.9,13.65,0,1,0,0
13,0,0,France,Mexico City,Clothing,Credit Card,Mobile,58,821,16.9,7137.05,35.04,174,19,1.6,4.49,0,1,0,0
9,0,0,Brazil,Mexico City,Utilities,Credit Card,Desktop,33,635,0.4,2063.71,27.46,148,16,17.5,9.21,0,0,0,0
0,0,1,Mexico,Lyon,Travel,Credit Card,Tablet,38,715,2.9,5891.5,458.07,136,16,71.1,15.24,0,0,0,1
20,0,0,France,London,Jewelry,Debit Card,ATM,29,565,3.8,6202.11,374.31,163,20,3.3,45.07,0,4,0,0
20,0,0,UK,Lyon,Grocery,Bank Transfer,Mobile,57,591,0.9,803.14,28.1,142,20,8.3,0.23,1,0,0,0
14,0,0,USA,Manchester,Entertainment,Credit Card,Mobile,26,618,1.2,9517.06,67.6,164,20,32.9,6.11,0,0,0,0
1,1,1,USA,Tokyo,Electronics,Credit Card,ATM,29,568,1.7,24561.49,375.98,173,22,8.4,2.92,0,0,1,0
18,0,0,USA,Paris,Electronics,Debit Card,Mobile,34,572,6.9,5475.23,122.61,133,25,16.0,6.19,1,0,0,0
1,0,1,India,Sydney,Education,Debit Card,Mobile,47,652,6.8,2145.88,18.85,170,21,0.2,14.02,0,5,0,0
23,0,1,UK,Delhi,Restaurant,Cheque,Desktop,32,515,1.1,2050.78,30.03,159,20,3.7,10.0,0,0,0,0
2,0,1,USA,New York,Utilities,Credit Card,Mobile,45,636,1.8,3528.37,21.05,155,17,0.5,1.3,0,0,0,0
8,0,0,Germany,Berlin,Jewelry,Mobile Payment,ATM,46,627,16.3,6373.13,282.17,163,18,12.1,3.21,0,1,0,0
18,1,0,USA,Melbourne,Restaurant,Credit Card,Desktop,40,604,2.7,17136.25,57.96,145,28,24.9,22.43,0,3,0,0
7,1,0,India,Lyon,ATM Withdrawal,Credit Card,ATM,28,737,8.3,63358.98,12.21,157,26,60.3,7.04,1,0,0,0
1,1,1,India,Berlin,Jewelry,Cheque,Tablet,43,779,1.4,507.93,442.85,146,14,62.9,10.16,0,0,1,1
16,1,0,USA,Tokyo,Online Shopping,Debit Card,Mobile,20,690,1.4,435.49,19.51,132,23,42.3,9.56,0,0,0,0
3,0,1,Brazil,Lyon,Gaming,Credit Card,Mobile,48,550,1.4,11171.27,73.62,165,16,5.0,12.9,0,0,0,0
9,0,0,Canada,Munich,Jewelry,Debit Card,Mobile,40,561,2.2,2297.7,592.45,131,15,29.9,10.4,0,1,0,0
13,1,0,USA,Delhi,Restaurant,Credit Card,Desktop,56,756,11.8,20964.8,46.4,151,22,69.9,11.9,0,3,0,1
6,0,1,Germany,Delhi,Travel,Debit Card,Mobile,62,657,2.5,6274.89,745.12,133,25,38.2,6.36,0,0,0,0
14,0,0,USA,Mexico City,Gaming,Debit Card,POS Terminal,40,705,1.0,1163.01,75.73,149,24,20.1,4.19,0,0,1,0
16,1,0,USA,Vancouver,Restaurant,Credit Card,Tablet,18,759,6.2,7410.09,42.0,146,15,4.0,0.67,0,0,0,0
2,1,1,USA,Mexico City,Electronics,Bank Transfer,POS Terminal,41,674,3.7,7889.57,1177.19,137,20,4.5,9.45,0,0,0,1
5,0,1,USA,Sydney,Electronics,Credit Card,Mobile,64,709,2.2,5566.69,383.46,166,22,18.9,28.29,0,0,0,0
16,1,0,France,Munich,Fuel,Credit Card,Mobile,34,714,8.8,6613.84,40.12,146,17,19.1,1.57,0,0,0,0
6,0,1,Japan,Melbourne,Travel,Debit Card,Mobile,40,738,5.7,10718.14,414.61,163,30,4.4,11.68,0,0,0,0
23,0,1,USA,Guadalajara,ATM Withdrawal,Debit Card,Desktop,34,791,3.8,33659.27,14.55,153,14,3.9,33.01,1,0,0,0
10,0,0,UK,Guadalajara,Crypto Exchange,Credit Card,Mobile,66,826,5.0,4565.6,31.41,145,24,7.6,39.56,0,0,0,0
11,0,0,USA,Mumbai,Education,Bank Transfer,Mobile,55,599,9.4,28526.5,72.52,165,20,38.2,5.99,0,0,0,0
4,0,1,USA,Paris,Fuel,Bank Transfer,ATM,33,745,1.3,17166.01,16.88,132,18,56.0,26.9,0,3,0,0
10,1,0,France,Mumbai,Clothing,Mobile Payment,POS Terminal,33,676,5.0,1624.81,14.53,149,22,0.8,23.32,0,0,0,0
11,1,0,Japan,Sydney,ATM Withdrawal,Credit Card,Mobile,25,766,0.1,6616.35,407.15,139,12,23.2,5.9,0,0,0,0
2,0,1,USA,Melbourne,Education,Credit Card,ATM,30,691,2.4,3777.95,55.69,152,18,37.7,22.44,0,0,0,0
19,0,0,USA,São Paulo,Electronics,Credit Card,ATM,27,522,2.8,25966.93,443.55,152,24,18.9,0.78,0,2,0,0
7,0,0,Germany,Guadalajara,Electronics,Bank Transfer,Mobile,22,499,13.0,9942.62,610.72,145,21,7.4,10.56,0,0,0,0
20,0,0,UK,Lyon,Gaming,Credit Card,ATM,35,697,7.9,7881.89,36.85,145,16,22.6,0.67,0,0,0,0
20,0,0,India,Paris,Restaurant,Credit Card,POS Terminal,57,792,6.0,19880.1,86.85,156,17,14.2,5.87,0,1,0,0
13,1,0,USA,Paris,Electronics,Credit Card,Mobile,40,678,2.5,4319.4,921.0,157,25,1.2,6.97,0,0,0,0
14,0,0,USA,Munich,Travel,Credit Card,Desktop,50,751,3.7,5519.83,1326.82,134,17,7.8,0.2,0,1,0,0
7,0,0,Germany,Toronto,Healthcare,Credit Card,Mobile,34,592,3.4,2876.22,124.54,148,20,1.0,0.85,0,0,0,0
11,0,0,Brazil,Manchester,Healthcare,Credit Card,Desktop,18,669,24.6,25508.23,106.05,137,25,3.5,2.72,0,0,0,0
12,0,0,Australia,Vancouver,Electronics,Credit Card,Desktop,60,850,3.8,5590.33,924.96,148,25,39.4,10.43,0,0,0,0
5,0,1,UK,Sydney,Gaming,Crypto,ATM,45,756,2.0,5610.01,34.97,151,25,8.7,58.41,0,1,0,0
8,1,0,USA,Berlin,Entertainment,Credit Card,Mobile,29,609,18.8,37482.63,72.92,139,19,23.7,2.22,1,0,0,0
19,1,0,Brazil,Toronto,Electronics,Debit Card,Desktop,44,567,1.7,14147.95,739.65,155,20,6.0,1.24,0,1,0,0
7,0,0,Canada,Lyon,Gaming,Credit Card,Mobile,46,740,5.1,7418.1,33.05,138,9,7.5,2.46,0,2,0,0
9,0,0,India,Melbourne,Jewelry,Debit Card,Tablet,38,712,8.0,1935.95,953.79,140,31,34.6,27.8,1,0,0,0
1,1,1,Germany,Manchester,Entertainment,Mobile Payment,Mobile,56,653,9.1,1351.54,21.16,150,17,19.7,3.14,0,4,0,0
15,0,0,India,Sydney,Electronics,Mobile Payment,POS Terminal,18,681,3.6,744.31,734.23,172,22,20.7,22.43,0,0,0,0
19,0,0,India,Delhi,Travel,Credit Card,Tablet,27,596,5.6,141.73,105.48,165,14,14.7,15.62,0,0,0,0
13,0,0,UK,Osaka,ATM Withdrawal,Debit Card,Tablet,18,677,13.6,2651.51,106.22,178,21,23.6,17.51,0,5,1,0
0,0,1,UK,São Paulo,ATM Withdrawal,Mobile Payment,Desktop,62,699,13.0,29431.8,124.62,140,16,4.5,76.34,1,0,0,0
16,0,0,Germany,Manchester,Grocery,Debit Card,Tablet,62,547,13.3,2523.39,48.91,158,18,34.7,7.41,0,0,1,0
19,0,0,USA,Los Angeles,Crypto Exchange,Crypto,Desktop,29,661,9.7,33706.73,104.32,146,14,36.0,23.68,0,0,0,0
19,0,0,Australia,Vancouver,Jewelry,Credit Card,Desktop,47,742,3.4,38130.14,421.76,166,22,21.4,1.2,0,0,1,0
14,0,0,France,Vancouver,Clothing,Crypto,Desktop,18,779,0.8,34658.56,19.29,154,30,4.1,12.75,0,0,0,0
0,1,1,USA,Mexico City,Education,Debit Card,Mobile,27,622,3.7,25882.57,9.91,174,10,12.8,18.87,0,0,0,0
20,0,0,USA,Manchester,Crypto Exchange,Credit Card,Desktop,53,620,1.8,30815.71,56.73,157,22,24.8,40.26,0,0,0,0
11,1,0,USA,Berlin,Utilities,Debit Card,Mobile,47,762,10.7,3549.47,630.61,161,17,43.0,0.7,0,3,0,0
21,0,0,India,Tokyo,Online Shopping,Bank Transfer,ATM,51,602,0.1,623.99,46.4,132,13,0.5,18.35,0,0,0,0
17,1,0,Germany,Rio,Restaurant,Debit Card,Mobile,53,710,3.4,40822.46,16.31,143,25,19.2,15.63,0,0,0,0
3,0,1,France,Lyon,Online Shopping,Debit Card,Mobile,59,607,7.3,1255.22,74.21,174,24,35.7,13.35,0,0,0,0
16,0,0,USA,New York,Jewelry,Mobile Payment,Mobile,43,677,2.6,2079.19,1356.76,174,21,8.8,14.04,0,0,1,0
0,0,1,India,Munich,Restaurant,Debit Card,Mobile,45,690,5.9,631.7,51.85,150,22,10.7,6.62,0,1,0,0
0,1,1,Japan,Berlin,ATM Withdrawal,Debit Card,Desktop,18,634,0.7,10981.35,24.34,151,29,47.8,6.48,0,0,0,0
11,0,0,Canada,London,Entertainment,Mobile Payment,Tablet,45,593,5.4,19534.39,15.63,143,22,3.7,0.74,0,0,0,0
19,0,0,USA,Toronto,Fuel,Bank Transfer,Mobile,68,741,2.4,13537.34,38.36,139,21,9.7,25.57,0,1,0,0
4,1,1,USA,Osaka,Gaming,Credit Card,Desktop,50,761,1.0,7088.44,160.48,164,15,22.3,8.47,0,0,0,0
3,0,1,Japan,Berlin,Gaming,Credit Card,Desktop,33,814,3.0,7740.1,148.12,152,12,0.9,0.21,0,1,0,1
13,0,0,Mexico,Rio,Travel,Credit Card,Desktop,33,646,3.1,2787.61,240.42,156,19,50.2,17.64,0,0,0,0
22,0,1,Mexico,New York,Jewelry,Credit Card,POS Terminal,51,769,7.4,3179.52,698.72,147,18,46.2,35.37,0,0,0,0
22,0,1,UK,Toronto,Gaming,Credit Card,Mobile,33,718,2.9,1379.99,28.81,157,19,40.1,17.45,0,0,0,0
2,0,1,India,Delhi,Utilities,Mobile Payment,POS Terminal,51,659,2.3,58923.34,247.31,161,21,30.7,13.75,0,0,0,0
18,0,0,USA,Mumbai,ATM Withdrawal,Debit Card,Mobile,51,549,0.7,14678.03,105.45,143,16,19.8,6.54,0,0,0,0
20,0,0,Mexico,Lyon,Online Shopping,Credit Card,Tablet,48,740,1.2,1808.73,114.65,141,19,26.6,22.89,0,0,0,0
15,0,0,USA,Lyon,Gaming,Credit Card,Mobile,44,649,0.7,5979.54,10.77,138,20,18.3,2.36,1,0,0,0
10,1,0,Canada,Guadalajara,Fuel,Debit Card,Desktop,23,648,0.9,9744.76,46.86,131,16,8.3,30.71,0,0,1,0
1,0,1,USA,Guadalajara,Fuel,Debit Card,POS Terminal,18,826,1.8,5745.34,65.55,154,20,2.8,1.56,0,1,0,1
22,0,1,Mexico,Lyon,Clothing,Credit Card,Mobile,33,694,4.3,5442.98,14.4,161,19,34.5,7.09,1,0,0,0
14,0,0,France,Vancouver,Utilities,Credit Card,Mobile,50,675,10.3,22758.14,35.93,153,19,7.7,10.19,0,0,0,0
19,0,0,India,Melbourne,Healthcare,Credit Card,Mobile,41,821,1.0,15454.24,23.94,138,28,15.0,13.62,0,1,0,0
16,0,0,India,Los Angeles,Electronics,Credit Card,Mobile,22,777,6.9,2077.11,430.47,144,19,19.4,7.68,0,0,0,0
3,1,1,UK,Melbourne,Clothing,Mobile Payment,ATM,32,746,2.2,2598.14,56.84,142,19,4.0,6.33,0,0,0,0
17,1,0,UK,Mexico City,ATM Withdrawal,Credit Card,Mobile,57,704,1.9,1119.07,68.88,157,18,16.6,10.67,0,0,0,0
12,0,0,Mexico,Manchester,Travel,Mobile Payment,Mobile,39,580,5.0,5364.07,212.65,161,15,25.1,29.69,0,0,0,0
19,1,0,India,Guadalajara,Education,Credit Card,Desktop,29,578,11.3,9614.51,64.2,139,24,55.3,2.58,1,0,0,0
4,1,1,Mexico,Rio,Crypto Exchange,Credit Card,Mobile,40,572,4.2,4263.28,68.79,156,16,9.7,26.75,0,0,0,0
8,0,0,USA,Munich,Jewelry,Credit Card,Mobile,27,585,1.3,12591.18,280.84,142,20,10.0,7.87,0,0,0,0
14,0,0,India,Toronto,Education,Debit Card,Mobile,53,658,2.6,9854.22,43.17,147,22,2.8,6.51,0,0,1,0
12,0,0,USA,New York,Clothing,Bank Transfer,Desktop,18,640,2.0,27047.23,68.49,155,19,17.0,17.22,0,0,0,0
19,0,0,USA,São Paulo,Restaurant,Bank Transfer,Mobile,31,679,2.5,6571.94,95.51,132,22,15.1,11.78,0,0,0,0
14,1,0,Australia,Melbourne,Education,Credit Card,Mobile,27,751,8.8,17020.7,31.34,143,28,11.2,16.67,0,0,0,0
7,0,0,USA,London,Electronics,Credit Card,Desktop,25,499,25.9,16413.94,436.36,143,19,7.0,12.78,0,0,0,0
2,1,1,Brazil,São Paulo,Education,Bank Transfer,Mobile,18,752,4.6,4409.0,29.63,133,22,9.5,1.57,0,0,0,0
14,0,0,USA,Munich,Travel,Credit Card,Mobile,18,769,15.2,3523.48,247.68,164,23,18.2,11.57,1,0,0,0
17,1,0,France,Munich,Entertainment,Debit Card,POS Terminal,50,758,1.7,6360.88,192.53,180,20,8.3,14.56,0,0,0,0
6,0,1,Brazil,Guadalajara,Grocery,Bank Transfer,Mobile,45,774,5.0,24205.14,82.41,152,19,32.9,44.61,0,0,0,0
21,0,0,UK,Rio,Jewelry,Debit Card,ATM,38,711,25.5,22388.61,280.21,124,19,33.9,11.79,0,0,0,0
10,0,0,USA,London,Restaurant,Debit Card,Mobile,58,706,0.3,909.27,17.43,164,21,17.2,11.86,0,0,0,1
22,0,1,Japan,Tokyo,Crypto Exchange,Bank Transfer,ATM,39,711,0.2,12159.43,91.48,161,17,74.5,3.44,0,0,0,0
13,1,0,Mexico,Sydney,ATM Withdrawal,Bank Transfer,Desktop,52,648,14.5,9383.4,105.21,158,26,3.1,5.63,0,0,0,0
4,0,1,Japan,Mexico City,Healthcare,Bank Transfer,Mobile,37,749,0.8,28482.74,23.42,146,22,6.7,4.27,0,0,0,0
13,0,0,France,Berlin,Grocery,Credit Card,POS Terminal,42,700,0.1,4680.44,55.85,155,20,25.7,2.53,0,0,0,0
19,1,0,Canada,New York,ATM Withdrawal,Credit Card,Desktop,61,697,2.4,1351.22,56.12,157,20,24.6,1.27,0,3,1,0
6,0,1,Australia,Sydney,Education,Bank Transfer,Mobile,57,632,6.9,3837.95,29.44,165,17,51.8,2.11,1,0,0,0
7,1,0,Germany,Los Angeles,Education,Bank Transfer,ATM,29,707,3.6,4151.34,41.62,155,16,2.2,24.78,0,0,0,0
9,0,0,USA,Mexico City,Utilities,Credit Card,Mobile,51,707,9.2,24230.26,97.71,165,22,0.7,7.47,0,3,0,0
3,0,1,France,Vancouver,Crypto Exchange,Credit Card,Mobile,28,653,1.6,1940.76,54.46,145,25,22.0,25.88,0,0,1,1
17,0,0,India,Melbourne,Healthcare,Debit Card,Mobile,42,669,5.3,4664.88,33.45,151,19,3.2,0.49,0,0,0,0
3,1,1,India,Lyon,Fuel,Crypto,Desktop,54,526,0.3,28016.8,28.74,130,23,0.7,10.72,1,0,0,0
5,0,1,Brazil,Los Angeles,Grocery,Mobile Payment,Desktop,41,640,7.3,16389.16,30.46,145,19,6.9,46.56,0,0,0,0
12,0,0,India,Vancouver,Grocery,Debit Card,ATM,26,600,7.7,10907.06,62.27,159,20,11.2,6.38,0,0,0,0
9,0,0,UK,London,Fuel,Debit Card,Mobile,43,704,0.2,1734.04,27.57,139,20,19.7,2.96,0,0,0,0
22,1,1,Brazil,Manchester,Grocery,Mobile Payment,POS Terminal,18,710,2.1,65665.95,74.15,151,18,8.3,64.91,1,0,0,1
12,0,0,USA,Paris,Gaming,Debit Card,Desktop,48,731,4.4,9301.83,68.19,146,25,17.5,0.95,0,0,0,0
16,0,0,Mexico,Lyon,Entertainment,Credit Card,POS Terminal,18,561,10.4,39838.08,52.32,128,19,15.4,11.65,1,1,0,0
14,0,0,Mexico,Melbourne,Electronics,Mobile Payment,Mobile,26,781,2.3,2540.7,1194.14,150,24,5.9,10.41,0,0,0,0
8,1,0,UK,Manchester,Travel,Credit Card,Desktop,29,610,8.6,1451.16,627.52,145,21,6.8,10.04,0,3,0,0
1,0,1,Canada,Tokyo,Jewelry,Credit Card,Desktop,39,673,5.9,9096.94,253.51,136,16,18.2,9.24,0,1,0,1
6,1,1,Japan,Toronto,ATM Withdrawal,Credit Card,Desktop,39,738,1.6,402425.91,146.56,151,24,1.2,4.2,0,0,0,0
20,1,0,Germany,Toronto,ATM Withdrawal,Credit Card,Desktop,19,669,3.1,22788.41,10.04,169,29,55.6,8.45,0,0,0,0
14,0,0,Mexico,Manchester,Online Shopping,Credit Card,Desktop,47,749,0.1,10227.2,11.36,156,25,2.9,47.57,0,0,1,0
11,0,0,India,Manchester,Gaming,Credit Card,Mobile,38,682,12.3,1643.8,65.32,177,24,42.6,8.88,1,0,0,0
18,0,0,Mexico,Berlin,Online Shopping,Bank Transfer,Mobile,50,501,4.9,42590.89,58.51,162,22,50.9,0.18,0,0,0,0
17,1,0,USA,Mumbai,Gaming,Credit Card,Mobile,62,697,5.1,14259.21,121.18,136,21,8.2,6.4,0,0,0,0
3,0,1,UK,Mumbai,Utilities,Credit Card,Desktop,41,576,5.3,898.82,344.8,157,23,5.5,4.94,0,0,0,0
19,0,0,UK,São Paulo,Restaurant,Credit Card,Mobile,71,681,3.6,3988.05,19.51,137,20,0.3,9.79,0,3,0,0
10,0,0,USA,Mumbai,Online Shopping,Credit Card,Mobile,37,685,0.1,10955.7,10.41,179,16,54.5,3.39,0,0,0,0
23,0,1,USA,London,Clothing,Debit Card,Tablet,49,697,26.2,4391.03,23.3,162,13,20.9,5.93,0,0,0,0
11,1,0,Brazil,New York,Gaming,Debit Card,Mobile,50,594,8.2,9347.61,212.0,157,19,0.0,1.77,0,0,0,0
1,1,1,Canada,Osaka,Electronics,Debit Card,Desktop,42,630,4.8,13674.95,2306.07,138,20,7.0,11.59,0,0,0,0
7,1,0,Japan,Tokyo,Restaurant,Debit Card,Desktop,42,691,3.9,1824.86,30.95,168,20,23.4,1.28,0,0,0,0
12,1,0,UK,Osaka,Restaurant,Cheque,Mobile,21,698,3.5,4047.0,297.62,147,28,42.5,67.68,0,0,1,0
13,0,0,Mexico,Berlin,Clothing,Mobile Payment,Mobile,82,605,0.8,7648.43,3.92,158,22,3.2,15.86,0,0,0,1
6,1,1,Canada,Lyon,Entertainment,Bank Transfer,Desktop,25,575,7.9,5817.02,27.69,149,22,1.3,29.19,1,0,0,0
13,1,0,Australia,Sydney,Utilities,Bank Transfer,Desktop,38,696,1.1,13229.65,46.98,154,9,7.1,6.14,0,0,0,0
3,0,1,Japan,Munich,Grocery,Mobile Payment,Desktop,51,641,0.1,1505.87,18.98,147,33,27.2,8.82,0,0,1,0
2,1,1,USA,Manchester,ATM Withdrawal,Debit Card,ATM,39,630,5.7,5838.19,156.75,154,20,4.2,45.28,0,0,0,1
5,0,1,France,Melbourne,Restaurant,Credit Card,Mobile,54,616,0.7,9200.64,109.06,153,17,11.0,11.29,0,3,0,1
15,1,0,USA,Mexico City,Travel,Credit Card,Mobile,20,652,0.3,6821.7,180.14,126,19,3.3,6.74,0,1,0,0
17,0,0,Mexico,Mumbai,Restaurant,Credit Card,Mobile,33,724,5.2,2688.84,31.72,160,17,5.9,38.45,1,0,0,0
8,1,0,France,Osaka,Utilities,Mobile Payment,Mobile,42,633,3.0,5235.22,24.49,148,22,31.5,1.51,0,0,0,0
18,0,0,UK,Los Angeles,Restaurant,Credit Card,Mobile,31,556,1.7,7635.44,23.6,150,30,15.9,0.73,0,0,0,0
8,1,0,Germany,New York,Jewelry,Credit Card,POS Terminal,28,618,5.3,25495.42,411.81,154,23,12.7,18.06,0,2,0,0
6,0,1,Germany,Guadalajara,Utilities,Debit Card,Mobile,37,688,8.0,7055.22,376.57,147,21,1.2,3.11,0,1,0,0
12,0,0,Japan,Melbourne,Gaming,Mobile Payment,Mobile,45,712,7.0,3095.65,40.06,122,17,18.8,3.82,0,0,0,0
19,0,0,France,Sydney,Crypto Exchange,Bank Transfer,Desktop,29,586,5.1,3533.66,151.09,161,22,11.4,11.48,0,1,0,0
22,1,1,Australia,Melbourne,Gaming,Credit Card,Tablet,55,559,1.7,7490.1,135.39,150,22,28.9,2.53,0,0,0,0
0,0,1,USA,New York,Utilities,Debit Card,Mobile,29,673,1.2,28706.72,47.14,168,13,30.3,5.18,0,0,0,0
5,1,1,France,New York,Travel,Credit Card,Desktop,43,752,0.6,7793.09,2206.68,140,18,35.6,58.86,0,0,0,0
1,0,1,USA,Osaka,Travel,Credit Card,Mobile,43,687,3.1,3391.23,339.29,125,12,19.9,34.17,0,1,0,0
18,0,0,India,Munich,Gaming,Credit Card,Desktop,28,665,3.0,6037.78,57.51,157,21,81.0,28.04,0,3,0,0
17,1,0,Brazil,Munich,Grocery,Credit Card,Mobile,41,707,6.9,11231.85,40.15,157,25,13.4,8.36,0,0,0,0
19,0,0,Australia,New York,Electronics,Debit Card,Mobile,51,654,2.6,4652.44,752.08,163,27,0.4,4.09,0,0,0,0
7,0,0,USA,Los Angeles,Education,Crypto,ATM,29,628,0.3,1528.35,112.06,141,17,29.4,11.7,0,2,0,0
7,0,0,Brazil,Sydney,Travel,Bank Transfer,Mobile,45,634,11.8,4892.54,159.37,155,24,27.5,31.25,0,0,0,0
15,0,0,Mexico,Munich,Restaurant,Bank Transfer,Desktop,18,478,1.9,1208.08,5.08,137,15,75.9,15.04,0,0,1,0
14,0,0,Germany,London,Entertainment,Credit Card,Tablet,31,604,5.0,3409.77,286.9,162,17,4.1,21.58,0,5,0,0
18,0,0,UK,Guadalajara,Healthcare,Bank Transfer,Desktop,48,697,7.7,7455.28,80.3,165,20,49.4,4.18,0,0,0,0
23,0,1,Australia,Sydney,Travel,Mobile Payment,Tablet,56,667,23.2,2999.14,385.95,145,21,6.8,26.58,0,0,0,0
1,0,1,USA,Toronto,Travel,Debit Card,Desktop,37,587,0.5,846.89,2551.75,145,18,125.5,26.18,1,0,0,0
21,0,0,India,Delhi,Utilities,Credit Card,Mobile,37,775,1.8,2945.14,40.99,176,17,4.9,19.34,0,0,1,0
22,0,1,India,Rio,Gaming,Credit Card,POS Terminal,37,723,4.8,23455.71,36.24,136,19,38.9,4.27,0,0,0,0
9,0,0,India,Berlin,Fuel,Debit Card,POS Terminal,55,704,2.3,7054.98,29.09,162,23,66.6,4.99,0,0,0,0
9,0,0,USA,Los Angeles,Entertainment,Debit Card,ATM,29,630,13.4,35129.5,59.95,169,24,18.7,2.51,0,0,1,0
3,1,1,Japan,Melbourne,Healthcare,Bank Transfer,ATM,54,661,3.8,6484.74,229.48,146,21,60.4,2.83,0,0,1,0
4,0,1,Australia,Rio,Travel,Credit Card,Desktop,18,776,6.9,25786.63,1136.47,147,22,63.6,12.1,0,0,0,0
8,0,0,UK,Lyon,Travel,Credit Card,Mobile,40,614,6.1,26477.71,516.53,141,28,13.1,15.76,0,0,0,0
16,0,0,USA,Osaka,Grocery,Debit Card,POS Terminal,58,676,5.7,2025.29,1300.8,180,23,14.0,38.98,0,0,0,0
23,0,1,Mexico,Sydney,Fuel,Debit Card,POS Terminal,51,682,11.2,4819.42,341.07,153,13,9.6,73.82,0,0,0,0
5,0,1,UK,Toronto,Healthcare,Debit Card,Desktop,65,579,1.1,4390.79,96.68,133,12,9.5,4.92,0,0,0,0
18,0,0,Australia,New York,Grocery,Credit Card,Mobile,48,828,6.7,7910.07,21.3,146,17,38.3,22.22,1,1,0,0
8,1,0,India,Munich,Travel,Bank Transfer,Desktop,51,731,1.0,35101.02,64.11,160,19,12.2,18.42,0,0,0,0
2,0,1,France,Tokyo,Electronics,Debit Card,Tablet,31,628,1.0,16638.11,593.49,134,19,23.8,9.75,0,1,0,0
15,0,0,France,Melbourne,Online Shopping,Bank Transfer,Mobile,28,687,3.4,7532.03,44.67,141,19,4.9,5.56,0,1,0,0
8,1,0,Japan,Manchester,Utilities,Debit Card,Mobile,42,613,0.1,15330.14,40.13,164,20,10.4,16.86,0,0,0,0
17,0,0,USA,Toronto,Restaurant,Credit Card,ATM,59,656,10.9,3035.08,78.05,158,21,24.8,27.69,0,0,0,0
1,0,1,USA,Osaka,Utilities,Mobile Payment,Mobile,55,572,15.7,7021.26,12.81,147,13,26.6,3.74,1,1,0,0
18,0,0,USA,Mumbai,Restaurant,Mobile Payment,Mobile,30,682,4.5,14972.01,1.37,156,17,30.9,1.72,0,0,0,0
21,0,0,USA,Toronto,ATM Withdrawal,Credit Card,ATM,59,749,3.8,3401.17,145.37,141,18,15.9,4.5,0,0,0,1
3,0,1,UK,Mexico City,Healthcare,Credit Card,ATM,55,632,5.1,221275.9,75.66,143,23,17.2,28.09,0,0,0,0
13,0,0,Japan,New York,Restaurant,Bank Transfer,Mobile,37,638,0.4,20881.35,39.77,140,18,128.0,5.77,0,0,0,0
13,0,0,USA,Berlin,Entertainment,Debit Card,Mobile,39,806,2.1,47449.95,21.49,156,15,11.9,3.11,0,0,0,0
7,0,0,Canada,Mumbai,Gaming,Bank Transfer,Mobile,49,695,5.6,19082.3,42.94,161,27,9.0,1.39,0,1,0,0
19,0,0,USA,Tokyo,Online Shopping,Crypto,Mobile,37,694,3.3,14611.9,41.04,145,18,10.9,7.05,0,3,1,0
13,1,0,UK,Mumbai,Restaurant,Bank Transfer,Mobile,33,595,12.3,5638.66,27.07,182,16,10.1,0.58,0,0,0,0
10,0,0,USA,Los Angeles,Fuel,Credit Card,Mobile,28,655,2.5,953.36,105.78,148,30,44.8,6.69,0,0,0,0
3,0,1,Canada,London,Restaurant,Cheque,Desktop,38,735,8.8,8629.21,58.72,172,15,23.7,0.91,1,0,0,0
0,1,1,Canada,Osaka,Restaurant,Debit Card,Mobile,57,571,2.3,327.75,90.95,154,22,24.9,32.23,0,0,0,0
18,0,0,Canada,Manchester,Travel,Credit Card,Tablet,49,573,7.7,13066.31,383.97,149,17,22.4,0.26,0,0,0,0
10,0,0,Germany,Tokyo,Healthcare,Debit Card,POS Terminal,33,682,6.0,23253.72,84.68,145,23,46.7,13.1,1,2,0,0
10,1,0,Mexico,London,Online Shopping,Mobile Payment,Tablet,45,652,0.3,5320.95,24.03,148,17,2.1,3.76,0,2,0,0
20,0,0,France,Munich,Gaming,Credit Card,Desktop,49,793,7.7,2706.59,33.52,142,18,4.1,28.42,0,0,0,0
1,1,1,Mexico,Delhi,Restaurant,Credit Card,Mobile,37,691,3.1,1000.67,80.41,131,15,5.7,4.15,0,0,0,0
3,1,1,Canada,Mexico City,Crypto Exchange,Credit Card,Mobile,40,508,2.3,527.25,259.72,163,19,12.5,11.93,0,0,0,0
19,0,0,Japan,Munich,Grocery,Debit Card,Desktop,32,684,5.8,7821.99,102.49,144,23,15.4,1.95,0,0,0,0
4,1,1,Japan,Melbourne,Healthcare,Credit Card,Desktop,31,528,7.8,8693.8,128.31,148,18,30.3,10.68,1,0,1,0
23,0,1,USA,Delhi,Utilities,Credit Card,Tablet,48,671,1.8,47684.38,778.35,160,17,8.3,16.18,0,1,0,0
11,0,0,India,New York,Grocery,Credit Card,Desktop,18,715,1.5,46065.67,61.59,131,15,6.9,38.73,1,0,0,0
18,0,0,France,Paris,Utilities,Debit Card,Desktop,38,597,2.7,6289.92,98.92,143,25,9.6,2.66,0,1,1,0
23,0,1,UK,Manchester,Education,Credit Card,Mobile,33,628,1.8,1376.88,132.26,162,22,78.5,1.48,1,2,0,0
8,1,0,USA,Berlin,Entertainment,Debit Card,ATM,23,662,5.1,4727.88,30.76,151,20,7.8,5.58,1,0,0,0
14,0,0,Australia,Los Angeles,Travel,Bank Transfer,Desktop,43,795,5.1,42341.32,424.77,161,28,9.5,48.36,0,0,0,0
5,0,1,USA,Los Angeles,Online Shopping,Crypto,Desktop,36,663,2.7,14315.36,157.57,170,23,44.4,10.58,0,0,0,0
9,1,0,UK,Berlin,Online Shopping,Mobile Payment,Mobile,61,695,0.9,31500.71,64.61,139,19,8.3,1.5,0,1,0,0
4,0,1,USA,Los Angeles,Crypto Exchange,Credit Card,Mobile,43,618,1.8,26359.05,44.26,143,23,55.3,20.94,0,0,0,0
4,0,1,USA,New York,Healthcare,Bank Transfer,Mobile,35,668,0.2,6533.61,32.26,163,13,53.2,1.79,0,0,0,0
22,0,1,USA,Vancouver,Utilities,Mobile Payment,Tablet,55,662,1.5,2774.87,82.92,143,16,28.3,4.11,0,0,0,0
3,0,1,Canada,Tokyo,Crypto Exchange,Credit Card,Mobile,52,743,9.5,6695.03,209.19,138,22,54.4,6.59,0,0,0,0
7,0,0,Canada,Munich,Electronics,Mobile Payment,Mobile,34,688,2.1,53459.01,1168.51,152,13,18.2,8.97,0,0,0,0
5,1,1,USA,Vancouver,Entertainment,Bank Transfer,Desktop,50,658,9.7,15632.37,23.29,154,26,6.3,24.42,0,0,0,0
5,0,1,Japan,Vancouver,Grocery,Mobile Payment,Desktop,53,785,13.4,12761.02,159.32,140,18,79.6,2.19,0,0,0,0
20,0,0,USA,Delhi,Clothing,Bank Transfer,ATM,37,705,4.3,2925.76,59.26,120,21,17.1,21.49,1,0,0,0
20,1,0,Australia,Paris,Restaurant,Credit Card,Mobile,49,724,2.7,4680.57,70.15,160,22,3.1,34.23,0,0,0,0
17,0,0,Brazil,São Paulo,Online Shopping,Mobile Payment,Mobile,50,678,6.0,11725.43,18.47,157,24,8.2,0.88,0,0,0,0
18,1,0,India,São Paulo,Crypto Exchange,Credit Card,Desktop,39,667,4.3,12639.05,5.57,150,14,7.8,20.17,0,1,0,0
20,0,0,France,Toronto,ATM Withdrawal,Credit Card,POS Terminal,34,710,9.1,6533.98,289.81,154,15,24.2,20.21,0,0,0,0
9,0,0,Brazil,London,Jewelry,Debit Card,ATM,38,626,13.0,1137.61,217.18,134,18,15.3,20.05,0,3,1,1
20,1,0,Australia,Toronto,Electronics,Crypto,POS Terminal,59,777,0.6,4125.35,1822.31,153,16,2.2,1.1,0,0,0,0
15,0,0,Mexico,Manchester,Restaurant,Mobile Payment,ATM,44,639,10.2,7541.63,12.29,132,28,40.2,22.91,0,0,0,0
5,0,1,UK,Mexico City,Fuel,Credit Card,ATM,43,814,10.3,20372.29,227.08,146,24,6.0,2.11,0,0,0,0
15,1,0,Australia,Rio,Utilities,Bank Transfer,Tablet,23,680,1.4,35959.02,90.5,166,25,17.2,8.63,0,0,0,0
6,0,1,USA,Vancouver,ATM Withdrawal,Debit Card,Mobile,52,692,10.0,33327.28,65.68,168,21,9.1,5.28,1,0,0,0
12,0,0,USA,Rio,Crypto Exchange,Bank Transfer,POS Terminal,39,551,1.2,77780.6,245.35,149,16,0.2,0.54,1,0,0,0
15,0,0,Japan,Manchester,Crypto Exchange,Debit Card,Mobile,28,634,3.4,46088.4,105.63,155,13,22.4,43.68,0,0,0,0
8,0,0,India,New York,Travel,Debit Card,Desktop,20,663,1.6,9531.19,1982.62,136,19,44.2,13.38,0,2,0,0
21,0,0,Australia,Los Angeles,Crypto Exchange,Credit Card,Mobile,58,712,13.1,79419.08,67.32,158,13,25.4,41.26,0,0,0,0
1,1,1,Brazil,Melbourne,Gaming,Bank Transfer,Desktop,29,650,5.4,6180.54,47.33,155,18,30.3,33.98,0,0,0,0
14,0,0,Germany,Paris,Utilities,Debit Card,Mobile,60,770,9.9,136004.54,135.72,138,16,10.0,0.86,1,1,0,0
15,1,0,Brazil,Sydney,ATM Withdrawal,Debit Card,Desktop,34,571,5.7,10934.9,12.97,141,14,78.7,21.15,0,0,0,0
18,0,0,USA,Manchester,Online Shopping,Mobile Payment,Desktop,30,596,12.6,8782.72,12.62,140,22,5.5,45.01,1,3,0,0
22,0,1,Canada,Delhi,Clothing,Debit Card,Mobile,46,680,0.7,36335.67,127.53,149,16,17.8,25.89,0,0,0,0
0,0,1,Mexico,Los Angeles,Education,Debit Card,ATM,49,555,7.9,12991.97,34.03,144,19,7.3,11.28,0,0,1,0
22,0,1,UK,Melbourne,Restaurant,Credit Card,POS Terminal,29,638,11.3,2858.87,54.52,142,25,7.5,18.44,0,0,0,0
7,0,0,France,Berlin,Restaurant,Mobile Payment,Mobile,47,671,12.1,6280.74,253.99,143,23,6.6,1.5,0,1,0,0
8,0,0,Canada,Osaka,Electronics,Credit Card,POS Terminal,33,672,12.1,24011.26,1520.1,135,13,1.8,7.13,1,0,0,0
3,0,1,USA,Munich,Education,Crypto,Mobile,52,657,8.0,5575.27,109.93,136,21,7.8,0.77,0,0,0,0
15,0,0,USA,Berlin,Restaurant,Debit Card,Desktop,54,740,30.0,27858.67,190.47,150,13,3.8,14.7,0,1,0,0
21,1,0,Japan,Mexico City,Entertainment,Credit Card,ATM,43,710,22.6,1476.14,39.42,147,27,17.7,1.41,0,0,0,0
3,0,1,Japan,Osaka,Clothing,Credit Card,ATM,50,746,0.2,14559.1,80.26,141,23,24.6,23.86,0,0,0,0
1,0,1,UK,Melbourne,Clothing,Mobile Payment,Mobile,39,695,2.3,1214.9,43.11,133,23,17.3,10.39,1,0,0,0
11,0,0,Mexico,Melbourne,Online Shopping,Credit Card,ATM,32,728,2.2,31482.45,27.49,136,18,7.1,0.43,0,0,0,0
7,0,0,Japan,Sydney,Education,Credit Card,Desktop,43,613,8.1,7447.68,18.85,148,20,10.5,12.91,0,0,0,0
9,0,0,France,Toronto,Gaming,Credit Card,Desktop,53,731,0.7,8335.9,10.02,159,23,9.8,2.47,0,0,0,0
14,0,0,Mexico,Lyon,Electronics,Bank Transfer,Desktop,45,757,0.8,905.32,401.36,167,19,3.2,2.89,0,0,0,0
9,1,0,France,Rio,Grocery,Credit Card,Tablet,43,609,5.2,3131.38,127.89,143,22,10.9,2.46,0,0,0,0
1,1,1,USA,Berlin,Restaurant,Debit Card,Mobile,48,531,0.6,16290.14,214.18,149,23,0.8,11.69,0,0,0,0
21,1,0,Japan,Rio,Online Shopping,Credit Card,ATM,37,755,3.6,1936.03,40.86,131,31,0.2,24.38,0,0,0,0
23,1,1,USA,London,Travel,Credit Card,Desktop,22,725,1.2,80836.8,403.92,125,20,13.2,18.35,0,0,0,0
8,0,0,India,Rio,Crypto Exchange,Debit Card,Desktop,34,726,3.2,1071.31,10.63,146,13,51.1,9.76,0,0,0,0
22,0,1,Germany,Mumbai,Fuel,Credit Card,Mobile,41,781,4.4,2775.24,15.77,151,32,31.0,14.53,0,0,0,0
11,1,0,Germany,Berlin,Crypto Exchange,Debit Card,Mobile,18,599,5.0,18954.47,23.17,128,26,15.9,2.21,0,0,0,0
18,0,0,France,Guadalajara,Online Shopping,Debit Card,POS Terminal,51,800,6.2,2220.43,336.71,141,15,27.4,3.64,0,1,0,0
5,0,1,USA,Mumbai,Online Shopping,Credit Card,Tablet,46,578,2.8,2155.64,9.34,166,27,3.4,26.51,1,0,0,0
8,0,0,UK,São Paulo,Gaming,Cheque,Desktop,47,567,13.0,8166.87,171.55,130,16,25.2,10.79,0,0,0,0
20,1,0,France,Manchester,Education,Credit Card,Mobile,28,663,0.6,17908.72,35.04,149,19,0.2,0.13,0,0,0,0
11,1,0,USA,Munich,Gaming,Debit Card,ATM,42,668,0.7,26308.2,59.36,117,16,22.6,27.48,0,0,0,0
12,0,0,USA,Berlin,Fuel,Crypto,Desktop,18,612,1.4,6677.22,87.54,160,11,29.0,26.81,0,1,0,0
15,1,0,India,Paris,Healthcare,Credit Card,Desktop,23,694,8.2,1532.51,257.01,127,16,55.3,3.08,0,0,0,0
12,0,0,USA,Melbourne,Entertainment,Mobile Payment,Mobile,51,671,1.5,10659.67,5.13,139,20,110.8,0.39,0,0,0,0
14,0,0,Japan,São Paulo,Clothing,Debit Card,POS Terminal,39,659,3.4,5410.6,163.69,151,13,9.1,0.01,0,0,0,0
17,0,0,Japan,Mexico City,Electronics,Credit Card,Desktop,51,608,2.1,29014.69,97.51,149,29,18.2,21.85,0,0,1,0
3,0,1,India,Lyon,Jewelry,Mobile Payment,Tablet,51,802,2.7,31591.92,489.84,142,17,23.6,2.99,0,1,0,0
21,1,0,Germany,São Paulo,Entertainment,Credit Card,Desktop,39,681,14.8,10156.94,84.02,145,18,2.8,0.77,1,0,0,0
16,0,0,Japan,Berlin,Online Shopping,Credit Card,Mobile,32,733,8.0,7497.63,106.36,140,23,33.7,9.34,0,0,0,0
17,0,0,Brazil,Mexico City,Electronics,Debit Card,ATM,51,621,10.5,28225.43,1003.04,129,16,5.9,1.23,0,0,0,0
11,1,0,Australia,Guadalajara,Grocery,Bank Transfer,Mobile,36,772,2.3,35722.05,36.21,129,24,9.9,13.72,1,0,0,0
16,1,0,USA,Tokyo,Online Shopping,Mobile Payment,Desktop,27,638,1.9,33755.53,95.99,155,26,7.6,2.49,1,0,0,0
6,1,1,Mexico,London,ATM Withdrawal,Debit Card,Desktop,33,850,3.6,8019.18,106.39,141,19,1.0,11.28,0,0,1,0
9,0,0,Australia,Paris,Online Shopping,Credit Card,POS Terminal,42,779,5.4,33193.04,30.08,167,15,6.0,42.76,0,0,1,0
15,0,0,Brazil,Mexico City,Entertainment,Credit Card,Mobile,33,727,1.8,6312.77,21.07,159,21,40.1,6.42,0,0,0,0
14,0,0,UK,Toronto,Jewelry,Debit Card,POS Terminal,66,585,0.1,1096.14,248.49,142,18,56.7,8.81,0,1,0,0
18,1,0,USA,Guadalajara,Travel,Credit Card,Desktop,68,704,0.7,4165.49,1877.56,156,18,11.0,5.0,0,0,1,0
23,0,1,UK,Melbourne,Online Shopping,Credit Card,Desktop,28,628,14.5,19312.4,83.85,162,22,4.7,10.82,0,0,0,0
15,0,0,Germany,São Paulo,Jewelry,Credit Card,Tablet,39,570,0.4,53810.96,73.13,140,23,2.5,10.8,0,0,0,0
10,0,0,UK,Lyon,ATM Withdrawal,Debit Card,POS Terminal,19,610,4.0,1739.84,18.8,160,28,9.3,20.2,0,0,0,0
12,1,0,Mexico,Rio,Education,Debit Card,Tablet,40,643,2.0,20759.64,620.84,159,20,33.4,0.25,0,0,1,0
13,0,0,Japan,Melbourne,Online Shopping,Bank Transfer,Tablet,67,683,15.4,14843.53,42.75,137,21,65.5,11.29,0,0,0,0
13,0,0,France,Los Angeles,Education,Credit Card,Mobile,44,752,1.4,75149.5,37.86,133,16,14.9,1.59,0,0,0,0
7,0,0,Germany,Berlin,Online Shopping,Debit Card,Mobile,55,745,1.1,1924.24,32.83,154,19,26.8,12.16,0,0,0,0
15,1,0,USA,Sydney,Jewelry,Credit Card,POS Terminal,31,695,4.7,38156.03,67.62,148,20,46.2,1.21,0,1,0,0
21,1,0,India,Munich,Gaming,Credit Card,Desktop,27,626,5.4,37295.46,109.22,142,19,30.5,19.19,0,0,0,0
21,0,0,Germany,Manchester,Gaming,Debit Card,Desktop,53,584,14.3,13353.51,25.51,169,21,0.5,0.62,0,0,0,0
5,1,1,UK,London,Utilities,Debit Card,Mobile,72,643,1.0,3717.9,39.41,133,17,15.3,33.49,1,0,0,0
2,0,1,India,Sydney,Healthcare,Credit Card,Desktop,43,677,0.3,3997.17,22.27,129,25,3.0,6.05,0,0,0,0
16,1,0,Canada,Osaka,Crypto Exchange,Credit Card,Mobile,58,695,3.1,19208.01,35.81,152,16,15.5,10.91,0,1,0,0
11,0,0,India,Paris,Utilities,Debit Card,Mobile,43,662,3.3,32037.62,74.21,169,22,29.3,2.75,0,2,0,0
23,0,1,USA,Lyon,Education,Bank Transfer,POS Terminal,20,643,5.5,2368.24,283.86,144,17,7.4,6.85,1,0,0,0
16,1,0,Japan,São Paulo,Utilities,Debit Card,Mobile,31,741,0.3,1647.13,160.95,133,18,16.3,7.94,0,0,0,0
1,1,1,Australia,Munich,Entertainment,Debit Card,Mobile,72,597,0.4,6085.94,61.59,150,21,2.3,28.33,0,0,0,0
8,0,0,USA,Toronto,Travel,Bank Transfer,Desktop,54,562,7.0,10499.88,513.63,156,17,18.6,16.24,0,0,0,0
20,0,0,India,Vancouver,Travel,Credit Card,Mobile,36,628,4.5,20855.0,190.0,159,19,4.8,4.46,0,0,0,0
7,1,0,Australia,Sydney,Crypto Exchange,Debit Card,Mobile,37,575,0.9,5899.48,263.51,149,13,1.9,1.39,1,0,0,0
4,0,1,India,Toronto,ATM Withdrawal,Bank Transfer,Tablet,54,603,8.2,5752.12,92.18,138,18,21.9,9.48,0,0,0,0
4,0,1,Japan,Lyon,Education,Debit Card,Mobile,47,514,2.1,3352.34,168.4,164,18,2.2,2.7,0,0,0,0
21,0,0,USA,Mumbai,Travel,Debit Card,ATM,32,720,6.6,8672.59,658.97,158,15,4.5,12.32,0,0,0,0
16,0,0,Mexico,Osaka,Restaurant,Credit Card,Desktop,22,721,3.8,88227.83,30.31,121,23,3.0,8.45,0,0,0,0
23,0,1,Canada,Mumbai,Travel,Crypto,Mobile,54,680,4.0,5532.53,199.8,155,22,3.0,17.68,0,1,1,0
4,0,1,Japan,Melbourne,Entertainment,Credit Card,POS Terminal,19,793,1.5,29930.09,85.81,168,18,25.7,19.84,0,0,1,0
11,1,0,Germany,Paris,Online Shopping,Debit Card,Mobile,45,692,8.6,13485.45,165.86,154,20,1.0,11.39,0,1,0,0
2,0,1,USA,London,Fuel,Mobile Payment,Mobile,43,723,18.4,15968.39,334.11,158,19,18.9,1.94,1,0,0,0
0,1,1,Germany,Paris,Healthcare,Debit Card,Desktop,45,702,15.6,5671.52,14.31,144,21,10.4,5.46,0,1,0,0
4,1,1,USA,London,Education,Debit Card,Mobile,45,814,2.2,15589.97,5.78,137,17,38.8,10.58,0,4,0,0
17,0,0,UK,London,Restaurant,Mobile Payment,Mobile,22,708,4.9,5379.95,10.19,149,18,3.6,24.1,0,0,0,0
4,0,1,USA,Guadalajara,Crypto Exchange,Mobile Payment,Mobile,26,638,7.5,1475.11,11.75,159,23,37.6,12.34,0,0,0,0
9,0,0,USA,Manchester,Online Shopping,Bank Transfer,Mobile,22,719,3.0,17679.43,26.71,138,24,0.6,7.01,0,0,0,0
12,0,0,Germany,São Paulo,Education,Credit Card,Mobile,30,630,9.0,21156.25,78.04,167,19,12.3,12.88,0,0,0,0
12,0,0,Brazil,Tokyo,Entertainment,Mobile Payment,Tablet,51,624,4.9,487.79,27.67,159,13,37.8,7.48,0,0,0,0
10,0,0,USA,Lyon,Utilities,Bank Transfer,Desktop,53,753,3.1,74624.87,53.47,128,16,10.4,1.23,0,0,0,0
13,0,0,UK,Guadalajara,Fuel,Debit Card,Mobile,49,745,5.2,947.24,28.94,159,15,4.6,4.82,1,0,0,0
12,0,0,USA,Paris,Utilities,Debit Card,Desktop,40,648,4.2,28546.82,150.5,129,18,14.8,4.08,1,0,1,0
13,0,0,Brazil,Guadalajara,Education,Credit Card,Mobile,41,655,1.6,3776.71,15.33,151,26,5.7,6.52,0,0,0,0
9,1,0,France,Munich,Entertainment,Bank Transfer,ATM,78,702,1.6,3592.2,102.35,157,18,21.2,0.3,0,0,0,0
21,0,0,UK,Lyon,Travel,Credit Card,Desktop,44,735,0.4,1257.71,564.32,141,16,48.9,9.89,0,1,0,0
13,1,0,USA,Manchester,Electronics,Debit Card,POS Terminal,49,722,0.8,12356.01,86.9,173,21,4.9,1.51,0,0,0,0
1,0,1,Germany,Mexico City,Crypto Exchange,Debit Card,Mobile,38,782,7.5,15324.91,64.11,153,28,35.0,5.34,0,0,0,0
15,1,0,USA,Los Angeles,Education,Credit Card,Tablet,44,602,4.9,18419.04,36.78,147,15,9.1,2.26,1,0,0,0
7,0,0,Germany,Toronto,Fuel,Mobile Payment,ATM,32,649,24.0,6846.61,561.12,141,19,3.0,1.07,0,0,0,0
13,0,0,Japan,São Paulo,ATM Withdrawal,Credit Card,Desktop,47,588,4.8,16671.85,10.39,141,21,17.1,1.17,0,0,0,0
3,0,1,Brazil,São Paulo,Healthcare,Crypto,Mobile,26,706,2.9,10584.83,24.76,135,27,4.9,0.02,0,0,0,0
10,1,0,Brazil,São Paulo,Crypto Exchange,Credit Card,Mobile,40,794,8.3,16801.28,456.46,151,16,25.0,11.75,1,0,1,0
12,1,0,UK,Paris,Fuel,Credit Card,Desktop,35,575,1.4,2172.33,116.73,139,20,29.6,2.23,0,0,0,0
1,0,1,India,Los Angeles,Crypto Exchange,Debit Card,POS Terminal,60,533,2.5,42235.2,22.34,139,19,22.4,10.92,1,0,0,0
9,0,0,Australia,Mexico City,Entertainment,Bank Transfer,Mobile,51,753,5.5,3321.06,49.52,127,20,15.5,0.68,0,0,0,0
1,1,1,India,Paris,Travel,Credit Card,Mobile,48,582,6.5,6027.98,397.01,161,25,0.3,0.53,1,0,0,0
9,0,0,Mexico,Munich,Online Shopping,Mobile Payment,Tablet,54,786,4.0,22300.06,75.23,161,25,33.6,64.55,0,0,0,0
7,0,0,India,New York,Clothing,Credit Card,Tablet,47,831,1.2,45060.22,20.98,149,22,10.8,23.67,0,0,0,0
8,1,0,Mexico,Guadalajara,Healthcare,Mobile Payment,Mobile,18,654,1.7,7976.07,7.95,140,13,1.3,3.29,0,0,0,0
9,1,0,Germany,Melbourne,Clothing,Bank Transfer,Mobile,19,705,0.8,16068.94,33.84,146,18,25.3,16.44,0,0,0,0
5,0,1,India,Sydney,Education,Debit Card,Desktop,61,618,3.0,4288.12,147.98,161,24,8.2,6.92,0,0,0,0
2,0,1,Japan,Mexico City,ATM Withdrawal,Debit Card,ATM,18,654,6.1,1910.73,152.6,138,22,27.6,15.01,0,0,0,0
3,0,1,Canada,São Paulo,Healthcare,Mobile Payment,Desktop,47,621,0.1,26777.29,18.17,171,18,20.4,2.41,0,0,0,0
14,0,0,USA,Delhi,ATM Withdrawal,Mobile Payment,Mobile,44,813,1.7,5944.15,147.43,128,16,27.8,13.28,1,0,0,0
15,1,0,India,Sydney,Utilities,Credit Card,Tablet,69,681,4.7,9251.33,22.38,154,15,9.4,42.14,0,2,0,0
22,0,1,USA,New York,ATM Withdrawal,Debit Card,Mobile,32,547,10.1,4306.13,16.38,155,19,23.2,11.81,0,0,1,1
5,1,1,Mexico,London,Jewelry,Crypto,Tablet,50,658,3.3,16359.63,403.6,155,20,24.7,16.58,0,3,0,0
4,0,1,Germany,Munich,Education,Debit Card,Desktop,31,618,1.9,21644.49,116.07,152,18,63.8,1.41,0,0,0,0
9,0,0,Japan,New York,Online Shopping,Cheque,Mobile,36,637,12.2,1804.64,17.0,129,27,35.0,10.26,0,0,0,0
18,0,0,USA,Sydney,Healthcare,Credit Card,Desktop,84,777,3.9,3258.51,30.38,167,19,2.6,4.99,0,4,1,0
22,0,1,Brazil,Rio,Restaurant,Credit Card,POS Terminal,61,698,1.2,14140.99,43.76,161,22,11.0,9.26,0,0,0,0
10,1,0,Germany,Paris,Healthcare,Credit Card,Desktop,37,778,4.6,30008.14,50.04,151,27,4.9,3.36,0,4,0,0
0,0,1,Japan,Delhi,Education,Credit Card,Mobile,38,798,16.1,3461.17,65.6,134,25,21.3,6.82,0,0,0,0
1,1,1,USA,Rio,Healthcare,Credit Card,Desktop,32,721,5.3,11660.95,7.29,140,14,20.2,2.45,0,0,0,0
23,1,1,USA,Sydney,Online Shopping,Credit Card,Mobile,34,772,10.7,9783.1,17.37,177,17,6.3,1.22,0,0,0,1
1,1,1,Japan,Mexico City,Online Shopping,Debit Card,Desktop,53,654,4.1,2309.72,249.42,140,27,92.2,1.66,0,0,0,0
6,0,1,USA,Tokyo,Entertainment,Credit Card,ATM,24,720,0.1,2268.94,61.58,138,27,21.3,8.5,0,2,1,0
9,0,0,Canada,Paris,Electronics,Debit Card,Mobile,30,713,5.5,1384.57,1560.9,153,17,49.7,0.58,1,1,0,0
20,0,0,Australia,Manchester,Clothing,Bank Transfer,Tablet,40,531,3.7,15144.13,46.73,131,14,51.9,21.37,1,2,1,0
19,1,0,India,Delhi,Crypto Exchange,Debit Card,Mobile,54,850,4.8,3751.11,49.85,161,17,48.2,27.08,0,0,0,0
21,1,0,India,Mexico City,Restaurant,Crypto,Mobile,29,654,2.3,18990.97,59.92,149,18,46.4,16.73,0,0,0,0
0,0,1,UK,Sydney,Grocery,Debit Card,Tablet,63,780,1.2,59253.21,771.32,141,22,8.1,0.07,0,1,0,0
17,0,0,USA,São Paulo,Restaurant,Debit Card,Desktop,23,676,9.6,91406.27,29.98,155,21,16.3,11.72,1,0,0,0
18,0,0,France,New York,Jewelry,Mobile Payment,Mobile,37,643,8.8,745.25,1598.19,151,20,10.0,12.7,0,0,0,0
19,0,0,India,London,Crypto Exchange,Debit Card,Mobile,40,767,0.7,11037.52,64.24,159,20,6.8,2.19,0,0,1,0
21,1,0,India,Lyon,Healthcare,Credit Card,Tablet,58,582,2.4,11584.44,115.62,129,23,3.3,3.06,0,0,0,0
5,0,1,Brazil,Tokyo,Gaming,Mobile Payment,Desktop,49,630,2.8,9671.06,19.97,161,26,0.0,2.39,1,0,0,0
11,1,0,USA,Munich,Healthcare,Debit Card,ATM,33,724,1.7,9494.96,905.56,150,25,46.7,6.32,0,0,0,0
21,1,0,France,Delhi,Utilities,Credit Card,Mobile,36,728,5.7,10871.25,154.16,155,18,2.5,4.22,1,0,0,0
16,1,0,USA,Delhi,Crypto Exchange,Debit Card,Mobile,57,531,2.7,21279.36,90.84,158,16,1.2,13.58,1,0,0,0
2,0,1,Australia,Sydney,Utilities,Debit Card,Mobile,46,668,3.4,1449.95,110.94,150,18,25.7,4.46,0,1,0,0
16,0,0,India,Mumbai,Electronics,Bank Transfer,Mobile,39,630,1.7,19348.77,206.82,130,27,13.8,24.96,0,0,1,0
18,0,0,USA,Tokyo,Electronics,Debit Card,Mobile,48,760,1.5,11831.09,540.19,145,22,7.7,9.8,1,0,0,0
11,0,0,India,Delhi,Clothing,Credit Card,Mobile,50,730,16.5,5559.17,407.65,151,26,2.8,8.09,0,0,0,0
11,0,0,India,Tokyo,Fuel,Mobile Payment,POS Terminal,44,657,0.8,1181.3,50.73,150,18,11.2,14.29,0,0,0,0
2,0,1,Mexico,Guadalajara,Grocery,Crypto,Tablet,38,745,6.3,16439.63,29.89,134,19,61.3,1.93,0,0,0,0
3,1,1,France,Osaka,Electronics,Credit Card,POS Terminal,39,564,7.0,7942.33,191.88,118,18,22.8,0.87,0,0,0,0
23,0,1,USA,Paris,Entertainment,Credit Card,Mobile,31,541,4.3,2259.57,37.24,127,20,20.1,22.85,0,2,0,0
4,1,1,Germany,Lyon,Grocery,Credit Card,Desktop,53,726,1.4,10312.93,80.67,140,18,35.5,4.26,0,0,0,0
14,0,0,France,Melbourne,Clothing,Debit Card,Tablet,30,711,3.9,4086.48,65.95,154,14,7.2,12.44,0,0,0,0
16,1,0,UK,Osaka,Gaming,Bank Transfer,Mobile,36,688,14.6,2271.72,227.06,152,24,75.5,7.29,0,0,0,0
6,0,1,UK,London,Education,Credit Card,Mobile,50,640,20.3,17769.06,30.52,151,17,15.9,5.51,1,0,0,0
13,1,0,Australia,Vancouver,Education,Mobile Payment,Mobile,40,717,2.2,18209.13,12.07,136,25,76.8,21.97,0,0,0,0
17,0,0,Japan,Los Angeles,ATM Withdrawal,Debit Card,Mobile,33,783,1.7,465.37,24.05,160,22,42.6,27.76,0,0,0,0
22,0,1,France,Mexico City,Education,Bank Transfer,ATM,52,480,4.9,13310.5,85.74,150,20,1.3,1.35,0,1,0,0
0,0,1,USA,Munich,Electronics,Mobile Payment,Tablet,52,578,1.0,7507.65,386.46,168,25,12.0,1.09,0,0,0,0
11,1,0,Mexico,Munich,Utilities,Debit Card,ATM,34,738,0.1,40907.97,15.73,175,18,30.6,29.14,0,1,1,0
16,0,0,Canada,Mumbai,Grocery,Debit Card,Mobile,22,850,0.3,28688.48,97.04,145,13,7.1,2.43,1,0,0,0
4,0,1,Brazil,Mexico City,Healthcare,Bank Transfer,Desktop,44,637,17.0,212.58,104.24,158,32,2.2,0.48,0,0,0,0
0,0,1,Japan,Toronto,Online Shopping,Credit Card,Mobile,18,609,11.8,4234.77,72.25,149,22,12.4,37.13,0,0,0,0
23,0,1,Brazil,Paris,Restaurant,Cheque,Mobile,51,714,6.0,6634.21,140.57,159,23,1.0,24.66,0,0,0,0
16,0,0,India,São Paulo,Entertainment,Bank Transfer,ATM,45,715,2.0,3854.54,118.83,157,26,1.6,39.96,0,3,0,0
20,0,0,Canada,Manchester,Restaurant,Debit Card,Mobile,26,640,8.4,11776.32,235.53,159,15,29.6,12.78,0,0,0,0
22,0,1,UK,London,Travel,Credit Card,Mobile,56,721,6.7,1262.23,1421.42,152,16,38.0,6.51,0,5,0,0
17,0,0,Mexico,Berlin,Electronics,Debit Card,Desktop,55,747,3.0,2609.55,149.52,163,18,27.2,15.44,0,0,0,0
9,0,0,Australia,Mexico City,Utilities,Credit Card,Mobile,43,584,0.1,9216.26,70.54,159,27,11.6,3.0,0,0,0,0
14,0,0,Canada,Mumbai,Healthcare,Mobile Payment,Tablet,58,668,2.3,13926.77,115.27,138,19,3.8,18.4,0,0,0,1
21,1,0,USA,Delhi,Restaurant,Bank Transfer,Mobile,19,690,2.0,18215.1,136.12,147,17,13.7,13.48,0,0,0,0
16,1,0,UK,Melbourne,Gaming,Credit Card,Mobile,50,775,12.0,2716.13,13.29,124,19,14.4,29.49,0,3,0,1
9,1,0,Japan,Lyon,Fuel,Mobile Payment,Mobile,40,707,0.1,16045.91,13.36,148,20,30.8,8.12,0,0,1,0
10,0,0,Australia,Manchester,Jewelry,Bank Transfer,Tablet,25,752,2.8,674.44,1145.21,125,17,13.7,11.29,0,0,0,0
8,0,0,USA,Paris,Utilities,Mobile Payment,Tablet,26,633,6.2,2436.57,478.76,120,23,1.6,1.68,1,0,0,0
10,0,0,Germany,Toronto,Restaurant,Cheque,Mobile,44,717,2.5,9201.67,48.68,139,25,8.5,5.46,0,0,0,0
4,0,1,India,London,Entertainment,Mobile Payment,Desktop,43,757,1.7,117066.14,139.14,163,23,59.4,6.62,0,3,0,0
6,0,1,Germany,London,Online Shopping,Debit Card,Tablet,72,626,12.2,19359.08,29.77,178,14,16.7,6.36,0,1,0,0
16,0,0,USA,Guadalajara,Restaurant,Bank Transfer,Tablet,35,720,2.6,24706.92,41.5,131,28,11.1,1.67,0,0,0,0
2,0,1,Australia,Sydney,ATM Withdrawal,Debit Card,Desktop,25,563,6.6,26553.93,82.7,161,13,0.8,16.61,0,0,0,0
15,0,0,USA,Osaka,Electronics,Credit Card,Desktop,57,713,3.5,17956.12,314.35,153,20,3.3,8.26,0,0,0,0
4,0,1,Germany,Guadalajara,Travel,Credit Card,Mobile,47,735,0.9,6815.92,294.6,154,16,7.0,3.1,0,0,0,0
6,1,1,Australia,São Paulo,Utilities,Bank Transfer,POS Terminal,41,570,13.6,39918.48,59.02,164,22,18.6,3.64,1,0,0,0
12,0,0,India,Tokyo,Healthcare,Mobile Payment,POS Terminal,38,691,0.2,13849.72,263.64,139,14,15.7,11.57,0,0,0,0
13,0,0,Mexico,São Paulo,Education,Crypto,Mobile,29,713,4.0,2215.42,67.82,159,16,18.1,17.37,1,0,0,0
21,0,0,Germany,New York,Gaming,Credit Card,ATM,62,680,1.9,91566.36,49.61,161,25,3.6,35.43,0,0,0,0
5,1,1,USA,Delhi,Jewelry,Debit Card,Desktop,29,763,4.2,5550.07,84.61,137,19,10.0,14.26,0,0,0,0
13,0,0,India,Paris,ATM Withdrawal,Debit Card,Mobile,51,666,0.3,5448.02,33.05,157,21,5.5,9.28,0,1,0,0
13,0,0,USA,Osaka,Entertainment,Credit Card,Mobile,48,655,14.2,45146.9,13.9,167,18,1.6,5.25,0,3,0,0
12,0,0,France,São Paulo,Clothing,Debit Card,ATM,19,566,7.9,18217.54,62.43,141,17,0.0,20.49,0,0,0,0
14,0,0,Germany,Rio,Grocery,Bank Transfer,Mobile,61,661,0.7,12667.89,23.99,121,25,57.3,1.63,0,0,0,0
16,0,0,UK,Berlin,Entertainment,Debit Card,Mobile,28,659,3.7,5060.06,70.14,137,26,24.9,5.22,0,0,0,0
11,0,0,Japan,São Paulo,Grocery,Debit Card,Mobile,35,819,11.8,21844.69,32.87,142,22,3.8,14.67,0,2,0,0
12,0,0,Canada,Rio,ATM Withdrawal,Mobile Payment,Mobile,23,738,11.1,4582.88,56.89,150,27,6.9,1.65,0,0,0,0
19,0,0,Canada,Vancouver,Crypto Exchange,Debit Card,Mobile,70,817,4.8,65739.4,57.38,119,20,50.6,4.26,0,1,0,0
3,0,1,India,Manchester,Electronics,Debit Card,Desktop,40,657,26.5,3007.01,1863.29,159,17,2.8,2.54,0,0,0,0
19,1,0,Mexico,Munich,Grocery,Credit Card,POS Terminal,30,743,4.6,30022.67,210.88,144,22,21.0,10.1,1,0,0,0
5,0,1,USA,São Paulo,Healthcare,Credit Card,Mobile,24,769,0.8,20247.15,19.39,150,17,149.3,8.26,0,0,1,0
2,1,1,USA,Mumbai,Gaming,Bank Transfer,ATM,46,592,6.1,42964.24,322.19,141,17,31.4,38.9,0,0,0,0
16,0,0,Mexico,Delhi,Utilities,Credit Card,Mobile,29,631,2.4,809.23,278.76,135,30,0.4,9.41,1,1,0,0
23,0,1,India,Toronto,Gaming,Credit Card,Mobile,31,580,1.6,3160.45,45.01,152,15,16.1,4.71,0,0,0,0
11,0,0,Mexico,Lyon,Crypto Exchange,Credit Card,Mobile,30,754,7.4,1029.97,66.04,153,30,51.9,10.25,1,0,0,0
16,0,0,Mexico,Vancouver,Grocery,Credit Card,Mobile,39,777,2.1,8018.68,79.04,165,20,49.1,37.38,0,0,0,0
19,0,0,Mexico,Delhi,Electronics,Debit Card,Desktop,64,813,1.4,41272.02,648.99,145,18,1.0,12.41,0,0,0,1
23,0,1,France,São Paulo,Gaming,Bank Transfer,Mobile,53,721,6.4,42146.46,7.85,139,13,8.2,14.53,0,0,0,1
9,0,0,UK,Osaka,Fuel,Cheque,Mobile,40,601,9.3,3781.34,64.92,155,19,6.7,9.36,0,3,1,0
18,0,0,Brazil,Los Angeles,Clothing,Credit Card,ATM,27,644,5.8,16562.07,17.68,153,22,1.4,4.45,0,0,0,0
21,1,0,Germany,Osaka,Travel,Credit Card,POS Terminal,56,607,9.9,7301.92,264.6,132,19,4.6,8.93,0,0,0,0
11,1,0,USA,New York,Clothing,Credit Card,Desktop,18,525,6.2,6792.6,356.27,161,15,36.3,25.8,0,0,0,0
0,0,1,USA,Guadalajara,Travel,Mobile Payment,Tablet,18,823,10.9,5050.69,2046.65,166,19,11.1,32.87,0,0,0,0
12,0,0,Brazil,London,Entertainment,Credit Card,Desktop,38,571,0.3,13034.87,94.5,141,20,22.5,27.1,0,1,1,0
9,0,0,Germany,Vancouver,Restaurant,Bank Transfer,Mobile,18,712,30.0,3273.85,427.46,165,18,27.2,0.99,0,0,1,0
13,1,0,Australia,Toronto,Healthcare,Debit Card,ATM,58,620,2.4,23406.43,40.75,142,16,44.0,22.37,0,0,0,0
10,0,0,Germany,Mumbai,Jewelry,Credit Card,Tablet,30,804,9.1,3835.87,856.02,149,19,4.8,40.69,0,0,0,0
10,0,0,France,Mumbai,Jewelry,Bank Transfer,Mobile,40,821,0.3,2629.29,116.51,153,17,0.5,8.01,0,0,0,0
16,0,0,USA,Toronto,Restaurant,Credit Card,Desktop,52,549,2.1,15285.76,21.16,175,17,104.4,5.25,0,0,0,0
12,1,0,India,Osaka,Utilities,Mobile Payment,ATM,39,606,1.9,1871.81,115.27,166,12,16.8,11.12,1,0,0,0
14,0,0,Mexico,Osaka,Gaming,Debit Card,Mobile,37,735,1.8,581.96,185.5,195,18,47.5,1.72,1,0,1,0
9,0,0,Japan,Melbourne,Gaming,Mobile Payment,Mobile,33,775,4.9,1259.8,132.84,157,16,23.8,12.07,0,1,0,0
13,0,0,USA,London,Restaurant,Debit Card,Tablet,29,679,3.9,8417.35,111.18,142,20,5.1,10.65,0,0,0,0
8,0,0,UK,Los Angeles,Fuel,Credit Card,Mobile,36,659,0.4,9393.76,7.32,148,25,28.6,10.21,1,0,0,0
17,1,0,Japan,Tokyo,Crypto Exchange,Mobile Payment,Mobile,53,686,6.5,5730.52,102.95,135,22,28.2,1.8,0,0,0,0
2,0,1,USA,Los Angeles,Utilities,Debit Card,Desktop,32,564,1.5,16995.32,173.05,138,16,25.6,9.7,0,0,1,0
6,0,1,Mexico,Lyon,Education,Debit Card,Mobile,61,704,6.8,2656.16,57.51,135,27,3.6,11.18,0,0,0,0
10,1,0,India,Sydney,Utilities,Credit Card,Mobile,27,632,3.8,1043.52,37.48,138,22,58.4,16.12,0,0,0,0
16,0,0,Japan,Sydney,Gaming,Credit Card,POS Terminal,27,689,2.0,3791.36,64.59,161,26,54.3,26.61,0,2,0,0
22,0,1,Germany,Manchester,Utilities,Bank Transfer,ATM,46,829,1.4,1060.51,51.72,148,22,12.5,1.75,0,0,0,0
14,0,0,UK,Rio,Healthcare,Debit Card,Tablet,40,552,1.2,3005.54,35.75,144,20,3.9,10.82,0,0,1,0
20,1,0,Japan,Mexico City,Clothing,Debit Card,Desktop,18,706,2.4,5995.65,109.52,152,23,21.1,2.48,0,0,0,0
14,0,0,Canada,São Paulo,Clothing,Credit Card,Desktop,34,718,6.3,75785.39,140.14,146,22,32.6,17.4,0,0,0,0
15,0,0,Germany,Mexico City,Fuel,Cheque,Mobile,42,810,2.1,1612.11,54.27,169,28,9.0,3.88,0,0,1,0
17,0,0,USA,Osaka,Grocery,Bank Transfer,Mobile,40,633,8.9,13280.32,41.41,163,22,111.5,5.83,1,0,1,0
9,0,0,Australia,Rio,Travel,Debit Card,Desktop,50,698,5.2,696.33,583.54,141,13,14.6,4.35,0,0,0,0
6,1,1,India,Mumbai,ATM Withdrawal,Bank Transfer,Desktop,37,646,1.3,70668.11,14.83,137,13,39.7,7.15,0,1,0,0
2,1,1,Brazil,Tokyo,Education,Mobile Payment,Mobile,29,700,9.5,5419.55,58.02,139,18,20.7,17.64,0,0,0,0
2,1,1,Canada,São Paulo,Crypto Exchange,Debit Card,Desktop,49,620,0.5,1693.94,16.83,140,19,16.4,19.81,1,0,1,0
4,0,1,USA,Melbourne,Utilities,Debit Card,Desktop,29,757,19.2,8077.5,64.24,143,10,2.0,10.68,0,1,0,0
7,0,0,USA,New York,Restaurant,Credit Card,Tablet,18,677,4.1,57408.12,21.02,162,17,4.4,17.7,0,0,0,0
12,0,0,Australia,Sydney,ATM Withdrawal,Credit Card,Desktop,43,699,7.4,1825.77,61.22,140,17,112.7,6.78,1,1,1,0
9,0,0,Brazil,São Paulo,Utilities,Bank Transfer,Tablet,19,809,0.2,51280.65,86.53,165,10,55.8,0.45,0,1,0,0
8,0,0,Mexico,Mexico City,Jewelry,Credit Card,Tablet,35,673,0.5,3445.53,800.99,163,18,36.4,26.47,0,0,0,0
23,0,1,USA,São Paulo,Electronics,Debit Card,Desktop,47,450,5.3,4307.89,46.29,139,20,26.2,12.34,0,0,0,0
14,0,0,USA,Manchester,Fuel,Bank Transfer,Desktop,65,729,5.4,21800.62,142.7,168,23,20.3,4.02,1,0,0,0
21,1,0,USA,Berlin,Travel,Credit Card,POS Terminal,48,623,5.2,12545.69,77.38,150,16,8.1,3.64,0,0,0,0
5,0,1,USA,Sydney,Fuel,Credit Card,Mobile,59,805,4.2,1289.84,6.88,144,27,12.3,9.2,0,2,0,0
3,0,1,France,Paris,Education,Debit Card,Desktop,46,668,14.9,22778.91,619.89,137,17,52.4,2.16,0,0,0,0
13,0,0,Mexico,New York,Jewelry,Debit Card,POS Terminal,25,778,3.7,5012.29,190.82,175,24,47.7,1.93,0,2,0,0
14,0,0,USA,Manchester,Utilities,Debit Card,POS Terminal,51,651,3.6,9280.54,84.85,134,14,38.0,15.66,0,1,1,0
19,0,0,France,Sydney,Electronics,Debit Card,Mobile,39,701,8.4,1809.52,1205.94,147,18,15.7,10.93,0,0,0,0
1,0,1,USA,Mumbai,Healthcare,Credit Card,Mobile,34,850,6.3,15346.7,109.84,135,16,11.6,5.45,0,2,0,0
23,0,1,USA,Los Angeles,Electronics,Debit Card,Tablet,47,590,15.1,5824.04,287.17,151,19,43.7,26.96,0,0,0,0
13,0,0,Germany,Mumbai,Online Shopping,Debit Card,Tablet,34,766,5.5,4299.83,24.75,157,20,3.0,3.19,0,0,1,0
0,0,1,Japan,Paris,Entertainment,Credit Card,Tablet,25,646,1.5,25041.57,13.54,147,20,112.1,44.24,0,0,0,0
22,0,1,UK,Tokyo,ATM Withdrawal,Bank Transfer,POS Terminal,45,642,2.0,4781.82,100.01,145,20,2.0,2.3,1,0,0,0
23,1,1,USA,London,Gaming,Bank Transfer,Mobile,59,675,2.4,3038.48,55.57,131,26,7.6,0.92,0,0,0,0
9,0,0,UK,Mexico City,Entertainment,Debit Card,Mobile,43,607,1.4,21843.31,29.56,134,18,53.3,0.17,0,0,0,0
11,0,0,India,Vancouver,Education,Bank Transfer,Mobile,24,717,8.2,19043.76,107.4,170,20,1.3,2.06,0,0,0,0
17,0,0,Japan,Delhi,Online Shopping,Debit Card,ATM,41,613,9.1,5752.39,25.53,157,29,3.8,0.22,0,1,0,0
18,0,0,Canada,New York,Jewelry,Mobile Payment,Mobile,51,649,1.6,30517.3,282.05,134,16,13.7,4.7,0,0,1,0
21,0,0,USA,Osaka,Electronics,Credit Card,POS Terminal,39,607,6.7,39351.92,1875.67,157,17,16.4,1.32,0,0,0,0
11,0,0,India,Sydney,Electronics,Debit Card,Mobile,41,595,7.2,2798.9,1691.06,141,14,2.6,43.9,0,0,0,0
0,1,1,Brazil,Paris,Clothing,Credit Card,Desktop,27,583,2.9,2373.32,71.37,144,24,2.1,7.33,0,0,0,0
15,1,0,India,Melbourne,Restaurant,Debit Card,Mobile,46,625,20.3,1080.42,7.21,156,13,0.4,9.25,0,0,0,0
13,0,0,France,Berlin,Fuel,Mobile Payment,Mobile,47,765,2.1,3489.99,54.43,145,21,16.4,5.87,0,0,0,0
10,0,0,USA,Osaka,Utilities,Crypto,POS Terminal,54,772,9.4,7811.76,266.68,160,21,54.5,11.16,0,0,0,0
17,0,0,Japan,Rio,Fuel,Debit Card,Mobile,24,550,4.8,5255.39,28.03,171,21,49.3,10.0,0,0,0,0
14,0,0,USA,Munich,Utilities,Credit Card,Mobile,38,632,3.4,22769.75,17.89,156,19,17.6,6.24,1,0,0,0
5,0,1,Mexico,São Paulo,Electronics,Debit Card,Mobile,55,762,7.0,23078.76,842.3,161,21,13.5,19.08,0,0,0,1
11,0,0,Brazil,Paris,Fuel,Debit Card,ATM,26,745,2.2,15757.3,30.65,142,23,10.4,8.65,0,0,0,0
21,0,0,India,Los Angeles,Clothing,Mobile Payment,Mobile,18,765,0.3,2710.71,68.2,159,18,5.4,4.33,0,0,0,0
0,0,1,Australia,Manchester,Gaming,Mobile Payment,Desktop,45,744,1.4,20559.99,66.08,139,27,51.3,31.28,0,0,0,0
21,0,0,France,London,Healthcare,Mobile Payment,Mobile,42,791,3.9,15520.75,49.56,162,17,0.4,22.27,0,0,0,0
14,0,0,USA,Paris,Jewelry,Debit Card,Mobile,41,821,3.5,21747.55,79.48,141,17,8.2,6.98,0,2,0,0
1,0,1,USA,Toronto,Healthcare,Credit Card,Mobile,42,641,7.5,43271.65,27.69,171,14,22.4,4.69,0,0,0,0
16,1,0,India,London,Clothing,Crypto,Tablet,41,550,13.0,3327.2,13.42,161,21,42.7,5.43,0,0,0,0
1,0,1,France,Mexico City,Entertainment,Debit Card,Mobile,49,717,12.9,1214.51,241.31,135,32,59.5,11.19,0,1,0,0
3,0,1,India,Melbourne,Jewelry,Bank Transfer,Mobile,28,640,4.8,55572.06,631.39,156,18,24.1,9.6,0,0,1,0
10,0,0,India,Mexico City,ATM Withdrawal,Credit Card,Desktop,21,552,2.2,4969.15,65.02,147,17,31.9,31.02,0,3,0,0
19,0,0,UK,Guadalajara,Entertainment,Credit Card,Mobile,32,645,9.0,6489.86,38.23,133,29,35.6,3.6,0,0,0,0
18,0,0,Australia,Guadalajara,Online Shopping,Credit Card,Mobile,25,558,1.2,12517.53,159.21,157,10,77.9,6.14,0,0,0,0
16,0,0,USA,Manchester,Gaming,Bank Transfer,POS Terminal,29,757,1.5,82237.16,164.36,150,22,29.1,0.13,0,0,0,0
8,0,0,Germany,Guadalajara,Jewelry,Mobile Payment,Mobile,31,741,1.5,82754.18,354.13,147,19,5.1,11.43,0,3,0,0
7,0,0,USA,Melbourne,Clothing,Credit Card,Mobile,46,566,2.0,15554.66,19.83,146,23,12.5,1.35,0,0,0,0
5,0,1,Japan,Guadalajara,Grocery,Credit Card,Desktop,56,591,3.9,5673.84,62.58,145,12,27.6,8.46,0,0,0,0
14,0,0,Mexico,Sydney,Healthcare,Debit Card,ATM,18,850,8.9,15429.72,223.87,156,18,10.1,7.44,0,1,0,0
0,0,1,Mexico,New York,Online Shopping,Bank Transfer,ATM,53,745,19.0,1991.81,12.29,152,17,19.3,10.14,0,0,0,0
11,1,0,USA,Tokyo,Utilities,Debit Card,Mobile,51,724,0.6,37152.96,82.81,145,20,9.2,1.27,0,0,0,0
17,1,0,France,New York,ATM Withdrawal,Bank Transfer,Tablet,46,730,14.1,16400.28,27.34,146,21,21.0,12.0,0,0,0,0
1,0,1,Canada,Guadalajara,Clothing,Mobile Payment,ATM,25,742,1.4,26441.14,58.16,147,18,5.4,6.51,0,0,0,0
4,0,1,India,São Paulo,Restaurant,Crypto,Desktop,55,580,2.9,7061.54,24.75,166,15,3.5,16.71,0,0,0,0
6,1,1,UK,Munich,Online Shopping,Cheque,POS Terminal,40,695,6.7,17711.02,72.66,166,21,28.3,0.9,0,0,0,0
23,1,1,Australia,Manchester,Entertainment,Credit Card,Tablet,44,700,12.4,10338.08,49.89,172,15,26.1,8.86,0,0,0,0
21,1,0,USA,London,Jewelry,Mobile Payment,Tablet,57,850,2.2,24935.45,658.9,146,23,30.2,23.14,1,0,0,0
23,1,1,USA,Delhi,Travel,Debit Card,Mobile,29,708,0.5,10570.99,173.21,133,18,4.3,15.93,0,0,0,0
23,0,1,France,Osaka,Clothing,Credit Card,Tablet,63,734,7.3,5824.94,267.55,155,23,24.7,9.23,0,0,0,0
5,1,1,Japan,Munich,Clothing,Credit Card,Mobile,57,840,0.8,81614.09,49.62,150,15,30.9,12.75,0,0,0,0
14,1,0,USA,New York,ATM Withdrawal,Debit Card,Mobile,62,727,3.4,8441.46,135.17,144,19,0.4,13.22,0,0,0,0
15,1,0,India,Munich,Gaming,Debit Card,Mobile,29,777,5.6,38855.32,45.03,149,20,5.0,10.99,0,0,1,0
12,0,0,Australia,Osaka,Grocery,Credit Card,Mobile,18,674,1.9,9109.4,46.45,172,19,13.6,33.78,0,0,0,0
0,1,1,USA,Toronto,Jewelry,Credit Card,Mobile,46,783,2.1,3516.89,270.33,172,14,14.8,8.81,0,0,0,0
18,0,0,USA,Lyon,ATM Withdrawal,Debit Card,Mobile,31,666,1.7,9429.45,102.9,170,11,0.4,16.87,0,0,0,0
3,1,1,Brazil,Paris,Utilities,Debit Card,Desktop,29,693,0.3,101292.7,93.93,155,17,20.0,1.28,0,1,0,0
21,0,0,Canada,Delhi,Online Shopping,Bank Transfer,Desktop,36,839,11.5,23828.13,27.12,175,17,0.6,4.99,0,0,0,0
5,0,1,France,Lyon,Healthcare,Mobile Payment,Mobile,57,674,3.2,17374.85,44.64,165,17,18.8,6.05,0,0,1,0
14,0,0,USA,Berlin,Clothing,Credit Card,POS Terminal,37,741,5.0,7459.59,77.86,138,21,34.3,3.04,0,0,0,0
9,0,0,USA,Sydney,Online Shopping,Credit Card,POS Terminal,48,748,1.7,12884.0,15.68,130,24,26.8,6.69,0,0,0,0
19,1,0,UK,Mumbai,Entertainment,Credit Card,Mobile,50,818,2.6,1973.24,137.41,162,19,5.7,9.34,0,0,0,0
14,0,0,USA,Berlin,Restaurant,Debit Card,Mobile,61,707,2.3,37982.38,38.04,146,14,11.7,10.15,0,0,0,0
0,0,1,India,New York,Restaurant,Debit Card,Desktop,59,710,9.3,174474.35,118.68,143,20,2.8,3.69,0,0,0,0
22,0,1,USA,Tokyo,Entertainment,Mobile Payment,Mobile,49,697,7.4,10720.07,100.9,149,17,122.6,13.15,0,0,0,0
12,0,0,France,Munich,Online Shopping,Mobile Payment,Desktop,18,580,4.3,65801.42,31.89,148,16,3.3,14.61,1,0,0,0
13,0,0,France,Paris,Jewelry,Credit Card,Mobile,28,583,14.3,57169.17,1092.65,154,24,1.0,29.37,0,0,0,0
10,0,0,Australia,Manchester,Healthcare,Debit Card,ATM,44,576,0.7,13412.01,37.88,163,18,11.2,5.11,0,0,0,0
17,0,0,USA,Delhi,Online Shopping,Credit Card,Mobile,34,850,2.9,11891.44,25.59,134,21,0.6,10.28,0,0,1,0
3,1,1,India,Rio,Restaurant,Credit Card,Mobile,34,629,6.8,12168.12,30.71,145,17,12.2,3.58,1,0,0,0
1,0,1,USA,Guadalajara,ATM Withdrawal,Mobile Payment,ATM,28,694,1.0,26681.53,167.03,144,16,4.0,15.1,0,5,0,1
12,1,0,France,Berlin,Jewelry,Credit Card,Tablet,61,770,1.5,66611.66,175.18,155,24,56.1,3.83,0,0,0,0
17,1,0,UK,Lyon,Grocery,Credit Card,Desktop,24,651,1.9,22531.98,1014.72,176,26,20.7,8.75,0,0,0,0
23,0,1,USA,Sydney,Fuel,Credit Card,Mobile,43,668,3.9,37122.0,136.06,156,18,2.3,5.8,0,0,0,0
10,0,0,USA,Guadalajara,Utilities,Crypto,ATM,22,582,2.1,10470.52,194.43,151,31,53.1,8.98,0,0,0,0
16,0,0,UK,Tokyo,Utilities,Bank Transfer,POS Terminal,40,636,1.2,3116.06,31.47,137,22,18.6,11.67,0,0,0,0
12,1,0,USA,New York,Grocery,Debit Card,Desktop,31,667,5.0,18963.78,375.25,144,22,0.5,12.47,0,0,0,0
22,0,1,India,Toronto,Education,Debit Card,Mobile,27,500,5.0,1784.69,101.66,140,14,26.3,6.39,0,0,0,0
1,0,1,Canada,Osaka,Jewelry,Mobile Payment,Mobile,35,753,1.4,1002.23,600.43,152,21,54.2,20.36,0,2,0,0
0,1,1,India,London,Clothing,Debit Card,Mobile,67,719,14.8,4148.25,27.08,172,23,20.9,11.96,0,0,0,0
1,0,1,Brazil,Vancouver,Fuel,Mobile Payment,Mobile,54,666,11.2,1714.45,19.63,146,27,16.9,10.48,0,1,0,0
9,0,0,France,Paris,Fuel,Debit Card,Mobile,41,811,3.2,9284.68,42.26,135,23,40.3,42.81,0,2,0,1
22,0,1,USA,Mumbai,Crypto Exchange,Mobile Payment,Mobile,42,508,7.5,95456.82,94.93,143,25,26.4,3.87,0,0,0,0
11,0,0,India,Tokyo,Gaming,Mobile Payment,Tablet,54,766,4.8,20392.97,130.6,153,26,3.4,20.88,0,1,0,0
8,1,0,Japan,Mumbai,Fuel,Debit Card,Tablet,41,673,22.1,4103.76,29.2,154,17,3.4,3.53,0,0,0,0
19,0,0,Australia,São Paulo,Utilities,Credit Card,Desktop,18,672,4.5,37970.76,28.0,176,19,1.6,0.23,0,0,0,0
3,0,1,USA,Lyon,Online Shopping,Debit Card,Mobile,51,700,4.9,4747.29,26.96,155,10,1.0,10.66,0,0,0,0
10,0,0,Brazil,São Paulo,Electronics,Credit Card,Desktop,61,577,4.1,27215.34,38.62,136,15,48.3,7.73,1,2,0,0
20,1,0,Mexico,Manchester,Restaurant,Credit Card,Mobile,60,622,2.1,1919.91,31.0,140,28,0.9,34.2,0,0,0,0
2,0,1,Japan,Los Angeles,Fuel,Bank Transfer,Mobile,37,670,3.0,14967.53,77.14,139,19,0.5,15.44,1,0,0,0
10,0,0,India,Melbourne,Entertainment,Debit Card,Mobile,53,529,5.7,21277.15,180.94,158,23,3.1,44.64,0,0,0,0
21,1,0,India,Sydney,Gaming,Mobile Payment,POS Terminal,31,786,3.8,3634.66,104.74,127,15,16.0,6.21,1,0,0,0
13,0,0,USA,Rio,Electronics,Credit Card,Desktop,43,630,3.1,5998.7,911.3,157,16,4.7,3.8,0,0,0,0
13,0,0,USA,Osaka,Crypto Exchange,Credit Card,Mobile,66,681,9.1,2194.11,16.89,139,26,11.3,42.96,0,0,0,0
3,0,1,Brazil,Mumbai,Fuel,Debit Card,Tablet,18,764,5.2,2388.64,71.94,127,16,22.8,7.53,0,3,1,0
3,1,1,UK,Osaka,Electronics,Credit Card,ATM,39,696,8.2,79912.83,801.95,153,19,34.0,0.01,0,0,0,0
0,1,1,Japan,Rio,Jewelry,Bank Transfer,Mobile,44,642,5.2,15531.63,1521.29,183,24,25.0,41.38,0,0,0,0
20,0,0,USA,Mumbai,ATM Withdrawal,Credit Card,Mobile,42,622,3.5,45853.99,98.25,150,18,4.6,0.66,0,0,0,0
23,0,1,India,Delhi,Entertainment,Credit Card,Desktop,40,710,4.5,22961.66,53.3,147,19,16.6,2.37,0,0,0,0
21,0,0,Mexico,São Paulo,Grocery,Mobile Payment,POS Terminal,70,829,10.8,304.4,176.02,160,26,8.0,6.23,0,0,0,0
5,0,1,UK,Mumbai,Utilities,Credit Card,POS Terminal,42,597,3.5,14536.49,22.73,155,20,62.1,4.1,0,0,0,0
6,0,1,USA,Melbourne,Education,Mobile Payment,ATM,18,761,6.6,17562.91,35.79,176,16,34.6,4.43,0,4,0,0
21,0,0,Germany,Mexico City,Jewelry,Credit Card,Desktop,50,710,1.5,17347.6,506.7,151,26,37.4,7.94,1,0,0,0
16,0,0,USA,London,Utilities,Debit Card,POS Terminal,61,538,5.9,3848.3,112.54,150,22,41.1,5.23,0,0,0,0
5,0,1,India,Munich,Grocery,Credit Card,Desktop,43,515,4.1,4778.04,11.91,154,14,3.7,12.06,0,0,0,1
23,0,1,India,Melbourne,Crypto Exchange,Mobile Payment,POS Terminal,57,793,0.6,9166.05,107.96,136,11,54.5,7.87,0,1,0,0
1,1,1,USA,Melbourne,Gaming,Credit Card,POS Terminal,40,636,2.3,4848.91,31.77,142,15,2.4,36.94,0,0,0,0
20,0,0,USA,Rio,Fuel,Bank Transfer,Mobile,49,773,3.5,5556.32,3.18,175,19,38.7,9.96,0,0,0,0
20,0,0,India,Los Angeles,ATM Withdrawal,Mobile Payment,Mobile,42,585,0.3,4907.95,35.47,154,16,29.7,6.65,0,0,0,0
10,0,0,USA,Melbourne,Restaurant,Credit Card,ATM,41,600,4.8,8730.69,12.21,147,17,8.2,18.57,0,0,0,0
10,1,0,Brazil,Paris,Crypto Exchange,Debit Card,Tablet,46,668,9.5,24123.71,18.62,159,23,3.3,3.21,0,0,0,0
5,0,1,USA,London,Clothing,Debit Card,Desktop,48,825,0.4,15764.78,29.95,154,16,14.4,3.75,0,0,0,0
16,0,0,USA,Manchester,Jewelry,Crypto,Mobile,55,733,1.7,20949.65,1157.08,114,17,3.1,2.8,0,1,0,0
21,0,0,USA,Berlin,Clothing,Bank Transfer,Mobile,44,630,0.1,1557.72,45.96,127,21,15.7,8.3,1,0,0,1
11,0,0,UK,Lyon,Electronics,Credit Card,Desktop,44,688,9.9,3050.29,174.72,141,21,1.3,0.56,0,0,0,0
16,1,0,USA,Paris,Healthcare,Debit Card,Tablet,46,771,0.3,5947.55,67.89,143,19,0.3,17.07,1,0,0,0
17,1,0,Canada,São Paulo,Grocery,Credit Card,Mobile,31,672,0.4,13802.68,57.63,152,16,61.9,5.01,0,0,0,0
23,0,1,India,Guadalajara,Online Shopping,Bank Transfer,POS Terminal,23,799,11.2,5373.3,140.05,138,21,54.3,12.12,0,0,0,0
18,0,0,USA,Tokyo,Gaming,Credit Card,Mobile,46,645,7.4,3417.75,67.6,129,18,112.4,69.4,0,0,1,0
12,1,0,India,Toronto,Restaurant,Bank Transfer,Mobile,38,640,9.8,11937.56,164.75,172,24,28.0,7.32,0,0,0,0
3,1,1,USA,Rio,Grocery,Bank Transfer,POS Terminal,49,642,9.8,6888.69,11.88,139,10,6.1,18.73,1,0,0,0
5,1,1,UK,Lyon,Utilities,Mobile Payment,Mobile,29,538,2.8,11093.28,305.29,155,18,81.6,0.34,1,1,0,0
6,0,1,UK,Rio,Grocery,Debit Card,Mobile,30,579,1.5,31578.57,8.63,136,26,20.8,1.67,0,1,0,0
2,0,1,Japan,Mexico City,Online Shopping,Mobile Payment,Desktop,52,534,4.1,4599.9,73.24,156,29,18.7,1.95,0,0,0,0
15,1,0,USA,Berlin,Fuel,Credit Card,Mobile,25,524,2.3,24389.2,113.9,144,12,47.1,8.73,0,0,1,0
22,1,1,Canada,Mumbai,Restaurant,Cheque,Mobile,34,716,13.5,27060.5,29.19,126,19,1.7,2.56,0,0,0,0
16,1,0,USA,Los Angeles,Fuel,Debit Card,Mobile,46,785,4.2,2010.34,123.14,159,22,35.0,4.32,0,0,0,0
22,0,1,USA,Mumbai,Clothing,Cheque,Mobile,52,850,0.3,5951.14,40.01,146,19,0.0,10.65,0,0,0,0
15,0,0,Mexico,London,Electronics,Debit Card,Desktop,18,657,8.0,20971.68,236.0,165,25,9.2,0.04,1,1,0,0
12,0,0,Canada,Guadalajara,Education,Crypto,Mobile,56,624,12.3,17117.42,222.72,139,17,13.4,11.96,1,0,0,0
9,0,0,USA,Osaka,Jewelry,Debit Card,Desktop,23,659,3.7,27453.41,414.68,158,18,21.2,34.86,0,1,0,0
9,1,0,USA,Toronto,Utilities,Credit Card,Desktop,21,807,8.9,26970.37,14.72,165,15,37.2,19.83,0,0,0,0
13,1,0,Germany,Paris,Healthcare,Mobile Payment,Desktop,70,701,1.1,2662.69,9.08,163,14,13.9,5.29,0,0,0,0
11,0,0,India,Berlin,Fuel,Credit Card,Tablet,18,675,0.7,8277.27,50.94,129,26,73.8,10.46,0,1,0,0
5,1,1,Germany,Lyon,Grocery,Cheque,POS Terminal,37,724,4.7,6472.36,73.18,157,19,7.7,8.06,0,0,1,0
17,1,0,USA,São Paulo,Travel,Credit Card,ATM,61,621,2.3,13250.95,367.86,158,19,12.4,9.0,1,0,0,0
17,1,0,France,Sydney,Gaming,Debit Card,Mobile,46,716,0.4,2431.22,49.21,155,19,8.1,1.47,0,0,0,0
20,0,0,USA,New York,Travel,Debit Card,Desktop,35,619,4.0,2232.61,331.61,151,17,34.1,15.95,0,0,0,0
21,0,0,USA,Toronto,Jewelry,Debit Card,Desktop,20,719,2.6,8120.15,488.18,129,23,13.8,3.84,0,0,0,0
23,1,1,USA,Munich,Clothing,Debit Card,ATM,52,597,4.8,47100.86,19.57,155,14,15.1,2.39,0,0,0,0
21,1,0,India,Tokyo,Grocery,Credit Card,Tablet,35,736,0.4,3075.96,91.18,137,25,23.7,3.35,0,0,0,0
7,0,0,UK,Paris,Travel,Bank Transfer,Desktop,38,578,1.9,15976.13,991.94,152,18,26.3,54.44,0,0,0,0
4,0,1,USA,Los Angeles,Utilities,Credit Card,Desktop,25,780,3.6,1813.02,10.61,163,15,1.5,5.52,0,0,0,1
22,1,1,Germany,Los Angeles,ATM Withdrawal,Mobile Payment,Mobile,43,850,0.9,19425.51,25.85,124,25,16.3,0.08,1,0,0,0
0,1,1,USA,Melbourne,Travel,Credit Card,POS Terminal,38,695,0.7,9621.97,669.27,138,19,11.9,11.96,0,0,0,0
18,0,0,USA,New York,Grocery,Debit Card,Desktop,40,595,11.2,2038.89,69.23,148,20,9.6,1.36,1,0,0,0
10,0,0,France,Melbourne,Restaurant,Credit Card,ATM,31,597,0.8,40520.77,166.41,159,14,39.4,20.29,0,0,1,0
6,0,1,UK,Munich,Healthcare,Debit Card,Mobile,44,658,4.7,3231.42,76.22,158,19,21.6,1.98,0,0,0,0
22,1,1,USA,Los Angeles,Grocery,Bank Transfer,Mobile,68,647,2.5,13234.78,38.63,136,16,3.1,10.79,0,1,0,0
12,0,0,USA,Lyon,Online Shopping,Bank Transfer,POS Terminal,43,631,13.2,15615.81,37.93,152,20,7.0,10.39,0,0,0,0
2,0,1,USA,Lyon,Fuel,Credit Card,Mobile,36,553,2.0,2582.99,70.82,158,21,18.6,30.67,0,1,0,0
12,1,0,Australia,Paris,Healthcare,Credit Card,Mobile,60,683,9.8,11643.26,22.22,176,23,7.8,3.88,0,0,0,0
22,0,1,USA,São Paulo,Jewelry,Bank Transfer,Desktop,27,615,0.5,13406.54,838.29,156,19,20.2,18.3,0,0,0,0
1,1,1,Japan,Osaka,Gaming,Credit Card,Mobile,37,617,2.5,42530.8,30.88,155,18,93.4,3.34,0,0,0,0
3,1,1,UK,Osaka,Clothing,Credit Card,Tablet,49,646,4.7,12800.58,35.28,147,14,10.8,3.94,0,0,0,0
1,1,1,Japan,Rio,Entertainment,Credit Card,Mobile,45,706,1.1,3259.88,196.56,124,24,45.1,22.42,0,0,0,0
0,0,1,France,New York,Fuel,Debit Card,Mobile,46,628,3.9,13507.86,27.64,167,22,42.3,11.36,0,0,0,0
9,0,0,Germany,São Paulo,Electronics,Credit Card,Desktop,38,815,11.3,7745.65,648.48,159,11,39.8,3.37,1,0,0,0
8,0,0,France,Melbourne,Clothing,Credit Card,Desktop,74,759,8.9,8583.11,99.79,154,22,17.2,8.33,0,0,0,0
16,0,0,USA,Guadalajara,Jewelry,Bank Transfer,Tablet,30,804,0.3,9095.7,792.06,142,21,34.5,5.45,0,0,0,0
0,1,1,Mexico,Paris,Grocery,Cheque,Mobile,36,716,16.9,11606.3,15.08,128,16,27.9,14.62,0,0,0,0
14,0,0,Japan,Berlin,Crypto Exchange,Debit Card,Mobile,48,610,18.2,29719.92,22.32,152,21,48.9,0.89,0,0,0,1
3,0,1,Mexico,Sydney,Grocery,Debit Card,Tablet,39,615,4.6,25764.59,20.01,150,19,6.1,2.76,0,0,0,0
10,1,0,Canada,Berlin,ATM Withdrawal,Debit Card,Mobile,48,701,5.8,46432.88,24.54,131,16,0.5,22.11,0,2,0,0
2,0,1,USA,Los Angeles,ATM Withdrawal,Credit Card,Mobile,50,612,2.6,76973.57,162.67,161,16,7.8,0.84,0,0,0,0
22,0,1,Brazil,Mexico City,Electronics,Debit Card,ATM,41,533,4.1,8053.06,134.83,146,19,16.0,9.94,0,1,0,0
11,1,0,Australia,New York,Clothing,Credit Card,Mobile,45,477,13.0,10805.34,22.72,153,12,1.6,12.53,1,0,0,0
5,0,1,USA,London,Clothing,Mobile Payment,POS Terminal,23,764,0.9,3995.31,27.29,155,19,22.5,1.3,0,3,0,0
2,0,1,USA,Toronto,Electronics,Cheque,Desktop,60,621,5.6,1421.73,131.9,136,12,2.3,5.2,0,0,0,0
6,1,1,Australia,Los Angeles,Utilities,Mobile Payment,ATM,50,715,2.9,51363.54,26.23,158,22,18.9,5.19,0,1,0,0
10,1,0,USA,Vancouver,Fuel,Mobile Payment,Mobile,52,702,0.3,18293.52,125.63,150,22,14.7,1.64,0,0,0,0
8,1,0,UK,Vancouver,Restaurant,Credit Card,Mobile,48,775,2.5,8610.57,289.26,155,19,20.2,37.57,0,0,0,0
21,0,0,Australia,São Paulo,Entertainment,Credit Card,POS Terminal,63,586,0.2,7725.34,20.74,163,15,0.4,49.24,0,0,1,0
11,0,0,India,Lyon,Travel,Mobile Payment,Tablet,30,631,5.4,13371.07,715.01,140,15,91.4,11.5,0,0,0,0
10,0,0,India,New York,Jewelry,Bank Transfer,Mobile,47,631,3.2,13133.8,234.06,144,21,10.1,20.47,0,0,0,0
3,0,1,USA,Lyon,Jewelry,Credit Card,Desktop,50,725,3.3,9153.55,1208.41,126,17,5.9,8.29,1,0,0,0
11,1,0,Japan,Sydney,Utilities,Mobile Payment,Desktop,23,720,11.0,28286.36,28.17,154,10,3.6,16.24,0,0,0,0
10,0,0,India,Tokyo,Grocery,Bank Transfer,POS Terminal,30,630,1.3,17486.93,36.12,149,12,24.0,13.64,0,0,0,0
12,1,0,USA,Mumbai,Gaming,Debit Card,Tablet,38,660,9.0,1955.65,46.87,165,22,5.3,1.4,0,1,0,0
2,0,1,USA,Vancouver,Gaming,Credit Card,Tablet,39,644,4.7,11197.38,157.38,136,29,9.6,9.93,0,1,1,0
9,0,0,Japan,Lyon,Healthcare,Credit Card,Mobile,51,686,7.7,22183.62,268.33,162,18,23.9,21.85,0,0,0,0
17,0,0,Brazil,Delhi,Grocery,Debit Card,Mobile,40,642,4.3,20549.17,80.24,156,18,13.3,3.08,0,0,0,0
18,0,0,Japan,Rio,Grocery,Credit Card,Desktop,30,599,3.9,1479.74,42.77,157,22,1.4,24.25,0,0,0,0
5,1,1,USA,Toronto,Fuel,Bank Transfer,POS Terminal,34,596,3.1,1991.23,20.53,140,17,13.9,0.56,1,0,0,1
12,0,0,USA,Delhi,Travel,Credit Card,POS Terminal,47,832,7.2,8584.55,352.77,140,20,91.9,13.14,0,1,0,0
10,0,0,Germany,London,Crypto Exchange,Debit Card,Tablet,32,703,1.3,13998.88,27.81,155,26,4.5,34.0,1,0,0,0
15,1,0,Brazil,Mexico City,Jewelry,Debit Card,Mobile,42,644,4.3,8127.13,1898.6,143,23,19.3,5.36,0,0,0,0
14,1,0,UK,Manchester,Clothing,Debit Card,POS Terminal,55,646,3.4,2839.56,87.1,151,25,12.1,11.54,0,0,0,0
23,0,1,Mexico,São Paulo,Entertainment,Debit Card,Desktop,36,756,2.6,5363.91,34.2,165,17,1.4,6.9,1,2,0,0
19,0,0,USA,Lyon,Clothing,Mobile Payment,Mobile,44,619,0.3,6849.04,19.54,125,17,12.2,3.92,0,0,0,0
11,1,0,Brazil,Toronto,Electronics,Credit Card,Mobile,45,638,8.7,17586.13,676.67,161,19,11.8,8.38,0,0,0,0
17,0,0,Japan,Munich,Fuel,Cheque,Mobile,35,731,0.7,4258.1,8.87,150,25,10.9,12.64,0,2,0,0
17,0,0,UK,Vancouver,Utilities,Crypto,Mobile,52,802,1.2,18513.95,95.13,161,25,68.2,31.26,0,0,0,0
11,0,0,India,Sydney,Fuel,Bank Transfer,Mobile,44,635,1.2,22081.54,37.36,160,18,26.5,1.75,0,0,0,0
6,1,1,France,Lyon,Crypto Exchange,Mobile Payment,Mobile,25,758,3.8,1699.28,86.64,153,31,0.1,96.48,0,3,0,0
15,0,0,India,Guadalajara,Clothing,Credit Card,Desktop,36,715,17.0,5566.99,126.34,137,15,10.8,3.5,0,0,0,0
5,0,1,Germany,Mexico City,Entertainment,Credit Card,Mobile,31,590,6.7,43489.3,131.52,147,23,24.9,33.04,0,0,0,0
20,0,0,USA,Sydney,Crypto Exchange,Debit Card,ATM,36,565,19.8,7743.88,76.66,132,22,16.4,0.58,0,2,0,1
20,0,0,France,Osaka,Restaurant,Credit Card,Desktop,30,695,16.2,57690.97,8.51,147,16,4.9,0.12,0,0,1,0
2,1,1,Mexico,Lyon,Education,Debit Card,ATM,52,741,3.2,11335.31,84.66,134,19,25.3,3.37,0,0,0,0
3,0,1,Mexico,Mexico City,Crypto Exchange,Credit Card,Desktop,50,789,5.9,39263.29,51.14,113,16,21.1,2.05,0,0,0,0
13,0,0,Australia,Vancouver,Jewelry,Credit Card,Tablet,48,747,0.1,11837.68,1125.81,149,26,8.1,3.21,0,0,0,0
2,0,1,Japan,Berlin,Education,Debit Card,Mobile,68,455,0.1,7323.66,84.11,159,25,47.6,12.02,0,0,0,0
18,1,0,USA,São Paulo,Restaurant,Credit Card,Tablet,57,679,12.5,973.86,74.79,141,18,12.9,6.59,1,0,0,0
3,0,1,Mexico,Toronto,Entertainment,Mobile Payment,Mobile,53,850,1.4,60613.38,12.97,164,20,84.9,17.61,0,0,0,0
10,1,0,USA,Mumbai,Online Shopping,Credit Card,Desktop,68,582,6.8,18185.66,90.74,153,20,26.4,1.23,0,0,0,0
11,0,0,India,Los Angeles,Jewelry,Credit Card,Desktop,18,841,8.6,5040.8,147.52,164,26,16.1,27.76,0,0,0,0
11,1,0,USA,Sydney,Utilities,Cheque,Mobile,44,648,10.6,23306.03,7.32,144,10,60.0,4.84,0,0,0,0
19,0,0,Brazil,Tokyo,Clothing,Debit Card,POS Terminal,44,710,3.7,1265.87,115.53,154,25,25.9,6.83,1,0,0,0
3,0,1,India,Munich,Education,Mobile Payment,Mobile,54,739,20.7,77615.55,97.3,146,18,7.0,0.99,0,1,0,1
13,1,0,UK,Melbourne,Utilities,Mobile Payment,Desktop,31,606,15.6,1464.73,80.65,151,16,27.4,1.3,0,3,0,0
17,0,0,Japan,Mumbai,Electronics,Cheque,Mobile,18,679,8.8,6648.61,4831.22,147,11,5.9,33.49,0,0,0,0
4,0,1,Canada,London,Restaurant,Credit Card,POS Terminal,46,850,1.1,23215.39,66.04,177,27,26.0,2.43,1,0,0,0
11,1,0,Canada,Manchester,Travel,Credit Card,Desktop,43,632,5.2,11810.72,36.69,147,23,11.2,13.43,0,0,0,0
15,1,0,USA,Mumbai,Grocery,Bank Transfer,Mobile,39,521,1.4,3889.46,40.02,148,21,8.5,10.81,0,0,0,0
7,0,0,Brazil,Mumbai,Entertainment,Debit Card,Mobile,44,727,0.9,6900.8,81.24,126,24,29.6,7.09,0,0,1,0
7,0,0,Australia,Los Angeles,Online Shopping,Debit Card,Mobile,45,571,16.6,4067.02,26.26,157,25,0.8,16.42,0,0,0,0
21,0,0,Australia,Delhi,Crypto Exchange,Bank Transfer,POS Terminal,42,727,0.4,14107.13,99.8,157,19,15.6,4.36,0,0,0,0
4,0,1,Japan,London,Education,Credit Card,Mobile,42,542,6.5,37200.63,93.12,157,19,5.7,0.25,0,0,0,0
18,0,0,UK,Berlin,Restaurant,Mobile Payment,Desktop,38,533,10.6,4015.42,78.15,159,21,42.2,1.8,0,0,0,0
9,1,0,Germany,Guadalajara,Restaurant,Debit Card,Mobile,18,617,6.0,15942.72,43.91,154,18,2.6,5.07,0,1,0,0
10,0,0,Australia,São Paulo,Online Shopping,Credit Card,ATM,41,693,7.7,4723.88,4.02,140,17,18.2,7.11,0,0,0,0
5,0,1,USA,Munich,Utilities,Debit Card,Mobile,18,699,13.2,64087.36,42.4,135,29,4.0,2.25,0,3,0,0
8,0,0,Brazil,Lyon,Travel,Credit Card,Desktop,58,712,0.8,441.88,189.68,158,20,8.0,32.59,0,1,0,0
17,0,0,Mexico,New York,Travel,Debit Card,Desktop,55,767,5.8,1136.43,413.65,146,19,28.1,0.1,1,4,0,0
0,1,1,Japan,Los Angeles,Electronics,Bank Transfer,Tablet,50,679,11.5,7535.39,315.97,163,24,24.3,22.22,0,0,0,0
16,0,0,Australia,Lyon,Fuel,Debit Card,Mobile,68,583,9.1,167429.19,113.96,171,31,5.5,39.92,0,0,0,0
16,0,0,UK,Paris,Gaming,Credit Card,ATM,48,599,2.2,65350.57,491.78,140,21,11.8,1.7,1,0,0,0
6,0,1,Canada,Paris,Crypto Exchange,Debit Card,Desktop,54,612,1.5,32711.42,26.7,144,24,9.6,11.99,0,0,0,0
5,0,1,USA,Toronto,Restaurant,Credit Card,ATM,43,651,10.5,5494.91,38.11,170,23,98.8,2.54,1,1,0,0
11,1,0,USA,Munich,Restaurant,Bank Transfer,Desktop,63,723,3.3,9229.62,49.32,132,16,16.2,1.89,0,2,0,0
13,0,0,USA,Tokyo,Healthcare,Mobile Payment,Mobile,63,629,7.5,1697.95,40.05,145,21,20.9,29.61,0,1,0,0
5,0,1,UK,Paris,Healthcare,Bank Transfer,Mobile,33,590,4.5,2135.37,84.87,135,21,25.0,1.47,0,0,0,0
16,1,0,USA,Vancouver,Education,Credit Card,Mobile,33,675,12.0,3909.34,39.99,157,10,7.7,36.54,0,0,0,0
10,1,0,Canada,Sydney,Jewelry,Credit Card,Mobile,45,600,4.0,4340.63,428.69,132,18,2.9,15.18,0,3,0,0
7,0,0,USA,Mexico City,Clothing,Bank Transfer,Mobile,48,575,3.3,2597.51,13.98,166,24,31.4,6.08,0,0,0,0
18,0,0,Australia,Sydney,Travel,Credit Card,POS Terminal,54,545,0.5,122045.76,296.0,164,30,4.2,23.17,0,0,0,0
10,0,0,Australia,Tokyo,ATM Withdrawal,Bank Transfer,Desktop,53,687,9.3,54103.84,24.65,129,22,12.4,17.88,0,1,0,0
13,1,0,France,Tokyo,Education,Cheque,Mobile,41,610,4.2,4027.51,116.66,146,19,2.4,13.83,1,0,0,0
19,1,0,France,London,ATM Withdrawal,Bank Transfer,Desktop,39,591,2.2,2785.06,296.55,138,23,7.4,16.14,0,0,0,0
19,0,0,USA,Rio,ATM Withdrawal,Bank Transfer,Desktop,55,673,2.9,7305.72,41.21,169,17,0.6,5.76,0,1,0,0
1,0,1,Australia,Tokyo,Crypto Exchange,Crypto,Desktop,55,617,4.4,3316.67,27.94,160,26,49.5,11.23,0,0,0,0
9,0,0,UK,São Paulo,ATM Withdrawal,Mobile Payment,Desktop,39,633,2.6,3069.52,21.42,144,10,4.6,0.73,0,0,0,0
2,0,1,Australia,Rio,Healthcare,Bank Transfer,Mobile,37,665,1.8,3506.61,153.07,154,23,33.6,11.21,0,0,0,0
6,0,1,Mexico,Delhi,Gaming,Credit Card,Mobile,36,658,0.6,8647.42,41.71,164,15,45.3,9.06,1,0,0,0
10,0,0,India,Berlin,Online Shopping,Debit Card,Mobile,25,647,2.1,118.19,117.77,143,20,68.0,24.89,0,2,0,0
5,0,1,Mexico,Guadalajara,Crypto Exchange,Debit Card,Desktop,19,808,1.7,1996.71,26.89,142,24,1.6,17.34,0,0,0,0
17,1,0,USA,Vancouver,Electronics,Debit Card,ATM,56,693,1.1,10472.82,357.08,175,23,62.5,11.11,0,0,0,0
13,0,0,Germany,Manchester,Crypto Exchange,Debit Card,Desktop,40,690,3.1,31254.25,34.8,148,19,16.7,9.82,0,0,0,0
9,0,0,USA,Munich,Restaurant,Credit Card,Tablet,67,663,1.6,35812.08,11.52,143,22,7.3,4.53,0,0,0,1
7,0,0,Japan,Berlin,Electronics,Credit Card,Desktop,42,740,4.7,2893.86,189.77,147,25,42.7,2.02,0,0,0,0
13,0,0,USA,Toronto,Crypto Exchange,Credit Card,Desktop,52,763,11.3,24314.09,41.07,154,17,12.0,28.98,0,0,0,0
12,0,0,UK,Melbourne,ATM Withdrawal,Credit Card,Desktop,61,760,1.7,3473.66,31.71,130,14,7.7,11.2,0,0,0,0
17,1,0,India,Rio,Travel,Credit Card,Desktop,40,671,0.5,1079.74,1172.46,163,30,49.6,6.34,0,0,0,0
4,0,1,India,Mumbai,Crypto Exchange,Bank Transfer,POS Terminal,45,671,0.7,25810.63,127.75,168,14,38.6,8.76,0,4,0,0
12,0,0,Canada,Paris,Electronics,Bank Transfer,Mobile,29,703,0.8,5815.04,384.18,146,23,36.0,26.2,1,0,0,0
3,0,1,France,Manchester,Crypto Exchange,Debit Card,Desktop,27,721,6.5,88991.14,118.44,132,19,10.7,0.12,0,0,1,0
10,0,0,Brazil,Mumbai,Entertainment,Bank Transfer,Mobile,42,742,1.9,27368.68,16.08,164,28,19.9,10.64,0,0,0,0
5,0,1,Canada,Los Angeles,Gaming,Mobile Payment,Desktop,38,625,1.5,3087.67,358.74,153,29,20.0,11.61,0,1,0,0
17,1,0,Canada,Melbourne,ATM Withdrawal,Bank Transfer,Desktop,70,622,1.2,3736.37,173.66,137,17,19.6,8.86,0,0,1,0
9,0,0,UK,São Paulo,Education,Bank Transfer,Mobile,22,586,0.4,15789.98,43.1,152,19,8.2,13.83,0,0,0,0
7,0,0,UK,São Paulo,Education,Bank Transfer,POS Terminal,39,696,10.2,7968.7,69.15,160,19,21.0,14.9,0,0,0,0
0,1,1,USA,Munich,Electronics,Debit Card,POS Terminal,34,732,3.3,728.05,353.26,138,21,4.5,15.72,0,0,0,0
17,0,0,USA,Manchester,Entertainment,Credit Card,Desktop,24,843,6.1,105837.94,26.0,160,18,20.1,4.48,0,0,0,0
19,1,0,UK,Delhi,Healthcare,Debit Card,Desktop,51,609,0.8,2053.99,43.93,159,19,9.1,0.86,0,0,0,0
22,0,1,USA,Los Angeles,Utilities,Bank Transfer,Mobile,54,810,1.6,16924.16,44.44,153,19,10.4,1.62,0,0,0,0
7,0,0,USA,New York,Online Shopping,Credit Card,Mobile,35,673,4.1,17677.14,43.36,151,20,22.6,21.25,0,0,0,0
21,1,0,Canada,Rio,ATM Withdrawal,Bank Transfer,Mobile,28,754,3.5,1160.2,89.59,180,25,72.5,0.61,0,0,0,0
7,0,0,Brazil,Mexico City,Gaming,Credit Card,Mobile,38,533,10.3,4083.07,58.14,166,15,11.7,12.71,0,0,0,0
12,0,0,USA,São Paulo,Gaming,Debit Card,Mobile,43,527,1.2,9609.19,129.06,146,26,2.9,13.86,0,3,0,0
6,0,1,France,Berlin,Utilities,Debit Card,ATM,59,710,0.4,72741.53,133.33,157,24,38.1,33.15,0,0,0,0
2,0,1,USA,Manchester,Gaming,Credit Card,Mobile,38,652,8.6,2612.05,242.55,151,20,8.6,9.16,0,0,0,0
13,0,0,India,Paris,Online Shopping,Mobile Payment,Mobile,55,677,5.4,5000.42,1372.97,149,22,10.2,3.57,0,0,0,0
22,0,1,Japan,Munich,Grocery,Credit Card,ATM,35,608,13.5,8634.03,28.54,177,23,46.1,4.33,0,0,0,0
14,0,0,UK,London,ATM Withdrawal,Debit Card,Tablet,22,698,1.4,41705.59,95.72,155,19,54.1,9.53,0,0,1,0
16,1,0,Australia,Rio,Entertainment,Bank Transfer,Mobile,35,716,0.1,15062.74,24.85,138,21,28.9,0.4,0,0,0,0
10,1,0,USA,Osaka,Travel,Debit Card,POS Terminal,60,685,2.5,5855.14,266.81,138,13,10.6,18.74,0,1,0,0
23,0,1,UK,Sydney,Fuel,Bank Transfer,Desktop,56,668,1.6,12823.7,32.61,141,23,17.1,8.36,0,5,0,0
16,0,0,USA,São Paulo,ATM Withdrawal,Bank Transfer,Mobile,37,649,8.9,14626.51,40.97,169,27,7.7,3.3,0,0,0,0
15,0,0,India,Lyon,Jewelry,Bank Transfer,Desktop,31,743,12.4,11629.45,252.63,155,18,24.0,0.41,0,0,0,0
21,1,0,India,Los Angeles,Crypto Exchange,Debit Card,Mobile,32,519,0.1,2406.78,6.55,151,21,44.4,12.39,0,0,0,0
6,0,1,Germany,Osaka,Crypto Exchange,Debit Card,Mobile,45,591,5.1,50066.56,239.7,144,20,71.4,29.42,0,1,0,0
8,1,0,Brazil,Lyon,Electronics,Credit Card,Mobile,49,768,5.5,12171.9,330.36,138,21,6.6,5.94,0,0,0,0
3,0,1,Mexico,Berlin,Crypto Exchange,Bank Transfer,ATM,59,754,4.8,4716.37,40.79,160,25,17.6,2.4,1,0,0,0
16,0,0,India,Guadalajara,Entertainment,Debit Card,ATM,48,684,4.5,15638.6,13.32,134,17,37.2,12.74,0,0,0,0
13,0,0,USA,Toronto,Jewelry,Bank Transfer,Mobile,55,603,4.7,5820.31,462.77,161,10,10.5,11.96,0,0,0,0
22,0,1,Canada,Osaka,Jewelry,Debit Card,POS Terminal,28,671,11.6,4473.74,732.01,136,20,41.5,18.45,0,0,0,0
19,1,0,India,New York,Utilities,Credit Card,Tablet,39,522,11.7,152899.03,38.22,160,21,38.3,9.31,0,0,0,0
22,1,1,India,Mexico City,Travel,Debit Card,Mobile,69,679,1.8,3770.06,800.68,145,15,53.1,13.44,0,0,1,0
13,0,0,USA,Toronto,Electronics,Credit Card,Desktop,33,512,4.7,24818.68,185.68,140,20,27.5,2.54,0,0,0,0
23,0,1,USA,Vancouver,Travel,Credit Card,Desktop,42,502,4.3,7221.7,183.05,148,20,1.8,16.92,0,0,0,0
19,0,0,Japan,Manchester,Education,Bank Transfer,ATM,20,753,3.6,50169.44,202.72,170,27,3.0,12.66,0,1,0,0
10,0,0,India,Los Angeles,Online Shopping,Crypto,Mobile,35,731,1.1,2710.45,11.47,149,24,22.4,2.69,0,0,0,0
12,0,0,Canada,Guadalajara,Education,Crypto,Mobile,63,544,4.7,9156.65,11.23,123,13,9.4,1.51,0,0,0,0
1,1,1,USA,Guadalajara,Gaming,Credit Card,Mobile,18,501,2.3,17151.66,79.01,146,19,38.5,7.17,0,0,0,0
19,0,0,Canada,London,Education,Debit Card,Mobile,42,684,1.2,5979.73,14.78,137,23,3.4,2.69,0,0,0,0
22,0,1,USA,Toronto,Healthcare,Bank Transfer,Mobile,27,735,2.2,2281.0,45.87,131,14,20.5,19.15,0,0,0,0
3,0,1,UK,Delhi,Clothing,Debit Card,Tablet,40,693,0.6,57526.85,17.89,141,14,3.7,31.05,0,0,0,0
3,0,1,India,Mexico City,Online Shopping,Credit Card,Tablet,66,719,5.4,750.8,20.35,159,21,2.5,2.92,0,0,0,0
2,0,1,USA,Berlin,Restaurant,Mobile Payment,ATM,36,588,2.0,125.8,18.05,147,21,22.0,33.26,0,0,0,0
4,0,1,Brazil,Mumbai,Entertainment,Mobile Payment,Desktop,45,687,10.7,3530.88,83.6,186,18,18.6,1.17,0,0,0,0
14,0,0,UK,Munich,Travel,Credit Card,Mobile,30,775,30.0,1196.86,294.86,142,21,20.0,3.99,0,0,1,0
19,1,0,Brazil,Munich,Restaurant,Debit Card,Mobile,34,809,13.2,18496.44,40.75,167,13,3.9,20.57,0,0,0,0
16,0,0,Australia,Sydney,Travel,Bank Transfer,ATM,54,709,0.9,10121.72,188.73,142,25,57.0,2.85,0,1,0,0
12,0,0,USA,Mexico City,Travel,Debit Card,Mobile,42,493,5.9,22765.33,67.38,180,15,11.3,0.54,0,0,0,1
21,0,0,Canada,Delhi,ATM Withdrawal,Mobile Payment,Mobile,18,563,7.4,20509.06,88.41,141,16,4.7,6.19,1,0,0,0
22,0,1,Australia,Melbourne,Grocery,Bank Transfer,Tablet,63,754,0.6,3511.94,233.43,139,18,28.2,14.19,0,0,0,0
3,0,1,Australia,Toronto,Grocery,Mobile Payment,Desktop,23,671,10.0,21611.6,289.9,138,12,24.0,23.74,0,0,0,0
9,0,0,UK,Toronto,Gaming,Credit Card,POS Terminal,32,641,2.9,17144.49,33.15,138,17,27.2,6.96,0,0,0,0
9,0,0,USA,Mumbai,ATM Withdrawal,Debit Card,POS Terminal,22,557,0.1,1586.91,261.25,145,16,14.0,65.22,0,0,1,0
19,0,0,USA,Mexico City,Clothing,Credit Card,Mobile,52,734,0.4,143014.92,34.02,169,29,3.4,6.47,0,0,0,0
20,0,0,India,Paris,Crypto Exchange,Mobile Payment,ATM,54,631,15.1,2511.3,54.13,154,25,4.9,42.55,0,0,0,0
18,0,0,USA,Melbourne,ATM Withdrawal,Mobile Payment,Desktop,32,683,1.8,2347.68,261.09,146,15,14.4,16.34,0,0,0,0
19,0,0,France,Mexico City,Healthcare,Bank Transfer,Desktop,23,632,9.3,12842.76,86.26,134,16,27.8,2.66,0,0,0,0
23,1,1,USA,Lyon,Utilities,Crypto,Mobile,55,665,0.9,29460.69,105.34,148,21,16.3,5.03,0,0,0,0
9,0,0,Canada,Melbourne,Healthcare,Debit Card,Tablet,59,699,10.1,1549.23,137.0,131,14,20.4,5.37,0,1,0,0
7,0,0,India,Manchester,Entertainment,Credit Card,POS Terminal,34,759,5.9,3264.42,21.89,134,17,13.7,18.34,1,0,0,0
9,0,0,Australia,Berlin,Electronics,Debit Card,Mobile,27,594,3.0,17336.22,350.73,143,20,29.7,16.6,0,0,0,0
3,1,1,USA,Munich,Fuel,Mobile Payment,Desktop,44,801,11.5,4881.36,93.5,156,12,13.9,12.39,1,0,1,0
20,0,0,Brazil,Sydney,Grocery,Mobile Payment,Mobile,26,778,8.8,37023.17,79.75,153,18,2.4,2.07,0,0,1,0
1,1,1,Canada,Delhi,Gaming,Bank Transfer,Desktop,19,731,0.2,56438.92,31.13,154,16,16.8,14.08,0,5,0,0
15,1,0,Mexico,Lyon,Entertainment,Credit Card,POS Terminal,29,701,10.4,14114.26,61.42,151,21,2.2,10.43,0,0,0,0
18,0,0,India,Mumbai,Online Shopping,Mobile Payment,ATM,50,639,1.2,1227.89,32.65,149,27,15.9,11.73,0,0,0,0
17,0,0,USA,Manchester,Travel,Credit Card,Mobile,62,658,3.6,6527.72,721.23,157,25,20.5,13.79,0,0,0,0
15,0,0,USA,Mumbai,Restaurant,Debit Card,Mobile,33,636,0.3,15184.02,16.76,152,18,62.0,28.14,0,2,1,0
13,0,0,UK,Lyon,Fuel,Debit Card,ATM,46,516,0.1,9217.42,184.19,167,17,28.3,1.93,0,2,0,0
15,0,0,USA,Mumbai,Entertainment,Credit Card,POS Terminal,48,721,3.3,50856.11,104.29,138,14,14.2,9.98,0,0,0,0
8,0,0,USA,São Paulo,Grocery,Crypto,Mobile,41,676,3.3,25302.12,19.87,138,24,26.4,7.54,0,0,1,0
7,1,0,India,Lyon,Online Shopping,Debit Card,Mobile,34,595,0.4,11255.08,119.16,145,17,6.1,31.05,0,0,0,0
10,1,0,Japan,Toronto,Utilities,Credit Card,Desktop,55,719,5.1,87373.6,12.06,160,29,10.7,10.27,0,0,0,0
18,0,0,Brazil,Osaka,Education,Crypto,Desktop,20,667,0.3,2120.82,255.62,140,21,1.6,11.19,0,0,0,0
20,0,0,USA,Toronto,Education,Credit Card,Desktop,54,659,1.8,1741.98,146.59,161,16,43.6,10.6,0,0,0,0
20,0,0,Mexico,Mexico City,Healthcare,Credit Card,Mobile,43,764,30.0,21158.94,25.23,133,17,5.9,1.85,0,2,0,0
19,1,0,USA,Berlin,Entertainment,Credit Card,Desktop,41,617,1.2,15478.73,27.23,167,19,1.8,16.54,0,0,0,0
6,1,1,USA,Mexico City,Entertainment,Debit Card,Desktop,18,690,1.4,8732.25,8.75,146,22,4.9,19.72,0,1,0,0
20,1,0,Australia,Guadalajara,Jewelry,Bank Transfer,Desktop,48,698,0.6,9065.76,332.25,164,18,1.8,4.53,0,3,0,0
6,1,1,UK,Mumbai,Travel,Bank Transfer,Desktop,58,707,7.3,82258.48,246.7,156,25,22.5,7.87,0,1,0,0
13,0,0,USA,Melbourne,Online Shopping,Debit Card,Mobile,31,771,15.6,54926.71,178.52,157,24,1.5,13.15,0,0,0,0
16,0,0,UK,Vancouver,Restaurant,Credit Card,Desktop,56,622,0.7,5331.35,33.24,158,15,28.2,15.19,0,2,0,0
2,1,1,Brazil,Berlin,Electronics,Cheque,POS Terminal,58,707,3.0,4558.15,81.09,154,29,7.1,21.39,0,0,0,0
6,0,1,USA,Munich,Crypto Exchange,Credit Card,Desktop,53,719,12.6,7077.17,205.94,146,29,14.9,11.91,0,2,1,0
17,1,0,India,Vancouver,Education,Bank Transfer,ATM,49,752,0.6,3219.08,22.9,156,17,12.2,11.87,0,1,0,0
8,0,0,Brazil,São Paulo,Restaurant,Credit Card,Desktop,30,673,0.8,64497.49,52.09,165,11,10.1,27.98,0,0,0,0
16,0,0,UK,Manchester,Clothing,Credit Card,Mobile,35,686,1.2,964.75,61.86,155,26,16.3,3.28,0,1,0,0
19,0,0,Brazil,Paris,Utilities,Mobile Payment,ATM,56,700,0.5,14812.79,20.78,129,19,11.2,7.0,1,4,0,0
14,0,0,USA,Melbourne,Electronics,Credit Card,Mobile,42,797,5.2,1219.64,465.8,159,18,3.6,10.24,0,0,0,0
12,0,0,Germany,São Paulo,Restaurant,Debit Card,Desktop,50,600,2.1,5187.47,185.71,148,19,0.9,1.15,0,2,0,0
2,0,1,India,Munich,Healthcare,Credit Card,POS Terminal,47,651,16.1,3377.87,199.04,151,26,3.6,3.05,1,0,0,0
14,1,0,UK,Mumbai,Crypto Exchange,Credit Card,POS Terminal,18,695,3.7,6578.17,231.71,149,14,10.2,4.95,0,0,0,0
16,1,0,USA,Guadalajara,Fuel,Bank Transfer,Tablet,38,673,2.8,890.44,28.65,170,20,10.3,7.37,1,0,0,0
2,1,1,Japan,Rio,Education,Debit Card,ATM,53,655,5.7,28495.55,44.65,156,28,50.1,3.27,0,0,0,0
22,0,1,USA,Lyon,Entertainment,Credit Card,POS Terminal,31,747,1.3,10214.6,72.01,136,22,19.6,18.09,0,0,0,0
13,1,0,Germany,São Paulo,Clothing,Credit Card,Mobile,60,680,10.5,57839.75,27.3,123,15,25.3,31.83,0,0,0,0
18,0,0,Germany,Melbourne,Clothing,Credit Card,Mobile,34,663,6.1,10206.7,51.39,161,19,48.9,5.03,0,0,0,0
9,1,0,USA,Munich,Entertainment,Credit Card,Mobile,40,450,1.0,4084.44,20.12,140,21,12.1,1.06,0,0,0,0
8,1,0,USA,Manchester,Online Shopping,Debit Card,ATM,59,779,3.5,7534.76,309.1,151,18,30.1,16.59,0,0,0,0
11,0,0,India,Mumbai,Jewelry,Mobile Payment,POS Terminal,29,543,1.5,29944.22,666.24,143,18,121.4,7.24,0,0,0,0
22,0,1,Japan,Berlin,Clothing,Credit Card,Mobile,25,711,4.5,1785.09,43.05,140,15,20.8,36.39,0,0,0,0
23,0,1,USA,Munich,Healthcare,Bank Transfer,POS Terminal,55,702,2.3,15546.48,58.0,140,19,10.1,9.31,1,0,0,0
17,0,0,Mexico,Manchester,Clothing,Debit Card,Tablet,41,738,2.5,2177.1,4.04,152,28,2.6,0.28,0,2,0,1
19,0,0,USA,Melbourne,Restaurant,Credit Card,ATM,49,645,0.4,18643.05,18.03,158,22,47.2,4.75,0,0,1,0
0,0,1,USA,Tokyo,Grocery,Mobile Payment,Mobile,30,633,4.5,112677.82,25.8,127,19,4.0,9.86,0,0,0,0
4,0,1,Mexico,Rio,Healthcare,Mobile Payment,Mobile,51,653,4.9,50448.23,30.34,150,18,4.5,14.76,0,0,0,0
4,0,1,Germany,Paris,Jewelry,Bank Transfer,Desktop,37,670,0.3,2272.38,299.0,144,16,21.4,11.55,0,0,0,0
22,0,1,UK,Mexico City,Fuel,Credit Card,POS Terminal,49,621,1.9,5329.31,196.9,150,19,1.9,6.58,0,0,0,0
15,1,0,USA,Vancouver,Utilities,Credit Card,Mobile,39,714,10.4,3452.92,44.52,144,25,60.0,5.7,0,0,0,0
14,0,0,UK,Melbourne,Jewelry,Credit Card,POS Terminal,36,670,7.9,130549.22,744.32,163,20,15.1,9.53,0,0,0,0
19,0,0,Canada,Osaka,Crypto Exchange,Credit Card,Tablet,41,850,0.6,7187.03,503.78,154,17,16.2,50.28,0,0,1,1
6,0,1,USA,Berlin,Online Shopping,Credit Card,Mobile,19,802,9.6,12841.86,323.29,145,24,14.8,22.48,0,0,0,1
1,1,1,Brazil,Manchester,Electronics,Credit Card,Desktop,37,805,0.5,10698.89,193.91,118,24,48.1,2.22,0,0,0,1
2,1,1,Canada,Mexico City,ATM Withdrawal,Debit Card,Desktop,55,828,12.8,9103.07,12.22,151,23,10.9,5.77,0,0,0,0
23,0,1,UK,Vancouver,Healthcare,Credit Card,Tablet,33,485,3.4,17148.16,43.21,138,17,16.1,6.77,0,1,0,0
15,0,0,India,Manchester,Travel,Crypto,POS Terminal,42,750,1.1,6642.77,574.3,137,19,9.8,14.46,0,0,0,0
10,0,0,USA,Paris,Crypto Exchange,Bank Transfer,Mobile,65,796,6.9,3185.83,291.06,137,26,15.2,3.52,0,0,0,0
20,1,0,Japan,Guadalajara,Grocery,Mobile Payment,Tablet,41,613,1.4,16431.4,62.29,159,17,38.9,8.36,0,4,0,0
6,0,1,Germany,Osaka,Jewelry,Debit Card,Mobile,55,653,3.2,2113.86,493.92,156,24,0.3,8.12,0,0,0,0
10,0,0,France,New York,Restaurant,Credit Card,Desktop,79,591,1.7,9343.95,14.33,136,19,23.9,18.44,1,0,0,0
9,1,0,USA,Los Angeles,Jewelry,Debit Card,Mobile,46,593,3.6,55228.1,567.13,156,18,36.9,13.51,0,0,0,0
23,0,1,UK,Melbourne,Travel,Debit Card,Mobile,44,521,1.5,37347.85,33.63,142,25,23.7,6.62,0,0,0,0
4,0,1,France,Vancouver,Restaurant,Debit Card,POS Terminal,43,793,11.3,3247.61,35.95,156,17,14.2,7.74,0,0,0,0
4,0,1,USA,New York,Utilities,Debit Card,Mobile,41,467,4.0,9173.38,2.42,158,19,25.0,7.89,0,1,0,0
19,0,0,France,Delhi,Education,Debit Card,Desktop,25,568,0.4,1282.36,21.36,152,19,17.2,1.91,0,0,0,0
6,0,1,USA,Munich,Restaurant,Bank Transfer,POS Terminal,59,675,3.0,134664.26,15.92,163,22,12.4,9.64,0,0,0,0
2,1,1,USA,Tokyo,Utilities,Bank Transfer,Mobile,58,664,2.0,10122.58,116.17,152,17,11.1,0.38,0,0,0,0
15,0,0,USA,New York,Grocery,Credit Card,Mobile,27,787,6.7,7641.78,130.87,137,11,12.8,3.17,0,0,1,0
10,1,0,USA,São Paulo,Clothing,Bank Transfer,Mobile,45,665,3.5,10598.02,80.13,139,20,1.2,4.05,0,0,0,0
13,0,0,Japan,Mumbai,Entertainment,Debit Card,Desktop,34,850,0.5,1687.25,14.91,150,19,3.0,15.45,0,0,1,0
8,1,0,USA,Paris,Gaming,Debit Card,Tablet,41,658,0.6,5585.55,328.79,163,19,22.8,7.5,0,0,0,0
12,0,0,USA,Osaka,Jewelry,Mobile Payment,Mobile,55,610,5.9,5020.09,249.39,144,18,19.2,5.1,0,1,0,0
22,0,1,Australia,Manchester,Electronics,Bank Transfer,ATM,58,644,0.4,6080.33,1047.46,173,24,2.5,0.61,0,0,0,0
16,0,0,USA,Los Angeles,Online Shopping,Credit Card,Mobile,68,641,15.6,24882.4,90.42,158,22,60.2,9.9,0,0,0,0
20,0,0,Mexico,Munich,Jewelry,Bank Transfer,Tablet,47,819,0.3,5439.35,339.7,163,25,31.0,1.02,0,0,0,0
13,0,0,UK,Mexico City,Utilities,Bank Transfer,Tablet,50,704,6.5,13900.56,358.95,161,29,2.1,15.42,0,2,0,0
15,0,0,Germany,Sydney,Travel,Bank Transfer,Tablet,46,600,2.7,3288.18,197.34,156,21,10.9,17.31,0,0,0,0
23,1,1,USA,Berlin,Fuel,Credit Card,ATM,48,673,1.5,15464.37,66.83,145,20,1.5,18.69,1,0,0,0
5,1,1,Canada,Melbourne,Online Shopping,Mobile Payment,Desktop,44,613,1.4,7402.08,95.08,152,15,5.5,8.85,0,0,1,0
8,0,0,Brazil,Lyon,Online Shopping,Credit Card,Desktop,30,673,2.4,9599.05,16.66,168,16,7.7,34.5,0,0,0,0
17,0,0,USA,São Paulo,Electronics,Credit Card,Mobile,39,786,3.8,27598.24,2490.96,131,17,6.9,5.18,0,3,1,0
14,0,0,Germany,Berlin,Entertainment,Bank Transfer,Mobile,34,711,17.5,9154.84,43.14,153,18,24.8,17.87,0,0,0,0
11,1,0,Australia,Vancouver,Utilities,Mobile Payment,ATM,46,640,6.0,22471.76,159.94,134,12,21.1,3.26,0,3,0,0
5,0,1,Brazil,Melbourne,Online Shopping,Credit Card,Desktop,63,790,4.6,3242.85,231.92,136,20,10.4,12.71,0,0,0,0
3,0,1,Australia,Vancouver,Online Shopping,Bank Transfer,Mobile,35,731,6.0,25453.49,60.28,161,29,33.1,34.87,1,0,0,0
13,0,0,UK,Manchester,Restaurant,Debit Card,Desktop,45,589,1.0,6823.97,25.46,152,24,3.3,17.88,1,0,0,0
6,0,1,USA,Melbourne,Fuel,Credit Card,Mobile,22,765,8.9,4225.65,31.48,158,24,13.4,17.29,0,0,0,0
6,1,1,France,Rio,Grocery,Mobile Payment,Mobile,26,581,12.1,11483.83,38.92,145,16,6.0,22.15,0,1,0,0
10,1,0,Germany,Sydney,Fuel,Credit Card,POS Terminal,27,756,0.6,61554.06,285.93,138,17,18.1,3.93,0,2,0,0
4,1,1,USA,Berlin,Healthcare,Mobile Payment,Mobile,23,619,0.7,7001.86,85.83,148,20,3.8,15.93,0,0,0,0
23,0,1,USA,Osaka,Restaurant,Bank Transfer,Desktop,40,579,1.6,2042.94,21.42,153,21,25.4,24.56,0,0,0,0
3,0,1,Japan,Toronto,Jewelry,Debit Card,Mobile,49,637,1.4,2511.18,1552.49,149,25,5.9,0.09,0,0,0,0
4,0,1,France,Lyon,ATM Withdrawal,Cheque,POS Terminal,32,723,0.1,3024.32,89.52,160,18,12.8,18.46,0,0,0,0
15,0,0,Mexico,Manchester,Grocery,Mobile Payment,Mobile,29,527,6.1,685.13,128.94,151,30,12.9,7.96,0,0,0,0
21,1,0,USA,Lyon,Electronics,Credit Card,ATM,31,537,1.2,1873.68,443.49,172,21,32.1,9.49,0,2,0,0
7,1,0,Australia,London,Clothing,Mobile Payment,ATM,58,806,11.4,1153.63,168.7,165,24,6.9,15.5,0,4,0,0
20,0,0,Canada,Osaka,Online Shopping,Credit Card,Mobile,42,728,0.2,4687.55,101.23,167,21,35.9,5.18,0,0,0,0
12,1,0,USA,Mexico City,Gaming,Debit Card,Desktop,51,684,4.7,2887.44,25.43,158,26,36.1,13.56,0,0,0,0
19,0,0,India,Mumbai,Healthcare,Credit Card,Mobile,55,688,4.9,19310.92,360.16,159,10,11.0,6.9,0,0,0,0
9,0,0,Canada,Mumbai,Fuel,Credit Card,Desktop,35,761,2.6,5771.23,30.7,152,19,12.1,10.37,0,1,0,0
20,0,0,India,Melbourne,Utilities,Credit Card,Mobile,47,740,13.3,22068.18,329.96,161,26,7.9,31.46,1,0,0,0
9,0,0,Brazil,São Paulo,Online Shopping,Debit Card,Mobile,26,694,3.3,162417.85,20.15,142,20,18.1,49.59,1,0,1,0
3,0,1,USA,Osaka,Utilities,Credit Card,Desktop,42,622,1.0,8051.33,37.05,137,21,14.6,21.72,0,0,0,0
17,0,0,Germany,Paris,Fuel,Crypto,Desktop,37,505,0.4,1320.27,36.76,140,18,2.7,8.06,1,0,0,0
3,0,1,USA,Munich,Restaurant,Crypto,Tablet,27,757,5.6,7323.07,60.62,142,18,24.3,9.14,0,0,0,0
8,0,0,Canada,Berlin,Restaurant,Credit Card,Mobile,48,600,12.0,13652.66,32.55,139,20,1.4,23.46,0,0,0,0
2,0,1,USA,Tokyo,Electronics,Debit Card,Desktop,35,652,5.6,82147.09,132.25,157,25,2.6,8.26,0,0,0,0
17,1,0,Mexico,Munich,ATM Withdrawal,Debit Card,ATM,51,674,2.4,27811.89,58.83,134,17,2.9,5.99,0,0,0,0
11,0,0,USA,New York,Fuel,Bank Transfer,Mobile,29,684,0.4,17062.5,43.21,135,20,0.7,7.66,0,0,0,0
8,0,0,UK,Sydney,Healthcare,Debit Card,Mobile,46,673,5.2,9173.73,8.32,143,15,31.7,12.34,1,0,0,0
2,0,1,India,Los Angeles,Jewelry,Mobile Payment,Mobile,38,613,7.4,10434.88,265.25,145,18,42.0,18.24,1,0,1,0
19,0,0,USA,Guadalajara,Restaurant,Bank Transfer,POS Terminal,52,696,6.7,16594.24,16.42,161,22,21.7,4.97,1,0,0,0
11,0,0,Brazil,London,Jewelry,Mobile Payment,Mobile,44,755,1.6,980.18,1131.32,155,24,1.1,7.76,1,0,0,0
2,0,1,USA,Rio,Healthcare,Crypto,Mobile,44,752,2.9,5308.12,95.93,132,22,1.5,19.66,0,0,0,0
22,0,1,Brazil,Sydney,ATM Withdrawal,Crypto,Mobile,50,775,2.3,3378.92,101.8,168,15,14.2,2.43,0,0,0,0
20,0,0,Mexico,Delhi,Crypto Exchange,Bank Transfer,ATM,18,716,13.6,57084.68,32.91,135,13,20.5,9.34,0,0,0,0
23,0,1,Brazil,São Paulo,Education,Credit Card,Mobile,60,765,3.7,1354.81,547.89,143,20,0.1,9.02,1,0,0,0
2,0,1,Mexico,Delhi,ATM Withdrawal,Mobile Payment,POS Terminal,58,721,6.8,16201.39,128.22,151,17,0.3,41.15,1,0,0,0
9,0,0,Australia,Mexico City,Grocery,Crypto,POS Terminal,54,683,2.0,60986.6,9.38,133,21,1.7,59.93,0,0,0,0
0,1,1,USA,Tokyo,Crypto Exchange,Bank Transfer,Mobile,37,655,0.2,49056.22,171.21,147,20,2.6,7.61,0,0,0,0
19,1,0,USA,Mumbai,Restaurant,Debit Card,Mobile,43,754,1.3,4800.01,24.72,143,20,27.3,47.18,0,0,0,0
0,0,1,UK,São Paulo,Jewelry,Debit Card,ATM,77,669,3.0,17205.2,80.62,165,22,37.2,0.4,0,0,0,0
1,0,1,Australia,Guadalajara,Grocery,Credit Card,Desktop,71,571,0.4,57873.24,7.89,159,20,5.7,22.51,0,0,0,0
0,0,1,France,Berlin,Electronics,Crypto,Desktop,32,727,3.1,5810.62,542.13,142,20,13.9,21.62,0,0,0,0
4,0,1,France,Paris,Restaurant,Credit Card,Desktop,47,725,0.2,2693.29,64.44,166,19,13.8,2.44,0,0,0,0
15,0,0,France,Guadalajara,ATM Withdrawal,Debit Card,POS Terminal,29,658,5.8,3287.13,43.05,133,27,27.7,13.57,0,0,1,0
2,0,1,Mexico,Los Angeles,Healthcare,Debit Card,Desktop,54,738,3.1,9987.47,24.47,150,25,2.8,17.58,0,0,0,0
18,0,0,UK,Manchester,ATM Withdrawal,Mobile Payment,Mobile,45,787,3.4,4625.76,120.69,170,17,8.6,2.25,0,0,0,0
6,0,1,Canada,Mumbai,Utilities,Bank Transfer,Desktop,36,618,4.6,10883.61,8.27,146,24,17.0,30.45,0,2,0,0
21,1,0,Brazil,Paris,Crypto Exchange,Bank Transfer,Mobile,29,797,6.7,9444.09,114.28,147,15,0.8,5.14,0,0,0,0
8,0,0,Brazil,Los Angeles,Clothing,Credit Card,Mobile,18,588,0.8,8271.04,13.02,168,24,10.7,4.95,0,0,0,0
20,0,0,USA,Los Angeles,Healthcare,Credit Card,Mobile,33,717,2.8,1440.07,443.92,156,16,8.2,11.52,0,0,0,0
10,0,0,India,Munich,Healthcare,Credit Card,Mobile,59,616,6.5,41237.89,111.54,163,26,0.7,7.22,1,0,0,0
3,0,1,USA,Melbourne,Education,Crypto,Mobile,43,814,8.6,26081.01,22.58,156,22,1.3,0.41,0,0,0,1
0,1,1,Mexico,New York,ATM Withdrawal,Credit Card,Desktop,18,767,2.5,143261.96,59.29,139,12,36.8,1.98,0,0,0,0
21,1,0,Germany,Sydney,Electronics,Bank Transfer,Mobile,39,754,1.3,1895.33,107.4,131,21,2.6,11.68,0,0,0,0
9,1,0,Japan,São Paulo,Crypto Exchange,Mobile Payment,Desktop,33,726,7.1,1131.69,26.02,141,19,3.2,4.64,0,0,0,0
16,0,0,France,Munich,Online Shopping,Mobile Payment,Mobile,30,540,6.2,1461.9,55.07,148,19,6.3,32.07,0,0,1,0
21,1,0,USA,Guadalajara,Fuel,Credit Card,POS Terminal,60,701,7.5,13433.73,713.18,140,15,6.4,10.86,0,0,0,0
21,1,0,UK,Guadalajara,Fuel,Debit Card,Desktop,30,773,0.8,21925.59,49.63,139,14,32.2,4.55,0,0,0,0
12,0,0,Canada,Osaka,Travel,Debit Card,Desktop,42,692,2.1,5655.24,462.69,141,13,29.1,4.79,0,0,0,0
3,0,1,Mexico,Melbourne,ATM Withdrawal,Bank Transfer,POS Terminal,44,630,2.5,8418.03,162.77,162,21,9.8,9.08,1,2,0,0
15,0,0,Mexico,Rio,Gaming,Debit Card,Mobile,41,687,0.8,36281.62,246.75,150,31,30.2,39.74,0,0,0,0
21,0,0,Brazil,Sydney,Online Shopping,Bank Transfer,Desktop,46,709,12.3,30972.69,224.93,136,20,7.1,34.28,1,1,0,0
14,0,0,Brazil,Berlin,Fuel,Credit Card,Tablet,52,722,2.5,37110.46,274.17,149,21,7.5,3.8,0,0,0,0
18,1,0,Canada,Los Angeles,Grocery,Debit Card,Desktop,51,611,2.2,2009.14,58.17,171,30,23.5,3.51,0,0,0,0
17,0,0,India,Delhi,Grocery,Debit Card,Desktop,18,688,5.7,2592.18,81.64,165,21,1.7,3.8,1,0,0,0
21,0,0,UK,Rio,Travel,Debit Card,Mobile,41,625,0.5,19653.59,577.01,165,23,4.6,2.45,0,0,0,0
22,0,1,Brazil,Rio,Jewelry,Credit Card,Desktop,41,666,11.5,40353.93,455.74,150,13,6.3,37.42,1,0,0,1
16,0,0,India,Lyon,Restaurant,Debit Card,Mobile,44,775,4.2,14569.99,22.75,159,21,6.4,8.0,1,0,0,0
15,1,0,UK,Manchester,Online Shopping,Credit Card,Mobile,43,783,8.2,42872.47,136.84,167,19,12.5,23.12,1,0,0,0
11,1,0,USA,Vancouver,Crypto Exchange,Bank Transfer,ATM,18,701,2.3,21611.81,8.49,154,26,43.7,13.12,0,0,1,0
10,0,0,France,Munich,Entertainment,Credit Card,Mobile,39,586,0.6,127633.75,33.98,143,19,21.1,2.44,0,0,0,0
8,0,0,Canada,Mexico City,Online Shopping,Debit Card,POS Terminal,38,622,7.0,958.01,163.69,151,16,1.4,20.99,1,0,0,0
22,0,1,UK,Vancouver,Jewelry,Credit Card,Mobile,67,707,10.9,12455.15,622.12,134,17,20.9,0.66,1,0,0,0
1,1,1,USA,Rio,Education,Debit Card,POS Terminal,36,740,2.3,43456.39,180.56,147,18,53.1,12.63,0,0,1,0
16,0,0,Brazil,Toronto,Fuel,Credit Card,Mobile,55,585,2.5,247445.58,107.36,145,19,12.0,8.9,1,0,0,0
3,0,1,Brazil,New York,Online Shopping,Mobile Payment,POS Terminal,20,492,1.0,4375.22,29.18,160,19,16.9,11.87,0,1,0,1
17,1,0,USA,Guadalajara,Online Shopping,Mobile Payment,Mobile,48,550,2.0,2375.47,57.38,175,14,8.3,10.91,0,0,0,0
8,1,0,Japan,Rio,ATM Withdrawal,Bank Transfer,Desktop,26,709,6.7,2913.68,42.05,162,15,0.2,8.43,0,0,0,0
4,1,1,USA,London,Jewelry,Bank Transfer,ATM,61,612,6.5,13212.87,81.18,172,19,35.6,14.77,0,1,0,0
6,0,1,USA,Manchester,Fuel,Mobile Payment,Desktop,18,807,0.1,3029.81,123.17,144,19,55.2,6.79,0,1,0,0
9,0,0,UK,Paris,Travel,Debit Card,Desktop,31,710,5.3,6543.58,65.67,137,20,27.0,5.45,0,0,0,0
0,1,1,USA,Melbourne,Crypto Exchange,Debit Card,Mobile,18,620,0.2,7660.09,5.47,151,17,16.1,8.16,0,0,0,1
3,0,1,France,Guadalajara,Online Shopping,Debit Card,Tablet,50,776,2.3,9977.29,24.44,150,23,54.1,23.74,0,0,0,0
1,0,1,India,São Paulo,Crypto Exchange,Cheque,Mobile,32,653,4.4,1412.12,232.08,153,22,3.2,3.23,0,0,1,1
8,0,0,Japan,Manchester,Education,Debit Card,ATM,55,540,5.8,37208.83,67.79,136,16,17.2,15.62,0,2,0,1
20,1,0,India,Munich,Travel,Debit Card,Desktop,39,623,1.3,6575.33,93.64,123,21,60.4,7.18,0,2,0,0
8,0,0,France,Tokyo,ATM Withdrawal,Crypto,Tablet,56,634,7.6,55585.53,11.44,143,26,26.4,7.92,0,0,0,1
10,1,0,USA,Mumbai,Jewelry,Credit Card,Tablet,43,744,2.6,28385.84,212.96,128,19,3.6,4.41,0,0,0,0
17,1,0,Japan,Mumbai,Entertainment,Credit Card,Mobile,47,684,3.9,23157.52,79.42,133,21,68.1,13.41,0,1,1,0
4,1,1,USA,Manchester,Utilities,Debit Card,Mobile,40,753,17.1,123386.25,156.39,156,17,20.4,2.92,0,0,0,0
1,0,1,India,Delhi,Healthcare,Mobile Payment,ATM,60,719,1.4,4784.43,83.77,143,19,10.7,3.47,0,0,0,0
3,1,1,Brazil,Guadalajara,Electronics,Bank Transfer,Mobile,48,767,0.9,6196.06,940.98,163,16,16.2,6.71,0,0,0,0
20,0,0,Mexico,Mumbai,Entertainment,Credit Card,Mobile,18,561,13.2,9510.05,530.28,157,21,18.0,0.3,0,0,0,0
18,0,0,Australia,Sydney,Entertainment,Debit Card,Desktop,38,512,7.8,10977.12,70.75,164,25,23.4,3.06,0,0,0,0
6,0,1,Australia,Manchester,Electronics,Mobile Payment,ATM,59,715,0.3,5779.69,3288.38,136,23,20.7,7.02,0,2,0,1
5,0,1,Brazil,Mexico City,Restaurant,Debit Card,Mobile,81,643,5.6,1891.71,46.06,136,25,4.0,10.27,1,0,0,0
8,0,0,UK,Munich,Healthcare,Credit Card,Mobile,48,530,3.0,10468.45,52.82,141,19,6.5,1.62,0,0,0,0
6,1,1,USA,Lyon,Electronics,Debit Card,Mobile,52,722,12.5,38335.19,3513.55,160,26,3.8,4.88,1,0,0,0
1,0,1,USA,Manchester,Education,Crypto,Desktop,64,758,5.6,14460.5,72.13,163,31,19.9,14.78,1,0,0,0
12,1,0,Australia,New York,ATM Withdrawal,Bank Transfer,Desktop,60,669,1.4,11191.83,13.89,168,20,37.0,2.12,0,0,0,1
8,0,0,Japan,New York,Gaming,Debit Card,Mobile,54,587,4.0,21450.69,198.11,142,23,40.4,1.55,0,0,0,0
17,0,0,Mexico,Manchester,Entertainment,Crypto,Desktop,31,751,3.4,5038.15,46.31,140,25,6.7,24.67,0,2,0,0
20,1,0,Brazil,Guadalajara,Education,Debit Card,Mobile,55,589,9.8,7971.92,290.62,163,29,1.2,13.61,0,0,0,0
11,0,0,Brazil,Munich,Online Shopping,Debit Card,POS Terminal,29,711,1.2,4633.88,28.15,158,19,14.6,21.97,0,0,0,0
11,0,0,USA,Berlin,Utilities,Credit Card,ATM,42,622,0.9,3772.83,39.54,127,13,6.1,7.19,0,1,0,0
16,1,0,Canada,Melbourne,Entertainment,Credit Card,Tablet,20,815,2.2,13761.37,18.14,155,20,8.6,13.66,0,0,0,0
11,1,0,Brazil,Manchester,Education,Credit Card,Mobile,64,659,4.5,15720.77,229.71,176,19,19.6,7.58,0,0,1,0
3,0,1,USA,Sydney,Education,Debit Card,POS Terminal,21,722,12.4,12076.3,17.22,152,14,2.9,0.02,0,0,0,0
21,0,0,Canada,Lyon,Crypto Exchange,Credit Card,Desktop,52,640,0.4,6600.5,14.29,161,20,27.0,9.81,1,0,1,0
9,0,0,Mexico,Rio,Jewelry,Debit Card,Desktop,64,754,0.1,6885.26,470.22,160,20,46.2,11.35,0,0,0,0
9,0,0,UK,Los Angeles,Online Shopping,Crypto,Mobile,48,712,0.5,2755.46,71.91,179,13,14.4,2.73,0,1,1,0
14,1,0,Germany,Mumbai,ATM Withdrawal,Debit Card,ATM,51,603,5.0,22285.26,51.08,154,23,14.1,16.92,0,0,0,0
13,0,0,Mexico,Munich,Jewelry,Crypto,Mobile,29,815,1.3,11780.59,2038.39,157,23,6.4,23.14,0,0,0,0
0,0,1,France,São Paulo,Utilities,Credit Card,Desktop,18,671,10.7,5345.76,262.47,134,18,0.0,30.59,0,0,0,0
12,0,0,Mexico,Los Angeles,Healthcare,Bank Transfer,Tablet,55,717,5.2,1533.87,48.61,165,13,0.5,7.76,0,0,0,0
11,0,0,Germany,Toronto,Online Shopping,Mobile Payment,Mobile,45,769,1.2,2275.52,40.16,150,28,5.0,10.19,1,0,0,0
11,1,0,USA,Tokyo,Fuel,Mobile Payment,Mobile,25,625,8.6,20314.37,11.64,130,29,32.8,22.11,0,0,0,0
9,0,0,USA,São Paulo,Healthcare,Debit Card,Mobile,53,567,5.9,24055.17,54.2,153,19,36.8,32.18,0,0,0,0
23,0,1,USA,Mexico City,Electronics,Bank Transfer,POS Terminal,28,631,21.2,7473.76,101.29,137,25,10.0,37.35,1,0,0,0
7,0,0,USA,São Paulo,Utilities,Debit Card,ATM,30,552,2.6,13506.41,25.1,150,17,1.5,4.19,0,0,0,0
0,0,1,Brazil,Osaka,Education,Debit Card,ATM,24,601,6.9,11901.79,79.24,144,19,46.0,41.56,0,1,0,0
1,0,1,UK,London,Jewelry,Credit Card,Mobile,38,700,1.4,5404.76,331.83,160,14,18.5,5.85,0,0,0,1
6,0,1,USA,Manchester,Entertainment,Mobile Payment,POS Terminal,22,663,1.7,23029.64,42.83,161,19,12.6,7.41,0,0,0,0
17,0,0,USA,New York,Electronics,Credit Card,Mobile,44,670,3.6,8583.78,66.34,140,16,11.2,2.18,1,0,0,1
5,0,1,Germany,New York,Education,Credit Card,Mobile,21,609,2.3,18841.93,56.01,153,22,13.6,2.25,0,0,0,0
21,0,0,Japan,Paris,Clothing,Mobile Payment,Desktop,38,698,2.5,3915.68,90.95,155,22,5.1,3.08,1,0,1,1
22,0,1,India,Mumbai,Education,Crypto,Mobile,46,622,0.8,1982.44,66.31,142,18,15.3,4.64,0,2,0,0
14,0,0,Germany,Manchester,Travel,Debit Card,Desktop,47,662,15.5,8258.8,744.41,137,21,25.6,0.19,0,1,0,0
15,0,0,Australia,Guadalajara,Entertainment,Bank Transfer,Tablet,57,617,6.0,13132.01,85.85,149,25,1.1,27.87,0,0,0,0
3,1,1,Brazil,Manchester,Travel,Mobile Payment,ATM,41,545,1.5,2353.61,4003.94,134,22,14.9,21.95,0,5,0,1
13,0,0,USA,London,ATM Withdrawal,Credit Card,Mobile,40,738,5.6,708.52,144.12,171,22,10.1,16.62,0,1,1,0
1,0,1,USA,Los Angeles,Grocery,Debit Card,Mobile,54,709,7.8,37264.79,46.7,166,21,15.3,11.42,0,0,0,0
4,0,1,USA,Lyon,Healthcare,Debit Card,POS Terminal,48,736,3.9,11648.11,13.1,149,20,20.1,0.35,0,0,0,1
8,0,0,Mexico,Manchester,Crypto Exchange,Debit Card,POS Terminal,18,772,6.5,44929.46,32.93,136,23,20.5,16.87,0,0,0,0
3,0,1,Canada,Manchester,Utilities,Credit Card,Mobile,58,542,6.9,27536.41,45.66,142,12,12.0,20.36,0,0,0,1
22,1,1,USA,Paris,Jewelry,Credit Card,Mobile,48,780,4.6,3892.26,720.56,132,17,33.9,6.02,0,0,0,0
8,0,0,Canada,Mumbai,Education,Credit Card,Mobile,52,618,3.4,29346.81,7.14,147,25,5.0,24.83,0,1,0,0
16,0,0,India,Manchester,Crypto Exchange,Credit Card,Tablet,29,620,0.3,2376.96,44.48,156,16,21.8,46.75,0,0,0,0
23,0,1,USA,Paris,Online Shopping,Mobile Payment,Desktop,61,700,5.3,933.65,80.77,145,22,19.3,3.57,0,1,0,0
8,1,0,India,São Paulo,Healthcare,Mobile Payment,Desktop,40,681,5.7,5474.17,6.56,131,30,22.5,22.07,0,0,0,0
14,0,0,Germany,Tokyo,Crypto Exchange,Mobile Payment,Mobile,30,677,6.6,2453.42,54.02,167,17,47.7,18.65,0,0,0,0
20,1,0,USA,Mumbai,Utilities,Debit Card,POS Terminal,66,735,2.7,16261.17,57.14,167,24,19.2,35.28,0,0,0,0
1,0,1,USA,Tokyo,Online Shopping,Credit Card,Tablet,18,689,4.2,10818.28,47.32,130,26,35.9,46.34,0,0,0,0
18,1,0,USA,Mexico City,Healthcare,Bank Transfer,ATM,31,736,0.1,20340.01,99.86,174,18,10.0,0.37,0,0,0,0
4,1,1,UK,Vancouver,Electronics,Bank Transfer,Mobile,43,684,1.8,87391.69,189.98,162,25,8.4,29.87,0,0,0,0
14,0,0,Canada,Guadalajara,Gaming,Debit Card,POS Terminal,54,665,3.2,8852.35,591.7,134,21,38.8,22.33,0,0,0,0
13,1,0,Germany,Munich,Travel,Credit Card,Mobile,37,720,0.1,6460.82,82.62,177,17,9.8,5.37,0,1,0,0
18,0,0,Brazil,Osaka,Crypto Exchange,Bank Transfer,Desktop,39,694,0.4,1278.52,63.19,145,20,8.4,16.42,0,2,0,0
11,0,0,Germany,Paris,ATM Withdrawal,Debit Card,Mobile,36,697,1.8,1056.36,215.7,158,14,16.5,7.18,0,3,0,0
18,0,0,Canada,Melbourne,Restaurant,Crypto,Desktop,43,630,3.3,8540.4,213.53,161,15,1.7,4.53,0,0,0,0
7,0,0,France,São Paulo,Travel,Debit Card,Desktop,65,644,0.3,835.74,162.61,166,24,10.3,6.82,0,0,0,0
16,0,0,USA,Toronto,Electronics,Debit Card,Mobile,34,794,4.8,16761.83,58.47,153,22,35.1,14.88,0,3,1,0
18,0,0,France,São Paulo,Utilities,Credit Card,Mobile,64,686,2.9,2884.9,98.19,143,24,24.4,68.94,1,0,0,1
5,1,1,Canada,Paris,Education,Bank Transfer,Mobile,44,714,5.0,4298.53,118.63,141,20,23.9,2.23,0,0,0,0
11,0,0,Mexico,Manchester,Healthcare,Credit Card,Desktop,34,715,5.3,19066.85,45.45,143,17,5.4,0.12,0,0,0,0
14,0,0,Germany,Lyon,Jewelry,Credit Card,ATM,53,786,14.1,20221.45,434.95,135,20,1.5,10.93,0,1,0,0
15,0,0,Canada,São Paulo,Fuel,Cheque,POS Terminal,42,645,15.1,2277.82,12.15,163,17,11.9,0.98,0,0,0,0
8,0,0,Germany,Paris,Education,Debit Card,Mobile,33,712,1.2,2889.2,88.35,159,19,8.2,0.83,0,0,0,0
8,1,0,Brazil,Paris,Utilities,Credit Card,Tablet,55,727,2.2,10679.82,6.43,155,17,0.9,9.53,0,0,0,0
13,0,0,Brazil,Rio,Education,Credit Card,Desktop,57,640,7.1,6820.21,7.32,145,20,52.9,65.5,0,0,0,0
21,1,0,USA,Berlin,Clothing,Debit Card,Mobile,49,592,7.6,710.57,68.25,139,17,88.6,0.15,1,0,0,0
9,1,0,France,São Paulo,Travel,Credit Card,Tablet,52,589,0.1,1209.01,316.26,152,20,17.7,2.03,0,1,0,0
23,1,1,USA,Manchester,Gaming,Debit Card,Mobile,60,683,0.2,17514.18,64.53,139,21,5.5,8.84,0,1,0,0
0,0,1,Australia,Lyon,Entertainment,Credit Card,Mobile,52,599,3.4,8934.42,26.3,153,25,22.2,13.15,0,0,0,0
13,0,0,Germany,Vancouver,Utilities,Debit Card,Mobile,37,695,4.0,2271.77,17.79,142,23,17.0,2.74,0,0,1,0
10,0,0,UK,Vancouver,Restaurant,Debit Card,Mobile,40,597,4.1,4514.45,74.25,152,17,1.7,0.67,0,0,0,0
20,0,0,India,São Paulo,Education,Debit Card,Mobile,23,642,3.7,11553.29,595.36,156,27,75.0,9.03,0,0,0,0
11,0,0,Germany,Osaka,ATM Withdrawal,Debit Card,Desktop,35,676,1.8,842.77,308.45,143,15,1.2,3.22,0,0,0,0
13,0,0,India,Mexico City,Crypto Exchange,Credit Card,Mobile,36,572,13.8,13203.0,34.38,151,20,38.9,7.1,0,1,1,0
5,1,1,USA,Mumbai,Travel,Credit Card,Mobile,69,722,9.7,4520.4,473.33,130,17,0.5,15.26,0,0,0,0
11,0,0,France,London,Healthcare,Crypto,ATM,29,849,7.2,2678.22,107.11,137,17,57.9,1.58,0,0,0,0
2,1,1,India,New York,ATM Withdrawal,Crypto,Tablet,59,728,1.9,10342.72,51.07,171,11,3.1,1.31,1,0,1,0
19,0,0,Brazil,Tokyo,Travel,Debit Card,Mobile,48,616,2.1,15012.12,1186.87,127,12,6.3,9.68,0,0,0,0
8,0,0,France,Lyon,Crypto Exchange,Mobile Payment,Mobile,19,543,1.6,41995.65,191.86,155,15,10.2,1.1,0,0,0,0
2,0,1,Japan,Tokyo,Crypto Exchange,Credit Card,Mobile,77,578,2.6,10780.93,193.25,161,19,2.2,26.43,0,0,0,0
5,0,1,USA,Munich,Entertainment,Debit Card,POS Terminal,18,653,1.6,648.09,81.08,137,16,25.7,1.74,0,0,0,0
19,1,0,USA,Los Angeles,Fuel,Debit Card,Mobile,42,749,1.9,11665.77,71.87,151,21,25.9,7.92,0,0,0,0
13,0,0,USA,Los Angeles,Jewelry,Credit Card,Mobile,40,658,3.6,10446.9,202.48,130,18,12.4,0.23,1,4,0,0
14,0,0,Mexico,Sydney,Travel,Credit Card,Mobile,54,687,2.9,38210.28,340.87,154,20,14.8,5.16,0,0,0,0
15,0,0,India,Manchester,Electronics,Bank Transfer,POS Terminal,48,569,9.0,12517.55,406.69,161,17,4.5,5.08,0,2,1,1
2,0,1,France,Rio,Travel,Cheque,Desktop,18,809,11.9,32539.16,254.23,148,14,40.4,1.23,0,0,0,0
2,0,1,Germany,Vancouver,Jewelry,Debit Card,Mobile,50,703,0.3,30332.18,748.93,149,15,29.1,38.43,0,0,1,0
15,0,0,USA,Lyon,Gaming,Mobile Payment,Tablet,42,665,6.1,15464.78,10.72,152,12,9.0,23.62,0,0,0,0
8,0,0,France,Mexico City,Fuel,Bank Transfer,Mobile,46,737,1.0,19588.41,36.26,158,26,27.5,12.29,1,0,0,0
23,0,1,USA,Mexico City,Restaurant,Debit Card,ATM,58,762,3.0,23822.44,157.87,158,25,17.3,22.66,0,1,0,0
21,1,0,Germany,Paris,Gaming,Credit Card,Mobile,55,609,0.5,13080.13,316.07,152,27,9.8,2.8,0,1,0,0
17,1,0,Canada,Mexico City,Grocery,Mobile Payment,Mobile,57,652,7.5,2513.15,111.46,157,29,28.4,21.72,0,0,0,0
1,0,1,USA,Berlin,Online Shopping,Mobile Payment,Mobile,38,617,12.4,13308.19,446.2,148,27,25.8,9.32,0,1,0,0
20,0,0,India,Osaka,Travel,Credit Card,Mobile,53,620,2.2,19237.76,1137.02,151,20,108.4,14.23,0,0,0,0
4,0,1,India,Paris,Entertainment,Debit Card,POS Terminal,40,825,2.7,5207.73,20.63,141,19,4.3,4.1,0,2,0,1
22,1,1,India,Manchester,Utilities,Bank Transfer,Tablet,36,702,11.7,49414.55,270.9,161,21,52.6,10.61,0,0,0,0
19,0,0,UK,London,Crypto Exchange,Mobile Payment,Mobile,33,678,2.6,2632.8,107.74,140,22,43.0,7.03,0,0,0,0
7,0,0,USA,Berlin,ATM Withdrawal,Debit Card,Desktop,52,735,3.2,65990.02,103.92,132,11,26.6,1.33,0,3,0,1
4,0,1,USA,London,Clothing,Credit Card,Mobile,49,682,3.1,5012.88,64.52,140,19,1.9,5.62,0,0,0,0
9,0,0,Germany,Rio,Gaming,Cheque,Desktop,48,716,3.9,1832.87,113.95,141,19,4.9,15.1,0,0,0,0
7,1,0,Australia,New York,Online Shopping,Debit Card,ATM,25,718,0.1,17620.15,146.73,158,13,0.8,6.56,0,0,0,0
13,1,0,Japan,Paris,Jewelry,Credit Card,Mobile,40,684,10.0,16242.72,451.39,134,24,25.4,3.16,0,4,0,0
18,1,0,USA,Rio,Online Shopping,Crypto,Mobile,21,580,19.4,1072.02,66.77,165,23,8.0,0.01,0,0,0,0
7,0,0,UK,London,Education,Mobile Payment,Desktop,85,638,0.2,290723.17,121.12,165,18,1.9,37.96,0,0,0,0
15,0,0,France,São Paulo,Travel,Bank Transfer,Mobile,34,589,2.4,27668.01,236.53,133,16,14.4,6.49,0,0,0,0
1,1,1,Canada,Sydney,Utilities,Bank Transfer,Desktop,56,563,7.7,4952.52,292.65,149,24,17.4,2.93,0,0,0,0
12,0,0,France,Berlin,Utilities,Debit Card,Desktop,30,702,8.4,20184.13,39.89,156,23,1.8,4.09,0,0,0,0
8,0,0,USA,Tokyo,Fuel,Bank Transfer,Mobile,35,803,4.7,21251.05,11.28,143,26,7.0,16.6,0,0,0,0
6,1,1,India,New York,Jewelry,Debit Card,Desktop,27,603,1.0,27874.44,118.4,166,23,11.0,5.6,0,0,0,0
4,0,1,USA,Osaka,Jewelry,Credit Card,Mobile,38,657,3.1,2898.93,1405.71,131,16,28.9,3.47,0,0,0,1
9,0,0,India,Tokyo,Clothing,Debit Card,ATM,56,666,5.0,98098.06,14.45,144,26,68.7,37.75,0,0,0,0
20,0,0,France,Berlin,Utilities,Debit Card,Desktop,44,730,2.6,17642.03,29.83,150,15,28.0,0.87,0,0,0,0
22,0,1,USA,Los Angeles,Entertainment,Mobile Payment,Mobile,34,690,6.1,1071.18,41.93,152,18,11.4,8.52,0,0,0,0
13,1,0,Germany,Sydney,Online Shopping,Credit Card,Mobile,35,781,3.1,2867.3,87.7,159,20,2.0,20.12,0,0,0,0
11,0,0,USA,Guadalajara,Entertainment,Debit Card,Desktop,40,679,4.3,21837.11,186.06,170,22,0.1,4.51,1,0,0,0
7,0,0,UK,Munich,Restaurant,Debit Card,Tablet,25,850,2.3,2470.16,302.04,160,16,37.4,3.98,0,0,0,0
18,1,0,USA,London,Entertainment,Debit Card,Mobile,31,827,1.8,5265.47,13.4,146,20,8.8,0.19,0,0,0,0
9,0,0,Germany,Rio,Grocery,Debit Card,Mobile,63,586,9.3,7122.57,112.9,158,17,12.5,1.21,0,0,0,0
23,0,1,USA,Melbourne,Travel,Bank Transfer,Mobile,44,551,0.1,3573.6,290.93,148,22,40.3,4.99,0,0,0,0
19,0,0,Australia,Berlin,ATM Withdrawal,Credit Card,ATM,31,736,0.6,9847.36,6.79,133,15,47.7,30.04,0,0,0,0
3,0,1,Germany,Tokyo,Clothing,Mobile Payment,POS Terminal,20,720,1.7,12395.07,66.48,151,19,1.4,8.27,1,0,0,0
3,0,1,Canada,Mumbai,Online Shopping,Crypto,Mobile,43,579,1.2,2965.6,47.16,136,23,49.7,11.67,0,0,0,0
18,1,0,UK,Osaka,Crypto Exchange,Debit Card,Mobile,53,678,4.6,6039.84,379.35,136,17,8.0,6.41,0,0,0,0
7,0,0,UK,Osaka,Entertainment,Credit Card,Mobile,51,706,4.8,3609.18,9.51,163,14,7.9,23.17,0,0,0,0
20,0,0,USA,Los Angeles,Online Shopping,Bank Transfer,Tablet,56,534,15.1,7682.3,51.73,153,21,13.7,0.76,0,0,1,0
4,1,1,Japan,Mumbai,Entertainment,Debit Card,Tablet,35,718,0.4,3374.7,23.88,137,22,3.5,15.07,0,0,0,0
1,1,1,Germany,Paris,Crypto Exchange,Crypto,Desktop,40,706,4.8,3278.5,61.4,142,17,15.9,3.41,0,0,0,0
23,0,1,India,Lyon,Education,Debit Card,Mobile,18,650,8.7,4368.3,65.37,159,28,7.1,11.96,0,0,0,0
16,0,0,India,São Paulo,ATM Withdrawal,Bank Transfer,Desktop,39,727,10.6,9241.26,93.21,177,18,7.4,3.14,0,3,0,0
5,0,1,USA,London,Grocery,Debit Card,Mobile,36,524,2.7,18949.4,100.4,143,19,18.3,6.99,0,1,0,0
15,0,0,India,Los Angeles,Online Shopping,Mobile Payment,Mobile,31,647,4.7,6220.69,13.51,154,23,16.7,0.98,0,0,0,0
10,1,0,USA,Vancouver,Healthcare,Mobile Payment,POS Terminal,79,590,6.7,3474.8,28.24,148,20,7.1,6.12,0,0,0,0
3,0,1,USA,Manchester,Restaurant,Credit Card,Desktop,46,694,5.5,1230.55,63.03,136,26,9.8,23.87,0,0,0,0
22,0,1,France,Vancouver,Clothing,Debit Card,ATM,29,625,4.0,12763.84,163.61,137,26,11.7,10.89,0,0,0,0
23,0,1,UK,Tokyo,Education,Credit Card,Desktop,61,715,3.7,2063.77,14.63,165,11,6.0,4.92,0,0,0,0
2,0,1,Japan,Delhi,Electronics,Credit Card,ATM,46,735,0.8,6553.11,749.65,145,22,39.9,3.27,0,0,0,0
21,0,0,USA,Tokyo,Crypto Exchange,Debit Card,Mobile,40,712,1.3,13168.01,25.23,137,20,2.3,23.21,0,3,0,0
11,0,0,France,Mexico City,Education,Debit Card,Mobile,69,619,0.7,13018.6,27.37,141,16,45.1,5.75,0,0,1,0
3,1,1,UK,Mexico City,Education,Credit Card,Tablet,34,591,12.6,5014.98,10.24,135,17,76.6,0.48,0,0,0,0
23,1,1,USA,Guadalajara,Online Shopping,Credit Card,POS Terminal,46,786,15.4,19952.74,79.15,167,18,80.1,3.22,0,0,0,0
20,0,0,Brazil,Mumbai,Gaming,Debit Card,Mobile,41,655,3.9,5635.95,31.83,154,20,15.4,2.4,0,0,0,0
4,0,1,Canada,Vancouver,Clothing,Crypto,Mobile,35,621,19.2,5376.55,101.98,171,17,21.1,14.83,0,0,0,0
7,1,0,USA,London,Crypto Exchange,Mobile Payment,Mobile,47,728,9.7,10031.25,93.93,138,23,10.2,17.73,0,0,0,0
17,1,0,Brazil,Tokyo,Crypto Exchange,Debit Card,Tablet,49,657,1.4,16864.19,214.29,126,22,4.5,16.18,0,0,0,0
6,0,1,USA,Berlin,ATM Withdrawal,Debit Card,Mobile,46,634,3.4,3323.88,370.01,145,17,17.6,7.99,0,5,1,0
23,0,1,Australia,Los Angeles,Crypto Exchange,Debit Card,Mobile,31,504,1.9,6848.19,24.65,143,14,1.4,9.26,0,0,0,0
11,0,0,USA,Munich,Fuel,Mobile Payment,Mobile,33,690,6.4,24638.52,39.95,160,14,7.1,1.51,0,1,0,0
11,0,0,USA,São Paulo,Healthcare,Credit Card,Desktop,41,527,2.2,42583.48,29.85,153,19,5.2,0.72,1,0,0,0
11,0,0,France,London,Fuel,Mobile Payment,Mobile,36,663,5.0,64912.38,35.75,176,17,4.8,10.76,0,1,0,0
1,0,1,India,Mexico City,Healthcare,Credit Card,Desktop,44,577,2.1,11227.06,58.38,166,13,52.6,5.42,0,0,0,0
17,1,0,India,São Paulo,Grocery,Mobile Payment,POS Terminal,45,625,23.5,27788.54,19.91,154,18,13.9,22.36,1,0,0,0
3,0,1,USA,Mexico City,Entertainment,Crypto,Mobile,37,577,4.8,22765.93,23.35,151,19,87.1,1.19,0,0,0,0
4,0,1,France,Delhi,Online Shopping,Bank Transfer,Mobile,36,658,1.7,42783.21,79.84,143,11,26.7,6.54,0,0,1,0
10,0,0,USA,Guadalajara,Grocery,Debit Card,Desktop,48,767,0.1,485.97,19.84,144,16,76.2,4.29,0,1,0,0
6,0,1,Germany,Munich,Electronics,Debit Card,Mobile,64,695,9.6,4436.72,506.53,135,23,45.4,33.29,0,0,0,0
21,0,0,Germany,Los Angeles,Education,Cheque,Mobile,30,704,3.4,3520.07,95.76,154,15,15.9,22.76,0,0,0,0
14,0,0,Germany,Delhi,ATM Withdrawal,Debit Card,POS Terminal,40,742,11.3,5679.95,52.16,152,22,53.7,9.87,0,0,1,0
9,0,0,USA,Osaka,Online Shopping,Debit Card,Mobile,20,724,0.6,7814.74,84.47,134,23,15.4,10.23,0,2,0,0
3,0,1,Japan,Mumbai,Travel,Credit Card,Tablet,43,608,11.7,3962.89,650.64,148,23,10.9,7.03,0,1,0,0
6,0,1,UK,Rio,Online Shopping,Crypto,Mobile,34,620,1.0,12112.5,10.87,145,21,21.5,25.05,0,0,0,0
8,0,0,Japan,São Paulo,Clothing,Crypto,Tablet,36,688,6.5,8384.27,44.46,149,23,6.1,7.38,0,0,0,0
3,1,1,India,Tokyo,Restaurant,Bank Transfer,Desktop,38,475,4.7,94731.19,43.87,126,18,6.5,3.73,0,0,0,0
23,0,1,UK,Rio,Education,Bank Transfer,Desktop,34,589,1.7,1807.78,126.13,136,16,62.9,0.95,0,1,0,0
19,1,0,India,Toronto,Healthcare,Bank Transfer,Desktop,45,648,5.1,1670.27,39.96,152,23,1.0,13.22,0,0,0,0
2,0,1,USA,Manchester,Utilities,Cheque,Tablet,47,777,4.9,16871.37,25.94,138,14,7.2,4.92,0,3,0,1
7,0,0,USA,Mumbai,Restaurant,Debit Card,Desktop,23,691,4.1,351.4,7.42,148,24,16.8,0.28,0,0,0,0
9,0,0,Canada,Lyon,Travel,Debit Card,Tablet,33,799,4.9,5379.87,119.45,160,23,1.9,22.2,0,0,0,0
4,0,1,Canada,Guadalajara,Crypto Exchange,Credit Card,Desktop,61,653,6.8,13976.03,32.25,145,17,35.9,26.43,0,0,0,0
23,0,1,USA,Guadalajara,Online Shopping,Credit Card,Mobile,33,803,12.6,2636.16,12.89,131,21,2.5,7.12,0,0,1,0
13,1,0,France,London,Online Shopping,Mobile Payment,Mobile,30,741,0.9,9740.88,189.73,159,19,14.4,0.93,0,0,0,0
12,1,0,USA,Manchester,ATM Withdrawal,Crypto,Tablet,43,684,0.2,8898.14,47.41,162,27,14.2,3.26,0,0,1,0
16,0,0,Brazil,London,Utilities,Debit Card,Desktop,34,710,1.0,6567.97,130.97,145,16,27.5,4.38,0,0,0,0
18,1,0,UK,Paris,Education,Credit Card,Mobile,33,678,3.0,8202.12,41.62,151,9,15.9,6.24,0,0,0,0
6,1,1,India,Sydney,Entertainment,Credit Card,ATM,29,680,3.7,1945.37,36.72,138,23,41.3,2.6,0,0,1,1
16,0,0,Mexico,London,Jewelry,Credit Card,Mobile,69,685,1.9,4434.57,139.96,144,19,12.3,12.33,1,1,0,0
17,0,0,Japan,New York,Gaming,Bank Transfer,Mobile,49,543,1.7,2220.44,37.6,141,24,8.5,48.85,0,0,0,0
20,0,0,USA,Delhi,Gaming,Mobile Payment,POS Terminal,35,748,6.2,5807.13,43.85,150,20,36.4,4.6,0,0,0,0
18,0,0,USA,London,Grocery,Mobile Payment,Mobile,72,572,20.2,8787.04,196.57,163,23,1.6,12.9,0,0,1,0
7,0,0,Japan,Manchester,Jewelry,Cheque,Mobile,24,580,3.5,1070.4,1134.94,143,20,14.7,4.32,0,1,1,0
21,1,0,France,Sydney,Electronics,Debit Card,Desktop,54,651,9.1,4855.38,148.1,146,17,0.4,4.51,1,0,0,0
16,0,0,USA,Guadalajara,Grocery,Mobile Payment,Mobile,35,688,8.5,20872.19,142.38,163,17,19.1,20.96,0,0,0,0
18,0,0,USA,New York,Gaming,Credit Card,Mobile,56,627,3.6,12889.34,60.79,158,18,65.8,17.04,1,0,0,0
21,0,0,Mexico,Munich,Crypto Exchange,Debit Card,Desktop,36,738,8.0,103298.27,29.57,164,21,10.4,7.15,0,0,0,0
3,0,1,USA,Osaka,Gaming,Credit Card,ATM,38,615,9.9,3064.28,186.56,139,17,8.2,0.13,0,0,0,0
9,0,0,India,Rio,Restaurant,Credit Card,Mobile,55,778,9.7,21363.61,139.46,179,33,4.9,11.38,0,0,0,0
13,0,0,USA,Toronto,Healthcare,Debit Card,Tablet,36,574,11.4,6568.86,119.5,134,19,0.6,3.24,0,0,0,0
5,0,1,Brazil,Guadalajara,Crypto Exchange,Debit Card,Mobile,58,817,1.9,14166.83,109.96,160,17,31.0,18.84,0,0,0,0
22,0,1,Brazil,Sydney,Clothing,Mobile Payment,Tablet,34,491,2.8,1424.73,42.66,156,15,6.9,1.15,1,0,1,0
8,1,0,Germany,Tokyo,Fuel,Debit Card,Tablet,36,813,1.4,3926.7,57.67,169,25,4.2,41.55,1,0,0,0
1,1,1,Japan,Delhi,Clothing,Credit Card,Desktop,35,809,2.5,2631.81,8.83,160,17,4.2,6.29,0,1,0,1
0,0,1,Brazil,Munich,Fuel,Mobile Payment,Mobile,25,689,1.0,28409.17,8.72,136,20,32.1,8.51,0,0,0,0
15,1,0,India,Sydney,Education,Credit Card,Mobile,58,734,4.0,2737.99,7.69,153,13,8.1,9.27,0,0,0,0
11,0,0,USA,Berlin,Restaurant,Bank Transfer,POS Terminal,43,733,3.1,66995.07,114.69,131,18,86.6,11.95,0,0,0,0
3,0,1,USA,Delhi,Online Shopping,Bank Transfer,Mobile,38,794,13.3,8786.53,23.94,161,20,27.0,2.89,0,1,0,0
9,1,0,UK,Rio,Healthcare,Debit Card,Mobile,50,794,4.6,42000.35,360.95,151,26,28.0,9.43,0,0,0,0
17,0,0,USA,Paris,Online Shopping,Debit Card,Mobile,41,742,2.3,31121.16,52.72,160,8,2.5,39.86,0,0,0,0
0,0,1,Japan,Los Angeles,ATM Withdrawal,Debit Card,Mobile,33,746,2.4,1717.92,4.11,167,25,5.2,3.37,1,2,0,0
3,0,1,Japan,São Paulo,Jewelry,Credit Card,Desktop,43,713,5.5,5319.96,165.57,144,21,13.6,0.59,0,0,0,1
17,0,0,Germany,Manchester,Crypto Exchange,Credit Card,Desktop,47,736,5.0,2733.21,182.97,156,27,37.4,13.23,0,0,0,0
6,0,1,Germany,Vancouver,Grocery,Cheque,Mobile,62,788,3.1,17248.64,14.85,139,26,25.8,1.22,0,0,0,0
12,0,0,Germany,Melbourne,Healthcare,Cheque,Mobile,34,640,14.0,3086.79,24.02,136,24,8.1,47.6,0,0,0,0
6,0,1,USA,São Paulo,Healthcare,Credit Card,Tablet,65,686,5.7,9485.62,48.22,143,26,0.6,2.65,1,0,0,0
10,0,0,India,Delhi,Crypto Exchange,Cheque,Tablet,42,720,6.0,20365.29,48.94,152,8,35.1,2.33,0,0,0,0
1,0,1,UK,Osaka,Healthcare,Bank Transfer,Desktop,33,776,9.2,8546.64,24.44,143,18,26.7,20.45,0,0,0,0
14,0,0,Mexico,Mumbai,Utilities,Cheque,ATM,43,715,2.8,5354.57,284.31,143,22,16.7,3.02,0,0,0,0
7,0,0,Canada,London,Online Shopping,Bank Transfer,Mobile,18,542,1.6,7448.5,51.64,138,19,26.2,2.0,0,3,0,0
11,0,0,Canada,Vancouver,Electronics,Bank Transfer,Tablet,18,566,6.1,19293.66,142.07,138,21,17.4,7.87,1,0,0,0
18,0,0,India,Sydney,Grocery,Credit Card,Tablet,36,645,0.6,17621.51,11.37,162,11,9.4,8.37,0,0,0,0
10,0,0,Canada,Vancouver,Crypto Exchange,Credit Card,Mobile,49,587,5.5,7443.31,18.31,162,22,2.6,9.15,0,0,0,0
15,1,0,Canada,Lyon,Utilities,Mobile Payment,Mobile,32,715,6.2,21822.95,78.38,155,21,2.4,11.7,0,0,0,0
8,0,0,France,Paris,Fuel,Credit Card,Mobile,34,723,3.9,4220.01,43.25,143,19,0.6,26.11,0,1,0,0
19,0,0,Australia,Tokyo,Online Shopping,Credit Card,Mobile,24,828,5.2,11373.2,36.74,159,11,18.4,23.95,0,0,1,0
22,0,1,USA,Vancouver,Fuel,Mobile Payment,Mobile,58,762,5.9,21600.26,179.82,170,19,17.5,15.82,0,1,0,0
0,0,1,India,Sydney,Travel,Debit Card,Tablet,35,633,5.9,24754.5,682.75,136,19,43.8,47.18,1,0,0,0
17,0,0,France,Melbourne,Entertainment,Mobile Payment,Mobile,33,729,0.6,18131.22,126.79,160,19,22.6,3.1,1,0,0,0
19,1,0,Mexico,Sydney,Utilities,Debit Card,POS Terminal,58,703,2.7,17262.1,69.87,160,26,8.4,6.92,0,0,0,0
11,1,0,USA,Guadalajara,Online Shopping,Credit Card,Mobile,53,671,6.9,12971.34,56.8,141,30,13.3,18.44,0,0,0,0
4,0,1,Mexico,Toronto,Electronics,Debit Card,POS Terminal,70,705,12.2,20132.79,323.71,162,27,15.6,53.97,0,0,0,0
3,0,1,Germany,Berlin,Electronics,Credit Card,Tablet,43,791,13.7,1043.85,829.67,129,12,6.7,8.39,0,0,1,0
17,0,0,UK,Mumbai,Jewelry,Credit Card,ATM,22,628,0.1,5939.59,1189.24,162,13,3.1,9.06,0,1,0,0
7,0,0,Mexico,Toronto,ATM Withdrawal,Credit Card,Mobile,59,637,11.4,41707.02,8.22,161,19,4.6,12.75,0,0,0,0
1,1,1,USA,Mexico City,Entertainment,Debit Card,Desktop,62,765,4.7,10386.56,13.02,172,30,10.6,17.45,0,2,0,0
6,1,1,Germany,Paris,ATM Withdrawal,Credit Card,POS Terminal,25,572,3.3,34111.94,262.64,147,30,81.0,17.49,1,0,0,0
7,0,0,France,Delhi,Jewelry,Cheque,Mobile,32,718,5.6,18261.52,782.87,163,23,22.7,2.26,1,0,0,1
5,0,1,France,New York,Gaming,Crypto,Desktop,56,648,7.6,14522.92,52.32,142,21,40.0,0.39,1,0,0,1
4,0,1,India,Mexico City,Grocery,Bank Transfer,POS Terminal,38,804,1.0,806.83,333.65,148,19,6.9,3.39,0,0,0,0
4,0,1,Germany,Munich,Entertainment,Debit Card,Desktop,58,596,5.4,2294.21,86.09,163,21,27.2,5.97,1,0,0,0
15,1,0,India,Guadalajara,Healthcare,Debit Card,Mobile,61,713,7.1,5432.32,21.66,152,11,12.3,5.19,0,1,0,0
11,0,0,Brazil,Mumbai,Crypto Exchange,Credit Card,Mobile,29,746,7.1,13830.96,46.01,158,26,42.1,8.16,0,0,0,0
1,0,1,USA,Melbourne,Grocery,Debit Card,POS Terminal,32,632,0.6,1653.09,492.26,166,11,28.1,12.09,1,1,0,0
18,0,0,USA,Tokyo,Restaurant,Debit Card,Mobile,32,605,1.9,13566.84,33.95,164,18,0.7,9.14,0,0,0,0
4,0,1,Germany,Manchester,Healthcare,Mobile Payment,Mobile,59,670,9.9,13523.55,42.46,154,21,16.6,21.26,0,0,0,0
20,0,0,USA,Manchester,Clothing,Debit Card,Tablet,50,669,1.4,52777.74,37.67,147,21,74.3,1.89,0,0,0,0
20,1,0,India,New York,Healthcare,Credit Card,Mobile,59,634,0.8,30287.48,28.38,122,13,6.2,26.29,0,1,0,0
15,0,0,India,São Paulo,Travel,Mobile Payment,Mobile,18,618,5.5,44758.9,18.1,146,29,0.3,16.33,0,2,0,0
2,0,1,France,London,Crypto Exchange,Credit Card,Mobile,67,577,29.5,7831.98,136.81,154,21,0.1,3.8,0,0,0,0
5,0,1,Australia,Melbourne,Healthcare,Mobile Payment,Mobile,72,806,11.2,2618.35,168.35,143,19,3.3,4.63,0,1,0,0
22,1,1,USA,New York,Entertainment,Credit Card,Desktop,45,637,3.1,10407.73,67.35,167,17,47.3,6.95,0,0,0,0
9,0,0,Japan,São Paulo,Grocery,Credit Card,Tablet,78,586,0.3,14819.86,199.47,141,16,34.8,13.17,0,0,0,0
20,0,0,Germany,Guadalajara,Clothing,Cheque,Mobile,42,481,1.8,34739.8,76.96,157,22,16.2,1.75,0,2,0,0
17,1,0,USA,Guadalajara,Jewelry,Bank Transfer,Mobile,44,843,3.8,1147.9,880.99,141,21,0.9,4.46,0,0,0,0
3,0,1,Brazil,New York,ATM Withdrawal,Debit Card,Tablet,59,623,1.3,13159.58,45.57,142,16,6.8,1.17,0,1,0,0
15,0,0,USA,Los Angeles,Crypto Exchange,Credit Card,Mobile,33,613,0.2,8516.13,27.71,150,17,34.4,18.07,0,0,0,0
22,0,1,UK,Guadalajara,Utilities,Debit Card,Desktop,46,553,6.5,15366.77,17.53,137,27,13.5,1.38,0,0,1,0
4,0,1,USA,Munich,Healthcare,Bank Transfer,Desktop,45,718,3.8,5299.16,35.33,144,22,13.7,0.84,0,0,0,0
10,0,0,Canada,Berlin,Fuel,Bank Transfer,ATM,18,560,1.2,3604.6,1457.35,175,26,9.7,18.92,0,0,0,0
10,0,0,USA,Rio,Grocery,Credit Card,ATM,49,697,0.2,5453.75,250.33,135,26,28.3,13.74,0,0,0,0
7,0,0,USA,New York,Online Shopping,Credit Card,ATM,35,837,8.8,2296.99,26.24,149,23,4.4,13.47,0,3,0,1
20,0,0,USA,Los Angeles,Healthcare,Debit Card,POS Terminal,56,666,9.6,3265.82,70.04,152,16,18.3,4.79,1,0,0,0
10,0,0,Brazil,Toronto,Clothing,Mobile Payment,Mobile,44,717,5.9,96306.6,58.23,149,16,3.4,6.71,0,0,0,0
15,0,0,USA,Rio,Entertainment,Credit Card,POS Terminal,59,683,3.9,10164.28,341.37,158,25,0.9,10.09,0,1,0,0
6,0,1,Brazil,Vancouver,Healthcare,Debit Card,Mobile,31,673,4.5,10122.47,40.43,156,17,44.7,57.91,0,3,0,0
11,0,0,Australia,Manchester,Clothing,Debit Card,Mobile,41,605,1.0,2550.44,77.63,173,20,65.0,9.51,1,0,0,0
18,1,0,France,Sydney,Electronics,Credit Card,ATM,51,676,1.5,11509.34,266.31,147,23,2.9,12.57,0,2,1,0
11,0,0,USA,New York,Crypto Exchange,Credit Card,POS Terminal,52,666,0.1,21187.41,22.23,152,20,10.7,7.16,0,0,0,0
19,0,0,USA,Guadalajara,Jewelry,Credit Card,ATM,66,848,21.7,8092.65,63.3,166,21,10.7,7.42,0,0,0,0
4,0,1,India,Mumbai,Electronics,Credit Card,ATM,54,618,12.8,66520.05,354.67,158,18,8.6,9.93,0,0,0,0
6,0,1,USA,Toronto,Entertainment,Debit Card,Mobile,51,789,1.8,22807.82,86.38,140,23,25.5,3.33,0,0,0,1
2,0,1,India,São Paulo,Travel,Credit Card,Desktop,50,589,2.0,6532.07,658.55,171,28,17.0,30.76,1,0,0,0
1,1,1,Canada,Los Angeles,Fuel,Credit Card,Mobile,36,752,7.7,10308.57,50.71,152,21,6.5,10.41,1,0,0,0
20,1,0,USA,Paris,Utilities,Debit Card,Mobile,18,713,9.6,7932.6,42.25,159,17,17.3,16.17,0,0,0,1
8,0,0,Germany,London,ATM Withdrawal,Debit Card,ATM,29,686,1.8,4509.21,37.09,148,21,7.6,5.14,0,0,0,0
9,0,0,India,Munich,Crypto Exchange,Debit Card,Mobile,46,661,3.0,3145.51,36.5,142,23,0.7,44.15,0,0,0,0
19,0,0,Brazil,Melbourne,Healthcare,Credit Card,Mobile,48,656,0.2,5466.97,537.14,165,26,6.9,7.01,0,0,0,0
8,0,0,Mexico,Mexico City,Restaurant,Credit Card,POS Terminal,45,607,0.6,19532.89,73.02,149,21,59.8,1.65,0,0,0,0
10,0,0,India,Toronto,Fuel,Bank Transfer,Desktop,50,715,0.3,3159.35,35.65,153,25,48.8,2.42,0,0,0,0
13,0,0,UK,Mexico City,Crypto Exchange,Debit Card,Mobile,30,683,3.3,3296.11,39.37,156,17,7.5,10.74,0,0,0,0
13,0,0,USA,Delhi,Education,Mobile Payment,Desktop,65,799,8.7,2722.11,30.09,150,26,36.7,20.0,0,0,1,0
22,1,1,India,São Paulo,Fuel,Credit Card,Desktop,31,735,20.0,7715.22,59.32,134,19,1.4,16.42,1,0,0,0
8,1,0,Germany,Sydney,Healthcare,Mobile Payment,Desktop,69,730,4.1,13016.7,8.55,165,21,25.2,37.34,0,0,0,0
18,0,0,Australia,São Paulo,Grocery,Debit Card,Mobile,49,631,3.0,5403.39,19.38,130,18,0.1,3.93,0,0,0,0
20,0,0,UK,Delhi,Healthcare,Debit Card,Mobile,60,550,4.0,4716.96,51.11,150,21,2.8,4.67,0,0,0,0
8,1,0,Germany,Mexico City,Travel,Credit Card,Mobile,18,635,5.5,207.3,122.66,135,17,15.1,9.08,0,1,1,0
10,0,0,USA,Melbourne,Healthcare,Crypto,Desktop,45,660,2.4,29261.11,41.64,158,23,16.9,7.85,0,1,0,0
12,0,0,India,Rio,Education,Credit Card,Desktop,44,788,7.2,791.2,26.02,156,23,9.3,5.01,1,0,0,0
6,0,1,Germany,Vancouver,Travel,Debit Card,Mobile,26,603,1.7,3746.55,332.04,167,23,12.1,15.87,0,0,0,0
22,0,1,Canada,Manchester,Fuel,Bank Transfer,Desktop,32,654,0.3,70265.93,515.88,132,28,29.6,2.79,0,0,1,0
0,0,1,France,Mumbai,Clothing,Crypto,POS Terminal,45,657,10.3,31533.99,11.94,156,16,13.5,16.97,0,0,0,0
15,0,0,France,Guadalajara,Fuel,Mobile Payment,Mobile,22,729,1.7,1968.7,7.77,146,27,17.8,20.66,0,0,0,0
3,1,1,Japan,Osaka,Electronics,Credit Card,Mobile,32,585,12.8,4426.94,565.7,134,17,4.9,1.73,0,0,0,0
1,0,1,Mexico,Tokyo,Jewelry,Credit Card,Mobile,40,689,7.8,5291.55,152.71,130,13,88.9,16.8,0,0,0,0
20,0,0,USA,Munich,Crypto Exchange,Bank Transfer,Desktop,51,773,0.4,9627.25,24.51,149,13,19.3,17.82,0,0,0,0
14,0,0,USA,São Paulo,Fuel,Credit Card,Mobile,40,636,3.1,3362.82,11.3,172,23,10.6,8.71,0,0,0,0
16,0,0,India,London,Electronics,Debit Card,POS Terminal,55,568,6.2,1974.65,652.24,129,14,0.6,5.82,1,0,0,0
15,1,0,USA,New York,Entertainment,Debit Card,Desktop,35,754,9.4,3438.7,13.71,150,17,5.1,3.4,0,0,0,0
20,0,0,USA,London,Fuel,Debit Card,Desktop,18,510,1.9,6290.82,66.5,140,11,45.5,10.21,0,0,0,0
9,0,0,Brazil,Paris,Utilities,Credit Card,Desktop,60,635,8.8,4183.17,128.3,156,21,22.2,13.08,0,0,0,0
11,0,0,Germany,Delhi,Restaurant,Credit Card,Desktop,29,575,14.0,15291.26,57.78,159,19,28.4,6.22,0,0,0,0
20,0,0,USA,Vancouver,Entertainment,Debit Card,Desktop,18,637,4.9,16191.45,16.58,146,17,3.5,2.07,0,1,0,0
18,1,0,USA,Vancouver,Healthcare,Credit Card,Mobile,80,850,9.7,14423.05,231.37,147,23,2.0,21.14,0,0,0,0
11,0,0,France,Paris,Grocery,Credit Card,Tablet,41,745,2.2,219020.25,15.87,156,26,14.8,12.15,1,0,0,0
15,1,0,Australia,Delhi,Education,Credit Card,ATM,32,655,4.7,1797.23,215.15,145,19,34.7,9.25,1,0,0,0
13,1,0,USA,Manchester,Healthcare,Credit Card,Mobile,45,716,2.3,9889.12,140.7,155,24,24.8,8.02,1,4,0,0
21,0,0,India,Mexico City,Utilities,Bank Transfer,Mobile,56,702,5.1,4960.83,259.59,144,33,5.1,20.92,1,0,0,0
13,0,0,India,Lyon,Crypto Exchange,Credit Card,Desktop,51,732,6.5,7875.34,67.44,149,23,3.4,14.93,1,0,0,0
12,0,0,France,Tokyo,Crypto Exchange,Debit Card,Desktop,40,566,2.6,18580.55,123.15,151,19,11.0,6.88,0,0,1,0
15,1,0,Australia,Manchester,Online Shopping,Bank Transfer,Desktop,46,597,20.5,2581.67,59.79,153,18,22.3,8.42,0,0,0,0
6,1,1,India,Mumbai,Clothing,Credit Card,ATM,40,687,2.8,60138.42,104.81,148,16,11.7,29.91,0,0,0,0
18,0,0,India,Delhi,Restaurant,Credit Card,Mobile,74,585,1.0,10932.48,7.75,157,25,3.0,6.68,0,0,0,0
18,0,0,Germany,Manchester,ATM Withdrawal,Debit Card,POS Terminal,32,579,3.6,6305.08,6.69,158,23,5.1,1.63,0,0,0,0
3,0,1,Australia,Munich,Restaurant,Debit Card,Desktop,20,736,4.9,9179.68,72.25,167,19,3.6,7.24,1,0,0,0
4,0,1,France,Vancouver,Utilities,Credit Card,Mobile,53,715,6.0,19212.29,76.44,175,19,46.4,12.56,1,0,0,0
14,1,0,UK,Guadalajara,Gaming,Mobile Payment,Mobile,45,634,7.9,2706.93,90.18,148,20,35.7,40.48,0,1,0,0
12,1,0,Germany,Guadalajara,Clothing,Debit Card,POS Terminal,55,745,3.1,3289.9,49.94,142,20,2.4,7.02,0,0,0,0
23,1,1,France,Delhi,Travel,Cheque,POS Terminal,54,697,1.0,34841.29,613.0,153,31,8.4,1.77,0,0,1,0
7,0,0,Brazil,Mumbai,Online Shopping,Debit Card,Desktop,63,630,0.9,5129.36,62.38,158,21,16.4,3.29,0,0,0,0
15,0,0,USA,Tokyo,Gaming,Crypto,Mobile,30,751,6.0,7479.16,50.31,145,24,19.4,2.5,0,0,1,0
9,0,0,USA,Tokyo,Crypto Exchange,Cheque,Desktop,27,637,6.7,23326.68,87.61,144,25,7.4,3.71,0,0,0,0
10,0,0,UK,Tokyo,Fuel,Credit Card,Mobile,54,582,3.3,11638.26,46.54,140,20,39.2,2.3,0,0,0,0
15,0,0,France,São Paulo,Utilities,Credit Card,Mobile,49,806,0.1,2371.95,72.49,149,21,8.3,9.29,0,0,0,0
6,0,1,USA,Mumbai,Grocery,Debit Card,POS Terminal,37,698,10.1,3320.09,58.01,147,15,9.7,35.77,0,0,0,0
12,1,0,Australia,Manchester,ATM Withdrawal,Credit Card,Desktop,18,615,3.8,45944.01,16.03,142,23,15.0,18.03,1,0,0,0
17,0,0,USA,São Paulo,ATM Withdrawal,Credit Card,Mobile,41,595,8.0,4655.93,28.05,148,19,18.4,19.5,1,0,0,0
9,0,0,USA,Mexico City,Online Shopping,Debit Card,Desktop,24,719,0.2,6336.92,245.83,156,21,2.1,61.16,0,2,0,0
7,0,0,Mexico,Delhi,Utilities,Bank Transfer,Mobile,40,665,3.1,68904.2,62.98,155,29,1.6,23.73,0,0,0,0
22,0,1,Brazil,São Paulo,Entertainment,Credit Card,Desktop,38,696,8.3,9666.48,126.38,132,15,12.3,0.92,0,0,0,0
6,1,1,USA,Manchester,Online Shopping,Mobile Payment,Mobile,26,743,1.2,10214.02,69.55,155,18,14.4,5.72,1,0,0,0
3,0,1,USA,Rio,Education,Credit Card,Mobile,49,682,20.7,35810.64,46.06,164,13,18.7,10.66,1,0,1,0
20,0,0,India,Berlin,Entertainment,Debit Card,Mobile,34,668,0.7,20766.69,18.5,163,22,7.0,5.22,0,1,0,0
23,0,1,UK,Mexico City,ATM Withdrawal,Credit Card,Desktop,52,681,10.4,11371.85,22.95,154,14,13.7,7.32,0,1,0,0
8,0,0,USA,Manchester,Online Shopping,Debit Card,Mobile,49,652,7.3,2658.83,24.27,139,21,36.1,19.22,0,0,0,0
0,0,1,USA,Manchester,Utilities,Bank Transfer,Mobile,27,784,1.4,21781.14,31.24,168,17,0.3,1.33,0,0,1,0
14,0,0,USA,Munich,Healthcare,Credit Card,ATM,63,579,16.6,19446.53,50.15,153,19,5.9,0.0,0,0,0,0
18,0,0,UK,Vancouver,Clothing,Bank Transfer,Tablet,27,406,0.1,6132.19,288.08,153,23,9.2,0.28,0,0,1,0
16,0,0,UK,London,Restaurant,Credit Card,Desktop,44,703,15.7,12567.97,26.5,162,29,1.9,16.43,0,0,0,0
23,0,1,France,São Paulo,Crypto Exchange,Crypto,Desktop,44,806,4.1,13399.09,130.67,134,23,8.0,2.24,1,0,1,0
12,0,0,USA,Tokyo,Healthcare,Debit Card,Desktop,53,583,8.3,2516.47,18.46,151,19,13.6,13.84,0,0,0,0
6,1,1,France,Manchester,ATM Withdrawal,Bank Transfer,POS Terminal,42,613,3.4,7130.73,39.18,164,17,26.1,2.08,0,0,0,0
2,1,1,Brazil,Sydney,Clothing,Bank Transfer,Desktop,41,751,0.4,7274.44,232.5,157,28,61.1,5.99,1,0,1,0
5,1,1,Japan,Manchester,Grocery,Credit Card,POS Terminal,51,810,2.4,9184.57,17.62,167,16,8.4,5.32,0,0,0,0
3,0,1,USA,Los Angeles,Travel,Credit Card,POS Terminal,18,730,10.4,22015.61,3096.64,147,19,55.8,29.54,0,0,0,0
22,0,1,USA,New York,ATM Withdrawal,Crypto,POS Terminal,47,726,13.2,9108.4,67.27,156,20,92.1,3.68,0,0,0,0
4,1,1,Japan,Vancouver,Electronics,Debit Card,Mobile,42,760,2.7,31942.23,698.22,149,18,47.2,12.9,1,0,0,1
11,1,0,USA,Delhi,Jewelry,Credit Card,ATM,30,616,0.5,28711.62,765.12,128,16,3.4,10.8,0,2,0,0
17,1,0,Japan,Delhi,Entertainment,Credit Card,Mobile,64,654,0.8,8730.55,49.85,145,18,8.5,4.11,0,0,0,0
11,0,0,France,Lyon,Travel,Bank Transfer,Mobile,49,581,2.5,26053.01,112.12,152,19,4.3,3.45,0,1,0,0
8,0,0,Japan,Osaka,Grocery,Credit Card,Mobile,52,696,13.2,4946.48,30.05,141,20,4.2,6.58,0,2,0,1
7,0,0,USA,Munich,Utilities,Credit Card,Desktop,40,721,11.2,39167.13,4.31,174,22,10.1,2.88,0,0,0,0
16,1,0,USA,Manchester,Electronics,Bank Transfer,Mobile,43,488,4.2,12314.24,231.65,143,26,20.7,50.93,0,0,0,0
21,0,0,India,Manchester,Entertainment,Crypto,Mobile,54,630,1.1,6756.48,15.76,167,26,0.1,3.31,1,0,0,0
14,0,0,Canada,Delhi,Healthcare,Debit Card,Mobile,43,652,7.2,35126.69,4.12,145,16,46.6,11.15,1,5,0,0
17,1,0,Australia,Vancouver,Fuel,Debit Card,Mobile,52,540,9.8,15624.24,19.98,166,22,0.8,6.9,0,0,0,0
7,1,0,USA,Los Angeles,Education,Crypto,Mobile,18,687,0.1,10516.57,21.35,139,19,0.4,29.97,0,0,0,0
7,0,0,USA,Mumbai,Education,Credit Card,ATM,60,758,5.4,2589.76,70.03,156,24,23.5,12.84,0,0,0,0
0,1,1,France,Los Angeles,Online Shopping,Credit Card,Mobile,65,670,0.5,1720.1,180.17,140,16,29.9,7.88,1,0,0,0
0,0,1,UK,Guadalajara,Jewelry,Credit Card,Mobile,48,751,10.4,1608.43,337.16,141,24,12.2,12.51,0,0,0,0
14,0,0,Germany,Toronto,Gaming,Mobile Payment,Mobile,32,790,11.1,42340.23,35.71,156,19,22.3,10.06,0,0,0,0
7,1,0,India,Toronto,Restaurant,Mobile Payment,Mobile,20,609,1.5,13499.98,24.36,160,16,11.6,17.06,0,0,0,0
9,0,0,USA,Los Angeles,Crypto Exchange,Debit Card,ATM,26,633,1.1,4344.2,42.86,165,21,10.4,13.44,0,0,1,0
11,0,0,Brazil,Rio,ATM Withdrawal,Debit Card,Mobile,18,589,5.1,7669.87,41.51,147,16,8.2,23.03,0,0,0,0
8,0,0,USA,Osaka,Clothing,Bank Transfer,Mobile,23,610,9.2,8084.11,46.98,146,21,18.6,6.11,0,0,0,0
13,0,0,France,Rio,ATM Withdrawal,Credit Card,POS Terminal,39,579,2.6,12551.46,40.27,150,21,45.1,2.27,0,0,0,0
17,0,0,UK,Paris,Gaming,Mobile Payment,Desktop,47,591,1.0,2191.73,32.08,136,14,47.6,2.76,0,0,0,0
23,0,1,USA,Vancouver,Travel,Credit Card,Mobile,59,669,6.9,15830.55,1771.9,132,19,12.4,20.38,1,1,0,0
22,0,1,UK,Vancouver,Fuel,Bank Transfer,Desktop,37,703,15.9,9045.39,8.7,148,25,13.2,8.1,0,0,0,0
21,0,0,Canada,Berlin,Fuel,Debit Card,ATM,35,568,2.6,5970.57,44.69,166,20,12.4,3.51,0,1,0,0
7,0,0,Canada,Munich,Restaurant,Mobile Payment,ATM,26,699,19.2,3426.71,52.05,141,22,0.7,19.1,1,2,0,0
22,0,1,USA,Osaka,ATM Withdrawal,Credit Card,Mobile,42,744,0.5,5840.61,118.2,133,16,2.5,10.25,0,0,0,0
7,0,0,USA,Melbourne,Fuel,Mobile Payment,Mobile,32,579,2.9,2695.26,68.44,163,17,44.9,5.79,0,0,0,0
1,0,1,USA,Mexico City,Online Shopping,Debit Card,POS Terminal,27,663,3.2,9916.89,62.65,155,23,19.8,46.43,0,0,0,0
10,1,0,Brazil,Vancouver,Restaurant,Debit Card,Mobile,42,578,12.6,4333.17,40.36,162,27,60.8,13.82,0,0,0,0
1,0,1,Japan,São Paulo,Clothing,Mobile Payment,Mobile,18,606,15.0,10372.7,13.51,146,22,13.5,39.86,0,0,0,0
19,0,0,UK,São Paulo,Healthcare,Debit Card,ATM,50,678,4.2,102439.99,71.93,152,18,31.6,5.1,0,1,0,0
20,0,0,UK,Tokyo,Restaurant,Debit Card,Mobile,38,482,7.6,2309.93,14.63,153,22,5.9,6.23,0,0,0,0
21,0,0,Germany,Guadalajara,Travel,Mobile Payment,ATM,24,737,4.1,3578.21,385.67,153,18,2.2,16.31,1,0,0,0
13,1,0,France,Tokyo,Education,Mobile Payment,Tablet,51,696,3.6,28572.56,55.3,149,20,46.3,4.31,0,0,0,0
0,1,1,Japan,Guadalajara,Crypto Exchange,Debit Card,ATM,45,709,12.0,4540.16,6.68,151,19,9.4,2.86,0,3,0,1
2,0,1,USA,Lyon,Fuel,Crypto,Mobile,56,693,0.1,16459.38,11.61,151,21,7.7,13.16,0,0,0,0
7,0,0,Australia,Vancouver,Grocery,Bank Transfer,Desktop,42,654,2.3,2847.39,36.18,142,16,5.2,25.92,0,0,0,0
4,0,1,UK,Melbourne,Utilities,Credit Card,Mobile,48,664,9.3,1804.93,37.7,141,28,2.7,35.85,1,0,0,0
0,1,1,USA,Los Angeles,ATM Withdrawal,Credit Card,ATM,49,549,12.8,544.78,28.38,159,11,14.8,5.9,0,0,0,0
6,0,1,Germany,Mexico City,ATM Withdrawal,Mobile Payment,Mobile,52,702,1.5,87313.43,116.95,152,22,9.6,4.47,0,1,0,0
15,0,0,India,London,Clothing,Debit Card,ATM,46,485,0.3,2402.91,6.78,151,11,35.0,11.27,0,0,0,0
22,0,1,Germany,Rio,Education,Mobile Payment,Mobile,34,692,0.9,1611.46,26.77,163,21,15.7,20.12,0,4,0,0
14,0,0,France,Berlin,Electronics,Mobile Payment,Mobile,28,637,2.8,4967.23,1196.14,158,17,1.3,21.41,0,0,0,0
14,1,0,France,Mumbai,Jewelry,Debit Card,Desktop,45,732,0.5,1444.75,375.28,150,28,74.4,20.3,0,0,0,0
5,0,1,Canada,Tokyo,Crypto Exchange,Credit Card,Mobile,63,592,6.5,10001.68,102.08,134,13,37.3,17.29,0,0,0,0
9,0,0,Australia,London,Clothing,Debit Card,Mobile,53,688,3.5,26851.04,12.14,158,23,11.9,45.92,0,0,0,0
21,0,0,USA,New York,Electronics,Credit Card,Mobile,41,578,0.7,33893.24,2899.73,128,25,8.4,18.72,0,0,0,0
16,0,0,UK,Toronto,Online Shopping,Bank Transfer,Desktop,34,669,0.1,20816.57,68.86,158,24,62.4,1.69,0,0,1,0
5,0,1,UK,Paris,ATM Withdrawal,Crypto,Desktop,37,517,6.0,31205.12,576.67,145,22,0.0,25.26,0,0,1,0
1,1,1,Japan,Rio,Travel,Credit Card,Desktop,41,667,6.5,7828.93,1329.96,164,17,0.5,2.83,1,1,0,0
7,0,0,USA,Mexico City,Entertainment,Debit Card,POS Terminal,32,639,8.1,6409.66,57.92,127,23,47.9,6.46,0,1,0,0
14,0,0,UK,Delhi,Healthcare,Credit Card,ATM,38,530,1.1,2784.36,39.34,139,14,4.0,6.68,0,0,1,0
15,0,0,Australia,São Paulo,Online Shopping,Bank Transfer,ATM,52,563,2.7,7121.16,11.88,147,17,26.2,7.7,0,0,0,0
23,0,1,Canada,Berlin,Restaurant,Mobile Payment,Mobile,18,671,0.6,2436.62,33.83,146,23,26.6,3.36,0,0,0,0
19,1,0,India,Tokyo,Restaurant,Credit Card,Tablet,66,824,5.8,2891.15,23.65,161,27,35.7,12.86,0,0,0,0
20,0,0,USA,Mexico City,Healthcare,Debit Card,ATM,44,653,2.0,41540.15,164.36,138,29,56.7,7.58,1,0,0,0
16,1,0,Brazil,Vancouver,Crypto Exchange,Debit Card,Mobile,49,647,8.8,4822.43,29.98,138,22,1.8,17.95,0,0,0,0
18,0,0,India,New York,Grocery,Debit Card,Desktop,40,692,0.6,3650.9,65.53,158,18,20.2,9.51,0,0,0,0
2,1,1,USA,New York,ATM Withdrawal,Credit Card,Mobile,44,676,3.1,46533.75,74.31,136,19,16.8,3.13,1,2,0,0
2,0,1,USA,Mexico City,Restaurant,Debit Card,Tablet,18,766,5.3,54459.89,210.36,150,20,34.7,13.39,0,0,0,0
23,0,1,Japan,Munich,Clothing,Credit Card,Mobile,28,820,0.6,14927.95,60.06,160,14,11.3,4.12,0,0,0,0
4,0,1,USA,Vancouver,Crypto Exchange,Crypto,Mobile,50,708,1.4,1435.63,12.64,144,14,7.9,23.63,0,0,0,1
0,1,1,India,Los Angeles,Crypto Exchange,Credit Card,Desktop,52,698,1.7,8522.08,325.39,135,17,28.6,25.09,0,0,0,0
16,1,0,France,Sydney,Crypto Exchange,Credit Card,Desktop,69,680,2.1,1114.97,476.54,130,23,5.6,14.03,0,0,0,0
6,0,1,Australia,Melbourne,Education,Bank Transfer,Desktop,65,810,2.2,1292.96,42.67,154,17,9.9,4.56,0,0,0,0
11,1,0,USA,Munich,Fuel,Debit Card,Mobile,40,770,25.0,7841.66,11.35,150,20,5.8,5.21,0,0,0,0
14,1,0,Japan,Delhi,Travel,Credit Card,Desktop,33,772,1.6,4314.45,641.26,160,31,19.4,42.81,1,0,0,0
16,0,0,USA,Delhi,Electronics,Credit Card,Mobile,55,801,1.7,4660.3,1632.05,146,19,27.2,10.48,0,0,0,0
19,1,0,Australia,Berlin,Restaurant,Crypto,ATM,42,671,0.8,28975.46,153.81,144,28,0.1,5.26,0,0,0,0
0,0,1,France,Manchester,Utilities,Credit Card,Tablet,25,789,5.2,43268.8,61.06,130,22,81.9,7.99,1,0,1,0
15,0,0,USA,Paris,Fuel,Bank Transfer,Desktop,51,629,12.4,75602.58,18.46,126,22,13.3,1.98,0,0,0,0
21,0,0,Brazil,Mumbai,Electronics,Credit Card,Desktop,49,611,8.7,81938.53,290.96,147,19,8.0,5.08,1,0,0,1
1,0,1,Germany,Toronto,Healthcare,Credit Card,Desktop,72,719,4.3,21646.6,217.26,153,24,38.0,30.83,1,0,0,0
14,0,0,USA,Lyon,ATM Withdrawal,Credit Card,Mobile,55,509,1.4,127682.71,38.15,141,16,28.7,19.02,1,0,0,1
15,1,0,Germany,Paris,Gaming,Debit Card,Mobile,52,753,4.0,32438.0,130.27,141,30,9.1,4.02,0,0,0,0
19,0,0,Brazil,Mumbai,Grocery,Debit Card,Mobile,39,652,0.2,4924.59,181.81,157,21,5.2,5.31,0,0,0,0
9,0,0,India,Manchester,Grocery,Credit Card,Mobile,45,568,0.7,30062.14,173.73,151,18,15.6,0.28,0,0,1,0
1,0,1,India,Toronto,Clothing,Debit Card,Desktop,31,702,2.9,1610.24,1103.44,143,17,11.0,3.89,0,1,0,1
22,0,1,Germany,Mexico City,Entertainment,Credit Card,ATM,35,717,0.6,1483.19,37.21,141,20,2.3,2.23,0,0,1,0
16,0,0,France,Paris,Electronics,Debit Card,Mobile,18,815,3.1,21383.34,641.39,157,22,34.1,5.1,0,0,0,0
7,0,0,UK,Mexico City,Fuel,Bank Transfer,Desktop,35,713,4.4,24642.86,389.29,159,26,0.5,15.9,0,0,0,0
6,0,1,USA,Munich,Travel,Credit Card,Mobile,31,666,5.9,3127.2,1177.23,143,22,13.7,7.67,0,0,0,0
15,0,0,Brazil,Lyon,Jewelry,Debit Card,Mobile,32,633,1.5,9745.35,401.81,150,16,67.9,8.89,0,0,0,0
15,0,0,India,São Paulo,Fuel,Bank Transfer,Mobile,58,643,6.7,3414.86,44.69,154,17,36.8,8.86,0,0,0,0
13,1,0,USA,Tokyo,Gaming,Debit Card,Desktop,18,772,2.9,37677.71,26.31,149,20,1.9,6.79,1,0,0,0
5,1,1,Japan,Los Angeles,ATM Withdrawal,Credit Card,ATM,76,655,3.0,1672.27,34.03,167,22,12.6,2.65,0,0,0,0
13,0,0,UK,Delhi,Utilities,Debit Card,Tablet,52,709,3.3,2962.69,30.14,140,18,14.0,7.75,0,0,0,0
11,0,0,USA,Vancouver,Jewelry,Debit Card,Mobile,53,734,4.7,7454.03,537.32,149,13,23.1,3.34,0,0,0,0
13,1,0,Japan,Lyon,Healthcare,Debit Card,Tablet,50,724,4.8,43601.19,11.67,156,20,9.7,0.88,0,0,0,0
18,1,0,Japan,Melbourne,Utilities,Mobile Payment,Desktop,52,611,9.7,4295.74,262.97,158,15,10.0,0.9,1,0,0,0
6,0,1,USA,Berlin,ATM Withdrawal,Debit Card,Desktop,44,746,0.9,17281.94,51.78,148,15,35.3,26.69,0,0,0,1
6,0,1,USA,Los Angeles,Education,Debit Card,Mobile,24,674,4.4,620.6,150.94,162,26,0.9,33.3,1,0,0,0
6,0,1,Japan,Tokyo,Grocery,Debit Card,Mobile,39,732,2.7,3211.92,45.69,160,14,60.0,31.53,0,0,0,0
15,0,0,India,Los Angeles,Clothing,Credit Card,ATM,46,734,4.0,100.0,23.97,146,16,18.9,12.72,0,0,0,0
3,0,1,India,Paris,Healthcare,Credit Card,Desktop,51,645,3.5,24280.96,72.32,172,15,23.8,4.58,0,0,0,0
22,0,1,Canada,Berlin,Gaming,Credit Card,Mobile,18,745,1.9,4895.34,31.8,143,20,6.5,10.92,1,1,0,0
22,1,1,France,São Paulo,Entertainment,Debit Card,POS Terminal,25,634,1.7,46273.15,16.47,167,22,26.3,0.91,0,0,0,0
23,0,1,Brazil,Lyon,Crypto Exchange,Debit Card,Mobile,39,709,5.2,2973.41,343.63,148,13,27.7,0.28,0,0,0,1
22,1,1,USA,Munich,Entertainment,Debit Card,ATM,27,571,4.0,10098.39,20.17,142,19,4.3,5.71,0,0,0,0
16,1,0,USA,Guadalajara,Crypto Exchange,Debit Card,POS Terminal,45,684,3.4,9776.74,47.06,172,23,108.7,5.23,1,0,0,0
7,1,0,Japan,Lyon,Crypto Exchange,Credit Card,Mobile,57,683,2.1,4806.78,107.52,158,17,15.1,0.67,0,1,0,0
15,0,0,UK,Paris,Travel,Credit Card,POS Terminal,44,807,2.9,2042.75,267.78,150,15,2.9,9.28,0,0,0,0
16,0,0,UK,Melbourne,Entertainment,Crypto,ATM,31,627,0.8,239535.31,14.34,174,21,23.7,8.43,0,0,0,0
19,0,0,France,Mumbai,Education,Debit Card,Mobile,48,683,4.0,19266.88,63.93,157,17,5.8,4.98,0,0,0,0
1,0,1,France,Delhi,Entertainment,Credit Card,Desktop,26,722,2.1,2909.59,68.65,134,16,75.3,30.12,0,0,0,0
4,0,1,USA,Rio,Crypto Exchange,Mobile Payment,Desktop,49,634,4.8,3170.31,317.31,166,22,30.4,3.36,0,0,0,0
20,0,0,Germany,Tokyo,ATM Withdrawal,Bank Transfer,Desktop,53,618,5.8,5323.4,60.88,120,15,68.7,26.31,0,5,1,0
8,0,0,India,Mumbai,Gaming,Crypto,Desktop,49,830,11.8,56178.58,92.8,155,19,12.0,26.05,0,0,0,0
13,0,0,Brazil,Mexico City,Restaurant,Debit Card,Mobile,45,657,6.2,15336.53,61.43,138,15,5.5,55.7,1,0,0,0
18,0,0,Australia,São Paulo,ATM Withdrawal,Credit Card,Tablet,36,699,4.0,9101.12,54.05,159,19,41.7,34.57,1,0,1,0
17,0,0,Germany,London,Restaurant,Debit Card,ATM,54,690,9.8,4316.58,21.39,164,19,14.2,21.94,0,0,0,0
6,0,1,Mexico,Mexico City,Online Shopping,Credit Card,Tablet,26,778,10.5,3567.11,55.99,146,19,19.4,11.87,0,0,0,0
7,0,0,UK,New York,Fuel,Credit Card,Desktop,38,611,1.1,4728.96,91.44,132,32,21.0,13.13,0,0,0,0
10,1,0,India,Los Angeles,Clothing,Bank Transfer,Desktop,30,531,0.5,29585.08,41.43,141,23,3.4,0.03,0,0,0,0
14,0,0,France,Mumbai,Electronics,Debit Card,Mobile,30,616,2.7,1934.27,395.93,150,30,2.1,5.63,1,0,0,1
22,0,1,India,Tokyo,Entertainment,Debit Card,POS Terminal,35,663,3.1,12013.3,13.5,121,20,13.3,6.64,0,0,1,0
