town,flat_type,floor_area_sqm,flat_model,lease_commence_date,resale_price,sale_year,sale_month,months_since_2017,storey_mid,remaining_lease_months,flat_age_years
YISHUN,3 ROOM,68.0,New Generation,1984,388000.0,2023,5,76,11.0,717.0,39
SEMBAWANG,3 ROOM,68.0,Model A,2018,410000.0,2023,5,76,2.0,1135.0,5
YISHUN,5 ROOM,113.0,Improved,2017,605000.0,2023,5,76,5.0,1119.0,6
PUNGGOL,2 ROOM,47.0,Model A,2018,323000.0,2023,5,76,5.0,1134.0,5
YISHUN,4 ROOM,92.0,Model A,2015,538000.0,2023,5,76,14.0,1098.0,8
PUNGGOL,4 ROOM,93.0,Premium Apartment,2018,638250.0,2023,5,76,11.0,1132.0,5
CHOA CHU KANG,5 ROOM,113.0,Improved,2018,642000.0,2023,5,76,8.0,1126.0,5
SEMBAWANG,4 ROOM,93.0,Model A,2018,625000.0,2023,5,76,14.0,1130.0,5
PUNGGOL,5 ROOM,112.0,Improved,2003,595000.0,2023,5,76,17.0,949.0,20
BEDOK,4 ROOM,84.0,Simplified,1987,518600.0,2023,5,76,5.0,757.0,36
YISHUN,3 ROOM,64.0,Simplified,1987,355000.0,2023,5,76,5.0,762.0,36
PASIR RIS,5 ROOM,127.0,Improved,1995,635000.0,2023,5,76,8.0,849.0,28
SENGKANG,5 ROOM,110.0,Improved,2005,530000.0,2023,5,76,2.0,970.0,18
WOODLANDS,5 ROOM,115.0,Improved,1999,572000.0,2023,5,76,5.0,907.0,24
CHOA CHU KANG,4 ROOM,90.0,Model A,2002,425000.0,2023,5,76,5.0,939.0,21
BUKIT BATOK,4 ROOM,92.0,Model A,2019,575000.0,2023,5,76,8.0,1138.0,4
SENGKANG,5 ROOM,110.0,Improved,2001,578888.0,2023,5,76,8.0,926.0,22
PUNGGOL,5 ROOM,112.0,Premium Apartment,2016,790000.0,2023,5,76,5.0,1106.0,7
WOODLANDS,4 ROOM,92.0,New Generation,1985,440000.0,2023,5,76,5.0,732.0,38
SERANGOON,EXECUTIVE,147.0,Maisonette,1992,888000.0,2023,5,76,5.0,822.0,31
SENGKANG,5 ROOM,114.0,Premium Apartment,2004,640000.0,2023,5,76,17.0,959.0,19
PUNGGOL,5 ROOM,113.0,Premium Apartment,2019,840000.0,2023,5,76,14.0,1139.0,4
SENGKANG,5 ROOM,112.0,Premium Apartment,2004,590000.0,2023,5,76,11.0,962.0,19
CHOA CHU KANG,5 ROOM,113.0,Improved,2017,660888.0,2023,5,76,20.0,1117.0,6
SENGKANG,5 ROOM,111.0,Improved,2001,535000.0,2023,5,76,8.0,927.0,22
BUKIT BATOK,3 ROOM,64.0,Simplified,1987,355000.0,2023,5,76,11.0,752.0,36
PASIR RIS,EXECUTIVE,146.0,Maisonette,1988,825000.0,2023,5,76,5.0,772.0,35
SEMBAWANG,4 ROOM,93.0,Model A,2018,590000.0,2023,5,76,11.0,1134.0,5
BUKIT BATOK,4 ROOM,103.0,Model A,1985,510000.0,2023,5,76,11.0,731.0,38
BEDOK,4 ROOM,101.0,Model A,2001,570000.0,2023,5,76,5.0,922.0,22
PUNGGOL,4 ROOM,92.0,Model A,2014,581888.0,2023,5,76,8.0,1087.0,9
JURONG EAST,3 ROOM,64.0,Model A,2014,435000.0,2023,5,76,8.0,1078.0,9
TOA PAYOH,3 ROOM,68.0,Improved,1970,340000.0,2023,5,76,5.0,548.0,53
KALLANG/WHAMPOA,4 ROOM,95.0,Premium Apartment,2017,1100000.0,2023,5,76,29.0,1119.0,6
CHOA CHU KANG,4 ROOM,92.0,Model A,2018,535000.0,2023,5,76,8.0,1125.0,5
WOODLANDS,4 ROOM,104.0,Premium Apartment,2000,490000.0,2023,5,76,11.0,911.0,23
YISHUN,4 ROOM,84.0,Simplified,1985,405000.0,2023,5,76,2.0,733.0,38
QUEENSTOWN,4 ROOM,111.0,Adjoined flat,1969,585000.0,2023,5,76,5.0,536.0,54
BEDOK,4 ROOM,92.0,New Generation,1980,450000.0,2023,5,76,5.0,672.0,43
BEDOK,5 ROOM,113.0,Improved,2018,910000.0,2023,5,76,8.0,1136.0,5
CHOA CHU KANG,5 ROOM,133.0,Model A,1995,579000.0,2023,5,76,8.0,857.0,28
WOODLANDS,4 ROOM,91.0,Model A2,1998,445000.0,2023,5,76,8.0,886.0,25
TOA PAYOH,3 ROOM,78.0,Improved,1970,442000.0,2023,5,76,8.0,549.0,53
WOODLANDS,3 ROOM,73.0,Model A,1990,397000.0,2023,5,76,8.0,792.0,33
TOA PAYOH,5 ROOM,132.0,Model A,1984,660000.0,2023,5,76,5.0,722.0,39
CLEMENTI,3 ROOM,67.0,New Generation,1985,370000.0,2023,5,76,5.0,735.0,38
YISHUN,4 ROOM,104.0,Model A,1987,533000.0,2023,5,76,8.0,760.0,36
HOUGANG,3 ROOM,64.0,Simplified,1986,350000.0,2023,5,76,5.0,750.0,37
SENGKANG,4 ROOM,94.0,Model A,2018,629000.0,2023,5,76,8.0,1131.0,5
YISHUN,4 ROOM,105.0,Model A,1988,500000.0,2023,5,76,8.0,772.0,35
PASIR RIS,EXECUTIVE,145.0,Apartment,1993,760000.0,2023,5,76,5.0,833.0,30
SEMBAWANG,4 ROOM,93.0,Model A,2018,590000.0,2023,5,76,11.0,1129.0,5
BUKIT BATOK,3 ROOM,67.0,Model A,2019,440000.0,2023,5,76,5.0,1139.0,4
SENGKANG,4 ROOM,93.0,Model A,2016,575000.0,2023,5,76,20.0,1108.0,7
WOODLANDS,4 ROOM,93.0,Model A,2018,570000.0,2023,5,76,5.0,1130.0,5
WOODLANDS,5 ROOM,121.0,Improved,1985,508000.0,2023,5,76,2.0,739.0,38
SENGKANG,5 ROOM,110.0,Improved,2001,600000.0,2023,5,76,8.0,923.0,22
YISHUN,4 ROOM,84.0,Simplified,1985,390000.0,2023,5,76,2.0,738.0,38
PUNGGOL,4 ROOM,96.0,Premium Apartment,2019,688000.0,2023,5,76,11.0,1139.0,4
PUNGGOL,4 ROOM,96.0,Premium Apartment,2019,726000.0,2023,5,76,8.0,1139.0,4
BUKIT BATOK,3 ROOM,68.0,Premium Apartment,2018,495000.0,2023,5,76,17.0,1127.0,5
ANG MO KIO,4 ROOM,93.0,Model A,2019,940000.0,2023,5,76,23.0,1138.0,4
WOODLANDS,4 ROOM,88.0,Improved,1976,365000.0,2023,5,76,8.0,621.0,47
ANG MO KIO,5 ROOM,120.0,Improved,1980,705000.0,2023,5,76,14.0,669.0,43
JURONG WEST,4 ROOM,91.0,Model A,2000,495000.0,2023,5,76,2.0,920.0,23
PUNGGOL,4 ROOM,93.0,Premium Apartment,2013,620000.0,2023,5,76,5.0,1065.0,10
YISHUN,5 ROOM,112.0,Improved,2015,650000.0,2023,5,76,11.0,1092.0,8
HOUGANG,3 ROOM,73.0,New Generation,1978,362000.0,2023,5,76,5.0,649.0,45
BEDOK,3 ROOM,59.0,Improved,1978,320000.0,2023,5,76,5.0,648.0,45
WOODLANDS,3 ROOM,73.0,Model A,1993,375000.0,2023,5,76,2.0,833.0,30
TAMPINES,3 ROOM,74.0,Model A,1985,415000.0,2023,5,76,11.0,734.0,38
PUNGGOL,4 ROOM,95.0,Premium Apartment,2012,682000.0,2023,5,76,11.0,1059.0,11
GEYLANG,3 ROOM,68.0,New Generation,1981,466888.0,2023,5,76,11.0,687.0,42
BUKIT BATOK,3 ROOM,68.0,Premium Apartment,2018,450000.0,2023,5,76,5.0,1126.0,5
JURONG WEST,3 ROOM,74.0,Model A,1984,425000.0,2023,5,76,11.0,724.0,39
JURONG WEST,3 ROOM,67.0,Improved,1972,300000.0,2023,5,76,2.0,573.0,51
SERANGOON,3 ROOM,71.0,New Generation,1984,380000.0,2023,5,76,2.0,726.0,39
PUNGGOL,2 ROOM,47.0,Model A,2018,360000.0,2023,5,76,2.0,1134.0,5
HOUGANG,4 ROOM,100.0,Model A,1997,530000.0,2023,5,76,11.0,875.0,26
BUKIT BATOK,4 ROOM,93.0,Model A,2019,620000.0,2023,5,76,5.0,1139.0,4
CHOA CHU KANG,5 ROOM,131.0,Model A,1996,638000.0,2023,5,76,5.0,866.0,27
TAMPINES,4 ROOM,103.0,Model A,1997,575000.0,2023,5,76,14.0,878.0,26
HOUGANG,4 ROOM,100.0,Model A,1998,570000.0,2023,5,76,17.0,888.0,25
PASIR RIS,5 ROOM,127.0,Improved,1994,630000.0,2023,5,76,8.0,844.0,29
WOODLANDS,4 ROOM,92.0,Model A,2018,585000.0,2023,5,76,8.0,1133.0,5
JURONG WEST,3 ROOM,65.0,Improved,1976,318000.0,2023,5,76,11.0,625.0,47
SENGKANG,4 ROOM,93.0,Model A,2014,505000.0,2023,5,76,2.0,1085.0,9
YISHUN,5 ROOM,112.0,Improved,2018,710000.0,2023,5,76,8.0,1124.0,5
TAMPINES,5 ROOM,122.0,Improved,1988,710000.0,2023,5,76,8.0,765.0,35
BUKIT MERAH,4 ROOM,93.0,Model A,2018,907000.0,2023,5,76,17.0,1136.0,5
PUNGGOL,5 ROOM,110.0,Improved,2003,530000.0,2023,5,76,2.0,947.0,20
KALLANG/WHAMPOA,5 ROOM,117.0,DBSS,2011,1238888.0,2023,5,76,14.0,1042.0,12
BUKIT BATOK,3 ROOM,67.0,Model A,2019,465000.0,2023,5,76,5.0,1140.0,4
SEMBAWANG,5 ROOM,113.0,Improved,2018,740000.0,2023,5,76,14.0,1125.0,5
BUKIT BATOK,2 ROOM,47.0,Model A,2019,368000.0,2023,5,76,20.0,1139.0,4
CHOA CHU KANG,5 ROOM,123.0,Improved,1993,652000.0,2023,5,76,8.0,827.0,30
CHOA CHU KANG,2 ROOM,47.0,Model A,2015,320000.0,2023,5,76,17.0,1090.0,8
CHOA CHU KANG,4 ROOM,92.0,Model A,2018,525000.0,2023,5,76,8.0,1126.0,5
BUKIT MERAH,3 ROOM,67.0,New Generation,1978,353000.0,2023,5,76,5.0,645.0,45
YISHUN,4 ROOM,93.0,Model A,2018,528000.0,2023,5,76,5.0,1135.0,5
CHOA CHU KANG,4 ROOM,117.0,Model A,1995,490000.0,2023,5,76,5.0,851.0,28
JURONG EAST,4 ROOM,101.0,Model A,1999,508000.0,2023,5,76,2.0,898.0,24
QUEENSTOWN,4 ROOM,87.0,Premium Apartment,2016,990000.0,2023,5,76,41.0,1108.0,7
TAMPINES,5 ROOM,119.0,Improved,1997,660000.0,2023,5,76,2.0,878.0,26
SENGKANG,4 ROOM,93.0,Model A,2016,605000.0,2023,5,76,14.0,1111.0,7
WOODLANDS,4 ROOM,106.0,Model A,1996,480000.0,2023,5,76,2.0,863.0,27
HOUGANG,3 ROOM,59.0,Improved,1975,298000.0,2023,5,76,2.0,615.0,48
QUEENSTOWN,4 ROOM,93.0,Model A,2018,920000.0,2023,5,76,20.0,1129.0,5
BISHAN,EXECUTIVE,149.0,Maisonette,1992,1010000.0,2023,5,76,5.0,816.0,31
PUNGGOL,4 ROOM,93.0,Model A,2018,578888.0,2023,5,76,11.0,1135.0,5
WOODLANDS,4 ROOM,91.0,New Generation,1985,430000.0,2023,5,76,2.0,737.0,38
BEDOK,5 ROOM,121.0,Improved,1980,652888.0,2023,5,76,8.0,679.0,43
TAMPINES,4 ROOM,104.0,Model A,1985,610000.0,2023,5,76,8.0,734.0,38
BEDOK,3 ROOM,67.0,New Generation,1978,352000.0,2023,5,76,5.0,648.0,45
SENGKANG,5 ROOM,111.0,Premium Apartment,2004,595000.0,2023,5,76,11.0,959.0,19
SEMBAWANG,5 ROOM,111.0,Improved,2001,590000.0,2023,5,76,11.0,932.0,22
BUKIT MERAH,5 ROOM,110.0,Improved,2003,980000.0,2023,5,76,14.0,944.0,20
WOODLANDS,4 ROOM,100.0,Model A,1997,470000.0,2023,5,76,5.0,882.0,26
YISHUN,4 ROOM,93.0,Model A,2013,505000.0,2023,5,76,5.0,1072.0,10
QUEENSTOWN,3 ROOM,73.0,Improved,1975,580000.0,2023,5,76,20.0,608.0,48
TAMPINES,4 ROOM,84.0,Simplified,1986,460000.0,2023,5,76,8.0,745.0,37
WOODLANDS,5 ROOM,121.0,Improved,1999,585000.0,2023,5,76,5.0,903.0,24
YISHUN,4 ROOM,104.0,Model A,1989,521000.0,2023,5,76,11.0,777.0,34
TAMPINES,4 ROOM,92.0,Model A,2018,615000.0,2023,5,76,2.0,1135.0,5
JURONG WEST,4 ROOM,90.0,Model A,2001,488000.0,2023,5,76,5.0,924.0,22
HOUGANG,EXECUTIVE,150.0,Maisonette,1984,950000.0,2023,5,76,11.0,723.0,39
WOODLANDS,5 ROOM,123.0,Improved,1985,530000.0,2023,5,76,8.0,729.0,38
YISHUN,4 ROOM,83.0,Simplified,1987,412000.0,2023,5,76,2.0,764.0,36
SENGKANG,4 ROOM,92.0,Premium Apartment,2017,695000.0,2023,5,76,8.0,1117.0,6
SENGKANG,4 ROOM,93.0,Model A,2016,553000.0,2023,5,76,20.0,1108.0,7
TAMPINES,5 ROOM,127.0,Improved,1993,668000.0,2023,5,76,14.0,831.0,30
WOODLANDS,5 ROOM,112.0,Improved,2015,618000.0,2023,5,76,11.0,1094.0,8
TAMPINES,3 ROOM,79.0,Model A,1982,425000.0,2023,5,76,5.0,703.0,41
TAMPINES,5 ROOM,124.0,Improved,1997,700000.0,2023,5,76,5.0,884.0,26
WOODLANDS,4 ROOM,105.0,Model A,1996,475000.0,2023,5,76,5.0,867.0,27
BUKIT PANJANG,4 ROOM,90.0,Model A,2001,475000.0,2023,5,76,11.0,932.0,22
BEDOK,3 ROOM,67.0,New Generation,1977,360000.0,2023,5,76,11.0,639.0,46
SEMBAWANG,5 ROOM,113.0,Improved,2002,625000.0,2023,5,76,14.0,933.0,21
PUNGGOL,4 ROOM,93.0,Model A,2018,530000.0,2023,5,76,2.0,1135.0,5
WOODLANDS,EXECUTIVE,177.0,Apartment,1995,900000.0,2023,5,76,2.0,856.0,28
YISHUN,4 ROOM,84.0,Simplified,1988,410000.0,2023,5,76,11.0,772.0,35
WOODLANDS,5 ROOM,121.0,Improved,1997,580000.0,2023,5,76,11.0,875.0,26
BEDOK,5 ROOM,125.0,Standard,1978,606000.0,2023,5,76,5.0,654.0,45
TOA PAYOH,2 ROOM,40.0,Improved,1972,270000.0,2023,5,76,11.0,572.0,51
SERANGOON,4 ROOM,96.0,New Generation,1984,598888.0,2023,5,76,8.0,728.0,39
JURONG WEST,5 ROOM,111.0,Premium Apartment,2000,656000.0,2023,5,76,17.0,916.0,23
WOODLANDS,4 ROOM,98.0,New Generation,1978,400000.0,2023,5,76,11.0,655.0,45
JURONG WEST,4 ROOM,109.0,Model A,1995,510000.0,2023,5,76,8.0,854.0,28
PUNGGOL,3 ROOM,70.0,Model A,2012,483000.0,2023,5,76,14.0,1059.0,11
SENGKANG,3 ROOM,68.0,Model A,2018,500000.0,2023,5,76,17.0,1131.0,5
JURONG WEST,5 ROOM,115.0,Improved,2012,698000.0,2023,5,76,5.0,1055.0,11
SERANGOON,4 ROOM,99.0,New Generation,1984,605000.0,2023,5,76,8.0,727.0,39
CHOA CHU KANG,5 ROOM,123.0,Improved,1993,600000.0,2023,5,76,2.0,830.0,30
SENGKANG,5 ROOM,111.0,Improved,2001,560000.0,2023,5,76,14.0,923.0,22
WOODLANDS,5 ROOM,128.0,Premium Apartment,1999,640000.0,2023,5,76,2.0,899.0,24
SENGKANG,4 ROOM,94.0,Premium Apartment,2013,575000.0,2023,5,76,14.0,1069.0,10
WOODLANDS,4 ROOM,100.0,Model A,1997,480000.0,2023,5,76,8.0,883.0,26
WOODLANDS,5 ROOM,137.0,Model A,1994,630000.0,2023,5,76,2.0,836.0,29
SEMBAWANG,4 ROOM,93.0,Model A,2019,565000.0,2023,5,76,14.0,1140.0,4
WOODLANDS,EXECUTIVE,148.0,Apartment,1996,748000.0,2023,5,76,2.0,862.0,27
BUKIT PANJANG,EXECUTIVE,146.0,Maisonette,1988,830000.0,2023,5,76,5.0,771.0,35
SERANGOON,5 ROOM,123.0,Improved,1985,648000.0,2023,5,76,8.0,735.0,38
JURONG EAST,5 ROOM,121.0,Improved,1999,753000.0,2023,5,76,23.0,899.0,24
MARINE PARADE,4 ROOM,88.0,Improved,1975,530000.0,2023,5,76,14.0,608.0,48
BUKIT BATOK,4 ROOM,93.0,Model A,2019,630000.0,2023,5,76,11.0,1138.0,4
PUNGGOL,4 ROOM,93.0,Premium Apartment,2013,605000.0,2023,5,76,11.0,1072.0,10
TAMPINES,3 ROOM,79.0,Model A,1984,453000.0,2023,5,76,11.0,725.0,39
WOODLANDS,3 ROOM,65.0,Improved,1976,305000.0,2023,5,76,5.0,622.0,47
BUKIT MERAH,2 ROOM,47.0,Model A,2013,476000.0,2023,5,76,11.0,1066.0,10
BUKIT MERAH,3 ROOM,76.0,Improved,1976,460000.0,2023,5,76,5.0,620.0,47
BUKIT MERAH,3 ROOM,66.0,Improved,1983,410888.0,2023,5,76,11.0,708.0,40
BEDOK,3 ROOM,68.0,New Generation,1981,370000.0,2023,5,76,2.0,687.0,42
ANG MO KIO,3 ROOM,82.0,New Generation,1980,415000.0,2023,5,76,11.0,670.0,43
BUKIT MERAH,4 ROOM,93.0,Model A,2018,875000.0,2023,5,76,5.0,1136.0,5
PUNGGOL,3 ROOM,65.0,Model A,2016,451000.0,2023,5,76,11.0,1106.0,7
KALLANG/WHAMPOA,3 ROOM,74.0,Model A,1984,540000.0,2023,5,76,2.0,727.0,39
YISHUN,3 ROOM,67.0,Model A,2015,400000.0,2023,5,76,5.0,1098.0,8
GEYLANG,4 ROOM,93.0,New Generation,1983,698000.0,2023,5,76,8.0,710.0,40
WOODLANDS,4 ROOM,90.0,Model A,2001,470000.0,2023,5,76,11.0,924.0,22
GEYLANG,5 ROOM,117.0,Standard,1977,640000.0,2023,5,76,14.0,636.0,46
PASIR RIS,5 ROOM,134.0,Model A,1993,688000.0,2023,5,76,11.0,836.0,30
WOODLANDS,4 ROOM,101.0,Model A,1998,490000.0,2023,5,76,8.0,891.0,25
WOODLANDS,4 ROOM,97.0,New Generation,1979,396000.0,2023,5,76,11.0,666.0,44
MARINE PARADE,3 ROOM,76.0,Improved,1976,520000.0,2023,5,76,8.0,622.0,47
HOUGANG,3 ROOM,71.0,Improved,1975,377000.0,2023,5,76,11.0,615.0,48
SENGKANG,4 ROOM,90.0,Premium Apartment,2005,545000.0,2023,5,76,26.0,968.0,18
CHOA CHU KANG,5 ROOM,110.0,Improved,2002,496000.0,2023,5,76,2.0,940.0,21
JURONG WEST,4 ROOM,93.0,Model A,2018,550000.0,2023,5,76,5.0,1126.0,5
PUNGGOL,4 ROOM,93.0,Premium Apartment,2014,700000.0,2023,5,76,17.0,1079.0,9
JURONG WEST,5 ROOM,113.0,Improved,2015,760000.0,2023,5,76,14.0,1092.0,8
KALLANG/WHAMPOA,4 ROOM,105.0,Model A,1983,735000.0,2023,5,76,5.0,708.0,40
BUKIT BATOK,2 ROOM,47.0,Model A,2019,320000.0,2023,5,76,8.0,1139.0,4
YISHUN,EXECUTIVE,164.0,Apartment,1992,1050000.0,2023,5,76,8.0,818.0,31
CHOA CHU KANG,4 ROOM,104.0,Model A,1994,470000.0,2023,5,76,5.0,847.0,29
PUNGGOL,5 ROOM,113.0,Premium Apartment,2018,800000.0,2023,5,76,11.0,1132.0,5
WOODLANDS,4 ROOM,90.0,Model A,2002,430000.0,2023,5,76,11.0,936.0,21
SENGKANG,4 ROOM,92.0,Model A,2011,548000.0,2023,5,76,5.0,1050.0,12
PUNGGOL,5 ROOM,112.0,Premium Apartment,2003,572999.0,2023,5,76,17.0,955.0,20
WOODLANDS,3 ROOM,65.0,Improved,1976,315000.0,2023,5,76,11.0,621.0,47
GEYLANG,3 ROOM,57.0,Standard,1971,298000.0,2023,5,76,11.0,561.0,52
BISHAN,4 ROOM,104.0,Model A,1992,656000.0,2023,5,76,2.0,819.0,31
JURONG WEST,5 ROOM,127.0,Improved,1995,608000.0,2023,5,76,11.0,859.0,28
PASIR RIS,EXECUTIVE,152.0,Maisonette,1995,958000.0,2023,5,76,2.0,858.0,28
YISHUN,5 ROOM,112.0,Improved,2018,670000.0,2023,5,76,8.0,1135.0,5
TAMPINES,3 ROOM,74.0,Model A,1987,405000.0,2023,5,76,2.0,758.0,36
BUKIT BATOK,3 ROOM,64.0,Simplified,1987,350000.0,2023,5,76,2.0,764.0,36
KALLANG/WHAMPOA,4 ROOM,98.0,Premium Apartment,2017,1015000.0,2023,5,76,29.0,1118.0,6
YISHUN,5 ROOM,122.0,Improved,1987,565000.0,2023,5,76,5.0,759.0,36
WOODLANDS,5 ROOM,123.0,Standard,1976,480000.0,2023,5,76,5.0,627.0,47
SEMBAWANG,4 ROOM,92.0,Model A,2015,480000.0,2023,5,76,8.0,1093.0,8
SENGKANG,4 ROOM,95.0,Model A,2000,480000.0,2023,5,76,2.0,913.0,23
HOUGANG,4 ROOM,92.0,Model A,2018,630000.0,2023,5,76,2.0,1126.0,5
YISHUN,4 ROOM,104.0,Model A,1988,475000.0,2023,5,76,2.0,772.0,35
GEYLANG,4 ROOM,90.0,Model A,2007,832000.0,2023,5,76,8.0,992.0,16
SENGKANG,4 ROOM,92.0,Model A,2017,700000.0,2023,5,76,11.0,1123.0,6
BEDOK,4 ROOM,84.0,Simplified,1987,442500.0,2023,5,76,2.0,757.0,36
TAMPINES,3 ROOM,84.0,Model A,1984,455000.0,2023,5,76,8.0,722.0,39
JURONG WEST,4 ROOM,91.0,Model A,2002,480000.0,2023,5,76,5.0,944.0,21
YISHUN,3 ROOM,68.0,Model A,2018,455000.0,2023,5,76,14.0,1135.0,5
YISHUN,5 ROOM,112.0,Improved,2018,708800.0,2023,5,76,8.0,1134.0,5
YISHUN,5 ROOM,121.0,Improved,1986,650000.0,2023,6,77,11.0,745.0,37
YISHUN,3 ROOM,67.0,Model A,2015,400000.0,2023,6,77,2.0,1099.0,8
CHOA CHU KANG,4 ROOM,92.0,Model A,2017,615000.0,2023,6,77,17.0,1121.0,6
PUNGGOL,3 ROOM,68.0,Model A,2018,439000.0,2023,6,77,8.0,1135.0,5
PUNGGOL,4 ROOM,97.0,Premium Apartment,2013,700000.0,2023,6,77,8.0,1066.0,10
JURONG WEST,4 ROOM,102.0,Model A,1997,529000.0,2023,6,77,11.0,879.0,26
PUNGGOL,4 ROOM,92.0,Model A,2014,558888.0,2023,6,77,11.0,1079.0,9
GEYLANG,3 ROOM,67.0,Standard,1967,360000.0,2023,6,77,2.0,511.0,56
JURONG WEST,3 ROOM,64.0,Model A,2010,440000.0,2023,6,77,20.0,1030.0,13
PUNGGOL,3 ROOM,70.0,Model A,2012,480000.0,2023,6,77,11.0,1058.0,11
BUKIT MERAH,4 ROOM,93.0,Model A,2018,940000.0,2023,6,77,26.0,1135.0,5
KALLANG/WHAMPOA,3 ROOM,67.0,Model A,2017,528888.0,2023,6,77,5.0,1122.0,6
HOUGANG,4 ROOM,103.0,Model A,1987,498000.0,2023,6,77,2.0,762.0,36
QUEENSTOWN,4 ROOM,92.0,Model A,2003,790000.0,2023,6,77,14.0,952.0,20
WOODLANDS,4 ROOM,103.0,Model A,1997,475000.0,2023,6,77,5.0,883.0,26
SENGKANG,4 ROOM,90.0,Premium Apartment,2009,638000.0,2023,6,77,5.0,1028.0,14
WOODLANDS,4 ROOM,93.0,Model A,2018,540888.0,2023,6,77,2.0,1129.0,5
YISHUN,4 ROOM,93.0,Model A,2013,558000.0,2023,6,77,11.0,1071.0,10
WOODLANDS,EXECUTIVE,177.0,Apartment,1995,960000.0,2023,6,77,8.0,855.0,28
PUNGGOL,5 ROOM,110.0,Improved,2004,595000.0,2023,6,77,5.0,965.0,19
BUKIT MERAH,4 ROOM,93.0,Model A,2018,860000.0,2023,6,77,5.0,1135.0,5
HOUGANG,4 ROOM,84.0,Simplified,1987,500000.0,2023,6,77,5.0,759.0,36
ANG MO KIO,4 ROOM,93.0,Model A,2019,960000.0,2023,6,77,26.0,1137.0,4
JURONG WEST,4 ROOM,91.0,Model A,2001,468888.0,2023,6,77,5.0,925.0,22
PUNGGOL,5 ROOM,115.0,Premium Apartment,2013,855000.0,2023,6,77,17.0,1063.0,10
YISHUN,4 ROOM,84.0,Simplified,1985,458000.0,2023,6,77,5.0,737.0,38
WOODLANDS,5 ROOM,113.0,Improved,2018,635000.0,2023,6,77,2.0,1132.0,5
JURONG WEST,4 ROOM,100.0,Model A,1998,508000.0,2023,6,77,14.0,890.0,25
YISHUN,3 ROOM,74.0,Model A,1987,370000.0,2023,6,77,5.0,758.0,36
PASIR RIS,4 ROOM,103.0,Model A,1996,535000.0,2023,6,77,11.0,868.0,27
TAMPINES,4 ROOM,106.0,Model A,1984,578000.0,2023,6,77,5.0,726.0,39
SENGKANG,4 ROOM,96.0,Model A,2010,550000.0,2023,6,77,11.0,1031.0,13
BUKIT BATOK,3 ROOM,67.0,New Generation,1985,352000.0,2023,6,77,5.0,729.0,38
SENGKANG,4 ROOM,90.0,Model A,2002,478888.0,2023,6,77,14.0,933.0,21
KALLANG/WHAMPOA,4 ROOM,93.0,Model A,2018,780000.0,2023,6,77,5.0,1129.0,5
CHOA CHU KANG,5 ROOM,139.0,Model A,1990,620888.0,2023,6,77,2.0,792.0,33
CLEMENTI,4 ROOM,91.0,New Generation,1985,600000.0,2023,6,77,11.0,728.0,38
BUKIT PANJANG,4 ROOM,92.0,Model A,2015,550000.0,2023,6,77,5.0,1099.0,8
TAMPINES,4 ROOM,84.0,Simplified,1987,520000.0,2023,6,77,8.0,755.0,36
HOUGANG,4 ROOM,93.0,Model A,2018,558000.0,2023,6,77,8.0,1134.0,5
JURONG WEST,3 ROOM,65.0,Improved,1976,310000.0,2023,6,77,2.0,630.0,47
PUNGGOL,5 ROOM,110.0,Improved,2003,560000.0,2023,6,77,5.0,945.0,20
PUNGGOL,4 ROOM,90.0,Model A,2004,510000.0,2023,6,77,17.0,964.0,19
YISHUN,3 ROOM,68.0,Model A,2018,435000.0,2023,6,77,5.0,1124.0,5
YISHUN,4 ROOM,84.0,Simplified,1988,388000.0,2023,6,77,2.0,768.0,35
ANG MO KIO,4 ROOM,92.0,New Generation,1980,477000.0,2023,6,77,8.0,669.0,43
PASIR RIS,4 ROOM,95.0,New Generation,1990,505000.0,2023,6,77,11.0,787.0,33
WOODLANDS,4 ROOM,91.0,Model A,2000,480000.0,2023,6,77,11.0,918.0,23
JURONG WEST,3 ROOM,66.0,Improved,1974,298000.0,2023,6,77,5.0,605.0,49
TAMPINES,4 ROOM,93.0,Model A,2015,700000.0,2023,6,77,11.0,1096.0,8
WOODLANDS,5 ROOM,119.0,Improved,1996,585000.0,2023,6,77,8.0,868.0,27
BUKIT MERAH,3 ROOM,62.0,Model A,2013,741000.0,2023,6,77,38.0,1065.0,10
YISHUN,4 ROOM,93.0,Model A,2018,570000.0,2023,6,77,11.0,1134.0,5
SENGKANG,2 ROOM,47.0,2-room,2013,340000.0,2023,6,77,11.0,1074.0,10
TAMPINES,3 ROOM,73.0,Model A,1984,446000.0,2023,6,77,11.0,719.0,39
PUNGGOL,4 ROOM,93.0,Premium Apartment,2019,682888.0,2023,6,77,17.0,1138.0,4
CHOA CHU KANG,4 ROOM,104.0,Model A,1989,485000.0,2023,6,77,2.0,778.0,34
YISHUN,4 ROOM,104.0,Model A,1987,575000.0,2023,6,77,5.0,761.0,36
YISHUN,3 ROOM,67.0,New Generation,1985,405000.0,2023,6,77,11.0,727.0,38
BUKIT MERAH,5 ROOM,123.0,Standard,1976,888000.0,2023,6,77,23.0,630.0,47
YISHUN,2 ROOM,47.0,Model A,2015,300000.0,2023,6,77,2.0,1099.0,8
ANG MO KIO,3 ROOM,67.0,New Generation,1980,350000.0,2023,6,77,5.0,674.0,43
QUEENSTOWN,4 ROOM,106.0,Model A,1996,830000.0,2023,6,77,11.0,867.0,27
SENGKANG,4 ROOM,96.0,Premium Apartment,2012,575888.0,2023,6,77,17.0,1062.0,11
TAMPINES,4 ROOM,104.0,Model A,1983,588888.0,2023,6,77,11.0,710.0,40
BEDOK,3 ROOM,65.0,Improved,1972,325000.0,2023,6,77,2.0,577.0,51
PASIR RIS,5 ROOM,126.0,Improved,1993,650000.0,2023,6,77,11.0,830.0,30
HOUGANG,4 ROOM,93.0,Model A,2018,575000.0,2023,6,77,17.0,1134.0,5
HOUGANG,3 ROOM,64.0,Simplified,1989,395000.0,2023,6,77,5.0,782.0,34
CHOA CHU KANG,4 ROOM,107.0,Model A,1996,490000.0,2023,6,77,2.0,863.0,27
SENGKANG,4 ROOM,93.0,Model A,2015,550636.0,2023,6,77,14.0,1089.0,8
QUEENSTOWN,3 ROOM,60.0,Model A,2008,638000.0,2023,6,77,32.0,1011.0,15
JURONG EAST,2 ROOM,44.0,2-room,2014,290000.0,2023,6,77,2.0,1077.0,9
PASIR RIS,EXECUTIVE,148.0,Apartment,1995,828000.0,2023,6,77,2.0,857.0,28
JURONG WEST,3 ROOM,67.0,Improved,1971,255000.0,2023,6,77,2.0,565.0,52
BUKIT BATOK,2 ROOM,47.0,Model A,2019,318000.0,2023,6,77,11.0,1138.0,4
WOODLANDS,4 ROOM,94.0,Model A2,1997,488888.0,2023,6,77,5.0,873.0,26
GEYLANG,3 ROOM,58.0,Improved,1972,300000.0,2023,6,77,5.0,580.0,51
TAMPINES,4 ROOM,104.0,Model A,1997,560000.0,2023,6,77,2.0,876.0,26
PUNGGOL,5 ROOM,110.0,Improved,2003,575000.0,2023,6,77,11.0,949.0,20
BUKIT BATOK,3 ROOM,68.0,New Generation,1987,370000.0,2023,6,77,11.0,761.0,36
BEDOK,3 ROOM,67.0,New Generation,1978,364000.0,2023,6,77,11.0,647.0,45
PUNGGOL,4 ROOM,90.0,Model A,2015,585000.0,2023,6,77,17.0,1099.0,8
BEDOK,5 ROOM,121.0,Improved,1998,825000.0,2023,6,77,8.0,888.0,25
YISHUN,4 ROOM,93.0,Model A,2018,580880.0,2023,6,77,8.0,1127.0,5
ANG MO KIO,3 ROOM,67.0,New Generation,1980,391500.0,2023,6,77,8.0,673.0,43
GEYLANG,4 ROOM,93.0,Model A,2016,770000.0,2023,6,77,5.0,1111.0,7
BUKIT MERAH,4 ROOM,93.0,Model A,2018,800000.0,2023,6,77,2.0,1135.0,5
SEMBAWANG,4 ROOM,93.0,Model A,2019,588000.0,2023,6,77,11.0,1140.0,4
SENGKANG,4 ROOM,101.0,Premium Apartment,2001,480000.0,2023,6,77,5.0,922.0,22
BUKIT MERAH,3 ROOM,68.0,Model A,2018,670000.0,2023,6,77,26.0,1135.0,5
KALLANG/WHAMPOA,4 ROOM,103.0,Model A,1986,635000.0,2023,6,77,2.0,751.0,37
SENGKANG,5 ROOM,112.0,Improved,2016,760000.0,2023,6,77,11.0,1100.0,7
PUNGGOL,2 ROOM,48.0,Model A,2018,340000.0,2023,6,77,5.0,1135.0,5
QUEENSTOWN,3 ROOM,65.0,Improved,1976,420000.0,2023,6,77,5.0,626.0,47
MARINE PARADE,5 ROOM,126.0,Standard,1975,795000.0,2023,6,77,5.0,608.0,48
PUNGGOL,4 ROOM,93.0,Model A,2018,570888.0,2023,6,77,8.0,1135.0,5
HOUGANG,4 ROOM,98.0,New Generation,1986,545000.0,2023,6,77,11.0,743.0,37
TOA PAYOH,4 ROOM,85.0,Model A,2001,750000.0,2023,6,77,11.0,920.0,22
CHOA CHU KANG,4 ROOM,100.0,Premium Apartment,1998,545000.0,2023,6,77,5.0,884.0,25
ANG MO KIO,3 ROOM,88.0,New Generation,1978,478000.0,2023,6,77,11.0,644.0,45
SENGKANG,4 ROOM,95.0,Premium Apartment,2005,525000.0,2023,6,77,8.0,969.0,18
JURONG WEST,3 ROOM,68.0,Model A,2018,448000.0,2023,6,77,8.0,1130.0,5
BEDOK,2 ROOM,47.0,Model A,2016,355000.0,2023,6,77,8.0,1110.0,7
SEMBAWANG,3 ROOM,68.0,Model A,2018,430000.0,2023,6,77,5.0,1133.0,5
JURONG EAST,4 ROOM,99.0,New Generation,1983,447000.0,2023,6,77,5.0,709.0,40
PUNGGOL,5 ROOM,112.0,Premium Apartment,2005,600000.0,2023,6,77,8.0,968.0,18
TAMPINES,4 ROOM,103.0,Model A,1985,535000.0,2023,6,77,2.0,728.0,38
CLEMENTI,4 ROOM,100.0,Model A,2013,822888.0,2023,6,77,17.0,1073.0,10
YISHUN,4 ROOM,83.0,Simplified,1987,435000.0,2023,6,77,2.0,752.0,36
CLEMENTI,3 ROOM,67.0,New Generation,1978,392000.0,2023,6,77,2.0,647.0,45
JURONG WEST,EXECUTIVE,142.0,Apartment,1988,655000.0,2023,6,77,2.0,772.0,35
SEMBAWANG,4 ROOM,93.0,Model A,2018,568000.0,2023,6,77,5.0,1123.0,5
BEDOK,3 ROOM,82.0,New Generation,1986,475000.0,2023,6,77,5.0,745.0,37
CHOA CHU KANG,4 ROOM,93.0,Model A,2016,520000.0,2023,6,77,8.0,1105.0,7
MARINE PARADE,5 ROOM,122.0,Standard,1975,843888.0,2023,6,77,11.0,617.0,48
YISHUN,5 ROOM,121.0,Improved,1987,640000.0,2023,6,77,8.0,761.0,36
JURONG WEST,EXECUTIVE,154.0,Apartment,1995,750000.0,2023,6,77,5.0,856.0,28
BUKIT PANJANG,4 ROOM,101.0,Model A,1997,470000.0,2023,6,77,5.0,878.0,26
WOODLANDS,5 ROOM,121.0,Improved,1998,575000.0,2023,6,77,8.0,884.0,25
MARINE PARADE,3 ROOM,65.0,Improved,1975,400000.0,2023,6,77,8.0,614.0,48
KALLANG/WHAMPOA,3 ROOM,68.0,New Generation,1979,418000.0,2023,6,77,5.0,656.0,44
SEMBAWANG,4 ROOM,85.0,Model A2,2003,445000.0,2023,6,77,8.0,950.0,20
JURONG WEST,4 ROOM,94.0,Premium Apartment,2000,520000.0,2023,6,77,8.0,916.0,23
SERANGOON,3 ROOM,60.0,Improved,1985,360000.0,2023,6,77,5.0,732.0,38
QUEENSTOWN,4 ROOM,90.0,Model A,2006,840000.0,2023,6,77,11.0,988.0,17
SENGKANG,EXECUTIVE,130.0,Apartment,2001,740000.0,2023,6,77,8.0,925.0,22
YISHUN,4 ROOM,93.0,Model A,2018,525000.0,2023,6,77,2.0,1133.0,5
TAMPINES,4 ROOM,105.0,Model A,1989,545000.0,2023,6,77,2.0,786.0,34
HOUGANG,4 ROOM,105.0,Model A,1992,635000.0,2023,6,77,14.0,821.0,31
BUKIT BATOK,4 ROOM,93.0,Model A,2019,646000.0,2023,6,77,20.0,1137.0,4
YISHUN,4 ROOM,83.0,Simplified,1987,455000.0,2023,6,77,8.0,752.0,36
SEMBAWANG,3 ROOM,67.0,Model A,2018,452500.0,2023,6,77,11.0,1130.0,5
PUNGGOL,5 ROOM,117.0,Premium Apartment,2013,860000.0,2023,6,77,14.0,1070.0,10
KALLANG/WHAMPOA,5 ROOM,123.0,Improved,1996,838000.0,2023,6,77,2.0,871.0,27
BUKIT PANJANG,4 ROOM,90.0,Premium Apartment,2004,548000.0,2023,6,77,29.0,965.0,19
SENGKANG,4 ROOM,95.0,Premium Apartment,2012,588000.0,2023,6,77,11.0,1062.0,11
JURONG WEST,4 ROOM,106.0,Model A,1996,505000.0,2023,6,77,11.0,865.0,27
YISHUN,EXECUTIVE,146.0,Maisonette,1988,895000.0,2023,6,77,5.0,771.0,35
HOUGANG,EXECUTIVE,137.0,Apartment,1999,835000.0,2023,6,77,11.0,903.0,24
SENGKANG,4 ROOM,93.0,Model A,2016,608000.0,2023,6,77,20.0,1108.0,7
WOODLANDS,4 ROOM,101.0,Model A,1998,507000.0,2023,6,77,11.0,890.0,25
JURONG WEST,4 ROOM,107.0,Model A,1995,500000.0,2023,6,77,11.0,853.0,28
TOA PAYOH,3 ROOM,67.0,Improved,1970,325000.0,2023,6,77,5.0,554.0,53
WOODLANDS,3 ROOM,68.0,New Generation,1985,325000.0,2023,6,77,2.0,730.0,38
HOUGANG,5 ROOM,118.0,Improved,1997,650000.0,2023,6,77,11.0,876.0,26
SENGKANG,5 ROOM,115.0,Improved,2000,575888.0,2023,6,77,14.0,915.0,23
BUKIT BATOK,4 ROOM,84.0,Simplified,1986,443000.0,2023,6,77,11.0,743.0,37
TAMPINES,5 ROOM,121.0,Improved,1985,598888.0,2023,6,77,5.0,731.0,38
TAMPINES,5 ROOM,113.0,Improved,2018,828000.0,2023,6,77,11.0,1134.0,5
SENGKANG,4 ROOM,96.0,Premium Apartment,2017,618888.0,2023,6,77,8.0,1122.0,6
SEMBAWANG,5 ROOM,113.0,Improved,2018,728000.0,2023,6,77,8.0,1128.0,5
PUNGGOL,4 ROOM,93.0,Model A,2018,520000.0,2023,6,77,5.0,1136.0,5
TAMPINES,3 ROOM,74.0,Model A,1988,432000.0,2023,6,77,5.0,774.0,35
SERANGOON,5 ROOM,122.0,Improved,1992,660000.0,2023,6,77,8.0,821.0,31
WOODLANDS,5 ROOM,126.0,Premium Apartment,2000,640000.0,2023,6,77,11.0,910.0,23
TAMPINES,5 ROOM,119.0,Improved,1997,650000.0,2023,6,77,2.0,874.0,26
HOUGANG,4 ROOM,104.0,Model A,1992,536000.0,2023,6,77,8.0,821.0,31
BUKIT BATOK,4 ROOM,103.0,Model A,1984,480888.0,2023,6,77,11.0,725.0,39
BEDOK,5 ROOM,113.0,Improved,2018,900000.0,2023,6,77,2.0,1135.0,5
YISHUN,5 ROOM,122.0,Improved,1993,555000.0,2023,6,77,2.0,825.0,30
HOUGANG,EXECUTIVE,148.0,Maisonette,1992,950000.0,2023,6,77,2.0,820.0,31
YISHUN,5 ROOM,121.0,Improved,1987,565000.0,2023,6,77,2.0,755.0,36
TAMPINES,5 ROOM,122.0,Improved,1988,670000.0,2023,6,77,8.0,766.0,35
SENGKANG,4 ROOM,94.0,Model A,2018,628000.0,2023,6,77,5.0,1130.0,5
JURONG WEST,5 ROOM,114.0,Improved,2018,700000.0,2023,6,77,14.0,1130.0,5
PASIR RIS,4 ROOM,115.0,Model A,1996,595000.0,2023,6,77,8.0,866.0,27
PUNGGOL,5 ROOM,112.0,Premium Apartment,2017,655000.0,2023,6,77,2.0,1115.0,6
KALLANG/WHAMPOA,3 ROOM,74.0,Model A,1983,535000.0,2023,6,77,5.0,708.0,40
TOA PAYOH,3 ROOM,63.0,Standard,1983,356000.0,2023,6,77,17.0,709.0,40
BISHAN,4 ROOM,84.0,Simplified,1985,625000.0,2023,6,77,5.0,733.0,38
BISHAN,5 ROOM,132.0,Model A,1992,963888.0,2023,6,77,8.0,815.0,31
TOA PAYOH,3 ROOM,60.0,Standard,1967,325000.0,2023,6,77,5.0,517.0,56
ANG MO KIO,4 ROOM,92.0,New Generation,1979,465888.0,2023,6,77,11.0,663.0,44
BUKIT BATOK,EXECUTIVE,146.0,Maisonette,1987,750000.0,2023,6,77,5.0,754.0,36
WOODLANDS,EXECUTIVE,184.0,Apartment,1994,985000.0,2023,6,77,2.0,836.0,29
BEDOK,3 ROOM,68.0,New Generation,1981,378888.0,2023,6,77,2.0,686.0,42
SENGKANG,4 ROOM,90.0,Model A,2000,570000.0,2023,6,77,11.0,919.0,23
WOODLANDS,5 ROOM,110.0,Premium Apartment,2004,530000.0,2023,6,77,11.0,958.0,19
SENGKANG,5 ROOM,115.0,Premium Apartment,2015,780000.0,2023,6,77,8.0,1099.0,8
HOUGANG,4 ROOM,105.0,Model A,1984,498888.0,2023,6,77,5.0,726.0,39
CHOA CHU KANG,5 ROOM,119.0,Improved,1996,535000.0,2023,6,77,2.0,869.0,27
PUNGGOL,4 ROOM,93.0,Model A,2016,600000.0,2023,6,77,8.0,1111.0,7
QUEENSTOWN,3 ROOM,65.0,Improved,1975,372000.0,2023,6,77,11.0,615.0,48
BUKIT BATOK,4 ROOM,93.0,Model A,2019,650000.0,2023,6,77,17.0,1138.0,4
BEDOK,5 ROOM,118.0,Standard,1977,585000.0,2023,7,78,5.0,637.0,46
WOODLANDS,5 ROOM,125.0,Improved,1996,603000.0,2023,7,78,11.0,864.0,27
SEMBAWANG,4 ROOM,93.0,Model A,2019,560000.0,2023,7,78,5.0,1139.0,4
YISHUN,3 ROOM,67.0,New Generation,1985,385000.0,2023,7,78,2.0,736.0,38
JURONG EAST,5 ROOM,118.0,Improved,1985,718000.0,2023,7,78,20.0,732.0,38
ANG MO KIO,3 ROOM,82.0,New Generation,1984,405000.0,2023,7,78,5.0,721.0,39
SENGKANG,4 ROOM,102.0,Model A,1999,520000.0,2023,7,78,2.0,901.0,24
HOUGANG,4 ROOM,103.0,Model A,1987,560000.0,2023,7,78,11.0,754.0,36
SENGKANG,4 ROOM,93.0,Premium Apartment,2010,708000.0,2023,7,78,11.0,1031.0,13
GEYLANG,3 ROOM,65.0,Improved,1975,380000.0,2023,7,78,11.0,614.0,48
ANG MO KIO,5 ROOM,121.0,Improved,1980,668000.0,2023,7,78,8.0,676.0,43
PUNGGOL,4 ROOM,93.0,Premium Apartment,2018,650000.0,2023,7,78,8.0,1130.0,5
MARINE PARADE,3 ROOM,65.0,Improved,1975,410000.0,2023,7,78,8.0,611.0,48
TAMPINES,3 ROOM,60.0,Improved,1985,385000.0,2023,7,78,8.0,736.0,38
BUKIT BATOK,4 ROOM,93.0,Model A,2019,640000.0,2023,7,78,17.0,1136.0,4
TAMPINES,EXECUTIVE,149.0,Apartment,1986,850000.0,2023,7,78,14.0,743.0,37
BUKIT MERAH,3 ROOM,62.0,Model A,2013,690000.0,2023,7,78,29.0,1063.0,10
SERANGOON,5 ROOM,124.0,Improved,1992,620000.0,2023,7,78,2.0,821.0,31
WOODLANDS,3 ROOM,73.0,New Generation,1977,348000.0,2023,7,78,11.0,634.0,46
YISHUN,4 ROOM,83.0,Simplified,1987,430000.0,2023,7,78,8.0,759.0,36
CHOA CHU KANG,EXECUTIVE,148.0,Apartment,1993,770000.0,2023,7,78,8.0,828.0,30
ANG MO KIO,4 ROOM,100.0,New Generation,1980,525000.0,2023,7,78,11.0,677.0,43
HOUGANG,4 ROOM,91.0,New Generation,1985,450000.0,2023,7,78,5.0,733.0,38
HOUGANG,4 ROOM,100.0,Model A,1997,555000.0,2023,7,78,8.0,875.0,26
PUNGGOL,4 ROOM,95.0,Premium Apartment,2003,538000.0,2023,7,78,5.0,952.0,20
BEDOK,4 ROOM,92.0,New Generation,1978,490000.0,2023,7,78,17.0,647.0,45
KALLANG/WHAMPOA,4 ROOM,88.0,Premium Apartment,2017,980888.0,2023,7,78,23.0,1117.0,6
PASIR RIS,EXECUTIVE,150.0,Apartment,1993,760000.0,2023,7,78,2.0,830.0,30
BUKIT BATOK,4 ROOM,93.0,Model A,2019,675888.0,2023,7,78,14.0,1135.0,4
SENGKANG,4 ROOM,94.0,Model A,2011,555000.0,2023,7,78,8.0,1040.0,12
BEDOK,3 ROOM,67.0,New Generation,1979,380888.0,2023,7,78,2.0,655.0,44
BEDOK,3 ROOM,68.0,New Generation,1980,401000.0,2023,7,78,11.0,677.0,43
SEMBAWANG,4 ROOM,93.0,Model A,2018,600000.0,2023,7,78,14.0,1129.0,5
TAMPINES,4 ROOM,104.0,Model A,1988,628688.0,2023,7,78,11.0,766.0,35
SENGKANG,4 ROOM,90.0,Premium Apartment,2009,583000.0,2023,7,78,2.0,1022.0,14
JURONG WEST,5 ROOM,116.0,Improved,2001,540000.0,2023,7,78,2.0,923.0,22
SENGKANG,5 ROOM,113.0,Improved,2016,671000.0,2023,7,78,14.0,1106.0,7
BEDOK,3 ROOM,65.0,Improved,1972,328800.0,2023,7,78,2.0,577.0,51
BUKIT BATOK,3 ROOM,67.0,Model A,2019,425000.0,2023,7,78,2.0,1137.0,4
YISHUN,4 ROOM,104.0,Model A,1987,524000.0,2023,7,78,5.0,761.0,36
WOODLANDS,4 ROOM,105.0,Premium Apartment,2000,515000.0,2023,7,78,8.0,908.0,23
YISHUN,3 ROOM,74.0,Model A,1989,373000.0,2023,7,78,5.0,776.0,34
SENGKANG,EXECUTIVE,131.0,Apartment,2000,655000.0,2023,7,78,5.0,913.0,23
YISHUN,4 ROOM,93.0,Model A,2018,562000.0,2023,7,78,8.0,1133.0,5
SENGKANG,3 ROOM,68.0,Premium Apartment,2017,458000.0,2023,7,78,5.0,1120.0,6
BUKIT MERAH,3 ROOM,68.0,Model A,2018,716000.0,2023,7,78,23.0,1134.0,5
SEMBAWANG,4 ROOM,93.0,Model A,2018,610000.0,2023,7,78,8.0,1124.0,5
HOUGANG,5 ROOM,113.0,Improved,2018,700000.0,2023,7,78,5.0,1133.0,5
SENGKANG,4 ROOM,90.0,Model A,2002,555000.0,2023,7,78,14.0,932.0,21
PASIR RIS,5 ROOM,123.0,Improved,1993,638000.0,2023,7,78,14.0,830.0,30
YISHUN,4 ROOM,102.0,Model A,1987,578000.0,2023,7,78,5.0,753.0,36
TAMPINES,5 ROOM,124.0,Premium Apartment,1997,680000.0,2023,7,78,11.0,878.0,26
CHOA CHU KANG,4 ROOM,104.0,Model A,1989,515000.0,2023,7,78,8.0,780.0,34
BISHAN,5 ROOM,121.0,Premium Apartment,1998,970000.0,2023,7,78,14.0,887.0,25
SERANGOON,5 ROOM,122.0,Improved,1992,678888.0,2023,7,78,5.0,821.0,31
KALLANG/WHAMPOA,3 ROOM,68.0,Improved,1972,399000.0,2023,7,78,11.0,571.0,51
JURONG WEST,5 ROOM,110.0,Premium Apartment,2008,580000.0,2023,7,78,5.0,1010.0,15
BUKIT MERAH,5 ROOM,110.0,Improved,2002,950000.0,2023,7,78,29.0,940.0,21
YISHUN,4 ROOM,105.0,Model A,1987,500000.0,2023,7,78,5.0,762.0,36
JURONG WEST,5 ROOM,111.0,Improved,2002,508000.0,2023,7,78,2.0,933.0,21
PUNGGOL,5 ROOM,113.0,Premium Apartment,2013,758888.0,2023,7,78,8.0,1063.0,10
BUKIT BATOK,5 ROOM,113.0,Improved,2019,864000.0,2023,7,78,17.0,1135.0,4
BUKIT PANJANG,4 ROOM,84.0,Simplified,1987,440000.0,2023,7,78,8.0,755.0,36
BUKIT PANJANG,4 ROOM,99.0,Model A,1999,590000.0,2023,7,78,11.0,900.0,24
BUKIT BATOK,4 ROOM,92.0,Model A,2019,780888.0,2023,7,78,32.0,1135.0,4
PUNGGOL,3 ROOM,68.0,Model A,2018,450000.0,2023,7,78,8.0,1133.0,5
SENGKANG,EXECUTIVE,125.0,Premium Apartment,2003,692000.0,2023,7,78,2.0,946.0,20
PUNGGOL,4 ROOM,93.0,Model A,2018,550000.0,2023,7,78,5.0,1135.0,5
TOA PAYOH,5 ROOM,111.0,Improved,2002,970000.0,2023,7,78,5.0,939.0,21
WOODLANDS,3 ROOM,67.0,Premium Apartment,2015,419000.0,2023,7,78,2.0,1089.0,8
YISHUN,5 ROOM,125.0,Improved,1985,610000.0,2023,7,78,5.0,727.0,38
TAMPINES,3 ROOM,74.0,Model A,1984,435000.0,2023,7,78,8.0,723.0,39
PUNGGOL,3 ROOM,68.0,Model A,2018,450000.0,2023,7,78,2.0,1134.0,5
YISHUN,3 ROOM,74.0,Model A,1985,355000.0,2023,7,78,5.0,728.0,38
SENGKANG,4 ROOM,90.0,Model A2,2000,475000.0,2023,7,78,8.0,919.0,23
BEDOK,3 ROOM,67.0,New Generation,1985,388000.0,2023,7,78,5.0,731.0,38
JURONG WEST,4 ROOM,85.0,Model A2,2000,500000.0,2023,7,78,8.0,912.0,23
JURONG WEST,EXECUTIVE,150.0,Maisonette,1985,620000.0,2023,7,78,2.0,735.0,38
YISHUN,3 ROOM,67.0,New Generation,1985,370000.0,2023,7,78,8.0,737.0,38
BUKIT PANJANG,5 ROOM,122.0,Improved,1997,730000.0,2023,7,78,14.0,882.0,26
BEDOK,5 ROOM,121.0,Improved,1982,610000.0,2023,7,78,5.0,696.0,41
PUNGGOL,5 ROOM,112.0,Premium Apartment,2017,701888.0,2023,7,78,2.0,1114.0,6
PUNGGOL,4 ROOM,91.0,Premium Apartment,2005,508000.0,2023,7,78,11.0,967.0,18
ANG MO KIO,3 ROOM,70.0,Model A,2012,620000.0,2023,7,78,23.0,1058.0,11
PUNGGOL,3 ROOM,68.0,Model A,2018,443000.0,2023,7,78,14.0,1135.0,5
PUNGGOL,5 ROOM,110.0,Improved,2003,600000.0,2023,7,78,5.0,947.0,20
BEDOK,5 ROOM,126.0,Improved,1996,805000.0,2023,7,78,14.0,868.0,27
CHOA CHU KANG,2 ROOM,47.0,Model A,2015,325000.0,2023,7,78,20.0,1088.0,8
HOUGANG,3 ROOM,64.0,Simplified,1988,396000.0,2023,7,78,5.0,773.0,35
PASIR RIS,4 ROOM,86.0,DBSS,2015,810000.0,2023,7,78,14.0,1092.0,8
JURONG WEST,5 ROOM,135.0,Model A,1985,610000.0,2023,7,78,5.0,731.0,38
PUNGGOL,4 ROOM,97.0,Premium Apartment,2012,680000.0,2023,7,78,8.0,1057.0,11
ANG MO KIO,4 ROOM,93.0,Model A,2019,838000.0,2023,7,78,5.0,1137.0,4
BEDOK,3 ROOM,82.0,New Generation,1985,420000.0,2023,7,78,5.0,731.0,38
SENGKANG,4 ROOM,94.0,Premium Apartment,2013,590000.0,2023,7,78,11.0,1068.0,10
CHOA CHU KANG,2 ROOM,47.0,Model A,2017,300000.0,2023,7,78,5.0,1114.0,6
QUEENSTOWN,4 ROOM,87.0,Model A,2013,930000.0,2023,7,78,35.0,1066.0,10
TAMPINES,4 ROOM,92.0,Model A,2018,675000.0,2023,7,78,8.0,1133.0,5
QUEENSTOWN,3 ROOM,60.0,Standard,1969,330000.0,2023,7,78,8.0,535.0,54
JURONG WEST,EXECUTIVE,148.0,Maisonette,1992,710000.0,2023,7,78,8.0,818.0,31
GEYLANG,3 ROOM,60.0,Standard,1967,315000.0,2023,7,78,2.0,510.0,56
ANG MO KIO,4 ROOM,91.0,New Generation,1981,476000.0,2023,7,78,5.0,683.0,42
YISHUN,4 ROOM,104.0,Model A,1987,485000.0,2023,7,78,11.0,754.0,36
TAMPINES,3 ROOM,74.0,Model A,1988,408000.0,2023,7,78,11.0,770.0,35
PUNGGOL,4 ROOM,86.0,Model A,2004,480000.0,2023,7,78,8.0,954.0,19
TAMPINES,5 ROOM,130.0,Improved,1995,745000.0,2023,7,78,11.0,854.0,28
KALLANG/WHAMPOA,4 ROOM,90.0,Model A,2006,860000.0,2023,7,78,8.0,987.0,17
WOODLANDS,EXECUTIVE,176.0,Apartment,1994,830000.0,2023,7,78,5.0,843.0,29
TAMPINES,5 ROOM,122.0,Improved,1988,670000.0,2023,7,78,5.0,768.0,35
HOUGANG,EXECUTIVE,147.0,Maisonette,1992,850000.0,2023,7,78,5.0,819.0,31
CHOA CHU KANG,4 ROOM,108.0,Model A,1994,460000.0,2023,7,78,2.0,846.0,29
TAMPINES,EXECUTIVE,138.0,Premium Apartment,1996,910000.0,2023,7,78,8.0,864.0,27
WOODLANDS,5 ROOM,122.0,Improved,1998,580000.0,2023,7,78,8.0,883.0,25
WOODLANDS,4 ROOM,92.0,Model A,2015,530000.0,2023,7,78,11.0,1093.0,8
BUKIT BATOK,4 ROOM,93.0,New Generation,1985,455000.0,2023,7,78,2.0,736.0,38
BUKIT BATOK,4 ROOM,103.0,Model A,1998,580000.0,2023,7,78,17.0,884.0,25
JURONG WEST,EXECUTIVE,147.0,Apartment,1993,635000.0,2023,7,78,2.0,828.0,30
BUKIT BATOK,4 ROOM,83.0,Simplified,1988,450888.0,2023,7,78,8.0,765.0,35
PASIR RIS,5 ROOM,124.0,Improved,1993,680000.0,2023,7,78,5.0,834.0,30
BEDOK,5 ROOM,130.0,Improved,1989,900000.0,2023,7,78,8.0,780.0,34
HOUGANG,5 ROOM,132.0,Model A,1984,710000.0,2023,7,78,11.0,723.0,39
JURONG WEST,5 ROOM,127.0,Improved,1996,515000.0,2023,7,78,5.0,862.0,27
TOA PAYOH,5 ROOM,114.0,Standard,1975,693000.0,2023,7,78,20.0,613.0,48
HOUGANG,4 ROOM,98.0,New Generation,1978,440888.0,2023,7,78,8.0,647.0,45
KALLANG/WHAMPOA,5 ROOM,110.0,Improved,2004,905000.0,2023,7,78,14.0,965.0,19
SERANGOON,4 ROOM,95.0,New Generation,1985,575000.0,2023,7,78,5.0,730.0,38
BEDOK,3 ROOM,82.0,New Generation,1979,470000.0,2023,7,78,5.0,661.0,44
SEMBAWANG,4 ROOM,93.0,Model A,2018,575000.0,2023,7,78,8.0,1129.0,5
BEDOK,5 ROOM,122.0,Improved,1986,660000.0,2023,7,78,5.0,740.0,37
CHOA CHU KANG,4 ROOM,93.0,Model A,2017,610000.0,2023,7,78,14.0,1113.0,6
YISHUN,4 ROOM,90.0,Simplified,1985,440000.0,2023,7,78,2.0,735.0,38
SEMBAWANG,4 ROOM,90.0,Model A,2001,442000.0,2023,7,78,2.0,927.0,22
TAMPINES,EXECUTIVE,148.0,Maisonette,1986,782000.0,2023,7,78,8.0,739.0,37
PUNGGOL,4 ROOM,90.0,Model A,2015,555888.0,2023,7,78,8.0,1097.0,8
HOUGANG,4 ROOM,101.0,Model A,1998,520000.0,2023,7,78,11.0,892.0,25
WOODLANDS,4 ROOM,106.0,Model A,1996,495000.0,2023,7,78,11.0,866.0,27
SEMBAWANG,4 ROOM,93.0,Model A,2018,566000.0,2023,7,78,5.0,1132.0,5
ANG MO KIO,3 ROOM,82.0,New Generation,1981,395000.0,2023,7,78,2.0,678.0,42
YISHUN,3 ROOM,67.0,New Generation,1978,355000.0,2023,7,78,2.0,644.0,45
YISHUN,4 ROOM,93.0,Model A,2018,555000.0,2023,7,78,8.0,1124.0,5
SENGKANG,4 ROOM,94.0,Premium Apartment,2001,490000.0,2023,7,78,2.0,925.0,22
TAMPINES,5 ROOM,133.0,Model A,1983,670000.0,2023,7,78,8.0,715.0,40
YISHUN,EXECUTIVE,142.0,Apartment,1986,705000.0,2023,7,78,14.0,745.0,37
BUKIT PANJANG,3 ROOM,67.0,Model A,2015,400000.0,2023,7,78,2.0,1097.0,8
WOODLANDS,3 ROOM,73.0,Model A,1985,385000.0,2023,7,78,11.0,729.0,38
JURONG WEST,5 ROOM,136.0,Model A,1985,580000.0,2023,7,78,5.0,732.0,38
SEMBAWANG,4 ROOM,93.0,Model A,2018,588000.0,2023,7,78,5.0,1129.0,5
TAMPINES,3 ROOM,75.0,Model A,1983,440000.0,2023,7,78,5.0,714.0,40
SENGKANG,4 ROOM,93.0,Model A,2015,570000.0,2023,7,78,2.0,1094.0,8
GEYLANG,3 ROOM,60.0,Model A,2007,580000.0,2023,7,78,5.0,991.0,16
JURONG EAST,4 ROOM,101.0,Model A,1998,520103.0,2023,7,78,5.0,894.0,25
YISHUN,3 ROOM,82.0,New Generation,1985,380000.0,2023,7,78,11.0,737.0,38
WOODLANDS,EXECUTIVE,144.0,Maisonette,1998,825000.0,2023,7,78,11.0,887.0,25
HOUGANG,4 ROOM,93.0,Model A,2018,738000.0,2023,7,78,17.0,1124.0,5
YISHUN,4 ROOM,93.0,Model A,2013,520000.0,2023,7,78,8.0,1070.0,10
ANG MO KIO,4 ROOM,93.0,Model A,2019,952000.0,2023,7,78,17.0,1136.0,4
JURONG WEST,3 ROOM,74.0,Improved,1976,350000.0,2023,7,78,20.0,629.0,47
SEMBAWANG,4 ROOM,93.0,Model A,2019,550000.0,2023,7,78,14.0,1138.0,4
PASIR RIS,5 ROOM,122.0,Improved,1995,660000.0,2023,7,78,11.0,850.0,28
TAMPINES,4 ROOM,103.0,Model A,1997,545000.0,2023,7,78,14.0,877.0,26
ANG MO KIO,4 ROOM,98.0,New Generation,1977,515000.0,2023,7,78,2.0,631.0,46
BEDOK,4 ROOM,93.0,Model A,2018,728888.0,2023,7,78,5.0,1134.0,5
HOUGANG,4 ROOM,93.0,Model A,2017,620000.0,2023,7,78,14.0,1117.0,6
SENGKANG,4 ROOM,102.0,Model A,1999,530500.0,2023,7,78,11.0,906.0,24
SENGKANG,4 ROOM,90.0,Model A2,1999,463888.0,2023,7,78,2.0,901.0,24
BUKIT PANJANG,4 ROOM,93.0,Model A,2016,525888.0,2023,7,78,5.0,1110.0,7
BUKIT BATOK,2 ROOM,47.0,Model A,2019,340000.0,2023,7,78,5.0,1138.0,4
TAMPINES,4 ROOM,84.0,Simplified,1988,500000.0,2023,7,78,2.0,765.0,35
PUNGGOL,3 ROOM,69.0,Model A,2014,480000.0,2023,7,78,8.0,1078.0,9
YISHUN,4 ROOM,84.0,Simplified,1985,430000.0,2023,7,78,11.0,734.0,38
CHOA CHU KANG,3 ROOM,68.0,New Generation,1981,360000.0,2023,7,78,5.0,687.0,42
BUKIT BATOK,3 ROOM,67.0,Model A,2019,505000.0,2023,7,78,23.0,1138.0,4
TOA PAYOH,3 ROOM,66.0,Improved,1970,343000.0,2023,7,78,5.0,553.0,53
BUKIT PANJANG,4 ROOM,104.0,Model A,1988,508000.0,2023,7,78,8.0,769.0,35
TOA PAYOH,3 ROOM,68.0,Improved,1970,365000.0,2023,7,78,8.0,547.0,53
BUKIT MERAH,2 ROOM,44.0,Improved,1978,290000.0,2023,7,78,8.0,643.0,45
JURONG WEST,5 ROOM,119.0,Premium Apartment,1998,650000.0,2023,7,78,5.0,887.0,25
JURONG EAST,4 ROOM,97.0,New Generation,1978,428000.0,2023,7,78,8.0,653.0,45
SEMBAWANG,5 ROOM,110.0,Premium Apartment,2001,536888.0,2023,7,78,2.0,923.0,22
BEDOK,4 ROOM,92.0,New Generation,1985,505000.0,2023,7,78,11.0,734.0,38
KALLANG/WHAMPOA,3 ROOM,67.0,New Generation,1976,440000.0,2023,7,78,8.0,629.0,47
BEDOK,4 ROOM,103.0,Model A,1984,575000.0,2023,7,78,5.0,721.0,39
YISHUN,5 ROOM,113.0,Improved,2018,720000.0,2023,7,78,11.0,1132.0,5
JURONG WEST,5 ROOM,110.0,Improved,2001,620000.0,2023,7,78,11.0,925.0,22
SENGKANG,3 ROOM,67.0,Model A,2015,468000.0,2023,7,78,14.0,1091.0,8
BUKIT BATOK,4 ROOM,92.0,Premium Apartment,2018,590000.0,2023,7,78,2.0,1124.0,5
PUNGGOL,4 ROOM,93.0,Model A,2018,560000.0,2023,7,78,5.0,1134.0,5
YISHUN,4 ROOM,93.0,New Generation,1985,465000.0,2023,7,78,2.0,730.0,38
CLEMENTI,4 ROOM,82.0,DBSS,2014,798000.0,2023,7,78,8.0,1086.0,9
KALLANG/WHAMPOA,4 ROOM,94.0,DBSS,2011,975000.0,2023,7,78,23.0,1039.0,12
SENGKANG,4 ROOM,96.0,Premium Apartment,2012,595000.0,2023,7,78,20.0,1062.0,11
CENTRAL AREA,3 ROOM,57.0,Improved,1974,405000.0,2023,7,78,11.0,601.0,49
SERANGOON,3 ROOM,70.0,Improved,1985,440000.0,2023,7,78,8.0,728.0,38
GEYLANG,4 ROOM,91.0,New Generation,1982,620000.0,2023,7,78,8.0,696.0,41
ANG MO KIO,3 ROOM,67.0,New Generation,1980,360000.0,2023,8,79,2.0,671.0,43
JURONG WEST,5 ROOM,138.0,Model A,1993,595000.0,2023,8,79,8.0,827.0,30
YISHUN,5 ROOM,121.0,Improved,1988,595000.0,2023,8,79,2.0,765.0,35
BEDOK,4 ROOM,84.0,Simplified,1987,485000.0,2023,8,79,5.0,750.0,36
JURONG WEST,4 ROOM,104.0,Model A,1989,460000.0,2023,8,79,8.0,783.0,34
BUKIT BATOK,4 ROOM,93.0,Model A,2019,740000.0,2023,8,79,20.0,1133.0,4
YISHUN,EXECUTIVE,146.0,Maisonette,1988,855000.0,2023,8,79,2.0,767.0,35
SENGKANG,5 ROOM,121.0,Premium Apartment,2001,661000.0,2023,8,79,8.0,920.0,22
JURONG WEST,4 ROOM,93.0,Model A,2018,600000.0,2023,8,79,20.0,1131.0,5
CHOA CHU KANG,5 ROOM,121.0,Improved,1997,645000.0,2023,8,79,2.0,875.0,26
YISHUN,4 ROOM,104.0,Model A,1985,510000.0,2023,8,79,5.0,735.0,38
CLEMENTI,4 ROOM,92.0,New Generation,1978,550000.0,2023,8,79,11.0,650.0,45
PUNGGOL,4 ROOM,96.0,Premium Apartment,2012,655000.0,2023,8,79,5.0,1056.0,11
TAMPINES,5 ROOM,125.0,Improved,1993,659000.0,2023,8,79,8.0,829.0,30
SEMBAWANG,2 ROOM,47.0,Model A,2019,332000.0,2023,8,79,5.0,1138.0,4
TAMPINES,4 ROOM,104.0,Model A,1989,565000.0,2023,8,79,5.0,775.0,34
BEDOK,3 ROOM,67.0,New Generation,1985,378000.0,2023,8,79,5.0,731.0,38
BEDOK,EXECUTIVE,143.0,Apartment,1996,950000.0,2023,8,79,8.0,869.0,27
BISHAN,4 ROOM,103.0,Model A,1992,788000.0,2023,8,79,17.0,815.0,31
TAMPINES,EXECUTIVE,146.0,Maisonette,1988,913000.0,2023,8,79,11.0,763.0,35
HOUGANG,3 ROOM,67.0,New Generation,1984,385888.0,2023,8,79,2.0,724.0,39
BISHAN,4 ROOM,84.0,Simplified,1987,470000.0,2023,8,79,2.0,760.0,36
HOUGANG,4 ROOM,92.0,DBSS,2014,720000.0,2023,8,79,5.0,1083.0,9
BUKIT BATOK,4 ROOM,93.0,Model A,2019,648000.0,2023,8,79,8.0,1134.0,4
BUKIT MERAH,4 ROOM,104.0,Model A,1984,680000.0,2023,8,79,14.0,717.0,39
BISHAN,4 ROOM,83.0,Simplified,1987,698000.0,2023,8,79,5.0,755.0,36
TOA PAYOH,4 ROOM,82.0,Improved,1976,480000.0,2023,8,79,17.0,619.0,47
TOA PAYOH,4 ROOM,82.0,Improved,1976,430000.0,2023,8,79,14.0,621.0,47
WOODLANDS,4 ROOM,93.0,Model A,2013,535000.0,2023,8,79,14.0,1068.0,10
PUNGGOL,3 ROOM,68.0,Model A,2018,470000.0,2023,8,79,14.0,1133.0,5
HOUGANG,4 ROOM,104.0,Model A,1986,542000.0,2023,8,79,5.0,746.0,37
KALLANG/WHAMPOA,4 ROOM,106.0,Model A,1994,645000.0,2023,8,79,2.0,834.0,29
CENTRAL AREA,4 ROOM,94.0,Type S1,2011,1233000.0,2023,8,79,32.0,1037.0,12
WOODLANDS,5 ROOM,121.0,Improved,1998,628000.0,2023,8,79,11.0,882.0,25
BEDOK,4 ROOM,93.0,Model A,2018,705000.0,2023,8,79,5.0,1132.0,5
SENGKANG,4 ROOM,90.0,Model A,2003,480000.0,2023,8,79,8.0,946.0,20
JURONG WEST,4 ROOM,91.0,DBSS,2014,702000.0,2023,8,79,11.0,1082.0,9
WOODLANDS,EXECUTIVE,189.0,Apartment,1994,950000.0,2023,8,79,11.0,834.0,29
CHOA CHU KANG,4 ROOM,92.0,Model A,2017,588888.0,2023,8,79,11.0,1117.0,6
SENGKANG,4 ROOM,90.0,Model A,2002,500000.0,2023,8,79,5.0,932.0,21
BUKIT BATOK,3 ROOM,73.0,Model A,1985,385000.0,2023,8,79,11.0,729.0,38
HOUGANG,4 ROOM,112.0,Model A,1988,520000.0,2023,8,79,2.0,766.0,35
YISHUN,4 ROOM,93.0,Model A,2017,555000.0,2023,8,79,8.0,1116.0,6
PUNGGOL,4 ROOM,93.0,Premium Apartment,2014,693000.0,2023,8,79,5.0,1077.0,9
JURONG WEST,EXECUTIVE,141.0,Apartment,1999,710000.0,2023,8,79,11.0,895.0,24
SENGKANG,EXECUTIVE,141.0,Apartment,1999,828000.0,2023,8,79,11.0,904.0,24
SENGKANG,5 ROOM,113.0,Improved,2017,656888.0,2023,8,79,8.0,1113.0,6
JURONG WEST,5 ROOM,110.0,Improved,2001,571888.0,2023,8,79,14.0,928.0,22
TOA PAYOH,5 ROOM,122.0,Improved,1988,730000.0,2023,8,79,5.0,772.0,35
BEDOK,3 ROOM,67.0,New Generation,1985,360000.0,2023,8,79,14.0,732.0,38
GEYLANG,3 ROOM,60.0,Model A,2007,540000.0,2023,8,79,5.0,989.0,16
JURONG WEST,4 ROOM,104.0,Model A,1990,446000.0,2023,8,79,5.0,788.0,33
SENGKANG,5 ROOM,116.0,Improved,2000,590000.0,2023,8,79,14.0,913.0,23
PASIR RIS,5 ROOM,124.0,Improved,1996,675000.0,2023,8,79,8.0,864.0,27
TOA PAYOH,3 ROOM,67.0,Improved,1970,340000.0,2023,8,79,17.0,546.0,53
TAMPINES,3 ROOM,73.0,Model A,1984,443000.0,2023,8,79,11.0,721.0,39
YISHUN,3 ROOM,67.0,New Generation,1986,400000.0,2023,8,79,8.0,749.0,37
PUNGGOL,4 ROOM,93.0,Premium Apartment,2016,610000.0,2023,8,79,8.0,1105.0,7
JURONG WEST,4 ROOM,93.0,Model A,2018,558000.0,2023,8,79,11.0,1131.0,5
KALLANG/WHAMPOA,3 ROOM,63.0,Standard,1981,350000.0,2023,8,79,11.0,680.0,42
BUKIT MERAH,4 ROOM,93.0,Model A,2018,970000.0,2023,8,79,29.0,1133.0,5
GEYLANG,4 ROOM,95.0,Model A,2011,868000.0,2023,8,79,17.0,1048.0,12
JURONG EAST,4 ROOM,91.0,Model A2,1998,525000.0,2023,8,79,8.0,890.0,25
SENGKANG,5 ROOM,112.0,Premium Apartment,2017,925000.0,2023,8,79,2.0,1114.0,6
WOODLANDS,4 ROOM,103.0,Model A,1985,475000.0,2023,8,79,8.0,727.0,38
GEYLANG,3 ROOM,79.0,Model A,1985,576888.88,2023,8,79,17.0,737.0,38
GEYLANG,3 ROOM,59.0,Standard,1967,322000.0,2023,8,79,11.0,510.0,56
QUEENSTOWN,4 ROOM,93.0,Model A,2018,960000.0,2023,8,79,23.0,1127.0,5
TOA PAYOH,3 ROOM,67.0,Improved,1969,338000.0,2023,8,79,8.0,539.0,54
JURONG EAST,4 ROOM,106.0,Model A,1984,500000.0,2023,8,79,8.0,720.0,39
BUKIT MERAH,3 ROOM,59.0,Standard,1971,378000.0,2023,8,79,8.0,558.0,52
BUKIT MERAH,4 ROOM,93.0,Premium Apartment,2013,980000.0,2023,8,79,29.0,1068.0,10
TOA PAYOH,5 ROOM,117.0,Improved,1997,900000.0,2023,8,79,17.0,877.0,26
TAMPINES,4 ROOM,89.0,Simplified,1985,500000.0,2023,8,79,2.0,735.0,38
QUEENSTOWN,4 ROOM,83.0,Premium Apartment,2016,950000.0,2023,8,79,32.0,1104.0,7
YISHUN,4 ROOM,84.0,Simplified,1986,441000.0,2023,8,79,8.0,748.0,37
SENGKANG,4 ROOM,93.0,Premium Apartment,2010,715000.0,2023,8,79,14.0,1030.0,13
YISHUN,3 ROOM,67.0,New Generation,1986,375000.0,2023,8,79,5.0,748.0,37
BUKIT MERAH,4 ROOM,93.0,Model A,2018,800000.0,2023,8,79,5.0,1133.0,5
BEDOK,4 ROOM,92.0,New Generation,1978,438000.0,2023,8,79,5.0,646.0,45
WOODLANDS,4 ROOM,86.0,Model A2,2000,489000.0,2023,8,79,11.0,916.0,23
BUKIT MERAH,4 ROOM,100.0,Model A,2005,950000.0,2023,8,79,11.0,976.0,18
BUKIT MERAH,3 ROOM,68.0,Model A,2018,720000.0,2023,8,79,26.0,1133.0,5
SEMBAWANG,4 ROOM,93.0,Model A,2015,560000.0,2023,8,79,14.0,1088.0,8
HOUGANG,4 ROOM,104.0,Model A,1985,485000.0,2023,8,79,5.0,729.0,38
BUKIT BATOK,EXECUTIVE,141.0,Apartment,1997,800000.0,2023,8,79,11.0,880.0,26
PUNGGOL,3 ROOM,68.0,Model A,2018,483000.0,2023,8,79,20.0,1133.0,5
BUKIT BATOK,4 ROOM,84.0,Simplified,1986,432000.0,2023,8,79,8.0,745.0,37
CHOA CHU KANG,3 ROOM,68.0,Model A,2015,430000.0,2023,8,79,23.0,1086.0,8
HOUGANG,4 ROOM,91.0,New Generation,1993,477000.0,2023,8,79,14.0,825.0,30
BUKIT MERAH,4 ROOM,91.0,Model A,2005,720000.0,2023,8,79,2.0,975.0,18
JURONG WEST,4 ROOM,91.0,Model A,2002,513000.0,2023,8,79,8.0,935.0,21
ANG MO KIO,3 ROOM,82.0,New Generation,1980,420000.0,2023,8,79,11.0,667.0,43
PASIR RIS,5 ROOM,128.0,Improved,1996,628000.0,2023,8,79,8.0,867.0,27
PUNGGOL,4 ROOM,93.0,Model A,2018,572000.0,2023,8,79,8.0,1132.0,5
BUKIT MERAH,3 ROOM,59.0,Improved,1973,388000.0,2023,8,79,11.0,582.0,50
BUKIT MERAH,4 ROOM,81.0,New Generation,1976,455000.0,2023,8,79,8.0,626.0,47
PUNGGOL,4 ROOM,92.0,Premium Apartment,2016,625000.0,2023,8,79,5.0,1102.0,7
BUKIT MERAH,4 ROOM,85.0,Model A,2009,840000.0,2023,8,79,5.0,1013.0,14
YISHUN,4 ROOM,92.0,Model A,2015,540000.0,2023,8,79,8.0,1095.0,8
SERANGOON,5 ROOM,124.0,Improved,1992,697000.0,2023,8,79,14.0,819.0,31
TAMPINES,5 ROOM,121.0,Improved,1996,640000.0,2023,8,79,5.0,860.0,27
SENGKANG,5 ROOM,120.0,Improved,1998,638000.0,2023,8,79,11.0,891.0,25
TAMPINES,EXECUTIVE,148.0,Apartment,1995,880000.0,2023,8,79,5.0,856.0,28
WOODLANDS,5 ROOM,117.0,Improved,1997,565000.0,2023,8,79,2.0,870.0,26
GEYLANG,4 ROOM,95.0,Model A,2011,870000.0,2023,8,79,20.0,1049.0,12
HOUGANG,5 ROOM,122.0,Improved,1992,765000.0,2023,8,79,8.0,819.0,31
BEDOK,4 ROOM,93.0,New Generation,1985,523000.0,2023,8,79,11.0,735.0,38
BEDOK,3 ROOM,68.0,New Generation,1980,368888.0,2023,8,79,2.0,671.0,43
PUNGGOL,5 ROOM,110.0,Improved,2003,600000.0,2023,8,79,11.0,947.0,20
BUKIT BATOK,4 ROOM,93.0,Model A,2019,638000.0,2023,8,79,5.0,1134.0,4
SEMBAWANG,4 ROOM,93.0,Model A,2018,600000.0,2023,8,79,14.0,1128.0,5
HOUGANG,4 ROOM,93.0,New Generation,1983,526800.0,2023,8,79,11.0,704.0,40
BISHAN,4 ROOM,95.0,DBSS,2011,1050000.0,2023,8,79,23.0,1043.0,12
GEYLANG,4 ROOM,104.0,Model A,1983,625000.0,2023,8,79,2.0,712.0,40
SENGKANG,5 ROOM,110.0,Premium Apartment,2004,638000.0,2023,8,79,20.0,965.0,19
SERANGOON,4 ROOM,104.0,Model A,1986,770000.0,2023,8,79,8.0,741.0,37
HOUGANG,4 ROOM,100.0,Model A,1998,570888.0,2023,8,79,14.0,888.0,25
JURONG WEST,EXECUTIVE,154.0,Apartment,1995,700000.0,2023,8,79,5.0,853.0,28
WOODLANDS,EXECUTIVE,131.0,Apartment,2001,670000.0,2023,8,79,2.0,922.0,22
JURONG WEST,3 ROOM,73.0,Model A,1988,326000.0,2023,8,79,2.0,768.0,35
YISHUN,4 ROOM,93.0,Model A,2018,620000.0,2023,8,79,11.0,1132.0,5
CHOA CHU KANG,5 ROOM,121.0,Improved,1989,590000.0,2023,8,79,11.0,775.0,34
QUEENSTOWN,2 ROOM,43.0,Standard,1970,250000.0,2023,8,79,8.0,553.0,53
BUKIT BATOK,4 ROOM,84.0,Simplified,1987,445000.0,2023,8,79,8.0,751.0,36
TAMPINES,3 ROOM,73.0,Model A,1985,372000.0,2023,8,79,2.0,728.0,38
CENTRAL AREA,5 ROOM,107.0,Type S2,2011,1480000.0,2023,8,79,29.0,1037.0,12
YISHUN,3 ROOM,67.0,New Generation,1985,385000.0,2023,8,79,2.0,735.0,38
KALLANG/WHAMPOA,4 ROOM,89.0,Simplified,1986,630000.0,2023,8,79,11.0,737.0,37
JURONG WEST,4 ROOM,95.0,New Generation,1983,495000.0,2023,8,79,8.0,707.0,40
BUKIT PANJANG,4 ROOM,84.0,Simplified,1988,420000.0,2023,8,79,11.0,763.0,35
HOUGANG,5 ROOM,138.0,Model A-Maisonette,1984,757000.0,2023,8,79,2.0,721.0,39
HOUGANG,3 ROOM,67.0,New Generation,1985,378000.0,2023,8,79,2.0,728.0,38
JURONG WEST,EXECUTIVE,146.0,Apartment,1993,700000.0,2023,8,79,8.0,825.0,30
WOODLANDS,4 ROOM,99.0,Model A,1997,515000.0,2023,8,79,11.0,870.0,26
WOODLANDS,4 ROOM,92.0,Premium Apartment,2015,590000.0,2023,8,79,14.0,1087.0,8
BUKIT BATOK,4 ROOM,93.0,Model A,2019,621000.0,2023,8,79,11.0,1141.0,4
JURONG EAST,5 ROOM,124.0,Improved,2000,670000.0,2023,8,79,2.0,911.0,23
JURONG WEST,5 ROOM,121.0,Improved,1997,602000.0,2023,8,79,2.0,874.0,26
BEDOK,3 ROOM,59.0,Improved,1978,370000.0,2023,8,79,14.0,645.0,45
SENGKANG,4 ROOM,93.0,Model A,2017,555000.0,2023,8,79,8.0,1114.0,6
SENGKANG,4 ROOM,92.0,Premium Apartment,2017,650000.0,2023,8,79,5.0,1114.0,6
SEMBAWANG,3 ROOM,68.0,Model A,2018,475000.0,2023,8,79,14.0,1130.0,5
SENGKANG,4 ROOM,101.0,Model A,1999,530000.0,2023,8,79,14.0,902.0,24
BUKIT MERAH,3 ROOM,67.0,New Generation,1983,418000.0,2023,8,79,8.0,709.0,40
TAMPINES,4 ROOM,103.0,Model A,1984,540000.0,2023,8,79,5.0,722.0,39
ANG MO KIO,3 ROOM,68.0,New Generation,1980,345000.0,2023,8,79,2.0,667.0,43
CENTRAL AREA,2 ROOM,54.0,Improved,1982,270000.0,2023,8,79,5.0,689.0,41
BUKIT MERAH,4 ROOM,91.0,Model A,2003,820000.0,2023,8,79,5.0,941.0,20
PASIR RIS,EXECUTIVE,145.0,Maisonette,1989,838000.0,2023,8,79,2.0,784.0,34
CHOA CHU KANG,4 ROOM,93.0,Model A,2016,532888.0,2023,8,79,11.0,1103.0,7
YISHUN,4 ROOM,93.0,Model A,2018,588000.0,2023,8,79,8.0,1130.0,5
CHOA CHU KANG,4 ROOM,103.0,Model A,1990,530000.0,2023,8,79,8.0,793.0,33
YISHUN,3 ROOM,74.0,Model A,1988,405000.0,2023,8,79,2.0,761.0,35
PUNGGOL,4 ROOM,92.0,Premium Apartment,2016,600000.0,2023,8,79,11.0,1103.0,7
SEMBAWANG,5 ROOM,111.0,Improved,2001,591888.0,2023,8,79,8.0,925.0,22
JURONG WEST,5 ROOM,108.0,DBSS,2014,800000.0,2023,8,79,11.0,1082.0,9
YISHUN,3 ROOM,67.0,New Generation,1984,380000.0,2023,8,79,2.0,725.0,39
BUKIT MERAH,4 ROOM,90.0,Model A,2003,880000.0,2023,8,79,8.0,950.0,20
BEDOK,3 ROOM,82.0,New Generation,1979,405000.0,2023,8,79,5.0,660.0,44
WOODLANDS,4 ROOM,101.0,Model A,1997,495000.0,2023,8,79,11.0,879.0,26
PUNGGOL,3 ROOM,68.0,Model A,2018,430000.0,2023,8,79,5.0,1133.0,5
SEMBAWANG,4 ROOM,93.0,Model A,2019,600000.0,2023,8,79,11.0,1138.0,4
BUKIT PANJANG,3 ROOM,73.0,Model A,1988,388000.0,2023,8,79,5.0,773.0,35
SEMBAWANG,5 ROOM,110.0,Improved,2001,570000.0,2023,8,79,14.0,920.0,22
HOUGANG,5 ROOM,118.0,Improved,1997,610000.0,2023,8,79,2.0,874.0,26
JURONG WEST,4 ROOM,93.0,Model A,2019,585000.0,2023,8,79,11.0,1139.0,4
TAMPINES,EXECUTIVE,154.0,Maisonette,1989,839000.0,2023,8,79,5.0,774.0,34
BUKIT BATOK,3 ROOM,67.0,Model A,2019,475000.0,2023,8,79,23.0,1137.0,4
ANG MO KIO,3 ROOM,67.0,New Generation,1985,380000.0,2023,8,79,11.0,726.0,38
KALLANG/WHAMPOA,3 ROOM,59.0,Improved,1973,300000.0,2023,8,79,5.0,588.0,50
SERANGOON,4 ROOM,84.0,Simplified,1985,540000.0,2023,8,79,11.0,732.0,38
SENGKANG,4 ROOM,93.0,Model A,2016,540000.0,2023,8,79,5.0,1106.0,7
SEMBAWANG,4 ROOM,93.0,Model A,2018,600000.0,2023,8,79,11.0,1122.0,5
JURONG WEST,4 ROOM,104.0,Model A,1990,450000.0,2023,8,79,2.0,796.0,33
BUKIT MERAH,3 ROOM,60.0,Model A,2008,625000.0,2023,8,79,8.0,1012.0,15
BUKIT BATOK,5 ROOM,122.0,Improved,1986,550000.0,2023,8,79,5.0,748.0,37
YISHUN,4 ROOM,104.0,Model A,1988,487500.0,2023,8,79,11.0,766.0,35
BUKIT MERAH,3 ROOM,76.0,Improved,1975,390000.0,2023,8,79,11.0,610.0,48
BUKIT MERAH,3 ROOM,68.0,Model A,2019,700000.0,2023,8,79,5.0,1137.0,4
JURONG WEST,5 ROOM,110.0,Improved,2002,610000.0,2023,8,79,11.0,939.0,21
WOODLANDS,4 ROOM,106.0,Premium Apartment,1999,541888.0,2023,8,79,8.0,901.0,24
PUNGGOL,3 ROOM,68.0,Model A,2018,443000.0,2023,8,79,11.0,1131.0,5
HOUGANG,EXECUTIVE,139.0,Maisonette,1997,868000.0,2023,8,79,5.0,879.0,26
BEDOK,3 ROOM,60.0,Improved,1986,370000.0,2023,8,79,8.0,741.0,37
YISHUN,5 ROOM,112.0,Improved,2018,728000.0,2023,8,79,8.0,1131.0,5
ANG MO KIO,4 ROOM,93.0,Model A,2019,922000.0,2023,8,79,23.0,1134.0,4
TOA PAYOH,3 ROOM,76.0,Improved,1972,388888.0,2023,8,79,2.0,569.0,51
GEYLANG,4 ROOM,93.0,Model A,2005,850000.0,2023,8,79,11.0,970.0,18
YISHUN,3 ROOM,67.0,Model A,2015,430000.0,2023,8,79,11.0,1096.0,8
BUKIT MERAH,2 ROOM,47.0,Standard,1967,290000.0,2023,8,79,11.0,515.0,56
JURONG WEST,5 ROOM,114.0,Premium Apartment,2008,573000.0,2023,8,79,8.0,1009.0,15
CHOA CHU KANG,4 ROOM,92.0,Model A,2017,558888.0,2023,8,79,11.0,1117.0,6
KALLANG/WHAMPOA,3 ROOM,68.0,Improved,1972,385000.0,2023,8,79,5.0,570.0,51
TAMPINES,3 ROOM,68.0,Model A,2015,485000.0,2023,8,79,8.0,1095.0,8
PUNGGOL,5 ROOM,113.0,Premium Apartment,2016,750000.0,2023,8,79,5.0,1106.0,7
BEDOK,3 ROOM,73.0,New Generation,1977,378000.0,2023,8,79,5.0,634.0,46
PUNGGOL,5 ROOM,113.0,Improved,2018,700000.0,2023,8,79,5.0,1133.0,5
TOA PAYOH,3 ROOM,74.0,Model A,1984,495000.0,2023,8,79,5.0,720.0,39
BUKIT PANJANG,4 ROOM,103.0,Model A,1988,460000.0,2023,8,79,5.0,764.0,35
HOUGANG,4 ROOM,93.0,Model A,2019,612000.0,2023,8,79,17.0,1139.0,4
YISHUN,4 ROOM,92.0,Model A,2018,578000.0,2023,8,79,11.0,1122.0,5
TAMPINES,EXECUTIVE,148.0,Maisonette,1985,790000.0,2023,8,79,2.0,735.0,38
PUNGGOL,5 ROOM,113.0,Premium Apartment,2018,773000.0,2023,8,79,14.0,1130.0,5
SERANGOON,4 ROOM,106.0,Model A,1992,558000.0,2023,8,79,5.0,819.0,31
YISHUN,3 ROOM,64.0,Simplified,1986,370000.0,2023,8,79,2.0,742.0,37
BUKIT BATOK,4 ROOM,93.0,Model A,2019,700000.0,2023,8,79,20.0,1134.0,4
JURONG EAST,5 ROOM,120.0,Improved,1981,698000.0,2023,8,79,20.0,686.0,42
TOA PAYOH,4 ROOM,86.0,Model A,2006,915000.0,2023,8,79,29.0,978.0,17
SENGKANG,4 ROOM,93.0,Premium Apartment,2010,688000.0,2023,8,79,11.0,1030.0,13
YISHUN,3 ROOM,74.0,Model A,1983,370000.0,2023,8,79,5.0,708.0,40
JURONG EAST,5 ROOM,120.0,Improved,1981,590000.0,2023,8,79,2.0,688.0,42
BEDOK,2 ROOM,45.0,Improved,1986,296000.0,2023,8,79,11.0,737.0,37
PUNGGOL,4 ROOM,90.0,Premium Apartment,2005,550000.0,2023,8,79,14.0,966.0,18
YISHUN,5 ROOM,121.0,Improved,1985,600000.0,2023,8,79,11.0,732.0,38
HOUGANG,4 ROOM,92.0,Model A,2015,610000.0,2023,8,79,14.0,1090.0,8
SENGKANG,4 ROOM,92.0,Premium Apartment,2003,488000.0,2023,8,79,5.0,946.0,20
CHOA CHU KANG,4 ROOM,92.0,Model A,2017,558000.0,2023,8,79,8.0,1113.0,6
ANG MO KIO,3 ROOM,82.0,New Generation,1980,400000.0,2023,8,79,5.0,676.0,43
YISHUN,4 ROOM,93.0,Model A,2017,520000.0,2023,8,79,2.0,1118.0,6
WOODLANDS,4 ROOM,93.0,Model A,2013,530000.0,2023,8,79,8.0,1067.0,10
KALLANG/WHAMPOA,3 ROOM,65.0,Improved,1974,350000.0,2023,8,79,17.0,596.0,49
HOUGANG,4 ROOM,104.0,Model A,1985,520000.0,2023,8,79,11.0,735.0,38
KALLANG/WHAMPOA,3 ROOM,67.0,Model A,2017,518000.0,2023,8,79,8.0,1121.0,6
HOUGANG,EXECUTIVE,147.0,Maisonette,1992,965000.0,2023,8,79,11.0,818.0,31
BUKIT MERAH,3 ROOM,67.0,New Generation,1978,406688.0,2023,8,79,8.0,648.0,45
SENGKANG,4 ROOM,94.0,Model A,2013,565000.0,2023,8,79,11.0,1072.0,10
WOODLANDS,EXECUTIVE,131.0,Apartment,2001,615000.0,2023,8,79,2.0,922.0,22
TOA PAYOH,3 ROOM,76.0,Improved,1976,350000.0,2023,8,79,11.0,621.0,47
TAMPINES,4 ROOM,116.0,Model A,1984,608000.0,2023,8,79,11.0,722.0,39
PUNGGOL,3 ROOM,67.0,Premium Apartment,2016,480000.0,2023,8,79,17.0,1103.0,7
SENGKANG,4 ROOM,90.0,Model A,2005,545000.0,2023,8,79,11.0,977.0,18
HOUGANG,4 ROOM,101.0,Model A,1997,460000.0,2023,8,79,2.0,880.0,26
JURONG WEST,4 ROOM,93.0,Model A,2019,700168.0,2023,8,79,17.0,1139.0,4
HOUGANG,5 ROOM,140.0,Model A-Maisonette,1984,818888.0,2023,8,79,2.0,724.0,39
ANG MO KIO,3 ROOM,73.0,New Generation,1978,416000.0,2023,8,79,8.0,644.0,45
TAMPINES,5 ROOM,124.0,Improved,1993,670000.0,2023,8,79,11.0,828.0,30
JURONG WEST,5 ROOM,110.0,Premium Apartment,2008,580000.0,2023,8,79,11.0,1009.0,15
ANG MO KIO,3 ROOM,68.0,New Generation,1981,403000.0,2023,8,79,2.0,677.0,42
BUKIT BATOK,3 ROOM,68.0,New Generation,1987,368000.0,2023,8,79,8.0,751.0,36
BUKIT MERAH,5 ROOM,136.0,Model A,1984,838888.0,2023,8,79,8.0,718.0,39
WOODLANDS,4 ROOM,104.0,Premium Apartment,2000,526000.0,2023,8,79,8.0,914.0,23
PUNGGOL,5 ROOM,113.0,Improved,2016,700000.0,2023,8,79,5.0,1103.0,7
BUKIT MERAH,3 ROOM,68.0,Premium Apartment,2013,745000.0,2023,8,79,23.0,1068.0,10
BUKIT MERAH,3 ROOM,67.0,New Generation,1978,370000.0,2023,8,79,5.0,641.0,45
SENGKANG,4 ROOM,94.0,Model A,2018,596000.0,2023,8,79,5.0,1128.0,5
BUKIT BATOK,4 ROOM,121.0,Model A,1984,548000.0,2023,8,79,2.0,721.0,39
SENGKANG,5 ROOM,110.0,Improved,2001,662000.0,2023,8,79,14.0,924.0,22
GEYLANG,4 ROOM,91.0,New Generation,1978,560000.0,2023,8,79,14.0,647.0,45
TAMPINES,3 ROOM,64.0,Simplified,1986,420000.0,2023,8,79,2.0,740.0,37
BEDOK,4 ROOM,104.0,Model A,1989,770000.0,2023,8,79,8.0,774.0,34
SERANGOON,EXECUTIVE,148.0,Maisonette,1986,865888.0,2023,8,79,11.0,739.0,37
QUEENSTOWN,4 ROOM,93.0,Model A,2018,960000.0,2023,8,79,20.0,1127.0,5
MARINE PARADE,3 ROOM,76.0,Improved,1975,520000.0,2023,8,79,11.0,605.0,48
BUKIT PANJANG,3 ROOM,68.0,Model A,2015,415000.0,2023,8,79,8.0,1096.0,8
BUKIT BATOK,4 ROOM,86.0,Model A,2004,490000.0,2023,8,79,2.0,961.0,19
TAMPINES,EXECUTIVE,142.0,Apartment,1985,915000.0,2023,8,79,5.0,727.0,38
CHOA CHU KANG,4 ROOM,102.0,Premium Apartment,1999,490000.0,2023,8,79,11.0,900.0,24
QUEENSTOWN,5 ROOM,104.0,Premium Apartment,2016,1270000.0,2023,8,79,32.0,1105.0,7
CHOA CHU KANG,5 ROOM,113.0,Improved,2017,650000.0,2023,8,79,14.0,1113.0,6
SEMBAWANG,5 ROOM,122.0,Improved,1998,595000.0,2023,8,79,5.0,893.0,25
TAMPINES,5 ROOM,127.0,Improved,1993,690000.0,2023,8,79,5.0,829.0,30
YISHUN,4 ROOM,104.0,Model A,1987,510000.0,2023,8,79,11.0,753.0,36
WOODLANDS,4 ROOM,91.0,New Generation,1985,430000.0,2023,8,79,2.0,729.0,38
CHOA CHU KANG,4 ROOM,102.0,Premium Apartment,1999,485000.0,2023,8,79,11.0,899.0,24
JURONG WEST,5 ROOM,122.0,Improved,1988,508000.0,2023,8,79,2.0,770.0,35
TAMPINES,4 ROOM,107.0,Model A,1984,518000.0,2023,8,79,5.0,723.0,39
ANG MO KIO,3 ROOM,67.0,New Generation,1979,413888.0,2023,8,79,8.0,659.0,44
JURONG EAST,3 ROOM,72.0,Model A,2013,460000.0,2023,8,79,32.0,1070.0,10
SEMBAWANG,4 ROOM,93.0,Model A,2018,528000.0,2023,8,79,2.0,1128.0,5
CHOA CHU KANG,EXECUTIVE,125.0,Apartment,2003,638888.0,2023,9,80,11.0,944.0,20
WOODLANDS,5 ROOM,110.0,Premium Apartment,2004,530000.0,2023,9,80,2.0,952.0,19
WOODLANDS,4 ROOM,103.0,Model A,1990,500000.0,2023,9,80,8.0,789.0,33
SEMBAWANG,5 ROOM,121.0,Improved,1999,620000.0,2023,9,80,14.0,898.0,24
WOODLANDS,5 ROOM,122.0,Improved,1997,560000.0,2023,9,80,5.0,875.0,26
CENTRAL AREA,5 ROOM,138.0,Model A,1985,998000.0,2023,9,80,23.0,733.0,38
KALLANG/WHAMPOA,3 ROOM,56.0,Standard,1970,270000.0,2023,9,80,2.0,550.0,53
YISHUN,3 ROOM,67.0,New Generation,1985,380000.0,2023,9,80,2.0,733.0,38
ANG MO KIO,4 ROOM,93.0,Model A,2018,857000.0,2023,9,80,11.0,1122.0,5
JURONG WEST,2 ROOM,47.0,Model A,2019,290000.0,2023,9,80,14.0,1137.0,4
CHOA CHU KANG,4 ROOM,103.0,Premium Apartment,2000,467000.0,2023,9,80,5.0,907.0,23
SEMBAWANG,5 ROOM,110.0,Improved,2000,520000.0,2023,9,80,11.0,911.0,23
SEMBAWANG,4 ROOM,93.0,Model A,2019,588000.0,2023,9,80,14.0,1136.0,4
SEMBAWANG,4 ROOM,101.0,Model A,1999,499999.0,2023,9,80,14.0,898.0,24
BEDOK,EXECUTIVE,143.0,Apartment,1993,940000.0,2023,9,80,11.0,825.0,30
JURONG EAST,5 ROOM,110.0,Improved,2003,550000.0,2023,9,80,5.0,948.0,20
JURONG EAST,5 ROOM,120.0,Improved,1982,658888.0,2023,9,80,11.0,698.0,41
SENGKANG,4 ROOM,94.0,Model A,2018,615000.0,2023,9,80,8.0,1127.0,5
JURONG EAST,3 ROOM,74.0,Model A,1983,385000.0,2023,9,80,5.0,706.0,40
BUKIT PANJANG,4 ROOM,102.0,Model A,1998,460000.0,2023,9,80,2.0,885.0,25
BUKIT MERAH,5 ROOM,124.0,Standard,1979,910000.0,2023,9,80,23.0,662.0,44
JURONG WEST,5 ROOM,111.0,Improved,2002,571000.0,2023,9,80,2.0,932.0,21
WOODLANDS,2 ROOM,47.0,Model A,2018,323000.0,2023,9,80,5.0,1126.0,5
TAMPINES,3 ROOM,74.0,Model A,1988,410000.0,2023,9,80,2.0,765.0,35
BEDOK,4 ROOM,84.0,Improved,1977,435000.0,2023,9,80,11.0,636.0,46
BUKIT BATOK,4 ROOM,84.0,Simplified,1986,441000.0,2023,9,80,8.0,745.0,37
SENGKANG,3 ROOM,67.0,Model A,2014,480000.0,2023,9,80,20.0,1079.0,9
GEYLANG,3 ROOM,66.0,Improved,1981,366000.0,2023,9,80,17.0,679.0,42
BUKIT MERAH,4 ROOM,100.0,Model A,2005,946500.0,2023,9,80,17.0,973.0,18
GEYLANG,4 ROOM,93.0,Model A,2016,880000.0,2023,9,80,17.0,1106.0,7
HOUGANG,4 ROOM,92.0,Model A,2019,625000.0,2023,9,80,14.0,1140.0,4
BISHAN,3 ROOM,64.0,Simplified,1986,470000.0,2023,9,80,8.0,744.0,37
WOODLANDS,4 ROOM,102.0,Model A,1997,475000.0,2023,9,80,2.0,879.0,26
HOUGANG,4 ROOM,93.0,Model A,2019,580008.0,2023,9,80,8.0,1138.0,4
CHOA CHU KANG,5 ROOM,121.0,Improved,1996,600000.0,2023,9,80,14.0,865.0,27
BEDOK,4 ROOM,84.0,Improved,1977,440000.0,2023,9,80,14.0,637.0,46
BUKIT BATOK,5 ROOM,121.0,Improved,1997,650000.0,2023,9,80,2.0,879.0,26
SENGKANG,4 ROOM,91.0,Model A2,2000,510000.0,2023,9,80,11.0,916.0,23
ANG MO KIO,4 ROOM,93.0,New Generation,1981,520000.0,2023,9,80,8.0,677.0,42
TAMPINES,EXECUTIVE,146.0,Maisonette,1987,930000.0,2023,9,80,5.0,758.0,36
JURONG EAST,3 ROOM,68.0,New Generation,1983,375000.0,2023,9,80,11.0,712.0,40
CLEMENTI,4 ROOM,94.0,Model A,2018,930000.0,2023,9,80,8.0,1128.0,5
ANG MO KIO,4 ROOM,89.0,New Generation,1978,500000.0,2023,9,80,8.0,645.0,45
BEDOK,4 ROOM,93.0,Model A,2018,728000.0,2023,9,80,5.0,1131.0,5
KALLANG/WHAMPOA,3 ROOM,82.0,New Generation,1979,453000.0,2023,9,80,8.0,654.0,44
YISHUN,4 ROOM,92.0,Model A,2015,530000.0,2023,9,80,11.0,1094.0,8
CHOA CHU KANG,4 ROOM,100.0,Premium Apartment,1998,540000.0,2023,9,80,5.0,880.0,25
WOODLANDS,4 ROOM,95.0,Premium Apartment,2003,485000.0,2023,9,80,2.0,941.0,20
WOODLANDS,4 ROOM,101.0,Model A,1999,551000.0,2023,9,80,8.0,893.0,24
BISHAN,3 ROOM,65.0,Improved,1973,340000.0,2023,9,80,8.0,591.0,50
YISHUN,3 ROOM,67.0,New Generation,1984,370000.0,2023,9,80,2.0,723.0,39
BUKIT BATOK,3 ROOM,68.0,New Generation,1987,368888.0,2023,9,80,5.0,748.0,36
TOA PAYOH,5 ROOM,124.0,Improved,1995,850000.0,2023,9,80,20.0,848.0,28
SERANGOON,3 ROOM,64.0,Simplified,1985,375000.0,2023,9,80,2.0,735.0,38
QUEENSTOWN,5 ROOM,117.0,Standard,1978,890000.0,2023,9,80,11.0,640.0,45
HOUGANG,3 ROOM,67.0,New Generation,1984,372000.0,2023,9,80,2.0,715.0,39
YISHUN,4 ROOM,92.0,Model A,2012,528888.0,2023,9,80,5.0,1055.0,11
KALLANG/WHAMPOA,3 ROOM,63.0,Standard,1981,360000.0,2023,9,80,11.0,676.0,42
PUNGGOL,5 ROOM,121.0,Premium Apartment,2019,918000.0,2023,9,80,8.0,1134.0,4
JURONG EAST,4 ROOM,98.0,New Generation,1985,465000.0,2023,9,80,11.0,733.0,38
WOODLANDS,4 ROOM,93.0,Model A,2018,586888.0,2023,9,80,14.0,1126.0,5
KALLANG/WHAMPOA,3 ROOM,66.0,Improved,1972,345000.0,2023,9,80,5.0,570.0,51
PASIR RIS,4 ROOM,107.0,Model A,1993,545000.0,2023,9,80,2.0,827.0,30
PUNGGOL,4 ROOM,92.0,Premium Apartment,2016,565000.0,2023,9,80,2.0,1101.0,7
SENGKANG,4 ROOM,102.0,Model A,1999,550000.0,2023,9,80,11.0,894.0,24
BEDOK,3 ROOM,68.0,Model A,2018,555000.0,2023,9,80,2.0,1131.0,5
KALLANG/WHAMPOA,3 ROOM,68.0,Premium Apartment,2017,800008.0,2023,9,80,35.0,1120.0,6
PUNGGOL,5 ROOM,113.0,Premium Apartment,2017,835000.0,2023,9,80,8.0,1116.0,6
JURONG WEST,3 ROOM,59.0,Improved,1978,295000.0,2023,9,80,17.0,647.0,45
JURONG EAST,5 ROOM,115.0,Improved,2003,530000.0,2023,9,80,8.0,945.0,20
JURONG WEST,EXECUTIVE,151.0,Maisonette,1985,780000.0,2023,9,80,11.0,729.0,38
BUKIT BATOK,4 ROOM,93.0,Model A,2019,525000.0,2023,9,80,2.0,1135.0,4
SEMBAWANG,5 ROOM,110.0,Improved,2001,640000.0,2023,9,80,8.0,925.0,22
BUKIT MERAH,4 ROOM,100.0,Model A,2005,960000.0,2023,9,80,20.0,974.0,18
BUKIT BATOK,5 ROOM,132.0,Model A,1985,790000.0,2023,9,80,20.0,728.0,38
BUKIT BATOK,5 ROOM,112.0,Improved,2019,700000.0,2023,9,80,2.0,1135.0,4
HOUGANG,4 ROOM,82.0,Improved,1975,393000.0,2023,9,80,14.0,615.0,48
HOUGANG,3 ROOM,67.0,New Generation,1983,360000.0,2023,9,80,5.0,706.0,40
BISHAN,5 ROOM,120.0,DBSS,2011,1300000.0,2023,9,80,8.0,1044.0,12
SENGKANG,4 ROOM,96.0,Model A,2000,494800.0,2023,9,80,14.0,909.0,23
BEDOK,5 ROOM,123.0,Improved,1998,760888.0,2023,9,80,14.0,881.0,25
WOODLANDS,4 ROOM,91.0,New Generation,1977,368000.0,2023,9,80,8.0,634.0,46
WOODLANDS,4 ROOM,93.0,Model A,2018,548000.0,2023,9,80,2.0,1125.0,5
BUKIT BATOK,4 ROOM,90.0,Model A,2003,596000.0,2023,9,80,8.0,951.0,20
BEDOK,3 ROOM,68.0,New Generation,1979,350000.0,2023,9,80,5.0,660.0,44
YISHUN,4 ROOM,104.0,Model A,1985,470000.0,2023,9,80,11.0,731.0,38
SEMBAWANG,4 ROOM,101.0,Model A,1999,480000.0,2023,9,80,5.0,897.0,24
SENGKANG,4 ROOM,90.0,Model A,2001,490000.0,2023,9,80,2.0,925.0,22
TOA PAYOH,5 ROOM,122.0,Improved,1989,831000.0,2023,9,80,8.0,774.0,34
SERANGOON,5 ROOM,122.0,Improved,1992,725000.0,2023,9,80,8.0,819.0,31
YISHUN,3 ROOM,73.0,Model A,1988,400000.0,2023,9,80,11.0,762.0,35
BUKIT BATOK,4 ROOM,93.0,Model A,2019,650000.0,2023,9,80,11.0,1133.0,4
YISHUN,2 ROOM,47.0,Model A,2015,315000.0,2023,9,80,5.0,1096.0,8
TAMPINES,3 ROOM,68.0,New Generation,1984,415000.0,2023,9,80,8.0,723.0,39
HOUGANG,EXECUTIVE,146.0,Maisonette,1987,820000.0,2023,9,80,2.0,752.0,36
YISHUN,4 ROOM,104.0,Model A,1988,500000.0,2023,9,80,11.0,771.0,35
JURONG WEST,4 ROOM,103.0,Model A,1997,505000.0,2023,9,80,8.0,876.0,26
JURONG WEST,4 ROOM,91.0,Model A,2001,465000.0,2023,9,80,5.0,927.0,22
PUNGGOL,4 ROOM,93.0,Premium Apartment,2013,600000.0,2023,9,80,8.0,1068.0,10
SENGKANG,5 ROOM,113.0,Improved,2015,708000.0,2023,9,80,20.0,1090.0,8
TOA PAYOH,3 ROOM,81.0,Model A,1984,490000.0,2023,9,80,2.0,719.0,39
SEMBAWANG,3 ROOM,67.0,Model A,2018,428000.0,2023,9,80,14.0,1127.0,5
BUKIT BATOK,3 ROOM,73.0,Model A,1986,373000.0,2023,9,80,8.0,739.0,37
YISHUN,4 ROOM,98.0,New Generation,1992,442000.0,2023,9,80,5.0,814.0,31
YISHUN,3 ROOM,82.0,New Generation,1984,388000.0,2023,9,80,8.0,716.0,39
ANG MO KIO,3 ROOM,68.0,New Generation,1981,360000.0,2023,9,80,2.0,679.0,42
YISHUN,4 ROOM,89.0,Simplified,1987,475000.0,2023,9,80,11.0,750.0,36
KALLANG/WHAMPOA,4 ROOM,91.0,New Generation,1982,583000.0,2023,9,80,5.0,694.0,41
ANG MO KIO,4 ROOM,92.0,New Generation,1979,520000.0,2023,9,80,11.0,663.0,44
WOODLANDS,4 ROOM,90.0,Model A2,1998,480000.0,2023,9,80,8.0,887.0,25
SERANGOON,3 ROOM,71.0,New Generation,1984,390000.0,2023,9,80,2.0,723.0,39
SENGKANG,5 ROOM,110.0,Improved,2001,625000.0,2023,9,80,11.0,922.0,22
TOA PAYOH,2 ROOM,50.0,Standard,1983,260000.0,2023,9,80,11.0,705.0,40
KALLANG/WHAMPOA,3 ROOM,68.0,New Generation,1979,425000.0,2023,9,80,11.0,653.0,44
JURONG EAST,3 ROOM,67.0,Model A,2016,495000.0,2023,9,80,35.0,1108.0,7
GEYLANG,EXECUTIVE,146.0,Maisonette,1987,875000.0,2023,9,80,2.0,752.0,36
CHOA CHU KANG,4 ROOM,105.0,Model A,1990,475000.0,2023,9,80,2.0,791.0,33
HOUGANG,3 ROOM,67.0,New Generation,1985,375000.0,2023,9,80,5.0,724.0,38
TAMPINES,4 ROOM,101.0,Model A,1997,582000.0,2023,9,80,8.0,881.0,26
YISHUN,4 ROOM,84.0,Simplified,1985,430000.0,2023,9,80,8.0,733.0,38
SERANGOON,2 ROOM,44.0,Improved,1978,288000.0,2023,9,80,11.0,644.0,45
BUKIT MERAH,5 ROOM,131.0,Model A,1984,1032000.0,2023,9,80,20.0,718.0,39
TOA PAYOH,4 ROOM,91.0,Model A,2006,942000.0,2023,9,80,32.0,976.0,17
JURONG EAST,3 ROOM,67.0,New Generation,1983,360000.0,2023,9,80,2.0,706.0,40
ANG MO KIO,3 ROOM,67.0,New Generation,1985,386500.0,2023,9,80,2.0,724.0,38
BEDOK,3 ROOM,67.0,New Generation,1983,385000.0,2023,9,80,2.0,701.0,40
PUNGGOL,5 ROOM,110.0,Premium Apartment,2005,600000.0,2023,9,80,17.0,965.0,18
QUEENSTOWN,3 ROOM,67.0,Improved,1974,380000.0,2023,9,80,11.0,597.0,49
JURONG WEST,5 ROOM,110.0,Premium Apartment,2008,550000.0,2023,9,80,2.0,1008.0,15
BUKIT BATOK,4 ROOM,104.0,Model A,1984,480000.0,2023,9,80,8.0,720.0,39
BEDOK,3 ROOM,67.0,New Generation,1977,375000.0,2023,9,80,8.0,635.0,46
JURONG EAST,4 ROOM,90.0,New Generation,1982,465000.0,2023,9,80,8.0,694.0,41
KALLANG/WHAMPOA,4 ROOM,90.0,Model A,2006,880000.0,2023,9,80,14.0,986.0,17
CHOA CHU KANG,4 ROOM,93.0,Model A,2016,510000.0,2023,9,80,14.0,1103.0,7
SEMBAWANG,4 ROOM,100.0,Model A,1999,480000.0,2023,9,80,5.0,899.0,24
TAMPINES,3 ROOM,79.0,Model A,1985,440000.0,2023,9,80,5.0,736.0,38
BUKIT PANJANG,4 ROOM,93.0,Model A,2013,630000.0,2023,9,80,32.0,1072.0,10
KALLANG/WHAMPOA,4 ROOM,84.0,Simplified,1985,568000.0,2023,9,80,8.0,728.0,38
JURONG WEST,5 ROOM,135.0,Model A,1993,545000.0,2023,9,80,2.0,826.0,30
PUNGGOL,4 ROOM,90.0,Premium Apartment,2007,558000.0,2023,9,80,8.0,996.0,16
JURONG WEST,5 ROOM,126.0,Improved,1996,560000.0,2023,9,80,5.0,860.0,27
SENGKANG,5 ROOM,110.0,Improved,2005,605000.0,2023,9,80,14.0,966.0,18
WOODLANDS,4 ROOM,97.0,New Generation,1977,405000.0,2023,9,80,11.0,631.0,46
BUKIT MERAH,4 ROOM,84.0,Simplified,1986,600000.0,2023,9,80,11.0,745.0,37
SENGKANG,5 ROOM,110.0,Improved,2003,680000.0,2023,9,80,11.0,942.0,20
BEDOK,4 ROOM,92.0,New Generation,1979,450000.0,2023,9,80,8.0,658.0,44
YISHUN,3 ROOM,68.0,Model A,2018,442000.0,2023,9,80,8.0,1121.0,5
JURONG WEST,5 ROOM,110.0,Improved,2002,578000.0,2023,9,80,8.0,929.0,21
BEDOK,4 ROOM,93.0,Model A,2018,780000.0,2023,9,80,5.0,1132.0,5
BUKIT PANJANG,4 ROOM,93.0,Model A,2016,520000.0,2023,9,80,5.0,1108.0,7
PUNGGOL,EXECUTIVE,128.0,Premium Apartment,2004,750000.0,2023,9,80,8.0,956.0,19
KALLANG/WHAMPOA,4 ROOM,90.0,Model A,2006,815000.0,2023,9,80,11.0,985.0,17
WOODLANDS,3 ROOM,73.0,New Generation,1980,340000.0,2023,9,80,14.0,665.0,43
BUKIT BATOK,3 ROOM,67.0,Model A,2019,442000.0,2023,9,80,8.0,1135.0,4
JURONG WEST,3 ROOM,67.0,New Generation,1985,365000.0,2023,9,80,2.0,729.0,38
ANG MO KIO,4 ROOM,91.0,DBSS,2011,880000.0,2023,9,80,11.0,1044.0,12
SERANGOON,4 ROOM,84.0,Simplified,1985,640000.0,2023,9,80,5.0,733.0,38
BUKIT BATOK,3 ROOM,69.0,New Generation,1985,366000.0,2023,9,80,8.0,731.0,38
WOODLANDS,5 ROOM,122.0,Improved,1998,603000.0,2023,9,80,8.0,881.0,25
PUNGGOL,2 ROOM,37.0,Model A,2018,310000.0,2023,9,80,11.0,1131.0,5
PUNGGOL,5 ROOM,113.0,Premium Apartment,2016,785000.0,2023,9,80,17.0,1098.0,7
WOODLANDS,4 ROOM,93.0,Model A,2017,585000.0,2023,9,80,11.0,1115.0,6
PASIR RIS,4 ROOM,86.0,DBSS,2015,719888.0,2023,9,80,5.0,1089.0,8
GEYLANG,5 ROOM,110.0,Improved,2006,950000.0,2023,9,80,11.0,986.0,17
CLEMENTI,4 ROOM,92.0,New Generation,1979,588000.0,2023,9,80,8.0,662.0,44
WOODLANDS,EXECUTIVE,131.0,Apartment,2001,720000.0,2023,9,80,11.0,921.0,22
BUKIT MERAH,4 ROOM,108.0,Model A,1984,570000.0,2023,9,80,2.0,716.0,39
PUNGGOL,5 ROOM,113.0,Premium Apartment,2018,812000.0,2023,9,80,2.0,1127.0,5
WOODLANDS,3 ROOM,60.0,Improved,1985,307000.0,2023,9,80,8.0,724.0,38
BUKIT PANJANG,4 ROOM,92.0,Model A,2015,576000.0,2023,9,80,11.0,1094.0,8
WOODLANDS,4 ROOM,91.0,New Generation,1977,400000.0,2023,9,80,8.0,639.0,46
BUKIT MERAH,5 ROOM,128.0,Improved,1997,890000.0,2023,9,80,8.0,869.0,26
BUKIT MERAH,3 ROOM,60.0,Model A,2009,655000.0,2023,9,80,20.0,1012.0,14
WOODLANDS,5 ROOM,124.0,Standard,1978,505000.0,2023,9,80,8.0,644.0,45
CHOA CHU KANG,5 ROOM,120.0,Improved,1989,500000.0,2023,9,80,2.0,777.0,34
TOA PAYOH,3 ROOM,68.0,Improved,1968,390000.0,2023,9,80,11.0,526.0,55
CLEMENTI,4 ROOM,91.0,New Generation,1978,500000.0,2023,9,80,8.0,640.0,45
HOUGANG,4 ROOM,90.0,Model A,2003,505000.0,2023,9,80,2.0,947.0,20
PUNGGOL,4 ROOM,92.0,Model A,2015,645888.0,2023,9,80,11.0,1090.0,8
JURONG WEST,4 ROOM,90.0,Model A,2000,528800.0,2023,9,80,14.0,914.0,23
BUKIT BATOK,3 ROOM,59.0,Improved,1985,336000.0,2023,9,80,8.0,725.0,38
PUNGGOL,5 ROOM,122.0,Premium Apartment,2019,938888.0,2023,9,80,8.0,1135.0,4
SEMBAWANG,2 ROOM,38.0,Model A,2019,325000.0,2023,9,80,8.0,1137.0,4
YISHUN,4 ROOM,92.0,Model A,2015,530888.0,2023,9,80,5.0,1093.0,8
BISHAN,4 ROOM,103.0,Model A,1992,742000.0,2023,9,80,14.0,812.0,31
YISHUN,3 ROOM,67.0,New Generation,1985,408000.0,2023,9,80,5.0,734.0,38
BUKIT BATOK,5 ROOM,113.0,Improved,2019,820000.0,2023,9,80,11.0,1132.0,4
ANG MO KIO,4 ROOM,88.0,New Generation,1976,476000.0,2023,9,80,5.0,622.0,47
PUNGGOL,5 ROOM,110.0,Improved,2004,575888.0,2023,9,80,8.0,952.0,19
SEMBAWANG,4 ROOM,93.0,Model A,2018,638000.0,2023,9,80,11.0,1126.0,5
SERANGOON,3 ROOM,64.0,Simplified,1985,500000.0,2023,9,80,14.0,736.0,38
KALLANG/WHAMPOA,4 ROOM,93.0,Model A,2017,915000.0,2023,9,80,8.0,1120.0,6
TAMPINES,4 ROOM,93.0,Model A,2017,688000.0,2023,9,80,8.0,1113.0,6
JURONG WEST,4 ROOM,106.0,Model A,1993,453000.0,2023,9,80,2.0,831.0,30
BUKIT PANJANG,4 ROOM,93.0,Model A,2016,565000.0,2023,9,80,14.0,1108.0,7
BUKIT BATOK,4 ROOM,92.0,Model A,2004,525000.0,2023,9,80,8.0,962.0,19
ANG MO KIO,3 ROOM,73.0,New Generation,1979,390000.0,2023,9,80,8.0,653.0,44
TAMPINES,3 ROOM,74.0,Model A,1985,420000.0,2023,9,80,5.0,729.0,38
PASIR RIS,EXECUTIVE,143.0,Apartment,1992,870000.0,2023,10,81,2.0,819.0,31
CLEMENTI,4 ROOM,91.0,Model A,2013,855000.0,2023,10,81,17.0,1068.0,10
BUKIT BATOK,5 ROOM,113.0,Improved,2020,745000.0,2023,10,81,5.0,1145.0,3
YISHUN,4 ROOM,92.0,Model A,2015,590000.0,2023,10,81,8.0,1093.0,8
WOODLANDS,4 ROOM,91.0,Model A2,1997,480000.0,2023,10,81,8.0,874.0,26
PASIR RIS,EXECUTIVE,144.0,Apartment,1992,945000.0,2023,10,81,11.0,819.0,31
TAMPINES,5 ROOM,122.0,Improved,1987,700000.0,2023,10,81,8.0,757.0,36
PUNGGOL,4 ROOM,93.0,Model A,2016,585000.0,2023,10,81,5.0,1107.0,7
WOODLANDS,EXECUTIVE,148.0,Apartment,1996,810000.0,2023,10,81,8.0,857.0,27
CLEMENTI,3 ROOM,61.0,Model A,2003,500000.0,2023,10,81,20.0,941.0,20
SENGKANG,2 ROOM,47.0,Model A,2018,371000.0,2023,10,81,14.0,1126.0,5
KALLANG/WHAMPOA,3 ROOM,65.0,Improved,1975,380000.0,2023,10,81,17.0,605.0,48
GEYLANG,4 ROOM,92.0,New Generation,1980,538000.0,2023,10,81,5.0,672.0,43
SEMBAWANG,3 ROOM,67.0,Model A,2018,430000.0,2023,10,81,5.0,1126.0,5
TOA PAYOH,3 ROOM,75.0,Model A,1984,490000.0,2023,10,81,5.0,716.0,39
CHOA CHU KANG,4 ROOM,111.0,Model A,1997,548000.0,2023,10,81,14.0,867.0,26
BUKIT MERAH,5 ROOM,137.0,Improved,1980,850000.0,2023,10,81,8.0,675.0,43
TAMPINES,4 ROOM,105.0,Model A,1984,568888.0,2023,10,81,11.0,718.0,39
TOA PAYOH,5 ROOM,110.0,DBSS,2012,975000.0,2023,10,81,5.0,1052.0,11
WOODLANDS,5 ROOM,113.0,Improved,2019,720000.0,2023,10,81,11.0,1140.0,4
TOA PAYOH,3 ROOM,65.0,Improved,1968,353000.0,2023,10,81,5.0,525.0,55
TAMPINES,4 ROOM,93.0,Model A,2017,680888.0,2023,10,81,8.0,1112.0,6
PASIR RIS,4 ROOM,110.0,Model A,1995,660000.0,2023,10,81,17.0,853.0,28
TAMPINES,4 ROOM,100.0,Model A,1997,630000.0,2023,10,81,14.0,874.0,26
JURONG WEST,4 ROOM,107.0,Model A,1993,478000.0,2023,10,81,8.0,827.0,30
ANG MO KIO,3 ROOM,73.0,New Generation,1976,380000.0,2023,10,81,11.0,618.0,47
BEDOK,3 ROOM,68.0,New Generation,1982,375000.0,2023,10,81,8.0,692.0,41
ANG MO KIO,3 ROOM,73.0,New Generation,1978,430000.0,2023,10,81,8.0,643.0,45
YISHUN,4 ROOM,84.0,Simplified,1986,420000.0,2023,10,81,5.0,745.0,37
HOUGANG,4 ROOM,93.0,Model A,2018,590000.0,2023,10,81,14.0,1130.0,5
ANG MO KIO,5 ROOM,113.0,Improved,2018,1080000.0,2023,10,81,8.0,1124.0,5
SENGKANG,4 ROOM,92.0,Premium Apartment,2015,630000.0,2023,10,81,11.0,1095.0,8
PASIR RIS,4 ROOM,105.0,Model A,1989,550000.0,2023,10,81,8.0,781.0,34
SEMBAWANG,5 ROOM,113.0,Improved,2018,738888.0,2023,10,81,14.0,1124.0,5
SENGKANG,5 ROOM,112.0,Premium Apartment,2002,560000.0,2023,10,81,5.0,937.0,21
SENGKANG,4 ROOM,92.0,Model A,2015,588000.0,2023,10,81,20.0,1088.0,8
BUKIT MERAH,3 ROOM,73.0,New Generation,1976,458000.0,2023,10,81,11.0,624.0,47
TAMPINES,3 ROOM,75.0,Model A,1982,423000.0,2023,10,81,8.0,689.0,41
PUNGGOL,5 ROOM,110.0,Improved,2003,598000.0,2023,10,81,14.0,941.0,20
BEDOK,4 ROOM,92.0,New Generation,1979,468000.0,2023,10,81,5.0,658.0,44
BUKIT MERAH,4 ROOM,93.0,Model A,2019,1100000.0,2023,10,81,32.0,1136.0,4
WOODLANDS,EXECUTIVE,146.0,Maisonette,1988,805000.0,2023,10,81,2.0,766.0,35
SEMBAWANG,5 ROOM,110.0,Improved,2000,525000.0,2023,10,81,8.0,911.0,23
SENGKANG,5 ROOM,110.0,Premium Apartment,2003,595000.0,2023,10,81,11.0,944.0,20
CLEMENTI,4 ROOM,92.0,New Generation,1981,556000.0,2023,10,81,8.0,682.0,42
TAMPINES,4 ROOM,107.0,Model A,1996,525000.0,2023,10,81,11.0,861.0,27
JURONG WEST,2 ROOM,38.0,Model A,2019,293000.0,2023,10,81,14.0,1136.0,4
JURONG WEST,3 ROOM,68.0,Model A,2019,420000.0,2023,10,81,11.0,1136.0,4
SEMBAWANG,5 ROOM,113.0,Improved,2018,733000.0,2023,10,81,5.0,1120.0,5
HOUGANG,4 ROOM,105.0,Model A,1992,510000.0,2023,10,81,2.0,816.0,31
GEYLANG,4 ROOM,93.0,Model A,2005,800000.0,2023,10,81,11.0,966.0,18
PUNGGOL,3 ROOM,67.0,Model A,2014,470000.0,2023,10,81,8.0,1076.0,9
HOUGANG,3 ROOM,68.0,Model A,2019,460000.0,2023,10,81,5.0,1143.0,4
HOUGANG,4 ROOM,93.0,Model A,2019,635000.0,2023,10,81,14.0,1136.0,4
SENGKANG,4 ROOM,92.0,Model A,2015,575888.0,2023,10,81,14.0,1087.0,8
WOODLANDS,4 ROOM,101.0,Model A,1997,495000.0,2023,10,81,14.0,879.0,26
CLEMENTI,5 ROOM,105.0,DBSS,2014,1030000.0,2023,10,81,8.0,1083.0,9
KALLANG/WHAMPOA,3 ROOM,67.0,Model A,2017,610000.0,2023,10,81,23.0,1117.0,6
KALLANG/WHAMPOA,5 ROOM,127.0,Improved,1986,810000.0,2023,10,81,5.0,736.0,37
WOODLANDS,5 ROOM,118.0,Improved,1997,560000.0,2023,10,81,8.0,876.0,26
SENGKANG,2 ROOM,47.0,Model A,2019,338000.0,2023,10,81,11.0,1136.0,4
CLEMENTI,3 ROOM,73.0,Model A,2013,608000.0,2023,10,81,8.0,1067.0,10
ANG MO KIO,EXECUTIVE,163.0,Adjoined flat,1980,995000.0,2023,10,81,11.0,663.0,43
TOA PAYOH,3 ROOM,65.0,Improved,1972,330000.0,2023,10,81,5.0,567.0,51
ANG MO KIO,5 ROOM,119.0,Improved,1979,612000.0,2023,10,81,2.0,656.0,44
PASIR RIS,4 ROOM,103.0,Model A,1989,538888.0,2023,10,81,5.0,783.0,34
CHOA CHU KANG,4 ROOM,104.0,Model A,1993,490000.0,2023,10,81,11.0,825.0,30
JURONG WEST,4 ROOM,93.0,Premium Apartment,2000,545000.0,2023,10,81,8.0,912.0,23
GEYLANG,EXECUTIVE,155.0,Maisonette,1987,880000.0,2023,10,81,2.0,751.0,36
BEDOK,3 ROOM,68.0,New Generation,1979,368000.0,2023,10,81,11.0,659.0,44
TOA PAYOH,3 ROOM,67.0,Improved,1970,330000.0,2023,10,81,5.0,550.0,53
JURONG WEST,3 ROOM,59.0,Improved,1975,280000.0,2023,10,81,20.0,613.0,48
WOODLANDS,4 ROOM,103.0,Model A,1985,468000.0,2023,10,81,5.0,725.0,38
BUKIT BATOK,5 ROOM,122.0,Improved,1998,670000.0,2023,10,81,8.0,886.0,25
JURONG WEST,4 ROOM,100.0,Model A,1998,475000.0,2023,10,81,8.0,885.0,25
YISHUN,2 ROOM,47.0,Model A,2019,320000.0,2023,10,81,14.0,1138.0,4
WOODLANDS,5 ROOM,120.0,Improved,1998,586000.0,2023,10,81,11.0,883.0,25
ANG MO KIO,3 ROOM,81.0,New Generation,1980,425000.0,2023,10,81,2.0,669.0,43
ANG MO KIO,3 ROOM,74.0,New Generation,1978,395000.0,2023,10,81,11.0,639.0,45
SEMBAWANG,5 ROOM,110.0,Improved,2001,635000.0,2023,10,81,11.0,924.0,22
HOUGANG,4 ROOM,93.0,Model A,2015,525000.0,2023,10,81,2.0,1084.0,8
TAMPINES,4 ROOM,92.0,New Generation,1985,563000.0,2023,10,81,11.0,726.0,38
SENGKANG,5 ROOM,110.0,Premium Apartment,2005,602000.0,2023,10,81,17.0,963.0,18
JURONG WEST,3 ROOM,68.0,Model A,2014,428000.0,2023,10,81,14.0,1075.0,9
PUNGGOL,5 ROOM,112.0,Premium Apartment,2016,768000.0,2023,10,81,8.0,1100.0,7
ANG MO KIO,5 ROOM,110.0,Improved,2001,750000.0,2023,10,81,2.0,927.0,22
ANG MO KIO,3 ROOM,68.0,New Generation,1980,428000.0,2023,10,81,11.0,670.0,43
JURONG EAST,3 ROOM,74.0,Model A,1984,410000.0,2023,10,81,11.0,714.0,39
KALLANG/WHAMPOA,3 ROOM,67.0,New Generation,1984,385000.0,2023,10,81,5.0,722.0,39
HOUGANG,4 ROOM,101.0,Model A,1999,570000.0,2023,10,81,11.0,901.0,24
YISHUN,3 ROOM,68.0,Model A,2019,460000.0,2023,10,81,11.0,1139.0,4
SENGKANG,4 ROOM,94.0,Model A,2018,668888.0,2023,10,81,14.0,1126.0,5
SENGKANG,4 ROOM,90.0,Model A,2002,522000.0,2023,10,81,14.0,934.0,21
CLEMENTI,4 ROOM,99.0,Model A,2013,850000.0,2023,10,81,11.0,1067.0,10
KALLANG/WHAMPOA,3 ROOM,60.0,Standard,1969,340000.0,2023,10,81,8.0,532.0,54
PUNGGOL,5 ROOM,110.0,Premium Apartment,2003,580000.0,2023,10,81,2.0,948.0,20
BUKIT BATOK,3 ROOM,73.0,Model A,1985,355000.0,2023,10,81,5.0,729.0,38
ANG MO KIO,3 ROOM,73.0,New Generation,1977,412000.0,2023,10,81,5.0,632.0,46
SENGKANG,4 ROOM,87.0,Model A2,2000,488000.0,2023,10,81,8.0,914.0,23
KALLANG/WHAMPOA,3 ROOM,69.0,Model A,2012,590000.0,2023,10,81,5.0,1052.0,11
BUKIT MERAH,3 ROOM,72.0,New Generation,1980,508000.0,2023,10,81,8.0,674.0,43
SENGKANG,4 ROOM,92.0,Premium Apartment,2009,780000.0,2023,10,81,11.0,1016.0,14
BUKIT PANJANG,4 ROOM,101.0,Model A,1998,503000.0,2023,10,81,14.0,883.0,25
QUEENSTOWN,3 ROOM,60.0,Standard,1967,340000.0,2023,10,81,8.0,508.0,56
BUKIT BATOK,4 ROOM,103.0,Model A,1985,530000.0,2023,10,81,11.0,726.0,38
BEDOK,4 ROOM,92.0,New Generation,1978,510000.0,2023,10,81,8.0,643.0,45
CLEMENTI,3 ROOM,67.0,New Generation,1979,340000.0,2023,10,81,8.0,661.0,44
CHOA CHU KANG,5 ROOM,122.0,Improved,1999,591680.0,2023,10,81,11.0,895.0,24
WOODLANDS,4 ROOM,100.0,Model A,2000,473000.0,2023,10,81,2.0,911.0,23
TOA PAYOH,3 ROOM,67.0,New Generation,1984,367500.0,2023,10,81,5.0,721.0,39
BUKIT MERAH,4 ROOM,93.0,Model A,2013,951000.0,2023,10,81,23.0,1060.0,10
BEDOK,3 ROOM,82.0,New Generation,1979,430000.0,2023,10,81,8.0,658.0,44
BEDOK,3 ROOM,74.0,Improved,1982,380000.0,2023,10,81,5.0,696.0,41
BUKIT BATOK,3 ROOM,68.0,Model A,2019,515000.0,2023,10,81,20.0,1132.0,4
PUNGGOL,4 ROOM,93.0,Model A,2016,650000.0,2023,10,81,17.0,1107.0,7
HOUGANG,4 ROOM,102.0,Model A,1992,600000.0,2023,10,81,8.0,816.0,31
BUKIT MERAH,4 ROOM,90.0,Model A,2008,790000.0,2023,10,81,20.0,1011.0,15
PUNGGOL,5 ROOM,113.0,Improved,2016,740000.0,2023,10,81,14.0,1100.0,7
PUNGGOL,4 ROOM,90.0,Premium Apartment,2007,512000.0,2023,10,81,5.0,995.0,16
HOUGANG,4 ROOM,105.0,Model A,1992,585000.0,2023,10,81,11.0,816.0,31
PASIR RIS,5 ROOM,122.0,Improved,1990,735000.0,2023,10,81,5.0,786.0,33
PUNGGOL,4 ROOM,86.0,Model A,2004,489988.0,2023,10,81,14.0,952.0,19
PASIR RIS,3 ROOM,77.0,Improved,1980,358000.0,2023,10,81,2.0,670.0,43
PASIR RIS,4 ROOM,104.0,Model A,1989,560000.0,2023,10,81,11.0,774.0,34
SEMBAWANG,4 ROOM,94.0,Model A,2010,498888.0,2023,10,81,11.0,1031.0,13
BUKIT MERAH,3 ROOM,68.0,Model A,2018,586000.0,2023,10,81,5.0,1131.0,5
BUKIT PANJANG,5 ROOM,110.0,Premium Apartment,2003,820000.0,2023,10,81,17.0,943.0,20
GEYLANG,4 ROOM,83.0,Simplified,2000,500000.0,2023,10,81,2.0,908.0,23
ANG MO KIO,3 ROOM,75.0,New Generation,1980,388000.0,2023,10,81,2.0,673.0,43
QUEENSTOWN,3 ROOM,69.0,Improved,1970,405000.0,2023,10,81,14.0,544.0,53
SEMBAWANG,4 ROOM,93.0,Model A,2018,588888.0,2023,10,81,8.0,1125.0,5
TAMPINES,EXECUTIVE,146.0,Maisonette,1988,902000.0,2023,10,81,5.0,767.0,35
MARINE PARADE,3 ROOM,76.0,Improved,1976,511000.0,2023,10,81,8.0,617.0,47
WOODLANDS,5 ROOM,126.0,Premium Apartment,2000,630000.0,2023,10,81,11.0,912.0,23
SENGKANG,3 ROOM,68.0,Premium Apartment,2017,426000.0,2023,10,81,8.0,1117.0,6
PUNGGOL,4 ROOM,95.0,Model A,2014,618000.0,2023,10,81,14.0,1075.0,9
TAMPINES,3 ROOM,73.0,Model A,1985,435000.0,2023,10,81,8.0,727.0,38
TAMPINES,3 ROOM,74.0,Model A,1984,415000.0,2023,10,81,8.0,723.0,39
PASIR RIS,5 ROOM,122.0,Improved,1995,682000.0,2023,10,81,11.0,847.0,28
BUKIT BATOK,5 ROOM,114.0,Improved,2019,738000.0,2023,10,81,11.0,1140.0,4
CLEMENTI,3 ROOM,68.0,New Generation,1980,345000.0,2023,10,81,2.0,671.0,43
SEMBAWANG,4 ROOM,95.0,Premium Apartment,2001,528000.0,2023,10,81,11.0,920.0,22
TAMPINES,4 ROOM,93.0,Model A,2017,690000.0,2023,10,81,5.0,1112.0,6
JURONG EAST,4 ROOM,91.0,New Generation,1984,460000.0,2023,10,81,11.0,720.0,39
GEYLANG,4 ROOM,93.0,Model A,2016,870000.0,2023,10,81,14.0,1105.0,7
WOODLANDS,EXECUTIVE,176.0,Apartment,1995,850000.0,2023,10,81,8.0,846.0,28
SEMBAWANG,4 ROOM,93.0,Model A,2019,595000.0,2023,10,81,14.0,1135.0,4
BEDOK,4 ROOM,104.0,Model A,1984,498000.0,2023,10,81,2.0,711.0,39
KALLANG/WHAMPOA,5 ROOM,105.0,Improved,2004,778000.0,2023,10,81,26.0,957.0,19
BUKIT BATOK,5 ROOM,114.0,Improved,2019,775000.0,2023,10,81,11.0,1140.0,4
SENGKANG,5 ROOM,110.0,Improved,2002,600000.0,2023,10,81,8.0,928.0,21
WOODLANDS,2 ROOM,47.0,Model A,2018,343000.0,2023,10,81,11.0,1128.0,5
HOUGANG,4 ROOM,92.0,Model A,2019,555000.0,2023,10,81,5.0,1140.0,4
SENGKANG,4 ROOM,93.0,Model A,2018,588000.0,2023,10,81,8.0,1124.0,5
WOODLANDS,3 ROOM,73.0,Model A,1993,375000.0,2023,10,81,5.0,823.0,30
JURONG WEST,2 ROOM,47.0,Model A,2019,317000.0,2023,10,81,17.0,1137.0,4
TAMPINES,3 ROOM,64.0,Simplified,1987,405000.0,2023,10,81,11.0,756.0,36
ANG MO KIO,3 ROOM,67.0,New Generation,1979,338000.0,2023,10,81,5.0,657.0,44
WOODLANDS,5 ROOM,120.0,Improved,2000,565000.0,2023,10,81,2.0,905.0,23
ANG MO KIO,3 ROOM,68.0,New Generation,1981,399000.0,2023,10,81,11.0,675.0,42
TOA PAYOH,2 ROOM,43.0,Standard,1967,260000.0,2023,10,81,8.0,513.0,56
BEDOK,5 ROOM,123.0,Standard,1977,838000.0,2023,10,81,20.0,636.0,46
SENGKANG,5 ROOM,121.0,Improved,2000,643000.0,2023,10,81,8.0,905.0,23
SENGKANG,4 ROOM,102.0,Model A,1999,460000.0,2023,10,81,2.0,892.0,24
SEMBAWANG,4 ROOM,93.0,Model A,2018,570000.0,2023,10,81,5.0,1124.0,5
ANG MO KIO,5 ROOM,119.0,Improved,1979,685000.0,2023,10,81,23.0,656.0,44
CHOA CHU KANG,4 ROOM,93.0,Model A,2017,528000.0,2023,10,81,8.0,1119.0,6
ANG MO KIO,5 ROOM,118.0,Improved,1981,638000.0,2023,10,81,20.0,676.0,42
KALLANG/WHAMPOA,4 ROOM,100.0,Model A,1998,775000.0,2023,10,81,14.0,891.0,25
SEMBAWANG,5 ROOM,110.0,Improved,2004,580000.0,2023,10,81,14.0,955.0,19
SEMBAWANG,4 ROOM,94.0,Model A,2010,530000.0,2023,10,81,17.0,1031.0,13
WOODLANDS,4 ROOM,105.0,Model A,1996,547000.0,2023,10,81,2.0,865.0,27
PUNGGOL,4 ROOM,93.0,Premium Apartment,2018,625000.0,2023,10,81,11.0,1121.0,5
SENGKANG,4 ROOM,93.0,Premium Apartment,2010,720000.0,2023,10,81,14.0,1028.0,13
SENGKANG,5 ROOM,112.0,Improved,2015,682000.0,2023,10,81,11.0,1088.0,8
CLEMENTI,5 ROOM,117.0,Standard,1978,738000.0,2023,10,81,5.0,642.0,45
CLEMENTI,3 ROOM,67.0,New Generation,1979,367000.0,2023,10,81,8.0,662.0,44
MARINE PARADE,4 ROOM,87.0,Improved,1976,605000.0,2023,10,81,5.0,615.0,47
PUNGGOL,5 ROOM,112.0,Premium Apartment,2016,820000.0,2023,10,81,5.0,1101.0,7
PUNGGOL,5 ROOM,114.0,Premium Apartment,2004,612000.0,2023,10,81,5.0,955.0,19
JURONG WEST,4 ROOM,105.0,Model A,1984,500000.0,2023,10,81,2.0,716.0,39
ANG MO KIO,3 ROOM,74.0,New Generation,1978,423000.0,2023,10,81,8.0,643.0,45
WOODLANDS,5 ROOM,135.0,Model A,1996,622000.0,2023,10,81,5.0,855.0,27
TAMPINES,4 ROOM,92.0,Model A,2018,620000.0,2023,10,81,2.0,1130.0,5
JURONG EAST,4 ROOM,95.0,New Generation,1983,535000.0,2023,10,81,5.0,704.0,40
YISHUN,4 ROOM,93.0,Model A,2018,570000.0,2023,10,81,11.0,1123.0,5
BUKIT BATOK,4 ROOM,113.0,Model A,1989,598000.0,2023,10,81,11.0,773.0,34
ANG MO KIO,4 ROOM,95.0,Model A,2001,726000.0,2023,10,81,5.0,925.0,22
SENGKANG,3 ROOM,68.0,Model A,2013,462000.0,2023,10,81,17.0,1060.0,10
TOA PAYOH,3 ROOM,66.0,Improved,1970,380000.0,2023,10,81,5.0,543.0,53
SENGKANG,5 ROOM,112.0,Improved,2015,760000.0,2023,10,81,8.0,1088.0,8
PUNGGOL,4 ROOM,92.0,Model A,2017,570000.0,2023,10,81,8.0,1113.0,6
PASIR RIS,4 ROOM,112.0,Model A,1989,599000.0,2023,10,81,8.0,780.0,34
QUEENSTOWN,4 ROOM,92.0,Model A,2012,1150000.0,2023,10,81,32.0,1056.0,11
ANG MO KIO,3 ROOM,75.0,New Generation,1980,408888.0,2023,10,81,11.0,674.0,43
SENGKANG,4 ROOM,95.0,Premium Apartment,2004,558000.0,2023,10,81,20.0,958.0,19
PASIR RIS,EXECUTIVE,150.0,Apartment,1993,770000.0,2023,10,81,8.0,826.0,30
PASIR RIS,4 ROOM,86.0,DBSS,2015,692500.0,2023,10,81,2.0,1088.0,8
YISHUN,3 ROOM,68.0,New Generation,1985,387000.0,2023,10,81,11.0,723.0,38
TAMPINES,5 ROOM,122.0,Improved,1988,630000.0,2023,10,81,2.0,765.0,35
ANG MO KIO,3 ROOM,68.0,New Generation,1981,382000.0,2023,10,81,5.0,679.0,42
PASIR RIS,EXECUTIVE,150.0,Maisonette,1989,888000.0,2023,10,81,8.0,782.0,34
JURONG WEST,EXECUTIVE,154.0,Apartment,1995,758888.0,2023,10,81,11.0,853.0,28
JURONG WEST,4 ROOM,105.0,Model A,1989,464000.0,2023,10,81,8.0,778.0,34
CHOA CHU KANG,4 ROOM,105.0,Model A,1993,500000.0,2023,10,81,8.0,825.0,30
ANG MO KIO,3 ROOM,60.0,Improved,1986,350000.0,2023,10,81,2.0,736.0,37
BEDOK,4 ROOM,92.0,New Generation,1980,525000.0,2023,10,81,5.0,666.0,43
HOUGANG,4 ROOM,101.0,Model A,1999,550000.0,2023,10,81,8.0,901.0,24
GEYLANG,3 ROOM,56.0,Standard,1969,335000.0,2023,10,81,8.0,532.0,54
JURONG EAST,5 ROOM,121.0,Improved,1999,645000.0,2023,10,81,5.0,894.0,24
ANG MO KIO,4 ROOM,91.0,New Generation,1980,450000.0,2023,10,81,5.0,670.0,43
BUKIT BATOK,4 ROOM,103.0,Model A,1985,530000.0,2023,10,81,8.0,725.0,38
HOUGANG,3 ROOM,82.0,New Generation,1982,425000.0,2023,10,81,5.0,697.0,41
HOUGANG,2 ROOM,38.0,Model A,2019,345000.0,2023,10,81,14.0,1137.0,4
BUKIT BATOK,3 ROOM,59.0,Improved,1985,348000.0,2023,10,81,11.0,724.0,38
PUNGGOL,4 ROOM,95.0,Model A,2014,630000.0,2023,10,81,14.0,1074.0,9
PUNGGOL,5 ROOM,116.0,Premium Apartment,2019,910000.0,2023,10,81,8.0,1134.0,4
SENGKANG,5 ROOM,110.0,Improved,2001,577000.0,2023,10,81,14.0,926.0,22
JURONG WEST,EXECUTIVE,145.0,Apartment,1993,690000.0,2023,11,82,8.0,823.0,30
TAMPINES,EXECUTIVE,146.0,Maisonette,1987,942000.0,2023,11,82,8.0,757.0,36
BISHAN,3 ROOM,67.0,New Generation,1985,512000.0,2023,11,82,5.0,728.0,38
BUKIT MERAH,4 ROOM,92.0,Model A,2017,765000.0,2023,11,82,14.0,1117.0,6
BISHAN,4 ROOM,104.0,Model A,1988,777000.0,2023,11,82,8.0,765.0,35
BUKIT MERAH,5 ROOM,110.0,Improved,2003,1000000.0,2023,11,82,26.0,944.0,20
ANG MO KIO,3 ROOM,67.0,New Generation,1984,370000.0,2023,11,82,5.0,711.0,39
BUKIT MERAH,4 ROOM,82.0,Improved,1976,460600.0,2023,11,82,14.0,618.0,47
HOUGANG,4 ROOM,92.0,Model A,2017,597000.0,2023,11,82,5.0,1116.0,6
TAMPINES,5 ROOM,114.0,Improved,2017,790000.0,2023,11,82,5.0,1108.0,6
TAMPINES,3 ROOM,67.0,New Generation,1985,416000.0,2023,11,82,5.0,728.0,38
TAMPINES,4 ROOM,104.0,Model A,1988,607000.0,2023,11,82,11.0,764.0,35
BUKIT PANJANG,3 ROOM,73.0,Model A,1988,448000.0,2023,11,82,8.0,769.0,35
CHOA CHU KANG,4 ROOM,103.0,Premium Apartment,1999,470000.0,2023,11,82,5.0,902.0,24
HOUGANG,4 ROOM,92.0,Model A,2018,675000.0,2023,11,82,8.0,1119.0,5
PUNGGOL,3 ROOM,68.0,Model A,2018,480000.0,2023,11,82,17.0,1130.0,5
KALLANG/WHAMPOA,4 ROOM,135.0,New Generation,1984,838000.0,2023,11,82,11.0,717.0,39
JURONG EAST,4 ROOM,99.0,New Generation,1981,436000.0,2023,11,82,5.0,681.0,42
TAMPINES,4 ROOM,104.0,Model A,1985,547500.0,2023,11,82,8.0,724.0,38
KALLANG/WHAMPOA,4 ROOM,93.0,Model A,2017,775000.0,2023,11,82,11.0,1117.0,6
JURONG WEST,4 ROOM,93.0,Premium Apartment,2008,488000.0,2023,11,82,2.0,1003.0,15
TAMPINES,3 ROOM,74.0,Model A,1984,430000.0,2023,11,82,11.0,717.0,39
SEMBAWANG,4 ROOM,93.0,Model A,2018,545000.0,2023,11,82,2.0,1122.0,5
KALLANG/WHAMPOA,3 ROOM,67.0,Model A,2017,540000.0,2023,11,82,11.0,1117.0,6
GEYLANG,4 ROOM,92.0,New Generation,1976,605168.0,2023,11,82,8.0,621.0,47
TAMPINES,4 ROOM,93.0,Model A,2018,670000.0,2023,11,82,11.0,1129.0,5
HOUGANG,4 ROOM,100.0,Model A,1998,558000.0,2023,11,82,11.0,890.0,25
YISHUN,3 ROOM,67.0,New Generation,1984,370000.0,2023,11,82,8.0,718.0,39
BUKIT MERAH,4 ROOM,98.0,New Generation,1978,618000.0,2023,11,82,5.0,644.0,45
CLEMENTI,3 ROOM,67.0,New Generation,1979,385000.0,2023,11,82,11.0,654.0,44
WOODLANDS,4 ROOM,91.0,Model A2,1997,470000.0,2023,11,82,5.0,875.0,26
JURONG WEST,3 ROOM,68.0,Model A,2019,455000.0,2023,11,82,17.0,1134.0,4
SENGKANG,5 ROOM,113.0,Improved,2016,765000.0,2023,11,82,14.0,1105.0,7
SENGKANG,4 ROOM,93.0,Model A,2012,560000.0,2023,11,82,11.0,1047.0,11
SERANGOON,4 ROOM,92.0,New Generation,1985,583000.0,2023,11,82,8.0,724.0,38
HOUGANG,4 ROOM,92.0,Model A,2018,773888.0,2023,11,82,17.0,1120.0,5
WOODLANDS,EXECUTIVE,145.0,Maisonette,1996,790000.0,2023,11,82,5.0,864.0,27
PUNGGOL,3 ROOM,67.0,Model A,2015,460000.0,2023,11,82,11.0,1088.0,8
PUNGGOL,5 ROOM,113.0,Improved,2017,655000.0,2023,11,82,5.0,1110.0,6
CLEMENTI,EXECUTIVE,150.0,Maisonette,1985,960000.0,2023,11,82,2.0,727.0,38
YISHUN,3 ROOM,68.0,Model A,2018,455000.0,2023,11,82,11.0,1122.0,5
ANG MO KIO,3 ROOM,73.0,New Generation,1978,398000.0,2023,11,82,8.0,647.0,45
YISHUN,4 ROOM,92.0,Model A,2012,535000.0,2023,11,82,5.0,1054.0,11
ANG MO KIO,3 ROOM,67.0,New Generation,1980,370000.0,2023,11,82,8.0,667.0,43
HOUGANG,3 ROOM,64.0,Simplified,1988,380000.0,2023,11,82,5.0,768.0,35
BEDOK,EXECUTIVE,143.0,Apartment,1993,870000.0,2023,11,82,11.0,823.0,30
YISHUN,5 ROOM,121.0,Improved,1987,685000.0,2023,11,82,11.0,752.0,36
CLEMENTI,3 ROOM,67.0,New Generation,1979,408000.0,2023,11,82,2.0,654.0,44
BUKIT BATOK,5 ROOM,112.0,Improved,2019,788000.0,2023,11,82,14.0,1131.0,4
SENGKANG,5 ROOM,120.0,Improved,1999,570000.0,2023,11,82,2.0,891.0,24
BEDOK,4 ROOM,92.0,New Generation,1980,530000.0,2023,11,82,11.0,666.0,43
CLEMENTI,3 ROOM,60.0,DBSS,2014,560000.0,2023,11,82,5.0,1082.0,9
SENGKANG,4 ROOM,93.0,Model A,2017,600088.0,2023,11,82,14.0,1111.0,6
BUKIT MERAH,4 ROOM,93.0,Model A,2018,890000.0,2023,11,82,11.0,1129.0,5
CHOA CHU KANG,4 ROOM,93.0,Model A,2017,518000.0,2023,11,82,5.0,1110.0,6
PASIR RIS,5 ROOM,129.0,Improved,1995,675000.0,2023,11,82,5.0,848.0,28
BUKIT PANJANG,3 ROOM,67.0,Model A,2015,458000.0,2023,11,82,11.0,1094.0,8
SENGKANG,5 ROOM,116.0,Improved,2000,620888.0,2023,11,82,8.0,912.0,23
SERANGOON,4 ROOM,96.0,New Generation,1985,628000.0,2023,11,82,5.0,726.0,38
GEYLANG,3 ROOM,76.0,Improved,1981,388000.0,2023,11,82,8.0,674.0,42
HOUGANG,2 ROOM,47.0,Model A,2012,315000.0,2023,11,82,8.0,1051.0,11
BEDOK,4 ROOM,92.0,New Generation,1979,458000.0,2023,11,82,5.0,657.0,44
JURONG WEST,5 ROOM,118.0,Improved,1982,625000.0,2023,11,82,8.0,692.0,41
PUNGGOL,4 ROOM,93.0,Premium Apartment,2018,635000.0,2023,11,82,5.0,1126.0,5
SENGKANG,2 ROOM,47.0,Model A,2015,338000.0,2023,11,82,5.0,1086.0,8
BEDOK,3 ROOM,82.0,New Generation,1985,436500.0,2023,11,82,11.0,728.0,38
CHOA CHU KANG,4 ROOM,100.0,Model A,1998,508000.0,2023,11,82,11.0,879.0,25
HOUGANG,4 ROOM,103.0,Model A,1984,615000.0,2023,11,82,5.0,720.0,39
WOODLANDS,5 ROOM,122.0,Improved,1998,575000.0,2023,11,82,5.0,880.0,25
WOODLANDS,5 ROOM,128.0,Improved,1996,620000.0,2023,11,82,8.0,856.0,27
HOUGANG,4 ROOM,93.0,Model A,2019,608000.0,2023,11,82,11.0,1138.0,4
BUKIT PANJANG,4 ROOM,92.0,Model A,2015,555000.0,2023,11,82,8.0,1094.0,8
SEMBAWANG,5 ROOM,110.0,Premium Apartment,2001,580888.0,2023,11,82,5.0,919.0,22
JURONG WEST,EXECUTIVE,150.0,Maisonette,1986,680000.0,2023,11,82,2.0,739.0,37
QUEENSTOWN,3 ROOM,69.0,Model A,2011,673000.0,2023,11,82,8.0,1043.0,12
SENGKANG,5 ROOM,111.0,Improved,2001,588000.0,2023,11,82,17.0,918.0,22
HOUGANG,4 ROOM,93.0,Model A,2018,538000.0,2023,11,82,2.0,1131.0,5
BUKIT PANJANG,4 ROOM,90.0,Premium Apartment,2002,445000.0,2023,11,82,2.0,933.0,21
PUNGGOL,5 ROOM,110.0,Premium Apartment,2004,600000.0,2023,11,82,14.0,955.0,19
BUKIT PANJANG,4 ROOM,84.0,Simplified,1989,420000.0,2023,11,82,2.0,770.0,34
BUKIT BATOK,3 ROOM,73.0,Model A,1986,378000.0,2023,11,82,8.0,737.0,37
WOODLANDS,4 ROOM,92.0,Model A2,1998,465888.0,2023,11,82,11.0,884.0,25
BEDOK,5 ROOM,122.0,Improved,1985,610000.0,2023,11,82,2.0,733.0,38
JURONG WEST,3 ROOM,73.0,Model A,1988,346000.0,2023,11,82,2.0,765.0,35
JURONG EAST,3 ROOM,77.0,Improved,1977,360000.0,2023,11,82,11.0,632.0,46
PUNGGOL,4 ROOM,95.0,Premium Apartment,2013,625000.0,2023,11,82,14.0,1067.0,10
CHOA CHU KANG,4 ROOM,104.0,Model A,1989,480000.0,2023,11,82,8.0,775.0,34
CHOA CHU KANG,4 ROOM,93.0,Model A,2017,510000.0,2023,11,82,5.0,1111.0,6
YISHUN,4 ROOM,93.0,Model A,2013,525000.0,2023,11,82,5.0,1065.0,10
BUKIT BATOK,3 ROOM,59.0,Improved,1985,348000.0,2023,11,82,5.0,723.0,38
TOA PAYOH,5 ROOM,132.0,Model A,1984,720000.0,2023,11,82,5.0,710.0,39
HOUGANG,4 ROOM,107.0,Model A,1987,580000.0,2023,11,82,8.0,756.0,36
YISHUN,5 ROOM,112.0,Improved,2018,742800.0,2023,11,82,8.0,1129.0,5
KALLANG/WHAMPOA,3 ROOM,68.0,New Generation,1979,420000.0,2023,11,82,8.0,650.0,44
HOUGANG,4 ROOM,93.0,Model A,2019,575000.0,2023,11,82,8.0,1142.0,4
TAMPINES,4 ROOM,104.0,Model A,1997,560000.0,2023,11,82,2.0,871.0,26
BUKIT BATOK,4 ROOM,84.0,Simplified,1987,438000.0,2023,11,82,2.0,747.0,36
SENGKANG,EXECUTIVE,131.0,Apartment,2000,730000.0,2023,11,82,5.0,910.0,23
SEMBAWANG,4 ROOM,86.0,Model A2,2000,480000.0,2023,11,82,11.0,909.0,23
YISHUN,4 ROOM,96.0,Model A,2012,525000.0,2023,11,82,2.0,1053.0,11
BISHAN,EXECUTIVE,146.0,Maisonette,1987,1170000.0,2023,11,82,11.0,747.0,36
HOUGANG,5 ROOM,122.0,Improved,1986,660000.0,2023,11,82,11.0,742.0,37
PUNGGOL,5 ROOM,113.0,Improved,2018,735000.0,2023,11,82,14.0,1129.0,5
PUNGGOL,4 ROOM,95.0,Premium Apartment,2013,630000.0,2023,11,82,14.0,1067.0,10
PASIR RIS,4 ROOM,106.0,Model A,1992,525000.0,2023,11,82,2.0,818.0,31
TAMPINES,4 ROOM,103.0,Model A,1997,572000.0,2023,11,82,11.0,872.0,26
GEYLANG,5 ROOM,132.0,Model A,1983,852000.0,2023,11,82,14.0,706.0,40
JURONG WEST,5 ROOM,135.0,Model A,1985,575000.0,2023,11,82,5.0,726.0,38
BEDOK,3 ROOM,60.0,Improved,1985,350000.0,2023,11,82,14.0,731.0,38
YISHUN,5 ROOM,122.0,Improved,1987,738888.0,2023,11,82,11.0,755.0,36
PASIR RIS,4 ROOM,106.0,Model A,1993,575000.0,2023,11,82,5.0,830.0,30
WOODLANDS,5 ROOM,113.0,Improved,2017,680000.0,2023,11,82,2.0,1113.0,6
JURONG WEST,3 ROOM,68.0,Model A,2018,415000.0,2023,11,82,8.0,1119.0,5
PUNGGOL,3 ROOM,68.0,Premium Apartment,2017,470000.0,2023,11,82,2.0,1110.0,6
HOUGANG,3 ROOM,74.0,Model A,1987,406888.0,2023,11,82,8.0,750.0,36
JURONG WEST,5 ROOM,121.0,Improved,1998,615000.0,2023,11,82,11.0,886.0,25
WOODLANDS,5 ROOM,110.0,Premium Apartment,2004,555000.0,2023,11,82,14.0,952.0,19
BUKIT BATOK,5 ROOM,112.0,Improved,2019,720000.0,2023,11,82,2.0,1130.0,4
YISHUN,4 ROOM,93.0,New Generation,1984,475000.0,2023,11,82,8.0,719.0,39
YISHUN,3 ROOM,74.0,Model A,1988,413000.0,2023,11,82,5.0,761.0,35
PUNGGOL,2 ROOM,47.0,Model A,2018,340000.0,2023,11,82,11.0,1129.0,5
WOODLANDS,4 ROOM,103.0,Model A,1998,480000.0,2023,11,82,2.0,881.0,25
BUKIT MERAH,5 ROOM,113.0,Improved,2019,1305000.0,2023,11,82,5.0,1134.0,4
TAMPINES,4 ROOM,98.0,Model A,1996,630000.0,2023,11,82,5.0,862.0,27
BUKIT MERAH,3 ROOM,72.0,Improved,1975,388000.0,2023,11,82,5.0,606.0,48
TAMPINES,3 ROOM,74.0,Model A,1986,416000.0,2023,11,82,5.0,742.0,37
PUNGGOL,4 ROOM,93.0,Premium Apartment,2010,678000.0,2023,11,82,8.0,1029.0,13
KALLANG/WHAMPOA,3 ROOM,66.0,Improved,1974,338000.0,2023,11,82,5.0,597.0,49
WOODLANDS,3 ROOM,68.0,Model A,2019,495000.0,2023,11,82,29.0,1140.0,4
CHOA CHU KANG,4 ROOM,93.0,Model A,2017,550000.0,2023,11,82,11.0,1111.0,6
WOODLANDS,4 ROOM,106.0,Model A,1996,500000.0,2023,11,82,2.0,857.0,27
SENGKANG,EXECUTIVE,130.0,Apartment,2000,800000.0,2023,11,82,14.0,909.0,23
HOUGANG,4 ROOM,84.0,Simplified,1986,478000.0,2023,11,82,2.0,746.0,37
TAMPINES,5 ROOM,131.0,Model A,1995,855000.0,2023,11,82,14.0,849.0,28
BUKIT PANJANG,4 ROOM,93.0,Premium Apartment,2004,587000.0,2023,11,82,20.0,960.0,19
JURONG EAST,3 ROOM,67.0,Model A,2016,415000.0,2023,11,82,8.0,1105.0,7
WOODLANDS,5 ROOM,125.0,Premium Apartment,1999,605000.0,2023,11,82,2.0,893.0,24
TAMPINES,3 ROOM,64.0,Simplified,1987,400000.0,2023,11,82,2.0,754.0,36
BEDOK,5 ROOM,128.0,Improved,1996,760000.0,2023,11,82,2.0,865.0,27
HOUGANG,2 ROOM,47.0,Model A,2019,375000.0,2023,11,82,17.0,1136.0,4
WOODLANDS,4 ROOM,93.0,New Generation,1987,440000.0,2023,11,82,5.0,747.0,36
ANG MO KIO,4 ROOM,91.0,New Generation,1981,528000.0,2023,11,82,5.0,680.0,42
BUKIT MERAH,2 ROOM,49.0,Standard,1969,288000.0,2023,11,82,8.0,537.0,54
CLEMENTI,3 ROOM,68.0,New Generation,1983,353888.0,2023,11,82,2.0,707.0,40
CLEMENTI,3 ROOM,60.0,DBSS,2014,605000.0,2023,11,82,26.0,1082.0,9
WOODLANDS,5 ROOM,124.0,Standard,1978,480000.0,2023,11,82,14.0,643.0,45
CLEMENTI,EXECUTIVE,150.0,Maisonette,1985,1010000.0,2023,11,82,14.0,727.0,38
PUNGGOL,5 ROOM,110.0,Premium Apartment,2005,598000.0,2023,11,82,5.0,963.0,18
TAMPINES,5 ROOM,127.0,Improved,1993,685000.0,2023,11,82,2.0,827.0,30
TAMPINES,EXECUTIVE,141.0,Apartment,1997,880000.0,2023,11,82,5.0,869.0,26
BEDOK,4 ROOM,93.0,New Generation,1980,483000.0,2023,11,82,5.0,667.0,43
HOUGANG,3 ROOM,68.0,Improved,1993,380000.0,2023,11,82,5.0,822.0,30
WOODLANDS,3 ROOM,67.0,New Generation,1985,400000.0,2023,11,82,8.0,726.0,38
TAMPINES,5 ROOM,121.0,Improved,1984,680000.0,2023,11,82,11.0,720.0,39
BUKIT BATOK,4 ROOM,93.0,Model A,2019,585000.0,2023,11,82,5.0,1133.0,4
SERANGOON,5 ROOM,121.0,Improved,1985,780000.0,2023,11,82,11.0,727.0,38
GEYLANG,3 ROOM,67.0,Model A,2016,675000.0,2023,11,82,11.0,1104.0,7
TAMPINES,4 ROOM,107.0,Model A,1996,535000.0,2023,11,82,8.0,859.0,27
BUKIT MERAH,4 ROOM,90.0,Model A,2005,940000.0,2023,11,82,29.0,973.0,18
YISHUN,3 ROOM,68.0,Model A,2019,460000.0,2023,11,82,8.0,1137.0,4
YISHUN,EXECUTIVE,142.0,Apartment,1986,715000.0,2023,11,82,5.0,739.0,37
BUKIT BATOK,5 ROOM,119.0,Improved,1997,758888.0,2023,11,82,23.0,872.0,26
QUEENSTOWN,3 ROOM,68.0,Model A,2018,720000.0,2023,11,82,14.0,1123.0,5
JURONG WEST,4 ROOM,93.0,Model A,2018,605000.0,2023,11,82,14.0,1119.0,5
BUKIT PANJANG,EXECUTIVE,144.0,Apartment,1998,770000.0,2023,11,82,2.0,888.0,25
PUNGGOL,4 ROOM,94.0,Premium Apartment,2013,730000.0,2023,11,82,14.0,1065.0,10
TAMPINES,5 ROOM,121.0,Improved,1989,690000.0,2023,11,82,8.0,771.0,34
BUKIT MERAH,3 ROOM,67.0,New Generation,1978,405000.0,2023,11,82,8.0,644.0,45
CHOA CHU KANG,4 ROOM,104.0,Model A,1990,498000.0,2023,11,82,8.0,787.0,33
JURONG WEST,4 ROOM,91.0,Model A,2001,500000.0,2023,11,82,11.0,920.0,22
BUKIT MERAH,3 ROOM,67.0,New Generation,1978,405000.0,2023,11,82,11.0,644.0,45
BUKIT BATOK,5 ROOM,112.0,Improved,2019,707000.0,2023,11,82,5.0,1132.0,4
PUNGGOL,4 ROOM,93.0,Premium Apartment,2011,640000.0,2023,11,82,5.0,1037.0,12
QUEENSTOWN,3 ROOM,69.0,Standard,1969,408000.0,2023,11,82,11.0,531.0,54
JURONG EAST,4 ROOM,90.0,Model A,2003,495000.0,2023,11,82,11.0,943.0,20
HOUGANG,EXECUTIVE,141.0,Apartment,1999,1042000.0,2023,11,82,11.0,901.0,24
TOA PAYOH,4 ROOM,93.0,Model A,2018,1000000.0,2023,11,82,11.0,1126.0,5
BUKIT MERAH,4 ROOM,105.0,Model A,1984,680000.0,2023,11,82,11.0,714.0,39
PUNGGOL,4 ROOM,93.0,Premium Apartment,2017,710888.0,2023,11,82,8.0,1115.0,6
CHOA CHU KANG,4 ROOM,106.0,Model A,1993,458000.0,2023,11,82,2.0,824.0,30
BUKIT BATOK,4 ROOM,103.0,Model A,1984,545000.0,2023,11,82,8.0,721.0,39
ANG MO KIO,3 ROOM,82.0,New Generation,1981,458000.0,2023,11,82,8.0,679.0,42
JURONG WEST,3 ROOM,65.0,Improved,1976,305000.0,2023,11,82,20.0,624.0,47
QUEENSTOWN,3 ROOM,65.0,Improved,1978,400000.0,2023,11,82,5.0,639.0,45
JURONG EAST,3 ROOM,74.0,Model A,1984,415000.0,2023,11,82,8.0,714.0,39
PUNGGOL,5 ROOM,113.0,Premium Apartment,2018,680000.0,2023,11,82,5.0,1126.0,5
BUKIT MERAH,4 ROOM,91.0,Model A,2003,645000.0,2023,11,82,5.0,941.0,20
WOODLANDS,4 ROOM,105.0,Model A,1996,535000.0,2023,11,82,2.0,865.0,27
BUKIT BATOK,4 ROOM,93.0,Model A,2019,628000.0,2023,11,82,17.0,1132.0,4
TOA PAYOH,3 ROOM,67.0,Improved,1969,335000.0,2023,11,82,11.0,536.0,54
BEDOK,EXECUTIVE,150.0,Apartment,1984,888000.0,2023,11,82,2.0,711.0,39
PUNGGOL,4 ROOM,93.0,Model A,2018,582888.0,2023,11,82,8.0,1130.0,5
KALLANG/WHAMPOA,5 ROOM,110.0,Improved,2006,950000.0,2023,11,82,11.0,982.0,17
YISHUN,4 ROOM,97.0,Model A,2012,595000.0,2023,11,82,11.0,1053.0,11
YISHUN,5 ROOM,113.0,Improved,2018,715000.0,2023,11,82,11.0,1122.0,5
TAMPINES,5 ROOM,123.0,Improved,1985,685000.0,2023,11,82,5.0,727.0,38
HOUGANG,4 ROOM,93.0,Model A,2019,550000.0,2023,11,82,2.0,1142.0,4
YISHUN,3 ROOM,68.0,Model A,2018,450000.0,2023,11,82,11.0,1129.0,5
HOUGANG,2 ROOM,47.0,Model A,2019,370000.0,2023,11,82,11.0,1136.0,4
WOODLANDS,4 ROOM,90.0,Model A,2001,475000.0,2023,11,82,11.0,914.0,22
TAMPINES,EXECUTIVE,148.0,Maisonette,1986,800000.0,2023,11,82,11.0,735.0,37
JURONG WEST,EXECUTIVE,149.0,Apartment,1993,725000.0,2023,11,82,8.0,830.0,30
TAMPINES,3 ROOM,74.0,Model A,1985,431000.0,2023,11,82,8.0,724.0,38
JURONG WEST,5 ROOM,110.0,Improved,2002,555000.0,2023,11,82,14.0,936.0,21
SENGKANG,4 ROOM,90.0,Premium Apartment,2009,708000.0,2023,11,82,8.0,1016.0,14
ANG MO KIO,3 ROOM,67.0,New Generation,1979,410000.0,2023,11,82,11.0,651.0,44
BUKIT BATOK,5 ROOM,113.0,Improved,2019,823000.0,2023,11,82,5.0,1130.0,4
SENGKANG,4 ROOM,93.0,Model A,2016,535000.0,2023,11,82,5.0,1103.0,7
BUKIT PANJANG,5 ROOM,110.0,Premium Apartment,2004,608000.0,2023,11,82,17.0,960.0,19
CHOA CHU KANG,4 ROOM,92.0,Model A,2013,499000.0,2023,11,82,5.0,1064.0,10
SENGKANG,4 ROOM,101.0,Model A,1999,478000.0,2023,11,82,5.0,896.0,24
BUKIT MERAH,3 ROOM,68.0,Model A,2018,670000.0,2023,11,82,11.0,1129.0,5
GEYLANG,3 ROOM,67.0,New Generation,1978,365888.0,2023,12,83,11.0,638.0,45
SENGKANG,4 ROOM,100.0,Model A,1999,525000.0,2023,12,83,8.0,891.0,24
BEDOK,3 ROOM,67.0,New Generation,1978,380000.0,2023,12,83,5.0,642.0,45
ANG MO KIO,3 ROOM,68.0,New Generation,1981,391000.0,2023,12,83,11.0,674.0,42
HOUGANG,4 ROOM,104.0,Model A,1983,580000.0,2023,12,83,11.0,700.0,40
PUNGGOL,3 ROOM,65.0,Model A,2016,433000.0,2023,12,83,14.0,1100.0,7
YISHUN,2 ROOM,47.0,Model A,2019,308000.0,2023,12,83,2.0,1137.0,4
JURONG WEST,4 ROOM,101.0,Model A,1998,480000.0,2023,12,83,2.0,886.0,25
SERANGOON,4 ROOM,91.0,New Generation,1985,500000.0,2023,12,83,2.0,724.0,38
PUNGGOL,5 ROOM,113.0,Premium Apartment,2017,860000.0,2023,12,83,8.0,1113.0,6
HOUGANG,3 ROOM,68.0,Model A,2019,498000.0,2023,12,83,11.0,1138.0,4
BISHAN,4 ROOM,95.0,DBSS,2011,1050000.0,2023,12,83,23.0,1041.0,12
PUNGGOL,4 ROOM,92.0,Premium Apartment,2016,638000.0,2023,12,83,14.0,1100.0,7
SENGKANG,4 ROOM,90.0,Premium Apartment,2009,760000.0,2023,12,83,14.0,1015.0,14
HOUGANG,4 ROOM,93.0,Model A,2019,618000.0,2023,12,83,11.0,1135.0,4
QUEENSTOWN,5 ROOM,117.0,Standard,1978,850000.0,2023,12,83,11.0,638.0,45
PUNGGOL,4 ROOM,93.0,Model A,2018,620000.0,2023,12,83,17.0,1129.0,5
HOUGANG,3 ROOM,67.0,Model A,2017,478000.0,2023,12,83,8.0,1116.0,6
WOODLANDS,4 ROOM,104.0,Model A,1994,490000.0,2023,12,83,5.0,835.0,29
HOUGANG,4 ROOM,93.0,New Generation,1983,495000.0,2023,12,83,8.0,704.0,40
TAMPINES,4 ROOM,101.0,Model A,1997,565000.0,2023,12,83,2.0,866.0,26
BEDOK,4 ROOM,93.0,Model A,2018,715000.0,2023,12,83,5.0,1129.0,5
QUEENSTOWN,3 ROOM,65.0,Improved,1974,473000.0,2023,12,83,20.0,594.0,49
QUEENSTOWN,3 ROOM,59.0,Improved,1974,375000.0,2023,12,83,20.0,594.0,49
HOUGANG,3 ROOM,67.0,New Generation,1982,325000.0,2023,12,83,2.0,695.0,41
HOUGANG,5 ROOM,120.0,Improved,1999,663188.0,2023,12,83,8.0,893.0,24
WOODLANDS,4 ROOM,92.0,Model A,2015,538000.0,2023,12,83,11.0,1088.0,8
BUKIT MERAH,4 ROOM,93.0,Model A,2018,875000.0,2023,12,83,8.0,1129.0,5
SENGKANG,4 ROOM,92.0,Premium Apartment,2017,740000.0,2023,12,83,8.0,1110.0,6
ANG MO KIO,4 ROOM,92.0,New Generation,1979,518888.0,2023,12,83,11.0,656.0,44
HOUGANG,3 ROOM,64.0,Simplified,1986,380000.0,2023,12,83,8.0,734.0,37
GEYLANG,2 ROOM,45.0,Improved,1986,305000.0,2023,12,83,2.0,734.0,37
WOODLANDS,4 ROOM,105.0,Premium Apartment,1999,602000.0,2023,12,83,2.0,891.0,24
BUKIT PANJANG,4 ROOM,93.0,Premium Apartment,2015,535000.0,2023,12,83,14.0,1089.0,8
PUNGGOL,3 ROOM,67.0,Model A,2014,463000.0,2023,12,83,5.0,1073.0,9
QUEENSTOWN,4 ROOM,95.0,Premium Apartment Loft,2016,1138000.0,2023,12,83,17.0,1097.0,7
BUKIT MERAH,5 ROOM,112.0,Improved,2016,1400000.0,2023,12,83,20.0,1094.0,7
YISHUN,4 ROOM,104.0,Model A,1987,511888.0,2023,12,83,5.0,756.0,36
PUNGGOL,4 ROOM,92.0,Premium Apartment,2009,568000.0,2023,12,83,14.0,1012.0,14
PUNGGOL,3 ROOM,68.0,Premium Apartment,2016,488000.0,2023,12,83,8.0,1099.0,7
TOA PAYOH,3 ROOM,57.0,Standard,1968,328000.0,2023,12,83,11.0,522.0,55
BEDOK,5 ROOM,113.0,Improved,2018,888000.0,2023,12,83,2.0,1129.0,5
GEYLANG,4 ROOM,92.0,New Generation,1976,613000.0,2023,12,83,5.0,619.0,47
CHOA CHU KANG,4 ROOM,104.0,Model A,1993,502000.0,2023,12,83,8.0,823.0,30
SENGKANG,5 ROOM,113.0,Improved,2017,688000.0,2023,12,83,17.0,1110.0,6
TAMPINES,4 ROOM,103.0,Model A,1984,545000.0,2023,12,83,2.0,715.0,39
JURONG WEST,3 ROOM,68.0,Model A,2014,430000.0,2023,12,83,8.0,1074.0,9
BUKIT PANJANG,5 ROOM,110.0,Premium Apartment,2004,645000.0,2023,12,83,14.0,959.0,19
SENGKANG,4 ROOM,92.0,Model A,2000,495000.0,2023,12,83,17.0,914.0,23
QUEENSTOWN,2 ROOM,46.0,Standard,1967,260000.0,2023,12,83,5.0,506.0,56
BUKIT PANJANG,EXECUTIVE,146.0,Maisonette,1989,793000.0,2023,12,83,5.0,771.0,34
HOUGANG,3 ROOM,64.0,Simplified,1988,385000.0,2023,12,83,5.0,768.0,35
ANG MO KIO,3 ROOM,73.0,New Generation,1978,418000.0,2023,12,83,8.0,642.0,45
TOA PAYOH,4 ROOM,105.0,Model A,1997,850000.0,2023,12,83,11.0,870.0,26
HOUGANG,5 ROOM,117.0,Improved,1997,658000.0,2023,12,83,14.0,872.0,26
BUKIT BATOK,4 ROOM,102.0,Model A,1997,607000.0,2023,12,83,2.0,872.0,26
TAMPINES,5 ROOM,119.0,Improved,1997,708000.0,2023,12,83,14.0,870.0,26
BUKIT PANJANG,4 ROOM,103.0,Model A,1988,510000.0,2023,12,83,11.0,761.0,35
QUEENSTOWN,4 ROOM,90.0,Model A,2006,880000.0,2023,12,83,26.0,981.0,17
YISHUN,4 ROOM,92.0,Model A,2012,550888.0,2023,12,83,5.0,1051.0,11
BEDOK,4 ROOM,93.0,Model A,2018,710000.0,2023,12,83,2.0,1129.0,5
PASIR RIS,5 ROOM,132.0,Model A,1993,655000.0,2023,12,83,8.0,824.0,30
SENGKANG,5 ROOM,110.0,Improved,2003,595000.0,2023,12,83,8.0,942.0,20
ANG MO KIO,4 ROOM,92.0,New Generation,1979,478000.0,2023,12,83,11.0,657.0,44
KALLANG/WHAMPOA,3 ROOM,67.0,New Generation,1979,438000.0,2023,12,83,5.0,655.0,44
WOODLANDS,EXECUTIVE,130.0,Apartment,2000,715000.0,2023,12,83,2.0,908.0,23
GEYLANG,5 ROOM,121.0,Improved,1980,718000.0,2023,12,83,2.0,669.0,43
WOODLANDS,4 ROOM,92.0,Model A,2018,598888.0,2023,12,83,11.0,1126.0,5
YISHUN,2 ROOM,47.0,Model A,2018,335000.0,2023,12,83,5.0,1128.0,5
YISHUN,4 ROOM,84.0,Simplified,1987,426000.0,2023,12,83,5.0,755.0,36
SENGKANG,4 ROOM,85.0,Model A2,2001,497000.0,2023,12,83,11.0,922.0,22
TAMPINES,3 ROOM,74.0,Model A,1987,405000.0,2023,12,83,2.0,750.0,36
CHOA CHU KANG,4 ROOM,92.0,Model A,2017,615000.0,2023,12,83,17.0,1114.0,6
WOODLANDS,4 ROOM,91.0,Model A,2003,485000.0,2023,12,83,2.0,945.0,20
JURONG WEST,4 ROOM,92.0,Model A,2012,615000.0,2023,12,83,11.0,1048.0,11
KALLANG/WHAMPOA,3 ROOM,63.0,Standard,1981,378000.0,2023,12,83,11.0,674.0,42
JURONG EAST,4 ROOM,92.0,Model A,2013,565000.0,2023,12,83,17.0,1066.0,10
QUEENSTOWN,4 ROOM,90.0,Model A,2008,928000.0,2023,12,83,20.0,1005.0,15
TOA PAYOH,5 ROOM,113.0,DBSS,2012,1228000.0,2023,12,83,17.0,1050.0,11
TOA PAYOH,3 ROOM,68.0,Model A,2019,728000.0,2023,12,83,23.0,1141.0,4
HOUGANG,3 ROOM,64.0,Simplified,1986,380000.0,2023,12,83,8.0,739.0,37
GEYLANG,4 ROOM,93.0,Model A,2016,890000.0,2023,12,83,5.0,1104.0,7
TAMPINES,4 ROOM,92.0,New Generation,1984,618000.0,2023,12,83,8.0,716.0,39
BEDOK,3 ROOM,68.0,New Generation,1980,406000.0,2023,12,83,11.0,672.0,43
PASIR RIS,5 ROOM,124.0,Improved,1993,630000.0,2023,12,83,8.0,826.0,30
JURONG EAST,3 ROOM,86.0,Improved,1979,380000.0,2023,12,83,11.0,654.0,44
SENGKANG,4 ROOM,100.0,Model A,1999,530000.0,2023,12,83,14.0,894.0,24
SEMBAWANG,5 ROOM,113.0,Improved,2018,705000.0,2023,12,83,2.0,1122.0,5
SEMBAWANG,5 ROOM,113.0,Improved,2018,695000.0,2023,12,83,8.0,1121.0,5
BUKIT MERAH,3 ROOM,82.0,New Generation,1982,527000.0,2023,12,83,5.0,695.0,41
JURONG WEST,4 ROOM,92.0,Model A,2015,555000.0,2023,12,83,8.0,1081.0,8
SEMBAWANG,4 ROOM,93.0,Model A,2019,623000.0,2023,12,83,14.0,1134.0,4
BEDOK,3 ROOM,68.0,New Generation,1980,365000.0,2023,12,83,11.0,666.0,43
SENGKANG,EXECUTIVE,131.0,Apartment,2000,670000.0,2023,12,83,8.0,909.0,23
QUEENSTOWN,3 ROOM,60.0,Standard,1967,333000.0,2023,12,83,2.0,506.0,56
SEMBAWANG,4 ROOM,101.0,Model A,1999,505000.0,2023,12,83,5.0,894.0,24
CENTRAL AREA,4 ROOM,93.0,Type S1,2011,1410888.0,2023,12,83,47.0,1034.0,12
SEMBAWANG,4 ROOM,93.0,Model A,2019,578888.0,2023,12,83,5.0,1134.0,4
QUEENSTOWN,3 ROOM,65.0,Improved,1976,400000.0,2023,12,83,11.0,619.0,47
TAMPINES,4 ROOM,100.0,Model A,1997,555000.0,2023,12,83,8.0,866.0,26
JURONG EAST,4 ROOM,92.0,Model A,2016,530000.0,2023,12,83,8.0,1104.0,7
JURONG EAST,5 ROOM,120.0,Improved,1981,685000.0,2023,12,83,20.0,684.0,42
PUNGGOL,5 ROOM,113.0,Premium Apartment,2013,795000.0,2023,12,83,11.0,1065.0,10
QUEENSTOWN,4 ROOM,95.0,Model A,2000,780000.0,2023,12,83,8.0,910.0,23
SEMBAWANG,5 ROOM,113.0,Improved,2018,750000.0,2023,12,83,11.0,1119.0,5
BUKIT MERAH,4 ROOM,93.0,Model A,2018,948000.0,2023,12,83,23.0,1129.0,5
BUKIT BATOK,2 ROOM,47.0,Model A,2019,380000.0,2023,12,83,20.0,1132.0,4
BEDOK,4 ROOM,92.0,New Generation,1978,480000.0,2023,12,83,5.0,648.0,45
CLEMENTI,3 ROOM,68.0,New Generation,1980,380000.0,2023,12,83,8.0,669.0,43
CLEMENTI,5 ROOM,125.0,Improved,1978,690000.0,2023,12,83,5.0,644.0,45
SENGKANG,4 ROOM,92.0,Premium Apartment,2015,605000.0,2023,12,83,5.0,1085.0,8
BEDOK,4 ROOM,93.0,New Generation,1981,498000.0,2023,12,83,2.0,679.0,42
WOODLANDS,EXECUTIVE,143.0,Maisonette,1999,790000.0,2023,12,83,5.0,894.0,24
TAMPINES,5 ROOM,138.0,Model A,1985,668000.0,2023,12,83,2.0,731.0,38
YISHUN,4 ROOM,83.0,Simplified,1987,460000.0,2023,12,83,5.0,757.0,36
TAMPINES,3 ROOM,73.0,Model A,1984,430000.0,2023,12,83,5.0,716.0,39
HOUGANG,4 ROOM,104.0,Model A,1985,478000.0,2023,12,83,2.0,724.0,38
ANG MO KIO,3 ROOM,67.0,New Generation,1978,350000.0,2023,12,83,5.0,646.0,45
WOODLANDS,3 ROOM,73.0,Model A,1985,386000.0,2023,12,83,11.0,724.0,38
TAMPINES,5 ROOM,122.0,Improved,1988,698000.0,2023,12,83,8.0,766.0,35
ANG MO KIO,4 ROOM,93.0,Model A,2019,933000.0,2023,12,83,8.0,1131.0,4
SENGKANG,5 ROOM,110.0,Improved,2000,565000.0,2023,12,83,14.0,910.0,23
TAMPINES,5 ROOM,125.0,Improved,1996,645000.0,2023,12,83,2.0,856.0,27
PASIR RIS,4 ROOM,93.0,Model A,2015,710000.0,2023,12,83,11.0,1088.0,8
SENGKANG,4 ROOM,94.0,Model A,2018,585000.0,2023,12,83,2.0,1124.0,5
MARINE PARADE,4 ROOM,88.0,Improved,1975,505000.0,2023,12,83,5.0,602.0,48
TAMPINES,EXECUTIVE,141.0,Apartment,1997,876888.0,2023,12,83,8.0,874.0,26
BISHAN,3 ROOM,65.0,Improved,1973,360000.0,2023,12,83,8.0,587.0,50
HOUGANG,EXECUTIVE,145.0,Maisonette,1987,960000.0,2023,12,83,11.0,752.0,36
HOUGANG,EXECUTIVE,148.0,Maisonette,1987,921888.0,2023,12,83,11.0,755.0,36
PASIR RIS,4 ROOM,104.0,Model A,1995,525000.0,2023,12,83,2.0,848.0,28
BUKIT BATOK,4 ROOM,103.0,Model A,1998,593000.0,2023,12,83,17.0,878.0,25
SENGKANG,2 ROOM,47.0,Model A,2013,340000.0,2023,12,83,8.0,1068.0,10
YISHUN,5 ROOM,112.0,Improved,2018,690000.0,2023,12,83,5.0,1127.0,5
WOODLANDS,4 ROOM,93.0,Model A,2019,628000.0,2023,12,83,23.0,1139.0,4
KALLANG/WHAMPOA,4 ROOM,93.0,Model A,2017,1050000.0,2023,12,83,29.0,1117.0,6
PASIR RIS,4 ROOM,103.0,Model A,1990,542000.0,2023,12,83,8.0,786.0,33
ANG MO KIO,3 ROOM,89.0,New Generation,1979,440000.0,2023,12,83,2.0,656.0,44
HOUGANG,3 ROOM,68.0,Model A,2019,490000.0,2023,12,83,14.0,1137.0,4
WOODLANDS,EXECUTIVE,177.0,Apartment,1995,980000.0,2023,12,83,11.0,847.0,28
BUKIT PANJANG,4 ROOM,90.0,Model A,2001,475000.0,2023,12,83,8.0,925.0,22
BISHAN,4 ROOM,84.0,Simplified,1985,570000.0,2023,12,83,5.0,732.0,38
CENTRAL AREA,3 ROOM,72.0,Model A,1985,535000.0,2023,12,83,11.0,727.0,38
PUNGGOL,2 ROOM,47.0,Model A,2018,345000.0,2023,12,83,11.0,1128.0,5
WOODLANDS,2 ROOM,47.0,Model A,2019,150000.0,2023,12,83,29.0,1139.0,4
ANG MO KIO,3 ROOM,68.0,Model A,2018,500000.0,2023,12,83,2.0,1120.0,5
BUKIT BATOK,4 ROOM,93.0,Model A,2019,602000.0,2023,12,83,5.0,1138.0,4
CHOA CHU KANG,4 ROOM,91.0,Model A,2003,468888.0,2023,12,83,11.0,945.0,20
SENGKANG,3 ROOM,67.0,Model A,2015,445000.0,2023,12,83,5.0,1086.0,8
SENGKANG,4 ROOM,92.0,Model A,2015,622000.0,2023,12,83,11.0,1089.0,8
QUEENSTOWN,3 ROOM,66.0,Improved,1970,355000.0,2023,12,83,11.0,542.0,53
TAMPINES,4 ROOM,108.0,Model A,1988,578888.0,2023,12,83,11.0,765.0,35
TAMPINES,4 ROOM,92.0,Model A,2015,668000.0,2023,12,83,14.0,1087.0,8
QUEENSTOWN,3 ROOM,60.0,Improved,1970,328888.0,2023,12,83,8.0,548.0,53
ANG MO KIO,3 ROOM,67.0,New Generation,1979,388000.0,2023,12,83,8.0,657.0,44
BUKIT BATOK,4 ROOM,93.0,Model A,2020,588000.0,2023,12,83,5.0,1143.0,3
BUKIT BATOK,4 ROOM,93.0,Model A,2019,605000.0,2023,12,83,5.0,1138.0,4
JURONG WEST,4 ROOM,91.0,Model A,2000,525000.0,2023,12,83,8.0,910.0,23
BUKIT BATOK,4 ROOM,84.0,Simplified,1986,440000.0,2023,12,83,5.0,744.0,37
ANG MO KIO,5 ROOM,113.0,Improved,2018,1160000.0,2023,12,83,20.0,1121.0,5
PUNGGOL,4 ROOM,93.0,Model A,2017,600888.0,2023,12,83,17.0,1110.0,6
JURONG EAST,3 ROOM,90.0,Model A,1986,418000.0,2023,12,83,2.0,736.0,37
ANG MO KIO,5 ROOM,123.0,Improved,1978,735000.0,2023,12,83,14.0,638.0,45
JURONG EAST,5 ROOM,117.0,Standard,1979,503000.0,2023,12,83,5.0,659.0,44
SENGKANG,4 ROOM,102.0,Model A,1999,593000.0,2023,12,83,14.0,894.0,24
WOODLANDS,4 ROOM,85.0,Model A2,2000,465000.0,2023,12,83,2.0,911.0,23
ANG MO KIO,3 ROOM,73.0,New Generation,1979,422000.0,2023,12,83,8.0,649.0,44
HOUGANG,4 ROOM,92.0,Model A,2019,610000.0,2023,12,83,8.0,1138.0,4
BEDOK,4 ROOM,97.0,Model A,2010,778000.0,2023,12,83,2.0,1027.0,13
PUNGGOL,4 ROOM,93.0,Premium Apartment,2017,670000.0,2023,12,83,5.0,1114.0,6
SENGKANG,4 ROOM,93.0,Model A,2016,541888.0,2023,12,83,5.0,1102.0,7
ANG MO KIO,3 ROOM,67.0,New Generation,1980,380000.0,2023,12,83,2.0,670.0,43
PUNGGOL,4 ROOM,93.0,Premium Apartment,2016,655000.0,2023,12,83,17.0,1094.0,7
CHOA CHU KANG,EXECUTIVE,146.0,Maisonette,1990,770000.0,2023,12,83,5.0,789.0,33
YISHUN,5 ROOM,112.0,Improved,2015,680000.0,2023,12,83,8.0,1091.0,8
HOUGANG,2 ROOM,47.0,Model A,2019,363888.0,2023,12,83,14.0,1135.0,4
BUKIT MERAH,5 ROOM,115.0,Improved,2005,1250000.0,2023,12,83,14.0,970.0,18
CLEMENTI,3 ROOM,68.0,New Generation,1981,370000.0,2023,12,83,5.0,680.0,42
JURONG WEST,2 ROOM,47.0,Model A,2019,328000.0,2023,12,83,14.0,1134.0,4
WOODLANDS,4 ROOM,91.0,Model A,2001,494000.0,2023,12,83,8.0,914.0,22
SERANGOON,3 ROOM,60.0,Improved,1985,430000.0,2023,12,83,11.0,724.0,38
PUNGGOL,4 ROOM,90.0,Premium Apartment,2007,550000.0,2023,12,83,11.0,997.0,16
HOUGANG,4 ROOM,92.0,Model A,2019,558000.0,2023,12,83,2.0,1138.0,4
YISHUN,4 ROOM,93.0,Model A,2013,530000.0,2023,12,83,8.0,1064.0,10
YISHUN,4 ROOM,93.0,Model A,2017,525000.0,2023,12,83,2.0,1113.0,6
BEDOK,4 ROOM,93.0,Model A,2018,715000.0,2023,12,83,5.0,1129.0,5
TAMPINES,4 ROOM,111.0,Model A,1993,550000.0,2023,12,83,2.0,826.0,30
YISHUN,4 ROOM,93.0,Model A,2018,570000.0,2023,12,83,8.0,1128.0,5
WOODLANDS,5 ROOM,110.0,Premium Apartment,2004,533000.0,2023,12,83,11.0,952.0,19
PUNGGOL,4 ROOM,92.0,Model A,2014,590000.0,2023,12,83,5.0,1081.0,9
CHOA CHU KANG,4 ROOM,93.0,Model A,2017,607000.0,2023,12,83,17.0,1109.0,6
QUEENSTOWN,3 ROOM,67.0,Model A,2012,755000.0,2023,12,83,35.0,1054.0,11
PUNGGOL,4 ROOM,91.0,Premium Apartment,2003,488888.0,2023,12,83,8.0,948.0,20
CHOA CHU KANG,4 ROOM,104.0,Premium Apartment,1999,460000.0,2023,12,83,2.0,902.0,24
HOUGANG,EXECUTIVE,154.0,Maisonette,1989,960000.0,2023,12,83,8.0,772.0,34
KALLANG/WHAMPOA,3 ROOM,103.0,New Generation,1982,630000.0,2023,12,83,11.0,689.0,41
BUKIT BATOK,4 ROOM,93.0,Model A,2019,568000.0,2023,12,83,5.0,1132.0,4
TAMPINES,5 ROOM,136.0,Adjoined flat,1987,828000.0,2023,12,83,2.0,756.0,36
PASIR RIS,4 ROOM,106.0,Model A,1989,583000.0,2023,12,83,11.0,781.0,34
ANG MO KIO,3 ROOM,68.0,New Generation,1981,380000.0,2023,12,83,2.0,676.0,42
BUKIT BATOK,4 ROOM,93.0,Model A,2019,635000.0,2023,12,83,17.0,1132.0,4
BUKIT BATOK,3 ROOM,60.0,Improved,1987,390000.0,2023,12,83,11.0,750.0,36
SEMBAWANG,4 ROOM,93.0,Model A,2019,560000.0,2023,12,83,8.0,1134.0,4
CLEMENTI,4 ROOM,90.0,Model A,2002,778000.0,2023,12,83,14.0,936.0,21
JURONG WEST,5 ROOM,112.0,Improved,2010,698888.0,2023,12,83,17.0,1025.0,13
GEYLANG,5 ROOM,126.0,Improved,1997,900000.0,2023,12,83,8.0,872.0,26
HOUGANG,4 ROOM,93.0,Model A,2019,618000.0,2023,12,83,11.0,1134.0,4
HOUGANG,5 ROOM,112.0,DBSS,2014,945000.0,2023,12,83,11.0,1080.0,9
BISHAN,5 ROOM,121.0,Improved,1987,958000.0,2023,12,83,11.0,751.0,36
SEMBAWANG,5 ROOM,116.0,Improved,1999,615000.0,2023,12,83,14.0,896.0,24
PUNGGOL,3 ROOM,67.0,Model A,2014,513000.0,2023,12,83,14.0,1075.0,9
JURONG WEST,EXECUTIVE,125.0,Apartment,2002,698000.0,2023,12,83,8.0,932.0,21
TAMPINES,5 ROOM,121.0,Improved,1997,670000.0,2023,12,83,5.0,870.0,26
BUKIT MERAH,4 ROOM,100.0,Model A,1997,768888.0,2023,12,83,14.0,871.0,26
SEMBAWANG,5 ROOM,112.0,Improved,2004,550000.0,2023,12,83,5.0,953.0,19
TOA PAYOH,3 ROOM,58.0,Standard,1969,325000.0,2023,12,83,8.0,530.0,54
BUKIT BATOK,5 ROOM,121.0,3Gen,2019,845888.0,2023,12,83,14.0,1138.0,4
TAMPINES,4 ROOM,104.0,Model A,1984,530000.0,2023,12,83,2.0,712.0,39
WOODLANDS,4 ROOM,102.0,Model A,1997,508000.0,2023,12,83,5.0,870.0,26
BUKIT BATOK,3 ROOM,73.0,Model A,1984,373800.0,2023,12,83,8.0,719.0,39
SENGKANG,5 ROOM,115.0,Premium Apartment,2001,590000.0,2023,12,83,14.0,921.0,22
CHOA CHU KANG,4 ROOM,113.0,Premium Apartment,1998,575000.0,2023,12,83,5.0,878.0,25
TOA PAYOH,4 ROOM,93.0,Model A,2019,980000.0,2023,12,83,26.0,1140.0,4
PUNGGOL,3 ROOM,67.0,Model A,2015,465000.0,2023,12,83,5.0,1085.0,8
WOODLANDS,4 ROOM,93.0,Model A,2019,580000.0,2023,12,83,5.0,1139.0,4
SENGKANG,5 ROOM,115.0,Premium Apartment,2004,635000.0,2023,12,83,23.0,961.0,19
WOODLANDS,4 ROOM,93.0,Model A,2019,590888.0,2023,12,83,11.0,1138.0,4
HOUGANG,4 ROOM,112.0,Model A,1992,605000.0,2023,12,83,8.0,814.0,31
KALLANG/WHAMPOA,3 ROOM,82.0,New Generation,1979,485000.0,2023,12,83,11.0,650.0,44
WOODLANDS,5 ROOM,121.0,Improved,1990,600000.0,2023,12,83,11.0,784.0,33
BEDOK,3 ROOM,60.0,Improved,1986,335000.0,2023,12,83,2.0,734.0,37
TOA PAYOH,3 ROOM,65.0,Improved,1972,338888.0,2023,12,83,5.0,572.0,51
CLEMENTI,5 ROOM,113.0,Improved,2013,1020000.0,2023,12,83,32.0,1066.0,10
JURONG WEST,4 ROOM,93.0,Model A,2015,570000.0,2023,12,83,2.0,1085.0,8
WOODLANDS,4 ROOM,92.0,Model A,2015,530000.0,2023,12,83,17.0,1088.0,8
WOODLANDS,4 ROOM,93.0,Model A,2019,645000.0,2023,12,83,23.0,1139.0,4
BUKIT MERAH,4 ROOM,92.0,Model A,2003,860000.0,2024,1,84,14.0,941.0,21
YISHUN,3 ROOM,67.0,Model A,2018,545000.0,2024,1,84,8.0,1121.0,6
JURONG WEST,5 ROOM,133.0,Model A,1985,623000.0,2024,1,84,8.0,723.0,39
PASIR RIS,EXECUTIVE,148.0,Maisonette,1992,840000.0,2024,1,84,8.0,816.0,32
BEDOK,5 ROOM,121.0,Improved,1983,570000.0,2024,1,84,2.0,696.0,41
BISHAN,4 ROOM,105.0,Model A,1985,660000.0,2024,1,84,8.0,730.0,39
TOA PAYOH,3 ROOM,73.0,New Generation,1984,345000.0,2024,1,84,2.0,717.0,40
ANG MO KIO,3 ROOM,74.0,New Generation,1978,415000.0,2024,1,84,5.0,641.0,46
SERANGOON,3 ROOM,73.0,Improved,1978,473000.0,2024,1,84,11.0,640.0,46
BUKIT MERAH,3 ROOM,74.0,Model A,1985,458000.0,2024,1,84,5.0,722.0,39
BUKIT BATOK,4 ROOM,103.0,Model A,1984,530000.0,2024,1,84,5.0,720.0,40
BUKIT PANJANG,3 ROOM,64.0,Simplified,1989,341000.0,2024,1,84,2.0,772.0,35
JURONG WEST,4 ROOM,83.0,Model A,2017,685732.0,2024,1,84,17.0,1114.0,7
QUEENSTOWN,3 ROOM,73.0,Improved,1974,540000.0,2024,1,84,8.0,593.0,50
BUKIT BATOK,4 ROOM,92.0,Model A,2019,620000.0,2024,1,84,5.0,1129.0,5
HOUGANG,3 ROOM,67.0,New Generation,1981,375000.0,2024,1,84,8.0,680.0,43
BUKIT PANJANG,5 ROOM,121.0,Improved,1999,780000.0,2024,1,84,20.0,894.0,25
JURONG EAST,4 ROOM,99.0,New Generation,1981,448000.0,2024,1,84,11.0,680.0,43
WOODLANDS,4 ROOM,93.0,Model A,2019,610000.0,2024,1,84,8.0,1138.0,5
PUNGGOL,5 ROOM,110.0,Premium Apartment,2003,630000.0,2024,1,84,5.0,946.0,21
YISHUN,2 ROOM,47.0,Model A,2012,330000.0,2024,1,84,11.0,1052.0,12
WOODLANDS,4 ROOM,101.0,Model A,1999,520000.0,2024,1,84,2.0,888.0,25
YISHUN,4 ROOM,93.0,Model A,2019,585000.0,2024,1,84,14.0,1136.0,5
TAMPINES,4 ROOM,101.0,Model A,1997,560000.0,2024,1,84,2.0,870.0,27
TAMPINES,5 ROOM,126.0,Improved,1993,730000.0,2024,1,84,8.0,826.0,31
YISHUN,2 ROOM,38.0,Model A,2018,330000.0,2024,1,84,8.0,1127.0,6
PUNGGOL,3 ROOM,68.0,Model A,2018,475000.0,2024,1,84,5.0,1126.0,6
JURONG EAST,EXECUTIVE,141.0,Apartment,1985,622000.0,2024,1,84,2.0,725.0,39
BUKIT BATOK,3 ROOM,67.0,New Generation,1998,345000.0,2024,1,84,2.0,877.0,26
YISHUN,4 ROOM,92.0,Model A,2012,485000.0,2024,1,84,2.0,1052.0,12
YISHUN,4 ROOM,92.0,Model A,2015,540000.0,2024,1,84,11.0,1092.0,9
WOODLANDS,EXECUTIVE,143.0,Apartment,1997,710000.0,2024,1,84,2.0,874.0,27
HOUGANG,5 ROOM,120.0,Improved,1985,670000.0,2024,1,84,8.0,729.0,39
KALLANG/WHAMPOA,3 ROOM,56.0,Standard,1970,250000.0,2024,1,84,2.0,545.0,54
HOUGANG,5 ROOM,113.0,Improved,2018,730000.0,2024,1,84,11.0,1127.0,6
CHOA CHU KANG,4 ROOM,101.0,Model A,1998,535000.0,2024,1,84,14.0,878.0,26
SENGKANG,5 ROOM,109.0,Improved,2000,535000.0,2024,1,84,5.0,912.0,24
YISHUN,5 ROOM,121.0,Improved,1984,588888.0,2024,1,84,5.0,717.0,40
BUKIT MERAH,4 ROOM,95.0,Premium Apartment,2013,938000.0,2024,1,84,11.0,1064.0,11
JURONG WEST,3 ROOM,68.0,Model A,2019,458000.0,2024,1,84,14.0,1133.0,5
QUEENSTOWN,4 ROOM,88.0,Model A,2012,808000.0,2024,1,84,14.0,1046.0,12
PUNGGOL,5 ROOM,110.0,Premium Apartment,2003,620000.0,2024,1,84,2.0,946.0,21
GEYLANG,3 ROOM,60.0,Model A,2006,575000.0,2024,1,84,11.0,984.0,18
PUNGGOL,4 ROOM,97.0,Model A,2012,650000.0,2024,1,84,14.0,1055.0,12
HOUGANG,2 ROOM,47.0,Model A,2019,350000.0,2024,1,84,14.0,1137.0,5
TAMPINES,4 ROOM,105.0,Model A,1984,555000.0,2024,1,84,5.0,713.0,40
TAMPINES,3 ROOM,76.0,Model A,1985,440000.0,2024,1,84,5.0,721.0,39
SENGKANG,5 ROOM,111.0,Improved,2001,575000.0,2024,1,84,11.0,915.0,23
JURONG WEST,4 ROOM,94.0,Premium Apartment,2000,556000.0,2024,1,84,8.0,910.0,24
BISHAN,5 ROOM,120.0,DBSS,2011,1311000.0,2024,1,84,11.0,1040.0,13
BEDOK,4 ROOM,92.0,New Generation,1978,467000.0,2024,1,84,2.0,642.0,46
CHOA CHU KANG,5 ROOM,113.0,Improved,2018,600000.0,2024,1,84,5.0,1117.0,6
HOUGANG,5 ROOM,121.0,Improved,1999,680000.0,2024,1,84,5.0,893.0,25
TOA PAYOH,3 ROOM,73.0,New Generation,1984,378000.0,2024,1,84,2.0,717.0,40
WOODLANDS,5 ROOM,113.0,Improved,2019,680000.0,2024,1,84,2.0,1137.0,5
BUKIT MERAH,3 ROOM,65.0,Improved,1975,357000.0,2024,1,84,5.0,604.0,49
TOA PAYOH,4 ROOM,93.0,Model A,2019,1050000.0,2024,1,84,35.0,1140.0,5
SENGKANG,3 ROOM,67.0,Model A,2011,465000.0,2024,1,84,8.0,1043.0,13
SEMBAWANG,5 ROOM,118.0,Premium Apartment,2001,550000.0,2024,1,84,2.0,917.0,23
WOODLANDS,4 ROOM,105.0,Premium Apartment,2000,548000.0,2024,1,84,11.0,902.0,24
ANG MO KIO,2 ROOM,44.0,Improved,1978,288000.0,2024,1,84,8.0,642.0,46
TAMPINES,3 ROOM,75.0,Model A,1983,410000.0,2024,1,84,2.0,707.0,41
HOUGANG,5 ROOM,112.0,DBSS,2014,900000.0,2024,1,84,8.0,1078.0,10
JURONG WEST,5 ROOM,116.0,Improved,2000,820000.0,2024,1,84,17.0,905.0,24
WOODLANDS,4 ROOM,101.0,Model A,2000,526888.0,2024,1,84,8.0,905.0,24
WOODLANDS,5 ROOM,111.0,Improved,2001,597000.0,2024,1,84,8.0,916.0,23
BUKIT MERAH,3 ROOM,70.0,Improved,1975,398000.0,2024,1,84,14.0,604.0,49
YISHUN,5 ROOM,122.0,Improved,1988,608000.0,2024,1,84,2.0,762.0,36
PASIR RIS,4 ROOM,104.0,Model A,1989,550000.0,2024,1,84,8.0,772.0,35
BUKIT BATOK,4 ROOM,102.0,Model A,1997,588000.0,2024,1,84,2.0,871.0,27
QUEENSTOWN,3 ROOM,72.0,Improved,1970,404000.0,2024,1,84,5.0,546.0,54
HOUGANG,4 ROOM,92.0,Model A,2015,620000.0,2024,1,84,17.0,1086.0,9
PUNGGOL,5 ROOM,110.0,Improved,2003,620000.0,2024,1,84,14.0,941.0,21
BUKIT BATOK,4 ROOM,92.0,Model A,2019,610000.0,2024,1,84,8.0,1131.0,5
PUNGGOL,4 ROOM,96.0,Premium Apartment,2013,720000.0,2024,1,84,17.0,1063.0,11
BUKIT BATOK,4 ROOM,93.0,Model A,2019,635000.0,2024,1,84,14.0,1132.0,5
TAMPINES,4 ROOM,92.0,Model A,2020,710000.0,2024,1,84,5.0,1142.0,4
BUKIT PANJANG,4 ROOM,104.0,Model A,1988,500000.0,2024,1,84,8.0,769.0,36
YISHUN,3 ROOM,67.0,New Generation,1985,362000.0,2024,1,84,5.0,730.0,39
SENGKANG,4 ROOM,92.0,Model A,2015,610000.0,2024,1,84,14.0,1088.0,9
CHOA CHU KANG,4 ROOM,90.0,Model A,2002,480000.0,2024,1,84,14.0,933.0,22
SEMBAWANG,4 ROOM,102.0,Premium Apartment,2001,528000.0,2024,1,84,8.0,920.0,23
TAMPINES,4 ROOM,93.0,Model A,2015,758000.0,2024,1,84,8.0,1089.0,9
TAMPINES,4 ROOM,104.0,Model A,1985,568000.0,2024,1,84,11.0,726.0,39
PUNGGOL,4 ROOM,93.0,Premium Apartment,2013,653000.0,2024,1,84,17.0,1064.0,11
BUKIT BATOK,4 ROOM,93.0,New Generation,1985,495000.0,2024,1,84,11.0,728.0,39
SENGKANG,4 ROOM,95.0,Model A,2012,620000.0,2024,1,84,26.0,1055.0,12
BISHAN,5 ROOM,121.0,Improved,1987,958000.0,2024,1,84,14.0,752.0,37
JURONG WEST,3 ROOM,66.0,Improved,1974,300000.0,2024,1,84,11.0,598.0,50
BUKIT PANJANG,4 ROOM,92.0,Model A,2015,588888.0,2024,1,84,11.0,1091.0,9
BUKIT BATOK,EXECUTIVE,144.0,Apartment,1997,950000.0,2024,1,84,11.0,875.0,27
YISHUN,5 ROOM,112.0,Improved,2018,740000.0,2024,1,84,14.0,1127.0,6
CLEMENTI,3 ROOM,67.0,New Generation,1979,410000.0,2024,1,84,5.0,658.0,45
SENGKANG,4 ROOM,92.0,Model A,2015,570000.0,2024,1,84,11.0,1085.0,9
TAMPINES,3 ROOM,68.0,Model A,2020,540000.0,2024,1,84,11.0,1143.0,4
PUNGGOL,4 ROOM,93.0,Model A,2018,570000.0,2024,1,84,8.0,1127.0,6
PASIR RIS,EXECUTIVE,147.0,Apartment,1993,820000.0,2024,1,84,5.0,822.0,31
HOUGANG,2 ROOM,38.0,Model A,2019,330000.0,2024,1,84,17.0,1134.0,5
PUNGGOL,5 ROOM,116.0,Premium Apartment,2019,835000.0,2024,1,84,2.0,1131.0,5
KALLANG/WHAMPOA,5 ROOM,115.0,DBSS,2011,1200000.0,2024,1,84,8.0,1031.0,13
SENGKANG,4 ROOM,92.0,Model A,2005,538000.0,2024,1,84,8.0,962.0,19
BUKIT BATOK,4 ROOM,93.0,New Generation,1984,468000.0,2024,1,84,5.0,717.0,40
SEMBAWANG,5 ROOM,115.0,Premium Apartment,2001,635000.0,2024,1,84,14.0,918.0,23
SENGKANG,4 ROOM,93.0,Model A,2015,546000.0,2024,1,84,14.0,1083.0,9
SENGKANG,4 ROOM,93.0,Model A,2016,645000.0,2024,1,84,23.0,1101.0,8
TAMPINES,4 ROOM,92.0,Model A,2020,725000.0,2024,1,84,14.0,1142.0,4
HOUGANG,4 ROOM,109.0,Model A,1983,628000.0,2024,1,84,11.0,704.0,41
CLEMENTI,3 ROOM,67.0,New Generation,1980,378000.0,2024,1,84,8.0,668.0,44
PUNGGOL,5 ROOM,113.0,Improved,2018,755000.0,2024,1,84,8.0,1126.0,6
BUKIT MERAH,3 ROOM,60.0,Standard,1967,315000.0,2024,1,84,8.0,510.0,57
BUKIT PANJANG,4 ROOM,92.0,Model A,2015,583000.0,2024,1,84,17.0,1092.0,9
BEDOK,EXECUTIVE,146.0,Apartment,1993,915000.0,2024,1,84,5.0,828.0,31
CENTRAL AREA,3 ROOM,69.0,Improved,1984,515000.0,2024,1,84,5.0,711.0,40
WOODLANDS,5 ROOM,122.0,Improved,1997,640000.0,2024,1,84,11.0,869.0,27
WOODLANDS,4 ROOM,101.0,Model A,2000,520000.0,2024,1,84,11.0,904.0,24
TOA PAYOH,4 ROOM,82.0,Improved,1976,430000.0,2024,1,84,11.0,615.0,48
TOA PAYOH,3 ROOM,68.0,Improved,1970,365000.0,2024,1,84,17.0,541.0,54
BUKIT BATOK,4 ROOM,104.0,Model A,1984,520000.0,2024,1,84,11.0,715.0,40
ANG MO KIO,3 ROOM,68.0,New Generation,1981,380000.0,2024,1,84,8.0,677.0,43
WOODLANDS,2 ROOM,47.0,2-room,2018,335000.0,2024,1,84,8.0,1123.0,6
BUKIT BATOK,5 ROOM,112.0,Improved,2019,725000.0,2024,1,84,5.0,1131.0,5
WOODLANDS,4 ROOM,93.0,New Generation,1987,469288.0,2024,1,84,11.0,747.0,37
QUEENSTOWN,4 ROOM,96.0,Model A,2000,730000.0,2024,1,84,2.0,909.0,24
BEDOK,EXECUTIVE,151.0,Maisonette,1984,868000.0,2024,1,84,11.0,716.0,40
BUKIT PANJANG,4 ROOM,93.0,Premium Apartment,2003,705888.0,2024,1,84,8.0,940.0,21
JURONG EAST,3 ROOM,67.0,Model A,2016,470000.0,2024,1,84,26.0,1103.0,8
QUEENSTOWN,4 ROOM,88.0,Improved,1975,590000.0,2024,1,84,11.0,601.0,49
HOUGANG,3 ROOM,68.0,Model A,2019,465000.0,2024,1,84,11.0,1139.0,5
HOUGANG,3 ROOM,67.0,New Generation,1983,410000.0,2024,1,84,14.0,697.0,41
CHOA CHU KANG,4 ROOM,93.0,Model A,2016,540000.0,2024,1,84,14.0,1098.0,8
ANG MO KIO,5 ROOM,120.0,Improved,1980,645000.0,2024,1,84,5.0,661.0,44
BEDOK,3 ROOM,67.0,New Generation,1984,375000.0,2024,1,84,5.0,718.0,40
YISHUN,4 ROOM,93.0,Model A,2018,600888.0,2024,1,84,14.0,1120.0,6
SERANGOON,4 ROOM,84.0,Simplified,1986,630000.0,2024,1,84,5.0,736.0,38
JURONG EAST,4 ROOM,104.0,Model A,1983,450000.0,2024,1,84,11.0,703.0,41
CHOA CHU KANG,EXECUTIVE,146.0,Maisonette,1989,800000.0,2024,1,84,5.0,772.0,35
SEMBAWANG,4 ROOM,95.0,Premium Apartment,2001,580000.0,2024,1,84,17.0,917.0,23
ANG MO KIO,4 ROOM,93.0,Model A,2018,950800.0,2024,1,84,23.0,1119.0,6
CHOA CHU KANG,4 ROOM,103.0,Premium Apartment,2000,500000.0,2024,1,84,8.0,902.0,24
SERANGOON,3 ROOM,64.0,Simplified,1986,448888.0,2024,1,84,2.0,733.0,38
CENTRAL AREA,3 ROOM,57.0,Standard,1974,388000.0,2024,1,84,5.0,588.0,50
SENGKANG,3 ROOM,67.0,Model A,2014,450000.0,2024,1,84,5.0,1075.0,10
QUEENSTOWN,4 ROOM,87.0,Model A,2003,670000.0,2024,1,84,2.0,945.0,21
SENGKANG,5 ROOM,113.0,Premium Apartment,2017,720000.0,2024,1,84,2.0,1114.0,7
PUNGGOL,4 ROOM,93.0,Premium Apartment,2016,650000.0,2024,1,84,8.0,1100.0,8
JURONG EAST,5 ROOM,155.0,Model A-Maisonette,1984,725000.0,2024,1,84,5.0,714.0,40
YISHUN,EXECUTIVE,146.0,Maisonette,1988,860000.0,2024,1,84,5.0,764.0,36
JURONG WEST,3 ROOM,68.0,Model A,2015,390000.0,2024,1,84,2.0,1083.0,9
BISHAN,5 ROOM,120.0,Improved,1990,858000.0,2024,1,84,2.0,781.0,34
CHOA CHU KANG,4 ROOM,92.0,Model A,2018,560000.0,2024,1,84,8.0,1118.0,6
BUKIT BATOK,4 ROOM,92.0,Model A,2019,630000.0,2024,1,84,14.0,1131.0,5
BUKIT BATOK,EXECUTIVE,148.0,Maisonette,1985,860000.0,2024,1,84,11.0,724.0,39
SENGKANG,4 ROOM,92.0,Premium Apartment,2015,775000.0,2024,1,84,14.0,1088.0,9
SENGKANG,4 ROOM,96.0,Model A,2010,625000.0,2024,1,84,20.0,1023.0,14
BUKIT PANJANG,5 ROOM,121.0,Improved,1998,663888.0,2024,1,84,8.0,886.0,26
HOUGANG,4 ROOM,93.0,Model A,2019,645000.0,2024,1,84,17.0,1139.0,5
YISHUN,4 ROOM,84.0,Simplified,1987,450000.0,2024,1,84,8.0,754.0,37
YISHUN,3 ROOM,74.0,Model A,1988,390000.0,2024,1,84,2.0,759.0,36
BUKIT BATOK,3 ROOM,73.0,Model A,1985,380000.0,2024,1,84,8.0,723.0,39
KALLANG/WHAMPOA,EXECUTIVE,153.0,Maisonette,1984,965000.0,2024,1,84,5.0,714.0,40
WOODLANDS,5 ROOM,120.0,Improved,1996,670000.0,2024,1,84,8.0,858.0,28
JURONG WEST,4 ROOM,91.0,Model A,2001,478888.0,2024,1,84,2.0,919.0,23
WOODLANDS,EXECUTIVE,177.0,Apartment,1995,933000.0,2024,1,84,11.0,847.0,29
SEMBAWANG,4 ROOM,93.0,Model A,2018,600000.0,2024,1,84,8.0,1124.0,6
TOA PAYOH,3 ROOM,65.0,Improved,1976,363000.0,2024,1,84,11.0,617.0,48
SENGKANG,4 ROOM,93.0,Model A,2013,600000.0,2024,1,84,11.0,1058.0,11
PUNGGOL,4 ROOM,90.0,Model A,2015,570000.0,2024,1,84,8.0,1092.0,9
SENGKANG,4 ROOM,92.0,Model A,2019,622000.0,2024,1,84,8.0,1132.0,5
SENGKANG,3 ROOM,69.0,Model A,2012,510000.0,2024,1,84,17.0,1046.0,12
KALLANG/WHAMPOA,4 ROOM,83.0,Improved,1972,605000.0,2024,1,84,17.0,565.0,52
HOUGANG,4 ROOM,93.0,Model A,2019,572000.0,2024,1,84,5.0,1136.0,5
KALLANG/WHAMPOA,3 ROOM,67.0,Model A,2017,528888.0,2024,1,84,2.0,1115.0,7
PUNGGOL,3 ROOM,68.0,Premium Apartment,2018,458000.0,2024,1,84,5.0,1124.0,6
CLEMENTI,4 ROOM,92.0,New Generation,1979,540000.0,2024,1,84,2.0,650.0,45
JURONG EAST,3 ROOM,68.0,New Generation,1983,370000.0,2024,1,84,5.0,700.0,41
BEDOK,4 ROOM,82.0,Improved,1976,430000.0,2024,1,84,2.0,612.0,48
JURONG WEST,4 ROOM,98.0,New Generation,1985,485000.0,2024,1,84,5.0,721.0,39
SENGKANG,5 ROOM,110.0,Improved,2000,581800.0,2024,1,84,14.0,908.0,24
YISHUN,4 ROOM,105.0,Model A,1987,455000.0,2024,1,84,5.0,752.0,37
CHOA CHU KANG,5 ROOM,122.0,Premium Apartment,1999,550000.0,2024,1,84,5.0,894.0,25
JURONG WEST,3 ROOM,74.0,Model A,1984,412000.0,2024,1,84,8.0,714.0,40
BUKIT MERAH,3 ROOM,65.0,Improved,1976,330000.0,2024,1,84,8.0,613.0,48
SENGKANG,5 ROOM,110.0,Improved,2000,560000.0,2024,1,84,8.0,912.0,24
SEMBAWANG,EXECUTIVE,126.0,Apartment,2002,663800.0,2024,1,84,8.0,925.0,22
TAMPINES,4 ROOM,108.0,Model A,1984,585000.0,2024,1,84,8.0,719.0,40
BEDOK,5 ROOM,118.0,Standard,1978,575000.0,2024,1,84,5.0,638.0,46
BUKIT BATOK,4 ROOM,100.0,Model A,1997,578000.0,2024,1,84,14.0,868.0,27
HOUGANG,4 ROOM,101.0,Model A,1999,538888.0,2024,1,84,5.0,898.0,25
BEDOK,3 ROOM,67.0,New Generation,1979,388000.0,2024,1,84,8.0,654.0,45
SEMBAWANG,5 ROOM,110.0,Improved,2000,505000.0,2024,1,84,8.0,909.0,24
BISHAN,EXECUTIVE,144.0,Maisonette,1988,1088888.0,2024,1,84,2.0,762.0,36
BUKIT BATOK,5 ROOM,113.0,Improved,2019,862000.0,2024,1,84,32.0,1129.0,5
TAMPINES,4 ROOM,84.0,Simplified,1988,510000.0,2024,1,84,2.0,759.0,36
WOODLANDS,4 ROOM,100.0,Model A,1997,485000.0,2024,1,84,2.0,873.0,27
SENGKANG,4 ROOM,94.0,Premium Apartment,2001,493000.0,2024,1,84,5.0,921.0,23
YISHUN,5 ROOM,113.0,Improved,2016,685000.0,2024,1,84,5.0,1094.0,8
SEMBAWANG,4 ROOM,93.0,Model A,2018,585000.0,2024,1,84,5.0,1122.0,6
HOUGANG,3 ROOM,82.0,New Generation,1983,438000.0,2024,1,84,5.0,699.0,41
BISHAN,4 ROOM,95.0,New Generation,1984,680000.0,2024,1,84,11.0,719.0,40
SENGKANG,4 ROOM,90.0,Premium Apartment,2009,720000.0,2024,1,84,5.0,1020.0,15
TAMPINES,EXECUTIVE,151.0,Apartment,1995,1000000.0,2024,1,84,14.0,851.0,29
BUKIT PANJANG,3 ROOM,73.0,Model A,1988,420000.0,2024,1,84,11.0,762.0,36
JURONG WEST,4 ROOM,109.0,Model A,1985,480000.0,2024,1,84,2.0,726.0,39
QUEENSTOWN,4 ROOM,94.0,Model A,2011,920888.0,2024,1,84,26.0,1039.0,13
TAMPINES,3 ROOM,74.0,Model A,1986,483000.0,2024,1,84,11.0,742.0,38
CHOA CHU KANG,5 ROOM,113.0,Improved,2017,680000.0,2024,1,84,14.0,1115.0,7
PUNGGOL,3 ROOM,67.0,Premium Apartment,2016,518000.0,2024,1,84,11.0,1098.0,8
PUNGGOL,3 ROOM,68.0,Model A,2016,490000.0,2024,1,84,11.0,1104.0,8
HOUGANG,4 ROOM,94.0,Model A,2019,625000.0,2024,1,84,17.0,1140.0,5
CHOA CHU KANG,4 ROOM,92.0,Model A,2017,568000.0,2024,1,84,11.0,1108.0,7
SENGKANG,4 ROOM,94.0,Premium Apartment,2013,525000.0,2024,1,84,2.0,1061.0,11
PUNGGOL,5 ROOM,114.0,Premium Apartment,2018,778000.0,2024,1,84,17.0,1119.0,6
GEYLANG,3 ROOM,60.0,Model A,2007,590000.0,2024,1,84,17.0,986.0,17
BUKIT BATOK,2 ROOM,47.0,Model A,2019,368000.0,2024,1,84,23.0,1128.0,5
WOODLANDS,EXECUTIVE,145.0,Maisonette,1996,850000.0,2024,1,84,8.0,859.0,28
HOUGANG,4 ROOM,107.0,Model A,1992,555000.0,2024,1,84,8.0,813.0,32
HOUGANG,4 ROOM,105.0,Model A,1984,580000.0,2024,1,84,11.0,718.0,40
SENGKANG,5 ROOM,111.0,Improved,2001,630000.0,2024,1,84,17.0,916.0,23
YISHUN,4 ROOM,93.0,Model A,2013,520000.0,2024,1,84,5.0,1064.0,11
BEDOK,3 ROOM,60.0,Improved,1986,360000.0,2024,1,84,8.0,736.0,38
MARINE PARADE,3 ROOM,65.0,Improved,1975,350000.0,2024,1,84,2.0,601.0,49
PASIR RIS,4 ROOM,115.0,Model A,1996,615000.0,2024,1,84,5.0,858.0,28
CHOA CHU KANG,4 ROOM,104.0,Model A,1993,515000.0,2024,1,84,5.0,821.0,31
BEDOK,4 ROOM,93.0,New Generation,1985,530000.0,2024,1,84,5.0,726.0,39
BUKIT BATOK,5 ROOM,114.0,Improved,2019,752000.0,2024,1,84,5.0,1136.0,5
ANG MO KIO,3 ROOM,82.0,New Generation,1978,450000.0,2024,1,84,8.0,645.0,46
JURONG WEST,3 ROOM,65.0,Improved,1976,300000.0,2024,1,84,2.0,623.0,48
BEDOK,5 ROOM,137.0,Model A-Maisonette,1984,830000.0,2024,1,84,5.0,715.0,40
QUEENSTOWN,3 ROOM,65.0,Improved,1975,442000.0,2024,1,84,14.0,601.0,49
BUKIT BATOK,4 ROOM,93.0,Model A,2019,670000.0,2024,1,84,17.0,1132.0,5
SERANGOON,EXECUTIVE,141.0,Apartment,1998,1035000.0,2024,1,84,8.0,882.0,26
ANG MO KIO,3 ROOM,74.0,New Generation,1979,420000.0,2024,1,84,11.0,656.0,45
ANG MO KIO,4 ROOM,90.0,Model A,2006,732000.0,2024,1,84,8.0,976.0,18
BUKIT MERAH,3 ROOM,68.0,Model A,2018,688000.0,2024,1,84,14.0,1128.0,6
QUEENSTOWN,4 ROOM,85.0,Model A,2002,780000.0,2024,1,84,14.0,929.0,22
JURONG WEST,4 ROOM,93.0,Model A,2019,630000.0,2024,1,84,11.0,1134.0,5
TAMPINES,5 ROOM,110.0,DBSS,2011,850000.0,2024,1,84,5.0,1035.0,13
PUNGGOL,4 ROOM,93.0,Premium Apartment,2020,690000.0,2024,1,84,17.0,1141.0,4
GEYLANG,3 ROOM,65.0,Improved,1975,390000.0,2024,1,84,2.0,608.0,49
CLEMENTI,4 ROOM,91.0,New Generation,1980,500000.0,2024,1,84,5.0,667.0,44
CLEMENTI,4 ROOM,93.0,Model A,2017,835000.0,2024,1,84,5.0,1112.0,7
TAMPINES,3 ROOM,79.0,Model A,1984,456888.0,2024,1,84,8.0,717.0,40
CHOA CHU KANG,EXECUTIVE,146.0,Maisonette,1989,750000.0,2024,2,85,8.0,770.0,35
YISHUN,3 ROOM,82.0,New Generation,1985,430000.0,2024,2,85,2.0,723.0,39
HOUGANG,4 ROOM,84.0,Simplified,1986,460000.0,2024,2,85,5.0,732.0,38
JURONG EAST,3 ROOM,68.0,New Generation,1983,360000.0,2024,2,85,8.0,698.0,41
TAMPINES,EXECUTIVE,146.0,Maisonette,1989,900000.0,2024,2,85,5.0,769.0,35
BUKIT BATOK,3 ROOM,64.0,Simplified,1986,368000.0,2024,2,85,2.0,743.0,38
PASIR RIS,3 ROOM,68.0,Model A,2015,550000.0,2024,2,85,11.0,1086.0,9
SENGKANG,5 ROOM,111.0,Premium Apartment,2002,550000.0,2024,2,85,2.0,931.0,22
JURONG WEST,4 ROOM,104.0,Model A,1989,458800.0,2024,2,85,2.0,776.0,35
PASIR RIS,4 ROOM,110.0,Model A,1994,547500.0,2024,2,85,11.0,831.0,30
BUKIT PANJANG,4 ROOM,91.0,Model A2,1998,460000.0,2024,2,85,5.0,880.0,26
TAMPINES,3 ROOM,68.0,Model A,2020,518000.0,2024,2,85,2.0,1140.0,4
QUEENSTOWN,3 ROOM,65.0,Improved,1974,415000.0,2024,2,85,2.0,592.0,50
ANG MO KIO,3 ROOM,70.0,Model A,2012,635000.0,2024,2,85,17.0,1053.0,12
WOODLANDS,4 ROOM,102.0,Model A,1998,512000.0,2024,2,85,11.0,882.0,26
KALLANG/WHAMPOA,4 ROOM,90.0,Model A,2006,900000.0,2024,2,85,14.0,978.0,18
ANG MO KIO,4 ROOM,91.0,New Generation,1980,542000.0,2024,2,85,8.0,666.0,44
BUKIT BATOK,4 ROOM,93.0,Model A,2020,585000.0,2024,2,85,8.0,1141.0,4
SEMBAWANG,EXECUTIVE,127.0,Apartment,2001,681888.0,2024,2,85,2.0,923.0,23
JURONG WEST,EXECUTIVE,150.0,Maisonette,1985,638000.0,2024,2,85,11.0,728.0,39
TOA PAYOH,5 ROOM,120.0,Improved,1999,1075000.0,2024,2,85,14.0,898.0,25
PUNGGOL,4 ROOM,93.0,Premium Apartment,2016,600000.0,2024,2,85,5.0,1097.0,8
BEDOK,4 ROOM,84.0,Improved,1977,435000.0,2024,2,85,5.0,632.0,47
HOUGANG,3 ROOM,68.0,Model A,2019,450000.0,2024,2,85,8.0,1139.0,5
HOUGANG,4 ROOM,92.0,Premium Apartment,2016,660000.0,2024,2,85,8.0,1094.0,8
YISHUN,4 ROOM,91.0,New Generation,1984,475000.0,2024,2,85,8.0,718.0,40
PUNGGOL,4 ROOM,93.0,Model A,2018,600000.0,2024,2,85,11.0,1127.0,6
WOODLANDS,5 ROOM,122.0,Improved,1998,570000.0,2024,2,85,5.0,877.0,26
SEMBAWANG,4 ROOM,85.0,Model A2,2002,483000.0,2024,2,85,14.0,935.0,22
JURONG WEST,3 ROOM,59.0,Improved,1978,295000.0,2024,2,85,17.0,641.0,46
PASIR RIS,4 ROOM,104.0,Model A,1995,572000.0,2024,2,85,8.0,846.0,29
CLEMENTI,4 ROOM,93.0,Model A,2017,993000.0,2024,2,85,41.0,1111.0,7
TOA PAYOH,3 ROOM,68.0,Model A,2019,755000.0,2024,2,85,23.0,1139.0,5
JURONG WEST,3 ROOM,68.0,Model A,2019,445000.0,2024,2,85,17.0,1133.0,5
JURONG WEST,4 ROOM,103.0,Model A,1984,466000.0,2024,2,85,8.0,715.0,40
BUKIT BATOK,4 ROOM,93.0,Model A,2019,560000.0,2024,2,85,2.0,1136.0,5
BEDOK,3 ROOM,67.0,New Generation,1978,352000.0,2024,2,85,11.0,640.0,46
TAMPINES,5 ROOM,112.0,Improved,2020,847500.0,2024,2,85,8.0,1141.0,4
GEYLANG,4 ROOM,90.0,Simplified,1985,520000.0,2024,2,85,5.0,729.0,39
PUNGGOL,4 ROOM,93.0,Premium Apartment,2013,640000.0,2024,2,85,5.0,1061.0,11
PUNGGOL,4 ROOM,94.0,Model A,2014,645000.0,2024,2,85,17.0,1071.0,10
SEMBAWANG,4 ROOM,93.0,Model A,2018,575000.0,2024,2,85,5.0,1122.0,6
PUNGGOL,4 ROOM,93.0,Premium Apartment,2011,650000.0,2024,2,85,5.0,1034.0,13
CLEMENTI,EXECUTIVE,150.0,Maisonette,1985,1025000.0,2024,2,85,14.0,721.0,39
ANG MO KIO,3 ROOM,67.0,New Generation,1979,370000.0,2024,2,85,5.0,656.0,45
BUKIT BATOK,3 ROOM,73.0,Model A,1986,380000.0,2024,2,85,11.0,739.0,38
CHOA CHU KANG,3 ROOM,73.0,Model A,1989,385000.0,2024,2,85,11.0,777.0,35
BEDOK,4 ROOM,90.0,Improved,1977,450000.0,2024,2,85,8.0,632.0,47
PUNGGOL,5 ROOM,113.0,Premium Apartment,2013,842000.0,2024,2,85,11.0,1056.0,11
YISHUN,2 ROOM,47.0,Model A,2018,320000.0,2024,2,85,2.0,1126.0,6
CHOA CHU KANG,4 ROOM,105.0,Premium Apartment,1999,480000.0,2024,2,85,2.0,898.0,25
PUNGGOL,5 ROOM,116.0,Premium Apartment,2020,928000.0,2024,2,85,5.0,1140.0,4
BUKIT BATOK,5 ROOM,132.0,Model A,1985,670000.0,2024,2,85,5.0,721.0,39
JURONG WEST,5 ROOM,122.0,Improved,1989,510000.0,2024,2,85,11.0,779.0,35
ANG MO KIO,3 ROOM,75.0,New Generation,1980,410000.0,2024,2,85,5.0,659.0,44
JURONG WEST,4 ROOM,91.0,New Generation,1984,480000.0,2024,2,85,5.0,718.0,40
BUKIT BATOK,5 ROOM,118.0,Improved,2004,700000.0,2024,2,85,14.0,957.0,20
SENGKANG,5 ROOM,120.0,Improved,1999,620000.0,2024,2,85,11.0,894.0,25
BUKIT PANJANG,5 ROOM,113.0,Premium Apartment,2003,828000.0,2024,2,85,23.0,939.0,21
SENGKANG,4 ROOM,93.0,Model A,2016,620000.0,2024,2,85,14.0,1101.0,8
TAMPINES,4 ROOM,84.0,Simplified,1988,495000.0,2024,2,85,5.0,763.0,36
PUNGGOL,4 ROOM,93.0,Premium Apartment,2020,630000.0,2024,2,85,5.0,1140.0,4
ANG MO KIO,4 ROOM,91.0,New Generation,1978,460000.0,2024,2,85,5.0,635.0,46
BUKIT MERAH,4 ROOM,93.0,Model A,2019,1050000.0,2024,2,85,38.0,1132.0,5
CHOA CHU KANG,4 ROOM,90.0,Model A,2002,465000.0,2024,2,85,11.0,929.0,22
PUNGGOL,5 ROOM,111.0,Premium Apartment,2003,580888.0,2024,2,85,11.0,945.0,21
BISHAN,5 ROOM,123.0,Improved,1988,850000.0,2024,2,85,8.0,763.0,36
HOUGANG,5 ROOM,126.0,Improved,1984,680000.0,2024,2,85,14.0,709.0,40
BUKIT BATOK,2 ROOM,47.0,Model A,2019,362000.0,2024,2,85,23.0,1129.0,5
YISHUN,EXECUTIVE,146.0,Maisonette,1988,860000.0,2024,2,85,5.0,766.0,36
SENGKANG,3 ROOM,68.0,Premium Apartment,2013,508000.0,2024,2,85,23.0,1061.0,11
BEDOK,5 ROOM,119.0,Improved,1979,720000.0,2024,2,85,23.0,655.0,45
SENGKANG,4 ROOM,92.0,Premium Apartment,2008,653000.0,2024,2,85,8.0,1000.0,16
QUEENSTOWN,4 ROOM,92.0,Model A,2003,768000.0,2024,2,85,8.0,943.0,21
JURONG WEST,5 ROOM,121.0,3Gen,2018,650000.0,2024,2,85,8.0,1122.0,6
CLEMENTI,4 ROOM,91.0,New Generation,1980,440000.0,2024,2,85,5.0,666.0,44
JURONG EAST,4 ROOM,92.0,Model A,2013,610000.0,2024,2,85,26.0,1064.0,11
TAMPINES,4 ROOM,104.0,Model A,1983,540000.0,2024,2,85,2.0,704.0,41
BUKIT BATOK,3 ROOM,64.0,Simplified,1988,368000.0,2024,2,85,2.0,756.0,36
WOODLANDS,EXECUTIVE,143.0,Maisonette,1999,818000.0,2024,2,85,11.0,890.0,25
YISHUN,3 ROOM,74.0,Model A,1988,430000.0,2024,2,85,11.0,766.0,36
PUNGGOL,5 ROOM,112.0,Improved,2003,643000.0,2024,2,85,17.0,947.0,21
PASIR RIS,4 ROOM,105.0,Model A,1989,605888.0,2024,2,85,8.0,780.0,35
CHOA CHU KANG,4 ROOM,104.0,Model A,1994,513000.0,2024,2,85,8.0,838.0,30
WOODLANDS,4 ROOM,93.0,Model A,2018,580000.0,2024,2,85,8.0,1121.0,6
YISHUN,2 ROOM,47.0,2-room,2018,346000.0,2024,2,85,5.0,1124.0,6
TAMPINES,EXECUTIVE,144.0,Premium Apartment,1996,880000.0,2024,2,85,8.0,857.0,28
YISHUN,4 ROOM,93.0,Model A,2017,510000.0,2024,2,85,5.0,1110.0,7
SEMBAWANG,4 ROOM,90.0,Model A,2003,510000.0,2024,2,85,11.0,936.0,21
BUKIT BATOK,4 ROOM,93.0,Model A,2020,628888.0,2024,2,85,14.0,1140.0,4
YISHUN,4 ROOM,84.0,Simplified,1986,435000.0,2024,2,85,5.0,735.0,38
YISHUN,3 ROOM,67.0,DBSS,2013,512000.0,2024,2,85,5.0,1064.0,11
WOODLANDS,4 ROOM,101.0,Model A,1998,480000.0,2024,2,85,5.0,878.0,26
YISHUN,3 ROOM,73.0,Model A,1988,420000.0,2024,2,85,5.0,760.0,36
WOODLANDS,4 ROOM,93.0,Model A,2019,636000.0,2024,2,85,14.0,1137.0,5
TAMPINES,4 ROOM,104.0,Model A,1988,590000.0,2024,2,85,8.0,764.0,36
PASIR RIS,3 ROOM,68.0,Model A,2015,535000.0,2024,2,85,11.0,1087.0,9
WOODLANDS,4 ROOM,92.0,Model A2,1997,460000.0,2024,2,85,11.0,873.0,27
BUKIT BATOK,4 ROOM,84.0,Simplified,1986,435000.0,2024,2,85,5.0,741.0,38
YISHUN,3 ROOM,64.0,Simplified,1986,360000.0,2024,2,85,5.0,733.0,38
HOUGANG,4 ROOM,93.0,Model A,2015,545000.0,2024,2,85,5.0,1080.0,9
PASIR RIS,4 ROOM,105.0,Model A,1989,560000.0,2024,2,85,8.0,778.0,35
YISHUN,4 ROOM,93.0,Model A,2019,545555.0,2024,2,85,8.0,1138.0,5
WOODLANDS,5 ROOM,113.0,Improved,2019,788000.0,2024,2,85,17.0,1136.0,5
JURONG WEST,3 ROOM,62.0,Model A,2010,420000.0,2024,2,85,14.0,1022.0,14
SEMBAWANG,5 ROOM,110.0,Improved,2001,585000.0,2024,2,85,8.0,914.0,23
JURONG EAST,3 ROOM,84.0,New Generation,1983,395000.0,2024,2,85,5.0,696.0,41
TAMPINES,5 ROOM,112.0,Improved,2020,900000.0,2024,2,85,17.0,1140.0,4
BEDOK,3 ROOM,68.0,New Generation,1980,432000.0,2024,2,85,8.0,670.0,44
CHOA CHU KANG,4 ROOM,92.0,Model A,2017,523000.0,2024,2,85,2.0,1112.0,7
SENGKANG,4 ROOM,90.0,Model A,2001,520000.0,2024,2,85,11.0,923.0,23
BUKIT MERAH,5 ROOM,138.0,Model A,1984,918000.0,2024,2,85,8.0,717.0,40
JURONG EAST,EXECUTIVE,149.0,Maisonette,1985,795000.0,2024,2,85,11.0,723.0,39
JURONG WEST,4 ROOM,90.0,Model A2,1998,470000.0,2024,2,85,2.0,881.0,26
JURONG WEST,3 ROOM,73.0,Model A,1984,366000.0,2024,2,85,5.0,715.0,40
SENGKANG,3 ROOM,67.0,Model A,2011,448888.0,2024,2,85,5.0,1042.0,13
SENGKANG,EXECUTIVE,130.0,Apartment,2001,758000.0,2024,2,85,2.0,912.0,23
JURONG WEST,4 ROOM,91.0,Model A,2000,506000.0,2024,2,85,11.0,908.0,24
TOA PAYOH,3 ROOM,65.0,Improved,1976,355000.0,2024,2,85,11.0,622.0,48
CHOA CHU KANG,EXECUTIVE,146.0,Maisonette,1989,825000.0,2024,2,85,8.0,775.0,35
PUNGGOL,5 ROOM,109.0,Improved,2002,610000.0,2024,2,85,11.0,934.0,22
WOODLANDS,3 ROOM,73.0,Model A,1990,393800.0,2024,2,85,11.0,784.0,34
PASIR RIS,4 ROOM,103.0,Model A,1989,545000.0,2024,2,85,5.0,777.0,35
YISHUN,5 ROOM,112.0,Improved,2018,678000.0,2024,2,85,5.0,1126.0,6
WOODLANDS,5 ROOM,122.0,Improved,1997,612000.0,2024,2,85,8.0,875.0,27
BUKIT BATOK,4 ROOM,93.0,Model A,2019,630000.0,2024,2,85,14.0,1131.0,5
QUEENSTOWN,4 ROOM,97.0,Premium Apartment Loft,2016,1150000.0,2024,2,85,20.0,1096.0,8
CLEMENTI,3 ROOM,69.0,Model A,2018,738000.0,2024,2,85,17.0,1123.0,6
BUKIT MERAH,3 ROOM,68.0,Model A,2018,700000.0,2024,2,85,11.0,1127.0,6
BUKIT BATOK,4 ROOM,93.0,Model A,2019,637000.0,2024,2,85,11.0,1130.0,5
ANG MO KIO,3 ROOM,68.0,New Generation,1981,390000.0,2024,2,85,11.0,672.0,43
YISHUN,4 ROOM,83.0,Simplified,1987,460000.0,2024,2,85,8.0,744.0,37
GEYLANG,3 ROOM,74.0,Model A,1985,560000.0,2024,2,85,14.0,731.0,39
TAMPINES,4 ROOM,104.0,Model A,1984,615000.0,2024,2,85,8.0,715.0,40
TAMPINES,5 ROOM,121.0,Improved,1988,610000.0,2024,2,85,2.0,767.0,36
ANG MO KIO,5 ROOM,121.0,Improved,2012,1100000.0,2024,2,85,11.0,1052.0,12
PUNGGOL,3 ROOM,67.0,Premium Apartment,2017,450000.0,2024,2,85,5.0,1107.0,7
TOA PAYOH,3 ROOM,67.0,New Generation,1984,428000.0,2024,2,85,11.0,717.0,40
BUKIT BATOK,3 ROOM,67.0,Model A,2019,425000.0,2024,2,85,5.0,1130.0,5
YISHUN,3 ROOM,67.0,New Generation,1984,370000.0,2024,2,85,8.0,719.0,40
BUKIT PANJANG,4 ROOM,101.0,Model A,1998,498000.0,2024,2,85,11.0,879.0,26
JURONG WEST,4 ROOM,103.0,Model A,1984,481226.0,2024,2,85,8.0,716.0,40
BUKIT BATOK,3 ROOM,68.0,New Generation,1987,400000.0,2024,2,85,11.0,750.0,37
QUEENSTOWN,5 ROOM,124.0,Improved,1998,1130000.0,2024,2,85,20.0,886.0,26
PUNGGOL,3 ROOM,68.0,Model A,2018,478000.0,2024,2,85,14.0,1127.0,6
BUKIT MERAH,5 ROOM,115.0,Improved,2000,854000.0,2024,2,85,20.0,906.0,24
YISHUN,4 ROOM,96.0,Model A,2012,555000.0,2024,2,85,5.0,1049.0,12
HOUGANG,4 ROOM,103.0,Model A,1992,685000.0,2024,2,85,5.0,813.0,32
QUEENSTOWN,4 ROOM,95.0,Model A,2012,825000.0,2024,2,85,8.0,1046.0,12
SENGKANG,EXECUTIVE,141.0,Premium Apartment,2001,830000.0,2024,2,85,5.0,914.0,23
ANG MO KIO,4 ROOM,98.0,New Generation,1978,645000.0,2024,2,85,11.0,638.0,46
PUNGGOL,4 ROOM,94.0,Model A,2014,638000.0,2024,2,85,17.0,1070.0,10
BUKIT BATOK,4 ROOM,93.0,Model A,2019,655000.0,2024,2,85,14.0,1135.0,5
JURONG WEST,4 ROOM,109.0,Model A,1995,528000.0,2024,2,85,8.0,845.0,29
JURONG WEST,5 ROOM,110.0,Improved,2001,580000.0,2024,2,85,8.0,914.0,23
PASIR RIS,EXECUTIVE,147.0,Apartment,1993,755000.0,2024,2,85,8.0,822.0,31
HOUGANG,EXECUTIVE,148.0,Maisonette,1984,835000.0,2024,2,85,2.0,717.0,40
CHOA CHU KANG,4 ROOM,104.0,Model A,1993,506000.0,2024,2,85,5.0,820.0,31
HOUGANG,3 ROOM,67.0,New Generation,1983,385000.0,2024,2,85,5.0,702.0,41
PUNGGOL,4 ROOM,85.0,Model A,2004,540000.0,2024,2,85,14.0,952.0,20
HOUGANG,5 ROOM,127.0,Improved,1983,648000.0,2024,2,85,8.0,703.0,41
BUKIT BATOK,4 ROOM,92.0,Premium Apartment,2018,638000.0,2024,2,85,5.0,1118.0,6
CHOA CHU KANG,4 ROOM,106.0,Model A,1993,510000.0,2024,2,85,8.0,821.0,31
PUNGGOL,5 ROOM,112.0,Premium Apartment,2017,780000.0,2024,2,85,17.0,1108.0,7
CLEMENTI,4 ROOM,92.0,Model A,2013,888000.0,2024,2,85,32.0,1064.0,11
PASIR RIS,5 ROOM,125.0,Improved,1996,690000.0,2024,2,85,14.0,859.0,28
BUKIT MERAH,3 ROOM,65.0,Improved,1976,375000.0,2024,2,85,11.0,612.0,48
BUKIT MERAH,3 ROOM,65.0,Improved,1975,400000.0,2024,2,85,23.0,600.0,49
TOA PAYOH,3 ROOM,63.0,Standard,1983,320000.0,2024,2,85,14.0,700.0,41
TAMPINES,4 ROOM,107.0,Model A,1995,530000.0,2024,2,85,5.0,852.0,29
WOODLANDS,3 ROOM,67.0,Model A,2013,448000.0,2024,2,85,8.0,1066.0,11
YISHUN,EXECUTIVE,146.0,Maisonette,1988,908000.0,2024,2,85,5.0,755.0,36
JURONG EAST,3 ROOM,67.0,New Generation,1982,373000.0,2024,2,85,5.0,690.0,42
BEDOK,3 ROOM,59.0,Improved,1978,332000.0,2024,2,85,8.0,636.0,46
TAMPINES,3 ROOM,74.0,Model A,1987,435000.0,2024,2,85,8.0,752.0,37
BUKIT BATOK,4 ROOM,93.0,Model A,2019,628000.0,2024,2,85,8.0,1129.0,5
QUEENSTOWN,4 ROOM,85.0,Improved,1970,608000.0,2024,2,85,20.0,546.0,54
SENGKANG,EXECUTIVE,140.0,Apartment,1999,828000.0,2024,2,85,11.0,899.0,25
JURONG EAST,EXECUTIVE,145.0,Maisonette,1998,990000.0,2024,2,85,5.0,881.0,26
KALLANG/WHAMPOA,3 ROOM,83.0,Terrace,1972,788888.0,2024,2,85,2.0,570.0,52
SENGKANG,5 ROOM,110.0,Premium Apartment,2003,600000.0,2024,2,85,14.0,940.0,21
BUKIT BATOK,5 ROOM,113.0,Improved,2020,780000.0,2024,2,85,8.0,1141.0,4
JURONG WEST,5 ROOM,121.0,Improved,1990,510000.0,2024,2,85,2.0,781.0,34
WOODLANDS,5 ROOM,123.0,Improved,1998,585000.0,2024,2,85,2.0,886.0,26
HOUGANG,4 ROOM,103.0,Model A,1986,540000.0,2024,2,85,5.0,736.0,38
ANG MO KIO,2 ROOM,44.0,Improved,1977,293000.0,2024,2,85,5.0,629.0,47
PASIR RIS,4 ROOM,105.0,Model A,1995,530000.0,2024,2,85,5.0,839.0,29
HOUGANG,5 ROOM,113.0,Improved,2017,718000.0,2024,2,85,5.0,1108.0,7
CHOA CHU KANG,5 ROOM,113.0,Improved,2018,678000.0,2024,2,85,11.0,1117.0,6
SENGKANG,4 ROOM,90.0,Model A,2002,485000.0,2024,2,85,5.0,923.0,22
BUKIT BATOK,3 ROOM,67.0,New Generation,1985,385888.0,2024,2,85,8.0,729.0,39
SENGKANG,5 ROOM,115.0,Premium Apartment,2004,610000.0,2024,2,85,17.0,959.0,20
JURONG WEST,5 ROOM,113.0,Improved,2018,750000.0,2024,2,85,17.0,1124.0,6
WOODLANDS,5 ROOM,113.0,Improved,2019,790000.0,2024,2,85,23.0,1137.0,5
YISHUN,3 ROOM,74.0,Model A,1983,393000.0,2024,2,85,8.0,701.0,41
SEMBAWANG,5 ROOM,113.0,Improved,2018,680000.0,2024,2,85,2.0,1120.0,6
GEYLANG,4 ROOM,104.0,Model A,1985,610000.0,2024,2,85,11.0,727.0,39
BUKIT PANJANG,3 ROOM,73.0,Model A,1988,372000.0,2024,2,85,5.0,766.0,36
HOUGANG,3 ROOM,67.0,New Generation,1986,415000.0,2024,2,85,11.0,736.0,38
HOUGANG,4 ROOM,109.0,Model A,1984,630000.0,2024,2,85,8.0,718.0,40
JURONG EAST,3 ROOM,72.0,Improved,1979,328800.0,2024,2,85,5.0,651.0,45
PUNGGOL,4 ROOM,93.0,Premium Apartment,2013,708000.0,2024,2,85,5.0,1063.0,11
SERANGOON,5 ROOM,119.0,Improved,1998,772888.0,2024,2,85,8.0,876.0,26
JURONG WEST,4 ROOM,90.0,Model A,2001,520000.0,2024,2,85,8.0,912.0,23
TOA PAYOH,EXECUTIVE,161.0,Maisonette,1984,1160000.0,2024,2,85,2.0,710.0,40
TAMPINES,3 ROOM,69.0,Improved,1985,398000.0,2024,2,85,2.0,727.0,39
HOUGANG,3 ROOM,68.0,Model A,2019,475000.0,2024,2,85,8.0,1136.0,5
ANG MO KIO,3 ROOM,67.0,New Generation,1979,385000.0,2024,2,85,11.0,655.0,45
TAMPINES,4 ROOM,92.0,Model A,2020,730000.0,2024,2,85,5.0,1140.0,4
BEDOK,3 ROOM,65.0,Improved,1976,355000.0,2024,2,85,2.0,612.0,48
CHOA CHU KANG,5 ROOM,112.0,Improved,2017,650000.0,2024,2,85,2.0,1107.0,7
BEDOK,3 ROOM,65.0,Improved,1977,373000.0,2024,2,85,11.0,628.0,47
GEYLANG,3 ROOM,63.1,Standard,1971,330000.0,2024,2,85,5.0,553.0,53
HOUGANG,4 ROOM,85.0,Model A2,2003,480000.0,2024,2,85,5.0,941.0,21
SERANGOON,4 ROOM,84.0,Simplified,1986,672000.0,2024,2,85,11.0,735.0,38
ANG MO KIO,3 ROOM,68.0,New Generation,1981,380000.0,2024,3,86,5.0,671.0,43
SERANGOON,4 ROOM,91.0,New Generation,1985,520000.0,2024,3,86,5.0,721.0,39
BUKIT PANJANG,4 ROOM,90.0,Premium Apartment,2002,475000.0,2024,3,86,11.0,926.0,22
QUEENSTOWN,4 ROOM,107.0,Model A,1996,738000.0,2024,3,86,8.0,860.0,28
JURONG EAST,5 ROOM,152.0,Model A-Maisonette,1984,788000.0,2024,3,86,5.0,713.0,40
BEDOK,3 ROOM,65.0,Improved,1977,360000.0,2024,3,86,11.0,627.0,47
BUKIT MERAH,3 ROOM,68.0,Model A,2018,688888.0,2024,3,86,8.0,1125.0,6
BUKIT MERAH,3 ROOM,67.0,New Generation,1978,415000.0,2024,3,86,11.0,641.0,46
JURONG WEST,5 ROOM,109.0,Improved,2000,570000.0,2024,3,86,14.0,910.0,24
CHOA CHU KANG,4 ROOM,106.0,Model A,1993,520000.0,2024,3,86,8.0,820.0,31
JURONG WEST,5 ROOM,120.0,Improved,1998,588000.0,2024,3,86,8.0,880.0,26
TOA PAYOH,5 ROOM,110.0,Improved,2002,990000.0,2024,3,86,26.0,930.0,22
TAMPINES,4 ROOM,104.0,Model A,1984,565000.0,2024,3,86,11.0,711.0,40
PASIR RIS,EXECUTIVE,147.0,Apartment,1993,760000.0,2024,3,86,11.0,821.0,31
KALLANG/WHAMPOA,3 ROOM,68.0,Model A,2020,780000.0,2024,3,86,23.0,1143.0,4
KALLANG/WHAMPOA,3 ROOM,67.0,Model A,2017,574000.0,2024,3,86,8.0,1113.0,7
ANG MO KIO,3 ROOM,68.0,New Generation,1981,388000.0,2024,3,86,2.0,671.0,43
BEDOK,5 ROOM,127.0,Improved,1993,858000.0,2024,3,86,8.0,818.0,31
SENGKANG,5 ROOM,113.0,Premium Apartment,2013,760000.0,2024,3,86,17.0,1059.0,11
BUKIT BATOK,4 ROOM,93.0,Model A,2020,665000.0,2024,3,86,11.0,1140.0,4
TAMPINES,3 ROOM,68.0,Model A,2020,550000.0,2024,3,86,5.0,1140.0,4
BUKIT MERAH,4 ROOM,93.0,Model A,2013,1000000.0,2024,3,86,20.0,1056.0,11
SERANGOON,5 ROOM,120.0,Improved,1997,743888.0,2024,3,86,8.0,873.0,27
YISHUN,4 ROOM,83.0,Simplified,1987,491800.0,2024,3,86,5.0,742.0,37
BUKIT MERAH,3 ROOM,64.0,Improved,1983,400000.0,2024,3,86,14.0,697.0,41
BUKIT BATOK,3 ROOM,68.0,Premium Apartment,2018,520000.0,2024,3,86,20.0,1117.0,6
JURONG EAST,4 ROOM,91.0,New Generation,1984,488000.0,2024,3,86,11.0,715.0,40
CLEMENTI,4 ROOM,92.0,New Generation,1979,512000.0,2024,3,86,2.0,647.0,45
SERANGOON,3 ROOM,60.0,Improved,1985,415000.0,2024,3,86,2.0,722.0,39
PASIR RIS,4 ROOM,106.0,Model A,1989,525000.0,2024,3,86,8.0,771.0,35
YISHUN,4 ROOM,104.0,Model A,1988,575000.0,2024,3,86,2.0,755.0,36
TAMPINES,4 ROOM,101.0,Model A,1997,600188.0,2024,3,86,14.0,874.0,27
WOODLANDS,4 ROOM,101.0,Premium Apartment,2000,520000.0,2024,3,86,5.0,900.0,24
SENGKANG,2 ROOM,47.0,Model A,2015,332000.0,2024,3,86,5.0,1081.0,9
WOODLANDS,4 ROOM,100.0,Model A,1996,510000.0,2024,3,86,2.0,862.0,28
TOA PAYOH,4 ROOM,93.0,Model A,2017,770000.0,2024,3,86,5.0,1104.0,7
JURONG WEST,EXECUTIVE,146.0,Maisonette,1997,740000.0,2024,3,86,8.0,863.0,27
KALLANG/WHAMPOA,3 ROOM,68.0,Model A,2020,800000.0,2024,3,86,20.0,1143.0,4
TAMPINES,5 ROOM,122.0,Improved,1988,750000.0,2024,3,86,8.0,762.0,36
ANG MO KIO,4 ROOM,92.0,New Generation,1977,550000.0,2024,3,86,8.0,630.0,47
SENGKANG,4 ROOM,85.0,Model A2,2003,520000.0,2024,3,86,11.0,940.0,21
SENGKANG,4 ROOM,92.0,Premium Apartment,2003,528888.0,2024,3,86,11.0,940.0,21
BUKIT PANJANG,EXECUTIVE,155.0,Maisonette,1988,900000.0,2024,3,86,2.0,760.0,36
CHOA CHU KANG,5 ROOM,110.0,Improved,2002,570000.0,2024,3,86,17.0,925.0,22
CHOA CHU KANG,EXECUTIVE,148.0,Apartment,1993,750000.0,2024,3,86,5.0,821.0,31
TAMPINES,5 ROOM,122.0,Improved,1988,655000.0,2024,3,86,2.0,757.0,36
JURONG WEST,EXECUTIVE,146.0,Maisonette,1992,680000.0,2024,3,86,2.0,810.0,32
TAMPINES,5 ROOM,132.0,Model A,1995,735000.0,2024,3,86,8.0,846.0,29
KALLANG/WHAMPOA,4 ROOM,88.0,Premium Apartment,2017,868000.0,2024,3,86,2.0,1109.0,7
CLEMENTI,3 ROOM,67.0,New Generation,1980,359500.0,2024,3,86,5.0,669.0,44
HOUGANG,3 ROOM,68.0,Model A,2019,500000.0,2024,3,86,17.0,1138.0,5
BUKIT MERAH,4 ROOM,88.0,Improved,1976,510000.0,2024,3,86,2.0,611.0,48
WOODLANDS,4 ROOM,103.0,Model A,1998,485000.0,2024,3,86,2.0,875.0,26
PUNGGOL,4 ROOM,92.0,Model A,2017,570000.0,2024,3,86,2.0,1110.0,7
QUEENSTOWN,3 ROOM,65.0,Improved,1974,440000.0,2024,3,86,5.0,591.0,50
TAMPINES,4 ROOM,103.0,Model A,1984,562000.0,2024,3,86,11.0,713.0,40
WOODLANDS,5 ROOM,123.0,Improved,1996,730000.0,2024,3,86,8.0,861.0,28
JURONG WEST,4 ROOM,93.0,Model A,2018,555000.0,2024,3,86,5.0,1116.0,6
QUEENSTOWN,4 ROOM,84.0,Improved,1974,505000.0,2024,3,86,14.0,591.0,50
SENGKANG,5 ROOM,113.0,Premium Apartment,2017,750000.0,2024,3,86,5.0,1113.0,7
BUKIT MERAH,4 ROOM,100.0,Model A,2005,810000.0,2024,3,86,5.0,969.0,19
TAMPINES,4 ROOM,92.0,Model A,2020,705000.0,2024,3,86,8.0,1141.0,4
PASIR RIS,4 ROOM,104.0,Model A,1989,565000.0,2024,3,86,2.0,770.0,35
CLEMENTI,5 ROOM,110.0,Improved,2002,960000.0,2024,3,86,8.0,934.0,22
TAMPINES,3 ROOM,64.0,Simplified,1986,408000.0,2024,3,86,5.0,739.0,38
KALLANG/WHAMPOA,4 ROOM,93.0,Model A,2017,725000.0,2024,3,86,5.0,1113.0,7
ANG MO KIO,3 ROOM,68.0,Model A,2018,625000.0,2024,3,86,14.0,1117.0,6
SENGKANG,5 ROOM,112.0,Premium Apartment,2005,650000.0,2024,3,86,20.0,961.0,19
YISHUN,5 ROOM,112.0,Improved,2018,660000.0,2024,3,86,5.0,1125.0,6
HOUGANG,2 ROOM,47.0,Model A,2019,345000.0,2024,3,86,8.0,1136.0,5
TOA PAYOH,3 ROOM,66.0,Improved,1970,328000.0,2024,3,86,8.0,545.0,54
HOUGANG,5 ROOM,142.0,Model A-Maisonette,1984,900000.0,2024,3,86,2.0,714.0,40
YISHUN,2 ROOM,47.0,Model A,2018,365000.0,2024,3,86,14.0,1125.0,6
TAMPINES,5 ROOM,133.0,Model A,1995,780000.0,2024,3,86,2.0,845.0,29
PASIR RIS,5 ROOM,122.0,Improved,1992,750000.0,2024,3,86,8.0,814.0,32
YISHUN,EXECUTIVE,142.0,Apartment,1987,780000.0,2024,3,86,8.0,754.0,37
YISHUN,4 ROOM,93.0,Model A,2013,495000.0,2024,3,86,2.0,1062.0,11
HOUGANG,4 ROOM,103.0,Model A,1997,553008.0,2024,3,86,11.0,874.0,27
BEDOK,4 ROOM,84.0,Simplified,1986,478000.0,2024,3,86,2.0,741.0,38
SEMBAWANG,4 ROOM,93.0,Model A,2018,548000.0,2024,3,86,2.0,1121.0,6
HOUGANG,4 ROOM,100.0,Model A,1999,630000.0,2024,3,86,8.0,897.0,25
YISHUN,EXECUTIVE,146.0,Apartment,1987,851888.0,2024,3,86,11.0,751.0,37
WOODLANDS,4 ROOM,100.0,Model A,1997,500000.0,2024,3,86,5.0,872.0,27
JURONG WEST,EXECUTIVE,130.0,Apartment,2001,740000.0,2024,3,86,5.0,918.0,23
BUKIT TIMAH,3 ROOM,74.0,Improved,1974,450000.0,2024,3,86,5.0,590.0,50
YISHUN,3 ROOM,74.0,Model A,1987,373000.0,2024,3,86,8.0,753.0,37
SEMBAWANG,5 ROOM,113.0,Improved,2018,768000.0,2024,3,86,11.0,1124.0,6
TAMPINES,3 ROOM,68.0,Model A,2020,565000.0,2024,3,86,14.0,1140.0,4
BUKIT MERAH,3 ROOM,68.0,Model A,2019,718000.0,2024,3,86,8.0,1132.0,5
QUEENSTOWN,3 ROOM,65.0,Improved,1975,460000.0,2024,3,86,17.0,599.0,49
GEYLANG,3 ROOM,60.0,Standard,1967,312000.0,2024,3,86,8.0,503.0,57
BUKIT MERAH,5 ROOM,111.0,Improved,2003,945000.0,2024,3,86,26.0,938.0,21
KALLANG/WHAMPOA,4 ROOM,93.0,Premium Apartment,2017,980000.0,2024,3,86,23.0,1114.0,7
HOUGANG,5 ROOM,112.0,Improved,2015,828000.0,2024,3,86,8.0,1083.0,9
CHOA CHU KANG,EXECUTIVE,144.0,Apartment,1992,760000.0,2024,3,86,5.0,809.0,32
TOA PAYOH,4 ROOM,91.0,Model A,2006,885000.0,2024,3,86,14.0,970.0,18
BUKIT MERAH,4 ROOM,93.0,Model A,2018,780088.0,2024,3,86,2.0,1126.0,6
YISHUN,3 ROOM,68.0,New Generation,1985,418888.0,2024,3,86,11.0,723.0,39
YISHUN,3 ROOM,67.0,New Generation,1985,395000.0,2024,3,86,5.0,719.0,39
TOA PAYOH,4 ROOM,104.0,Model A,1984,650000.0,2024,3,86,2.0,711.0,40
YISHUN,EXECUTIVE,142.0,Apartment,1988,815000.0,2024,3,86,11.0,762.0,36
SENGKANG,5 ROOM,110.0,Improved,2000,555000.0,2024,3,86,2.0,905.0,24
WOODLANDS,4 ROOM,92.0,Model A,2018,570000.0,2024,3,86,11.0,1123.0,6
HOUGANG,4 ROOM,98.0,New Generation,1978,538000.0,2024,3,86,8.0,639.0,46
TOA PAYOH,3 ROOM,65.0,Improved,1967,360000.0,2024,3,86,8.0,509.0,57
TAMPINES,5 ROOM,122.0,Improved,1988,680000.0,2024,3,86,8.0,760.0,36
BUKIT BATOK,2 ROOM,47.0,Model A,2019,322000.0,2024,3,86,2.0,1129.0,5
HOUGANG,4 ROOM,91.0,New Generation,1985,538000.0,2024,3,86,11.0,725.0,39
SENGKANG,2 ROOM,47.0,2-room,2019,375000.0,2024,3,86,8.0,1131.0,5
BEDOK,4 ROOM,84.0,Improved,1977,478000.0,2024,3,86,11.0,631.0,47
BEDOK,3 ROOM,67.0,New Generation,1978,399000.0,2024,3,86,5.0,645.0,46
CLEMENTI,3 ROOM,68.0,New Generation,1981,377000.0,2024,3,86,8.0,678.0,43
BEDOK,4 ROOM,93.0,New Generation,1980,490000.0,2024,3,86,2.0,669.0,44
PUNGGOL,5 ROOM,113.0,Premium Apartment,2016,860000.0,2024,3,86,8.0,1099.0,8
QUEENSTOWN,EXECUTIVE,154.0,Maisonette,1995,1200000.0,2024,3,86,5.0,848.0,29
JURONG WEST,5 ROOM,139.0,Model A-Maisonette,1984,640000.0,2024,3,86,2.0,709.0,40
SEMBAWANG,5 ROOM,113.0,Improved,2018,710000.0,2024,3,86,5.0,1119.0,6
SEMBAWANG,2 ROOM,47.0,Model A,2020,400000.0,2024,3,86,11.0,1142.0,4
WOODLANDS,4 ROOM,92.0,Model A,2015,528000.0,2024,3,86,11.0,1084.0,9
JURONG WEST,3 ROOM,59.0,Improved,1975,283000.0,2024,3,86,14.0,608.0,49
WOODLANDS,5 ROOM,121.0,Improved,1997,625000.0,2024,3,86,11.0,868.0,27
TAMPINES,3 ROOM,68.0,Model A,2020,555000.0,2024,3,86,8.0,1140.0,4
WOODLANDS,3 ROOM,68.0,New Generation,1981,370000.0,2024,3,86,8.0,676.0,43
CHOA CHU KANG,4 ROOM,92.0,Model A,2017,617000.0,2024,3,86,17.0,1112.0,7
BUKIT MERAH,3 ROOM,62.0,Standard,1970,355000.0,2024,3,86,5.0,539.0,54
BUKIT PANJANG,5 ROOM,120.0,Improved,1999,860000.0,2024,3,86,23.0,890.0,25
TOA PAYOH,3 ROOM,66.0,Improved,1970,339888.0,2024,3,86,8.0,546.0,54
CLEMENTI,5 ROOM,125.0,Improved,1978,750000.0,2024,3,86,17.0,641.0,46
YISHUN,3 ROOM,74.0,Model A,1987,405000.0,2024,3,86,2.0,744.0,37
HOUGANG,4 ROOM,93.0,Model A,2019,632500.0,2024,3,86,11.0,1132.0,5
HOUGANG,3 ROOM,59.0,Improved,1975,325000.0,2024,3,86,11.0,605.0,49
PASIR RIS,EXECUTIVE,144.0,Apartment,1996,818000.0,2024,3,86,5.0,859.0,28
GEYLANG,3 ROOM,65.0,Improved,1975,405000.0,2024,3,86,11.0,606.0,49
GEYLANG,4 ROOM,92.0,New Generation,1978,580000.0,2024,3,86,8.0,634.0,46
CLEMENTI,4 ROOM,90.0,Model A,2002,770000.0,2024,3,86,5.0,934.0,22
BEDOK,3 ROOM,68.0,New Generation,1979,390000.0,2024,3,86,2.0,647.0,45
TAMPINES,5 ROOM,119.0,Improved,1997,748000.0,2024,3,86,14.0,868.0,27
BUKIT BATOK,5 ROOM,113.0,Improved,2020,785000.0,2024,3,86,8.0,1139.0,4
BUKIT MERAH,3 ROOM,70.0,Improved,1975,408000.0,2024,3,86,8.0,603.0,49
HOUGANG,4 ROOM,84.0,Simplified,1986,483000.0,2024,3,86,2.0,736.0,38
JURONG WEST,5 ROOM,111.0,Improved,2002,528000.0,2024,3,86,2.0,932.0,22
YISHUN,4 ROOM,93.0,Model A,2019,592000.0,2024,3,86,11.0,1137.0,5
HOUGANG,4 ROOM,93.0,Model A,2015,550000.0,2024,3,86,5.0,1083.0,9
JURONG WEST,5 ROOM,113.0,Premium Apartment,2015,715000.0,2024,3,86,2.0,1083.0,9
YISHUN,5 ROOM,121.0,Improved,1987,645000.0,2024,3,86,8.0,754.0,37
PUNGGOL,5 ROOM,112.0,Premium Apartment,2017,700088.0,2024,3,86,2.0,1107.0,7
SENGKANG,4 ROOM,95.0,Model A,2013,650000.0,2024,3,86,17.0,1056.0,11
PUNGGOL,3 ROOM,67.0,Model A,2017,468000.0,2024,3,86,11.0,1108.0,7
CLEMENTI,5 ROOM,113.0,Improved,2017,1210000.0,2024,3,86,23.0,1110.0,7
CLEMENTI,4 ROOM,92.0,New Generation,1979,560000.0,2024,3,86,2.0,649.0,45
BUKIT BATOK,4 ROOM,93.0,Model A,2019,743000.0,2024,3,86,23.0,1128.0,5
GEYLANG,4 ROOM,104.0,Model A,1984,735000.0,2024,3,86,11.0,709.0,40
BUKIT BATOK,3 ROOM,67.0,New Generation,1984,355000.0,2024,3,86,8.0,716.0,40
YISHUN,4 ROOM,84.0,Simplified,1987,450000.0,2024,3,86,2.0,750.0,37
SENGKANG,5 ROOM,112.0,Premium Apartment,2017,915000.0,2024,3,86,5.0,1106.0,7
SEMBAWANG,5 ROOM,113.0,Improved,2018,725000.0,2024,3,86,8.0,1115.0,6
JURONG EAST,3 ROOM,67.0,New Generation,1983,352000.0,2024,3,86,5.0,696.0,41
BISHAN,4 ROOM,114.0,Model A,1992,800888.0,2024,3,86,8.0,807.0,32
SERANGOON,4 ROOM,105.0,Model A,1989,565000.0,2024,3,86,11.0,772.0,35
KALLANG/WHAMPOA,4 ROOM,92.0,Model A,2020,908000.0,2024,3,86,2.0,1143.0,4
BUKIT MERAH,5 ROOM,141.0,Adjoined flat,1976,850000.0,2024,3,86,8.0,614.0,48
HOUGANG,4 ROOM,100.0,Model A,1998,545000.0,2024,3,86,5.0,883.0,26
JURONG WEST,5 ROOM,110.0,Improved,2002,580888.0,2024,3,86,5.0,931.0,22
BISHAN,4 ROOM,108.0,Model A,1992,888000.0,2024,3,86,14.0,810.0,32
BEDOK,5 ROOM,121.0,Improved,1981,610000.0,2024,3,86,5.0,674.0,43
BUKIT BATOK,4 ROOM,93.0,Model A,2020,628000.0,2024,3,86,8.0,1140.0,4
YISHUN,5 ROOM,113.0,Improved,2017,728000.0,2024,3,86,8.0,1110.0,7
JURONG WEST,4 ROOM,90.0,Model A,2002,485000.0,2024,3,86,8.0,924.0,22
QUEENSTOWN,4 ROOM,96.0,Model A,2000,720888.0,2024,3,86,5.0,909.0,24
SENGKANG,5 ROOM,115.0,Premium Apartment,2005,680000.0,2024,3,86,26.0,960.0,19
PUNGGOL,5 ROOM,112.0,Premium Apartment,2016,820000.0,2024,3,86,11.0,1096.0,8
JURONG EAST,3 ROOM,67.0,New Generation,1981,408000.0,2024,3,86,11.0,676.0,43
CENTRAL AREA,4 ROOM,77.0,Improved,1974,510000.0,2024,3,86,5.0,593.0,50
QUEENSTOWN,3 ROOM,60.0,Improved,1970,333888.0,2024,3,86,11.0,545.0,54
KALLANG/WHAMPOA,3 ROOM,56.0,Standard,1971,286888.0,2024,3,86,5.0,551.0,53
HOUGANG,4 ROOM,105.0,Model A,1990,538888.0,2024,3,86,2.0,782.0,34
JURONG WEST,5 ROOM,128.0,Improved,1996,545000.0,2024,3,86,5.0,853.0,28
WOODLANDS,4 ROOM,91.0,Model A,2001,505000.0,2024,3,86,5.0,914.0,23
YISHUN,4 ROOM,93.0,Model A,2018,588000.0,2024,3,86,8.0,1118.0,6
CHOA CHU KANG,4 ROOM,104.0,Model A,1993,520000.0,2024,3,86,11.0,819.0,31
GEYLANG,3 ROOM,74.0,Model A,1985,565000.0,2024,3,86,17.0,730.0,39
TAMPINES,4 ROOM,92.0,Model A,2018,680000.0,2024,3,86,8.0,1124.0,6
JURONG WEST,4 ROOM,92.0,Model A,2002,522888.0,2024,3,86,8.0,925.0,22
PASIR RIS,4 ROOM,105.0,Model A,1992,528000.0,2024,3,86,2.0,814.0,32
CHOA CHU KANG,4 ROOM,104.0,Model A,1989,489000.0,2024,3,86,8.0,770.0,35
JURONG WEST,5 ROOM,123.0,Premium Apartment,1998,678888.0,2024,3,86,5.0,877.0,26
GEYLANG,4 ROOM,93.0,Model A,2016,915000.0,2024,3,86,8.0,1101.0,8
HOUGANG,4 ROOM,93.0,Model A,2019,655000.0,2024,3,86,14.0,1138.0,5
BUKIT BATOK,3 ROOM,73.0,Model A,1984,415000.0,2024,3,86,11.0,718.0,40
TOA PAYOH,3 ROOM,67.0,New Generation,1984,400000.0,2024,3,86,5.0,716.0,40
GEYLANG,3 ROOM,52.0,Standard,1971,318000.0,2024,3,86,11.0,551.0,53
YISHUN,4 ROOM,93.0,Model A,2018,540000.0,2024,3,86,2.0,1118.0,6
SEMBAWANG,5 ROOM,122.0,Improved,1998,640000.0,2024,3,86,8.0,887.0,26
KALLANG/WHAMPOA,4 ROOM,92.0,Model A,2020,1050000.0,2024,3,86,23.0,1143.0,4
MARINE PARADE,3 ROOM,65.0,Improved,1975,396888.0,2024,3,86,5.0,602.0,49
CHOA CHU KANG,4 ROOM,92.0,Model A,2017,525000.0,2024,3,86,5.0,1107.0,7
QUEENSTOWN,4 ROOM,108.0,Model A,1996,836000.0,2024,3,86,11.0,859.0,28
BUKIT BATOK,3 ROOM,68.0,Model A,2020,475000.0,2024,3,86,11.0,1139.0,4
BUKIT BATOK,EXECUTIVE,154.0,Maisonette,1986,800000.0,2024,3,86,2.0,739.0,38
TAMPINES,4 ROOM,92.0,Model A,2020,742888.0,2024,3,86,17.0,1139.0,4
YISHUN,3 ROOM,68.0,Model A,2018,450000.0,2024,3,86,8.0,1118.0,6
QUEENSTOWN,4 ROOM,90.0,Model A,2008,940000.0,2024,3,86,26.0,1002.0,16
ANG MO KIO,4 ROOM,93.0,New Generation,1980,495000.0,2024,3,86,2.0,666.0,44
BEDOK,3 ROOM,67.0,New Generation,1977,380000.0,2024,3,86,5.0,629.0,47
ANG MO KIO,4 ROOM,90.0,DBSS,2011,930000.0,2024,3,86,20.0,1037.0,13
SEMBAWANG,4 ROOM,100.0,Model A,1999,480000.0,2024,3,86,5.0,896.0,25
CHOA CHU KANG,4 ROOM,103.0,Premium Apartment,1999,510000.0,2024,3,86,8.0,899.0,25
BEDOK,4 ROOM,84.0,Simplified,1988,575000.0,2024,3,86,5.0,761.0,36
BUKIT MERAH,4 ROOM,90.0,Model A,2003,718000.0,2024,3,86,14.0,937.0,21
HOUGANG,4 ROOM,93.0,Model A,2019,655600.0,2024,3,86,17.0,1137.0,5
QUEENSTOWN,3 ROOM,76.0,Improved,1976,433000.0,2024,3,86,2.0,617.0,48
PUNGGOL,4 ROOM,93.0,Premium Apartment,2018,645000.0,2024,3,86,17.0,1123.0,6
JURONG WEST,3 ROOM,65.0,Improved,1977,320000.0,2024,3,86,8.0,632.0,47
WOODLANDS,4 ROOM,92.0,Premium Apartment,2015,540000.0,2024,3,86,2.0,1079.0,9
JURONG EAST,4 ROOM,105.0,Model A,1984,465000.0,2024,3,86,2.0,715.0,40
SENGKANG,5 ROOM,110.0,Improved,2002,683000.0,2024,3,86,11.0,931.0,22
QUEENSTOWN,3 ROOM,63.0,Model A,2015,575000.0,2024,3,86,5.0,1080.0,9
SERANGOON,3 ROOM,60.0,Improved,1985,485000.0,2024,3,86,8.0,722.0,39
WOODLANDS,4 ROOM,90.0,Premium Apartment,2004,488000.0,2024,3,86,5.0,948.0,20
TAMPINES,4 ROOM,93.0,Model A,2018,700000.0,2024,3,86,11.0,1125.0,6
JURONG WEST,5 ROOM,110.0,Improved,2001,650000.0,2024,3,86,11.0,918.0,23
TOA PAYOH,3 ROOM,62.0,Standard,1973,350000.0,2024,3,86,5.0,574.0,51
TOA PAYOH,4 ROOM,93.0,Model A,2019,970000.0,2024,4,87,23.0,1137.0,5
WOODLANDS,3 ROOM,68.0,Model A,2018,468000.0,2024,4,87,8.0,1123.0,6
HOUGANG,4 ROOM,92.0,Model A,2015,550000.0,2024,4,87,2.0,1082.0,9
WOODLANDS,4 ROOM,91.0,Model A2,1998,483000.0,2024,4,87,2.0,877.0,26
SEMBAWANG,3 ROOM,68.0,Model A,2018,487000.0,2024,4,87,8.0,1120.0,6
BEDOK,4 ROOM,92.0,New Generation,1979,480000.0,2024,4,87,11.0,651.0,45
SENGKANG,2 ROOM,50.0,Model A,2012,345000.0,2024,4,87,8.0,1044.0,12
CHOA CHU KANG,3 ROOM,73.0,Model A,1989,355000.0,2024,4,87,2.0,775.0,35
TAMPINES,3 ROOM,73.0,Model A,1985,435000.0,2024,4,87,8.0,718.0,39
ANG MO KIO,3 ROOM,67.0,New Generation,1979,370000.0,2024,4,87,5.0,654.0,45
BUKIT TIMAH,4 ROOM,91.0,Improved,1974,540000.0,2024,4,87,5.0,589.0,50
PUNGGOL,5 ROOM,112.0,Improved,2004,625000.0,2024,4,87,17.0,946.0,20
WOODLANDS,4 ROOM,107.0,Premium Apartment,1999,608000.0,2024,4,87,5.0,888.0,25
BUKIT PANJANG,4 ROOM,93.0,Model A,2013,575000.0,2024,4,87,11.0,1064.0,11
WOODLANDS,EXECUTIVE,141.0,Apartment,1998,904888.0,2024,4,87,11.0,881.0,26
JURONG WEST,5 ROOM,123.0,Improved,1996,605000.0,2024,4,87,8.0,854.0,28
HOUGANG,4 ROOM,93.0,Model A,2019,640000.0,2024,4,87,14.0,1134.0,5
SENGKANG,4 ROOM,93.0,Premium Apartment,2004,540000.0,2024,4,87,14.0,948.0,20
PASIR RIS,EXECUTIVE,147.0,Apartment,1996,840000.0,2024,4,87,2.0,856.0,28
SEMBAWANG,4 ROOM,90.0,Premium Apartment,2006,507000.0,2024,4,87,17.0,971.0,18
JURONG WEST,4 ROOM,103.0,Model A,1989,460000.0,2024,4,87,11.0,769.0,35
YISHUN,4 ROOM,84.0,Simplified,1987,508888.0,2024,4,87,8.0,744.0,37
YISHUN,3 ROOM,68.0,New Generation,1984,390000.0,2024,4,87,11.0,714.0,40
BUKIT BATOK,3 ROOM,69.0,New Generation,1985,385000.0,2024,4,87,8.0,725.0,39
KALLANG/WHAMPOA,3 ROOM,68.0,New Generation,1981,405000.0,2024,4,87,5.0,675.0,43
JURONG WEST,4 ROOM,93.0,Model A,2018,600000.0,2024,4,87,17.0,1124.0,6
WOODLANDS,5 ROOM,120.0,Improved,1998,611000.0,2024,4,87,11.0,883.0,26
KALLANG/WHAMPOA,5 ROOM,105.0,Improved,2002,775000.0,2024,4,87,14.0,930.0,22
TAMPINES,4 ROOM,92.0,Model A,2020,690000.0,2024,4,87,2.0,1139.0,4
JURONG WEST,5 ROOM,115.0,Premium Apartment,2001,590000.0,2024,4,87,5.0,913.0,23
BUKIT BATOK,4 ROOM,101.0,Model A,1998,556000.0,2024,4,87,11.0,880.0,26
YISHUN,4 ROOM,96.0,New Generation,1985,475000.0,2024,4,87,2.0,729.0,39
JURONG WEST,4 ROOM,106.0,Model A,1995,500000.0,2024,4,87,14.0,844.0,29
BISHAN,4 ROOM,85.0,Simplified,1988,758000.0,2024,4,87,11.0,754.0,36
CHOA CHU KANG,4 ROOM,100.0,Model A,1999,485000.0,2024,4,87,5.0,890.0,25
YISHUN,3 ROOM,73.0,Model A,1988,428000.0,2024,4,87,8.0,759.0,36
SENGKANG,3 ROOM,68.0,Premium Apartment,2017,488000.0,2024,4,87,8.0,1112.0,7
WOODLANDS,3 ROOM,68.0,Model A,2018,445000.0,2024,4,87,11.0,1120.0,6
BUKIT MERAH,4 ROOM,90.0,Model A,2002,980000.0,2024,4,87,26.0,933.0,22
HOUGANG,3 ROOM,68.0,Model A,2019,475000.0,2024,4,87,14.0,1137.0,5
JURONG WEST,EXECUTIVE,126.0,Apartment,2002,610000.0,2024,4,87,14.0,924.0,22
YISHUN,5 ROOM,112.0,Improved,2015,640000.0,2024,4,87,5.0,1085.0,9
PUNGGOL,4 ROOM,90.0,Model A,2003,508000.0,2024,4,87,17.0,939.0,21
WOODLANDS,5 ROOM,110.0,Improved,2000,635100.0,2024,4,87,11.0,907.0,24
JURONG WEST,3 ROOM,67.0,Model A,2012,455000.0,2024,4,87,11.0,1045.0,12
YISHUN,3 ROOM,67.0,New Generation,1986,408000.0,2024,4,87,8.0,730.0,38
WOODLANDS,4 ROOM,91.0,Model A,2003,505000.0,2024,4,87,5.0,941.0,21
WOODLANDS,4 ROOM,105.0,Premium Apartment,2000,510000.0,2024,4,87,5.0,902.0,24
QUEENSTOWN,4 ROOM,86.0,Improved,1974,635000.0,2024,4,87,14.0,590.0,50
PUNGGOL,4 ROOM,97.0,Premium Apartment,2013,750000.0,2024,4,87,5.0,1054.0,11
BEDOK,5 ROOM,123.0,Standard,1977,828000.0,2024,4,87,20.0,631.0,47
SENGKANG,5 ROOM,115.0,Improved,2000,583000.0,2024,4,87,11.0,905.0,24
KALLANG/WHAMPOA,3 ROOM,63.0,Simplified,1986,455000.0,2024,4,87,5.0,729.0,38
PUNGGOL,4 ROOM,93.0,Model A,2017,568000.0,2024,4,87,2.0,1105.0,7
BEDOK,5 ROOM,123.0,Standard,1978,615000.0,2024,4,87,11.0,636.0,46
BUKIT BATOK,4 ROOM,84.0,Simplified,1986,450000.0,2024,4,87,5.0,740.0,38
KALLANG/WHAMPOA,4 ROOM,102.0,Model A,2000,780000.0,2024,4,87,14.0,902.0,24
YISHUN,4 ROOM,91.0,New Generation,1985,500000.0,2024,4,87,5.0,718.0,39
YISHUN,4 ROOM,93.0,Model A,2018,528000.0,2024,4,87,5.0,1125.0,6
JURONG WEST,4 ROOM,93.0,Model A,2019,560000.0,2024,4,87,5.0,1131.0,5
PUNGGOL,5 ROOM,113.0,Premium Apartment,2020,818000.0,2024,4,87,5.0,1137.0,4
JURONG WEST,5 ROOM,129.0,Improved,1996,585000.0,2024,4,87,8.0,852.0,28
SENGKANG,4 ROOM,85.0,Model A2,2003,515000.0,2024,4,87,11.0,939.0,21
SENGKANG,3 ROOM,68.0,Premium Apartment,2017,488000.0,2024,4,87,11.0,1112.0,7
BUKIT TIMAH,EXECUTIVE,146.0,Maisonette,1989,1288000.0,2024,4,87,11.0,774.0,35
KALLANG/WHAMPOA,3 ROOM,69.0,Model A,2012,640000.0,2024,4,87,17.0,1046.0,12
YISHUN,4 ROOM,93.0,Model A,2018,542888.0,2024,4,87,5.0,1117.0,6
CHOA CHU KANG,5 ROOM,123.0,Improved,1994,590000.0,2024,4,87,2.0,829.0,30
TOA PAYOH,3 ROOM,66.0,Improved,1973,320000.0,2024,4,87,8.0,580.0,51
JURONG WEST,5 ROOM,110.0,Premium Apartment,2008,605000.0,2024,4,87,17.0,1001.0,16
GEYLANG,3 ROOM,60.0,Standard,1971,315000.0,2024,4,87,5.0,550.0,53
JURONG WEST,5 ROOM,121.0,Improved,1985,668888.0,2024,4,87,8.0,726.0,39
PUNGGOL,4 ROOM,93.0,Model A,2018,600000.0,2024,4,87,17.0,1124.0,6
BEDOK,3 ROOM,60.0,Improved,1986,350000.0,2024,4,87,8.0,737.0,38
HOUGANG,4 ROOM,103.0,Model A,1992,575000.0,2024,4,87,8.0,810.0,32
WOODLANDS,4 ROOM,104.0,Model A,1994,513000.0,2024,4,87,8.0,831.0,30
JURONG WEST,5 ROOM,124.0,Improved,1997,650000.0,2024,4,87,11.0,869.0,27
YISHUN,5 ROOM,121.0,Improved,1984,620000.0,2024,4,87,8.0,714.0,40
PUNGGOL,4 ROOM,93.0,Premium Apartment,2019,705000.0,2024,4,87,14.0,1128.0,5
QUEENSTOWN,5 ROOM,114.0,Standard,1978,850000.0,2024,4,87,5.0,634.0,46
TOA PAYOH,3 ROOM,68.0,Improved,1970,350888.0,2024,4,87,14.0,539.0,54
SENGKANG,EXECUTIVE,130.0,Apartment,2000,755800.0,2024,4,87,11.0,904.0,24
JURONG WEST,EXECUTIVE,133.0,Premium Apartment,2000,818000.0,2024,4,87,14.0,908.0,24
KALLANG/WHAMPOA,4 ROOM,92.0,Model A,2020,1090000.0,2024,4,87,20.0,1142.0,4
JURONG WEST,4 ROOM,88.0,Model A2,2002,485000.0,2024,4,87,11.0,924.0,22
JURONG EAST,3 ROOM,67.0,New Generation,1981,400000.0,2024,4,87,5.0,675.0,43
TOA PAYOH,3 ROOM,66.0,Improved,1981,365000.0,2024,4,87,8.0,679.0,43
BEDOK,4 ROOM,92.0,New Generation,1978,515000.0,2024,4,87,14.0,637.0,46
CLEMENTI,3 ROOM,67.0,New Generation,1980,382000.0,2024,4,87,5.0,658.0,44
TAMPINES,4 ROOM,105.0,Model A,1984,628000.0,2024,4,87,11.0,714.0,40
YISHUN,4 ROOM,92.0,DBSS,2013,777888.0,2024,4,87,17.0,1062.0,11
PUNGGOL,2 ROOM,47.0,Model A,2018,370888.0,2024,4,87,20.0,1124.0,6
PASIR RIS,4 ROOM,109.0,Model A,1995,520000.0,2024,4,87,2.0,841.0,29
BUKIT PANJANG,5 ROOM,112.0,Improved,2001,690000.0,2024,4,87,20.0,921.0,23
SERANGOON,4 ROOM,101.0,Model A,1997,600000.0,2024,4,87,5.0,867.0,27
YISHUN,4 ROOM,93.0,Model A,2019,555000.0,2024,4,87,5.0,1136.0,5
CHOA CHU KANG,5 ROOM,126.0,Improved,1995,595000.0,2024,4,87,2.0,842.0,29
SERANGOON,5 ROOM,121.0,Improved,1989,880000.0,2024,4,87,2.0,771.0,35
HOUGANG,EXECUTIVE,150.0,Maisonette,1986,1055000.0,2024,4,87,8.0,738.0,38
PUNGGOL,4 ROOM,93.0,Model A,2012,575000.0,2024,4,87,2.0,1053.0,12
JURONG WEST,4 ROOM,106.0,Model A,1996,465000.0,2024,4,87,5.0,857.0,28
HOUGANG,4 ROOM,106.0,Model A,1992,540000.0,2024,4,87,2.0,810.0,32
BUKIT BATOK,5 ROOM,112.0,Improved,2019,745000.0,2024,4,87,5.0,1127.0,5
SENGKANG,4 ROOM,93.0,Model A,2015,540000.0,2024,4,87,8.0,1080.0,9
GEYLANG,3 ROOM,65.0,Improved,1976,390000.0,2024,4,87,11.0,616.0,48
CHOA CHU KANG,4 ROOM,92.0,Model A,2017,555000.0,2024,4,87,14.0,1104.0,7
YISHUN,5 ROOM,112.0,Improved,2015,660000.0,2024,4,87,8.0,1087.0,9
BEDOK,4 ROOM,91.0,New Generation,1978,500000.0,2024,4,87,11.0,638.0,46
JURONG WEST,3 ROOM,74.0,Model A,1984,420000.0,2024,4,87,8.0,709.0,40
BEDOK,3 ROOM,67.0,New Generation,1985,405000.0,2024,4,87,5.0,722.0,39
BUKIT BATOK,3 ROOM,64.0,Simplified,1987,375000.0,2024,4,87,5.0,747.0,37
BUKIT BATOK,4 ROOM,92.0,Model A,2019,620000.0,2024,4,87,11.0,1127.0,5
CHOA CHU KANG,4 ROOM,92.0,Model A,2017,550000.0,2024,4,87,2.0,1109.0,7
JURONG WEST,3 ROOM,68.0,Model A,2019,428000.0,2024,4,87,5.0,1131.0,5
YISHUN,5 ROOM,121.0,Improved,1987,688000.0,2024,4,87,8.0,743.0,37
WOODLANDS,5 ROOM,113.0,Improved,2018,680000.0,2024,4,87,5.0,1121.0,6
WOODLANDS,5 ROOM,121.0,Improved,1998,600000.0,2024,4,87,5.0,875.0,26
TAMPINES,5 ROOM,122.0,Improved,1987,715000.0,2024,4,87,8.0,752.0,37
BUKIT BATOK,4 ROOM,93.0,Model A,2019,680000.0,2024,4,87,17.0,1128.0,5
SENGKANG,5 ROOM,112.0,Improved,2015,730888.0,2024,4,87,5.0,1083.0,9
BEDOK,4 ROOM,93.0,Model A,2018,810000.0,2024,4,87,8.0,1125.0,6
BUKIT BATOK,4 ROOM,92.0,Model A,2004,530000.0,2024,4,87,14.0,954.0,20
BEDOK,3 ROOM,82.0,New Generation,1981,435000.0,2024,4,87,14.0,673.0,43
BUKIT MERAH,2 ROOM,43.0,Standard,1970,270000.0,2024,4,87,11.0,539.0,54
CLEMENTI,3 ROOM,67.0,New Generation,1980,385000.0,2024,4,87,11.0,658.0,44
BUKIT BATOK,4 ROOM,93.0,Model A,2019,708888.0,2024,4,87,17.0,1126.0,5
YISHUN,EXECUTIVE,181.0,Apartment,1992,1080000.0,2024,4,87,8.0,807.0,32
SENGKANG,4 ROOM,86.0,Model A2,2002,550000.0,2024,4,87,11.0,926.0,22
WOODLANDS,EXECUTIVE,142.0,Maisonette,1999,845000.0,2024,4,87,11.0,894.0,25
PUNGGOL,4 ROOM,93.0,Model A,2012,565000.0,2024,4,87,2.0,1050.0,12
ANG MO KIO,3 ROOM,67.0,New Generation,1979,425000.0,2024,4,87,8.0,646.0,45
SENGKANG,3 ROOM,67.0,Model A,2015,470000.0,2024,4,87,11.0,1082.0,9
WOODLANDS,5 ROOM,114.0,Premium Apartment,2002,618000.0,2024,4,87,5.0,933.0,22
BUKIT MERAH,2 ROOM,45.0,Improved,1976,260000.0,2024,4,87,2.0,610.0,48
QUEENSTOWN,5 ROOM,114.0,Improved,2015,1200000.0,2024,4,87,14.0,1079.0,9
HOUGANG,4 ROOM,93.0,Model A,2019,610000.0,2024,4,87,8.0,1131.0,5
SERANGOON,5 ROOM,125.0,Improved,1986,740000.0,2024,4,87,11.0,732.0,38
KALLANG/WHAMPOA,4 ROOM,92.0,Model A,2020,1000000.0,2024,4,87,8.0,1142.0,4
SENGKANG,5 ROOM,110.0,Improved,2003,647000.0,2024,4,87,5.0,936.0,21
SENGKANG,4 ROOM,90.0,Premium Apartment,2009,730000.0,2024,4,87,5.0,1011.0,15
YISHUN,EXECUTIVE,146.0,Maisonette,1988,880000.0,2024,4,87,5.0,760.0,36
BUKIT BATOK,5 ROOM,121.0,Improved,1997,690000.0,2024,4,87,8.0,873.0,27
BUKIT BATOK,4 ROOM,93.0,Model A,2020,590000.0,2024,4,87,5.0,1139.0,4
BUKIT MERAH,4 ROOM,92.0,New Generation,1978,595000.0,2024,4,87,8.0,641.0,46
PASIR RIS,4 ROOM,104.0,Model A,1992,545000.0,2024,4,87,5.0,813.0,32
ANG MO KIO,EXECUTIVE,156.0,Apartment,1996,1088000.0,2024,4,87,8.0,855.0,28
SEMBAWANG,5 ROOM,113.0,Improved,2018,763000.0,2024,4,87,8.0,1118.0,6
KALLANG/WHAMPOA,4 ROOM,94.0,New Generation,1981,568000.0,2024,4,87,11.0,671.0,43
TOA PAYOH,4 ROOM,87.0,Improved,1973,485000.0,2024,4,87,2.0,580.0,51
QUEENSTOWN,3 ROOM,59.0,Improved,1974,400000.0,2024,4,87,5.0,590.0,50
BUKIT PANJANG,5 ROOM,121.0,Improved,1998,728000.0,2024,4,87,14.0,884.0,26
YISHUN,3 ROOM,82.0,New Generation,1985,475000.0,2024,4,87,5.0,726.0,39
SENGKANG,4 ROOM,92.0,Premium Apartment,2015,550000.0,2024,4,87,2.0,1081.0,9
CHOA CHU KANG,4 ROOM,86.0,Model A2,2002,445000.0,2024,4,87,5.0,931.0,22
WOODLANDS,5 ROOM,113.0,Improved,2019,820000.0,2024,4,87,17.0,1135.0,5
BUKIT PANJANG,4 ROOM,90.0,Premium Apartment,2004,555000.0,2024,4,87,14.0,955.0,20
PUNGGOL,4 ROOM,93.0,Model A,2012,658000.0,2024,4,87,14.0,1053.0,12
TOA PAYOH,4 ROOM,96.0,New Generation,1984,530000.0,2024,4,87,2.0,716.0,40
BUKIT MERAH,5 ROOM,115.0,Improved,2001,1295000.0,2024,4,87,17.0,909.0,23
QUEENSTOWN,4 ROOM,87.0,Model A,2013,800888.0,2024,4,87,2.0,1057.0,11
CHOA CHU KANG,4 ROOM,103.0,Model A,1989,465000.0,2024,4,87,2.0,771.0,35
YISHUN,2 ROOM,38.0,Model A,2019,317000.0,2024,4,87,8.0,1134.0,5
PASIR RIS,4 ROOM,113.0,Model A,1989,627000.0,2024,4,87,8.0,774.0,35
CHOA CHU KANG,4 ROOM,101.0,Model A,1999,490000.0,2024,4,87,11.0,888.0,25
JURONG WEST,4 ROOM,104.0,Model A,1988,446000.0,2024,4,87,5.0,759.0,36
BEDOK,4 ROOM,93.0,Model A,2018,795000.0,2024,4,87,5.0,1124.0,6
PUNGGOL,4 ROOM,92.0,Model A,2015,638000.0,2024,4,87,5.0,1083.0,9
HOUGANG,4 ROOM,92.0,New Generation,1982,475000.0,2024,4,87,2.0,693.0,42
GEYLANG,3 ROOM,60.0,Standard,1969,308000.0,2024,4,87,2.0,526.0,55
CLEMENTI,5 ROOM,105.0,DBSS,2014,1200000.0,2024,4,87,26.0,1077.0,10
PUNGGOL,4 ROOM,95.0,Premium Apartment,2003,530000.0,2024,4,87,5.0,939.0,21
SEMBAWANG,4 ROOM,93.0,Model A,2015,550000.0,2024,4,87,8.0,1080.0,9
BUKIT BATOK,5 ROOM,113.0,Improved,2020,750000.0,2024,4,87,8.0,1139.0,4
WOODLANDS,4 ROOM,92.0,Model A,2018,605000.0,2024,4,87,5.0,1121.0,6
WOODLANDS,3 ROOM,73.0,Model A,1990,390000.0,2024,4,87,2.0,782.0,34
BUKIT BATOK,2 ROOM,47.0,Model A,2020,330000.0,2024,4,87,5.0,1139.0,4
BUKIT BATOK,EXECUTIVE,149.0,Maisonette,1985,908000.0,2024,4,87,11.0,723.0,39
BUKIT BATOK,3 ROOM,73.0,Model A,1987,430000.0,2024,4,87,8.0,752.0,37
ANG MO KIO,3 ROOM,73.0,New Generation,1978,485000.0,2024,4,87,11.0,636.0,46
BISHAN,4 ROOM,84.0,Simplified,1987,638000.0,2024,4,87,8.0,753.0,37
HOUGANG,4 ROOM,104.0,Model A,1983,585000.0,2024,4,87,8.0,698.0,41
HOUGANG,2 ROOM,47.0,Model A,2019,368000.0,2024,4,87,11.0,1137.0,5
YISHUN,4 ROOM,92.0,Model A,2015,598888.0,2024,4,87,8.0,1086.0,9
YISHUN,4 ROOM,93.0,Model A,2013,575000.0,2024,4,87,11.0,1061.0,11
KALLANG/WHAMPOA,4 ROOM,91.0,Improved,1974,463888.0,2024,4,87,2.0,588.0,50
BUKIT BATOK,4 ROOM,103.0,Model A,1985,498000.0,2024,4,87,8.0,720.0,39
BUKIT BATOK,5 ROOM,115.0,Improved,2019,810000.0,2024,4,87,17.0,1128.0,5
CHOA CHU KANG,4 ROOM,90.0,Model A,2003,488000.0,2024,4,87,14.0,936.0,21
BEDOK,3 ROOM,59.0,Improved,1978,330000.0,2024,4,87,5.0,639.0,46
WOODLANDS,4 ROOM,93.0,Model A,2018,560000.0,2024,4,87,17.0,1120.0,6
BUKIT MERAH,3 ROOM,70.0,Improved,1976,415000.0,2024,4,87,5.0,613.0,48
BUKIT PANJANG,5 ROOM,120.0,Improved,1999,670000.0,2024,4,87,5.0,890.0,25
HOUGANG,4 ROOM,84.0,Simplified,1986,497000.0,2024,4,87,5.0,734.0,38
SERANGOON,4 ROOM,105.0,Model A,1989,820000.0,2024,4,87,8.0,767.0,35
HOUGANG,3 ROOM,74.0,Model A,1987,422000.0,2024,4,87,8.0,747.0,37
HOUGANG,4 ROOM,95.0,Model A2,1999,530000.0,2024,4,87,14.0,896.0,25
YISHUN,4 ROOM,93.0,Model A,2018,638000.0,2024,4,87,11.0,1123.0,6
SERANGOON,5 ROOM,122.0,Improved,1992,623500.0,2024,4,87,2.0,812.0,32
YISHUN,3 ROOM,67.0,New Generation,1986,408000.0,2024,4,87,11.0,730.0,38
YISHUN,2 ROOM,47.0,Model A,2018,335000.0,2024,4,87,2.0,1114.0,6
SENGKANG,4 ROOM,93.0,Model A,2017,565000.0,2024,4,87,8.0,1105.0,7
SEMBAWANG,4 ROOM,93.0,Model A,2001,518000.0,2024,4,87,2.0,917.0,23
CLEMENTI,5 ROOM,142.0,Model A-Maisonette,1984,1030000.0,2024,4,87,2.0,714.0,40
JURONG EAST,3 ROOM,67.0,New Generation,1983,370888.0,2024,4,87,8.0,694.0,41
PUNGGOL,4 ROOM,93.0,Model A,2015,620000.0,2024,4,87,8.0,1081.0,9
TAMPINES,4 ROOM,103.0,Model A,1988,575000.0,2024,4,87,11.0,765.0,36
YISHUN,4 ROOM,92.0,Model A,2012,570000.0,2024,4,87,8.0,1047.0,12
CHOA CHU KANG,4 ROOM,105.0,Model A,1990,495000.0,2024,4,87,2.0,784.0,34
BEDOK,3 ROOM,82.0,New Generation,1978,465000.0,2024,4,87,8.0,642.0,46
JURONG WEST,5 ROOM,111.0,Improved,2002,552888.0,2024,4,87,2.0,931.0,22
BEDOK,5 ROOM,117.0,Standard,1979,640000.0,2024,4,87,8.0,646.0,45
HOUGANG,4 ROOM,94.0,Model A,2019,665000.0,2024,4,87,14.0,1137.0,5
SEMBAWANG,4 ROOM,93.0,Model A,2018,635000.0,2024,4,87,14.0,1120.0,6
TAMPINES,5 ROOM,127.0,Improved,1993,710000.0,2024,4,87,11.0,821.0,31
BEDOK,3 ROOM,68.0,Model A,2016,568000.0,2024,4,87,8.0,1100.0,8
SEMBAWANG,3 ROOM,68.0,Model A,2018,480000.0,2024,4,87,11.0,1124.0,6
TAMPINES,5 ROOM,126.0,Improved,1993,690000.0,2024,4,87,5.0,822.0,31
SEMBAWANG,5 ROOM,113.0,Improved,2018,810000.0,2024,4,87,8.0,1123.0,6
JURONG WEST,4 ROOM,91.0,Model A,2001,475000.0,2024,4,87,2.0,913.0,23
ANG MO KIO,4 ROOM,95.0,Model A,2001,675000.0,2024,4,87,2.0,918.0,23
BUKIT PANJANG,3 ROOM,73.0,Model A,1988,362000.0,2024,4,87,2.0,763.0,36
BUKIT BATOK,4 ROOM,93.0,Model A,2020,585000.0,2024,4,87,2.0,1140.0,4
BEDOK,4 ROOM,84.0,Simplified,1987,535888.0,2024,4,87,5.0,746.0,37
TAMPINES,4 ROOM,92.0,Model A,2020,710000.0,2024,5,88,5.0,1138.0,4
JURONG EAST,4 ROOM,95.0,New Generation,1982,528000.0,2024,5,88,11.0,681.0,42
YISHUN,4 ROOM,91.0,Model A,2000,550000.0,2024,5,88,8.0,907.0,24
GEYLANG,3 ROOM,75.0,Model A,1985,578000.0,2024,5,88,11.0,728.0,39
BUKIT MERAH,4 ROOM,92.0,Model A,2017,785000.0,2024,5,88,2.0,1111.0,7
JURONG WEST,2 ROOM,47.0,Model A,2014,328000.0,2024,5,88,14.0,1069.0,10
BEDOK,3 ROOM,65.0,Improved,1972,340000.0,2024,5,88,5.0,567.0,52
JURONG WEST,EXECUTIVE,150.0,Maisonette,1985,750000.0,2024,5,88,11.0,724.0,39
PASIR RIS,EXECUTIVE,150.0,Apartment,1995,830000.0,2024,5,88,2.0,844.0,29
JURONG WEST,3 ROOM,67.0,New Generation,1983,388000.0,2024,5,88,2.0,697.0,41
SENGKANG,4 ROOM,94.0,Premium Apartment,2001,510108.0,2024,5,88,5.0,915.0,23
SENGKANG,4 ROOM,92.0,Model A,2015,639888.0,2024,5,88,23.0,1083.0,9
BUKIT BATOK,5 ROOM,122.0,Improved,1985,590000.0,2024,5,88,5.0,726.0,39
CENTRAL AREA,3 ROOM,59.0,Improved,1977,485000.0,2024,5,88,5.0,622.0,47
TAMPINES,5 ROOM,125.0,Improved,1993,720000.0,2024,5,88,5.0,819.0,31
JURONG WEST,4 ROOM,85.0,Model A2,2000,503000.0,2024,5,88,8.0,902.0,24
QUEENSTOWN,3 ROOM,70.0,Improved,1970,375000.0,2024,5,88,5.0,543.0,54
QUEENSTOWN,3 ROOM,63.0,Model A,2015,685000.0,2024,5,88,20.0,1078.0,9
TAMPINES,5 ROOM,127.0,Improved,1993,760000.0,2024,5,88,11.0,820.0,31
PUNGGOL,4 ROOM,92.0,Premium Apartment,2017,630000.0,2024,5,88,14.0,1105.0,7
SENGKANG,5 ROOM,113.0,Improved,2017,715000.0,2024,5,88,8.0,1105.0,7
CLEMENTI,4 ROOM,90.0,Model A,2006,858000.0,2024,5,88,2.0,975.0,18
CLEMENTI,3 ROOM,67.0,New Generation,1985,385000.0,2024,5,88,11.0,722.0,39
CHOA CHU KANG,4 ROOM,106.0,Model A,1990,548000.0,2024,5,88,8.0,778.0,34
JURONG EAST,3 ROOM,74.0,Model A,1984,378000.0,2024,5,88,5.0,709.0,40
PUNGGOL,4 ROOM,93.0,Premium Apartment,2020,675000.0,2024,5,88,14.0,1137.0,4
PUNGGOL,5 ROOM,116.0,Premium Apartment,2019,940000.0,2024,5,88,5.0,1127.0,5
WOODLANDS,EXECUTIVE,143.0,Apartment,1996,850000.0,2024,5,88,11.0,858.0,28
TAMPINES,4 ROOM,84.0,DBSS,2014,725000.0,2024,5,88,2.0,1071.0,10
BUKIT BATOK,5 ROOM,122.0,Improved,1997,650000.0,2024,5,88,2.0,872.0,27
BUKIT MERAH,5 ROOM,115.0,Improved,2005,1100000.0,2024,5,88,29.0,968.0,19
YISHUN,5 ROOM,113.0,Improved,2018,720000.0,2024,5,88,5.0,1114.0,6
JURONG EAST,3 ROOM,68.0,New Generation,1983,356888.0,2024,5,88,5.0,696.0,41
CHOA CHU KANG,5 ROOM,121.0,Improved,1994,595000.0,2024,5,88,5.0,828.0,30
BUKIT BATOK,4 ROOM,93.0,Model A,2020,625000.0,2024,5,88,8.0,1138.0,4
SENGKANG,2 ROOM,47.0,Model A,2015,340000.0,2024,5,88,5.0,1079.0,9
BUKIT MERAH,5 ROOM,119.0,Improved,1999,788000.0,2024,5,88,2.0,887.0,25
SENGKANG,4 ROOM,90.0,Premium Apartment,2006,640000.0,2024,5,88,8.0,970.0,18
SEMBAWANG,4 ROOM,91.0,Model A,2001,500000.0,2024,5,88,2.0,916.0,23
BUKIT BATOK,3 ROOM,67.0,Model A,2019,500500.0,2024,5,88,17.0,1127.0,5
QUEENSTOWN,3 ROOM,60.0,Standard,1967,310000.0,2024,5,88,5.0,501.0,57
BUKIT BATOK,4 ROOM,92.0,Model A,2019,565000.0,2024,5,88,5.0,1126.0,5
SEMBAWANG,5 ROOM,118.0,Premium Apartment,2001,590000.0,2024,5,88,2.0,913.0,23
JURONG EAST,3 ROOM,74.0,Improved,1977,358888.0,2024,5,88,5.0,626.0,47
BISHAN,4 ROOM,109.0,Model A,1992,772000.0,2024,5,88,11.0,804.0,32
PASIR RIS,EXECUTIVE,149.0,Apartment,1995,838000.0,2024,5,88,2.0,839.0,29
PUNGGOL,5 ROOM,113.0,Improved,2018,730000.0,2024,5,88,14.0,1123.0,6
BEDOK,5 ROOM,112.0,Improved,2010,980000.0,2024,5,88,5.0,1020.0,14
SERANGOON,3 ROOM,64.0,Simplified,1985,445000.0,2024,5,88,5.0,728.0,39
GEYLANG,4 ROOM,93.0,Model A,2005,898000.0,2024,5,88,8.0,959.0,19
YISHUN,EXECUTIVE,145.0,Apartment,1988,735000.0,2024,5,88,5.0,759.0,36
CHOA CHU KANG,4 ROOM,104.0,Model A,1993,513000.0,2024,5,88,8.0,818.0,31
KALLANG/WHAMPOA,3 ROOM,68.0,Improved,1972,410000.0,2024,5,88,8.0,561.0,52
SENGKANG,4 ROOM,93.0,Model A,2014,600000.0,2024,5,88,23.0,1074.0,10
YISHUN,3 ROOM,68.0,Model A,2017,429500.0,2024,5,88,2.0,1108.0,7
BUKIT BATOK,4 ROOM,93.0,Model A,2019,635000.0,2024,5,88,8.0,1133.0,5
SENGKANG,4 ROOM,95.0,Premium Apartment,2012,580000.0,2024,5,88,8.0,1051.0,12
HOUGANG,4 ROOM,104.0,Model A,1984,650000.0,2024,5,88,14.0,716.0,40
PUNGGOL,4 ROOM,92.0,Model A,2014,580000.0,2024,5,88,11.0,1069.0,10
TAMPINES,5 ROOM,132.0,Model A,1985,730000.0,2024,5,88,8.0,725.0,39
SENGKANG,3 ROOM,67.0,Premium Apartment,2015,540000.0,2024,5,88,11.0,1084.0,9
TAMPINES,EXECUTIVE,154.0,Maisonette,1996,1000000.0,2024,5,88,2.0,849.0,28
MARINE PARADE,3 ROOM,65.0,Improved,1975,430000.0,2024,5,88,5.0,597.0,49
YISHUN,5 ROOM,129.0,Improved,1987,780000.0,2024,5,88,8.0,742.0,37
BEDOK,3 ROOM,65.0,Improved,1972,340000.0,2024,5,88,8.0,567.0,52
WOODLANDS,3 ROOM,68.0,Model A,2018,485000.0,2024,5,88,8.0,1121.0,6
JURONG EAST,3 ROOM,67.0,New Generation,1983,408000.0,2024,5,88,8.0,698.0,41
WOODLANDS,5 ROOM,126.0,Standard,1976,605000.0,2024,5,88,20.0,611.0,48
CHOA CHU KANG,EXECUTIVE,148.0,Apartment,1993,780000.0,2024,5,88,8.0,818.0,31
JURONG WEST,4 ROOM,106.0,Model A,1996,490000.0,2024,5,88,8.0,856.0,28
BEDOK,3 ROOM,68.0,New Generation,1980,368000.0,2024,5,88,2.0,667.0,44
JURONG WEST,4 ROOM,91.0,Model A,2001,508000.0,2024,5,88,14.0,919.0,23
ANG MO KIO,4 ROOM,95.0,New Generation,1980,535000.0,2024,5,88,8.0,667.0,44
CHOA CHU KANG,5 ROOM,121.0,Premium Apartment,1999,585000.0,2024,5,88,11.0,888.0,25
PASIR RIS,4 ROOM,110.0,Model A,1995,650000.0,2024,5,88,11.0,846.0,29
ANG MO KIO,4 ROOM,98.0,New Generation,1976,545000.0,2024,5,88,8.0,615.0,48
HOUGANG,5 ROOM,117.0,Improved,1997,685000.0,2024,5,88,8.0,862.0,27
HOUGANG,4 ROOM,109.0,Model A,1990,590000.0,2024,5,88,5.0,778.0,34
BISHAN,4 ROOM,88.0,Improved,1974,429888.0,2024,5,88,2.0,591.0,50
SEMBAWANG,EXECUTIVE,130.0,Apartment,2001,700000.0,2024,5,88,5.0,910.0,23
KALLANG/WHAMPOA,3 ROOM,60.0,Standard,1969,340000.0,2024,5,88,11.0,525.0,55
PUNGGOL,5 ROOM,114.0,Premium Apartment,2004,618000.0,2024,5,88,5.0,949.0,20
WOODLANDS,4 ROOM,102.0,Model A,1998,602000.0,2024,5,88,5.0,880.0,26
BUKIT BATOK,4 ROOM,92.0,Model A2,1998,565000.0,2024,5,88,8.0,876.0,26
WOODLANDS,5 ROOM,134.0,Model A,1995,630000.0,2024,5,88,2.0,840.0,29
WOODLANDS,EXECUTIVE,177.0,Apartment,1995,982000.0,2024,5,88,2.0,839.0,29
JURONG WEST,5 ROOM,110.0,Improved,2000,608000.0,2024,5,88,11.0,903.0,24
TAMPINES,4 ROOM,91.0,New Generation,1984,545000.0,2024,5,88,2.0,712.0,40
JURONG WEST,4 ROOM,94.0,Model A,2010,600000.0,2024,5,88,20.0,1020.0,14
TAMPINES,3 ROOM,74.0,Model A,1985,470000.0,2024,5,88,2.0,717.0,39
YISHUN,3 ROOM,73.0,Model A,1988,435000.0,2024,5,88,11.0,756.0,36
CHOA CHU KANG,3 ROOM,68.0,Model A,2015,432000.0,2024,5,88,14.0,1078.0,9
JURONG WEST,3 ROOM,75.0,Model A,1984,410000.0,2024,5,88,11.0,710.0,40
BEDOK,5 ROOM,126.0,Improved,1997,860000.0,2024,5,88,14.0,861.0,27
YISHUN,3 ROOM,67.0,New Generation,1985,402000.0,2024,5,88,8.0,719.0,39
CHOA CHU KANG,4 ROOM,104.0,Premium Apartment,2000,512000.0,2024,5,88,17.0,899.0,24
ANG MO KIO,3 ROOM,73.0,New Generation,1979,430000.0,2024,5,88,8.0,645.0,45
PASIR RIS,4 ROOM,106.0,Model A,1996,581888.0,2024,5,88,14.0,856.0,28
PUNGGOL,5 ROOM,112.0,Improved,2014,768000.0,2024,5,88,11.0,1070.0,10
CLEMENTI,3 ROOM,67.0,New Generation,1980,360000.0,2024,5,88,8.0,664.0,44
SERANGOON,EXECUTIVE,145.0,Maisonette,1989,808000.0,2024,5,88,2.0,766.0,35
BUKIT BATOK,4 ROOM,105.0,Model A,1984,535000.0,2024,5,88,5.0,714.0,40
TAMPINES,EXECUTIVE,146.0,Maisonette,1989,900000.0,2024,5,88,5.0,765.0,35
GEYLANG,5 ROOM,121.0,Improved,1980,780000.0,2024,5,88,11.0,664.0,44
PUNGGOL,2 ROOM,47.0,Model A,2018,360000.0,2024,5,88,8.0,1122.0,6
BUKIT BATOK,5 ROOM,121.0,Improved,1985,635000.0,2024,5,88,2.0,722.0,39
BISHAN,5 ROOM,121.0,Improved,1988,960000.0,2024,5,88,20.0,761.0,36
BEDOK,4 ROOM,92.0,New Generation,1978,510000.0,2024,5,88,8.0,636.0,46
JURONG WEST,4 ROOM,107.0,Model A,1984,472000.0,2024,5,88,8.0,714.0,40
BEDOK,5 ROOM,133.0,Model A,1983,670000.0,2024,5,88,8.0,702.0,41
PASIR RIS,4 ROOM,105.0,Model A,1994,548000.0,2024,5,88,2.0,828.0,30
CHOA CHU KANG,4 ROOM,101.0,Model A,1998,528000.0,2024,5,88,11.0,874.0,26
PASIR RIS,EXECUTIVE,151.0,Maisonette,1989,948000.0,2024,5,88,11.0,773.0,35
CHOA CHU KANG,EXECUTIVE,142.0,Premium Apartment,1998,808000.0,2024,5,88,8.0,873.0,26
BUKIT BATOK,4 ROOM,92.0,Model A,2019,635000.0,2024,5,88,11.0,1124.0,5
TAMPINES,5 ROOM,121.0,Improved,1985,698000.0,2024,5,88,8.0,721.0,39
TAMPINES,5 ROOM,125.0,Improved,1993,735000.0,2024,5,88,8.0,821.0,31
SENGKANG,4 ROOM,92.0,Model A,2019,610000.0,2024,5,88,8.0,1129.0,5
BUKIT BATOK,4 ROOM,92.0,Model A,2019,625000.0,2024,5,88,8.0,1125.0,5
WOODLANDS,4 ROOM,93.0,Model A,2018,618000.0,2024,5,88,11.0,1117.0,6
CHOA CHU KANG,4 ROOM,90.0,Model A,2002,463000.0,2024,5,88,8.0,926.0,22
KALLANG/WHAMPOA,4 ROOM,101.0,Model A,1998,728000.0,2024,5,88,5.0,885.0,26
KALLANG/WHAMPOA,4 ROOM,90.0,Model A,2006,777000.0,2024,5,88,14.0,976.0,18
HOUGANG,5 ROOM,121.0,Improved,1986,620000.0,2024,5,88,14.0,736.0,38
JURONG WEST,4 ROOM,93.0,Model A,2019,568000.0,2024,5,88,5.0,1129.0,5
QUEENSTOWN,4 ROOM,83.0,Premium Apartment,2016,930888.0,2024,5,88,5.0,1096.0,8
YISHUN,3 ROOM,67.0,New Generation,1984,390000.0,2024,5,88,2.0,711.0,40
KALLANG/WHAMPOA,3 ROOM,60.0,Standard,1969,336888.0,2024,5,88,2.0,525.0,55
CLEMENTI,3 ROOM,82.0,New Generation,1980,398000.0,2024,5,88,11.0,665.0,44
SENGKANG,5 ROOM,110.0,Improved,2001,616000.0,2024,5,88,8.0,916.0,23
TAMPINES,4 ROOM,104.0,Model A,1988,640000.0,2024,5,88,8.0,763.0,36
SENGKANG,4 ROOM,90.0,Premium Apartment,2009,650000.0,2024,5,88,2.0,1010.0,15
PASIR RIS,5 ROOM,122.0,Improved,1989,615000.0,2024,5,88,2.0,766.0,35
YISHUN,4 ROOM,104.0,Model A,1987,510000.0,2024,5,88,8.0,752.0,37
HOUGANG,4 ROOM,92.0,Premium Apartment,2016,720888.0,2024,5,88,11.0,1091.0,8
PUNGGOL,EXECUTIVE,128.0,Premium Apartment,2004,800000.0,2024,5,88,14.0,948.0,20
SEMBAWANG,EXECUTIVE,135.0,Apartment,1999,700000.0,2024,5,88,8.0,891.0,25
TAMPINES,4 ROOM,104.0,Model A,1988,630000.0,2024,5,88,8.0,761.0,36
WOODLANDS,4 ROOM,100.0,Model A,1998,500000.0,2024,5,88,5.0,874.0,26
GEYLANG,3 ROOM,64.0,Simplified,2000,428000.0,2024,5,88,5.0,901.0,24
CHOA CHU KANG,EXECUTIVE,143.0,Maisonette,1997,796888.0,2024,5,88,11.0,864.0,27
SEMBAWANG,5 ROOM,112.0,Improved,2004,525000.0,2024,5,88,2.0,947.0,20
BUKIT BATOK,4 ROOM,103.0,Model A,1985,495000.0,2024,5,88,5.0,718.0,39
PUNGGOL,5 ROOM,113.0,Premium Apartment,2020,860000.0,2024,5,88,17.0,1137.0,4
BUKIT BATOK,4 ROOM,84.0,Simplified,1985,426888.0,2024,5,88,5.0,724.0,39
WOODLANDS,5 ROOM,125.0,Improved,1996,590000.0,2024,5,88,5.0,855.0,28
YISHUN,EXECUTIVE,146.0,Maisonette,1988,880000.0,2024,5,88,5.0,762.0,36
SENGKANG,4 ROOM,90.0,Model A,2005,565000.0,2024,5,88,17.0,968.0,19
SEMBAWANG,4 ROOM,93.0,Model A,2018,718000.0,2024,5,88,11.0,1118.0,6
SENGKANG,4 ROOM,94.0,Premium Apartment,2013,600000.0,2024,5,88,11.0,1058.0,11
TAMPINES,4 ROOM,99.0,Model A,1997,580000.0,2024,5,88,2.0,863.0,27
SENGKANG,3 ROOM,67.0,Model A,2014,455000.0,2024,5,88,5.0,1072.0,10
CHOA CHU KANG,5 ROOM,112.0,Improved,2017,650000.0,2024,5,88,5.0,1108.0,7
TAMPINES,4 ROOM,104.0,Model A,1986,590000.0,2024,5,88,11.0,738.0,38
HOUGANG,EXECUTIVE,150.0,Maisonette,1985,880000.0,2024,5,88,5.0,718.0,39
BUKIT BATOK,4 ROOM,92.0,Model A,2019,610000.0,2024,5,88,11.0,1127.0,5
BUKIT PANJANG,4 ROOM,103.0,Model A,1999,538000.0,2024,5,88,14.0,886.0,25
WOODLANDS,5 ROOM,122.0,Improved,1998,610000.0,2024,5,88,5.0,882.0,26
JURONG EAST,3 ROOM,74.0,Improved,1977,350000.0,2024,5,88,5.0,626.0,47
CHOA CHU KANG,4 ROOM,92.0,Model A,2017,560000.0,2024,5,88,5.0,1104.0,7
ANG MO KIO,3 ROOM,67.0,New Generation,1980,385000.0,2024,5,88,14.0,657.0,44
ANG MO KIO,3 ROOM,67.0,New Generation,1979,410000.0,2024,5,88,11.0,645.0,45
BUKIT BATOK,4 ROOM,93.0,Model A,2020,618000.0,2024,5,88,11.0,1141.0,4
YISHUN,3 ROOM,67.0,New Generation,1986,400000.0,2024,5,88,5.0,728.0,38
BISHAN,3 ROOM,64.0,Simplified,1986,470000.0,2024,5,88,5.0,734.0,38
PUNGGOL,4 ROOM,85.0,Model A,2003,549000.0,2024,5,88,17.0,936.0,21
WOODLANDS,3 ROOM,73.0,Model A,1994,410888.0,2024,5,88,2.0,825.0,30
TAMPINES,4 ROOM,100.0,Model A,1997,580000.0,2024,5,88,8.0,864.0,27
BUKIT MERAH,4 ROOM,90.0,Model A,2002,1028000.0,2024,5,88,29.0,931.0,22
SERANGOON,2 ROOM,44.0,Improved,1978,286000.0,2024,5,88,11.0,637.0,46
BUKIT BATOK,EXECUTIVE,149.0,Apartment,1995,840000.0,2024,5,88,2.0,848.0,29
JURONG WEST,3 ROOM,59.0,Improved,1978,280000.0,2024,5,88,5.0,639.0,46
JURONG EAST,3 ROOM,67.0,Improved,1966,340000.0,2024,5,88,2.0,498.0,58
SEMBAWANG,4 ROOM,92.0,Model A,2020,718888.0,2024,5,88,11.0,1141.0,4
JURONG EAST,3 ROOM,64.0,Model A,2014,445000.0,2024,5,88,14.0,1065.0,10
YISHUN,EXECUTIVE,146.0,Maisonette,1988,815888.0,2024,5,88,2.0,758.0,36
TOA PAYOH,4 ROOM,101.0,Model A,1999,878000.0,2024,5,88,26.0,891.0,25
SEMBAWANG,5 ROOM,111.0,Premium Apartment,2001,605000.0,2024,5,88,11.0,914.0,23
TOA PAYOH,4 ROOM,105.0,Model A,1997,818000.0,2024,5,88,2.0,865.0,27
SENGKANG,5 ROOM,109.0,Improved,2000,545000.0,2024,5,88,2.0,902.0,24
PASIR RIS,5 ROOM,127.0,Improved,1996,660000.0,2024,5,88,2.0,857.0,28
BEDOK,3 ROOM,67.0,DBSS,2014,568000.0,2024,5,88,2.0,1073.0,10
CLEMENTI,4 ROOM,98.0,New Generation,1987,600000.0,2024,5,88,11.0,745.0,37
CHOA CHU KANG,5 ROOM,113.0,Improved,2017,618000.0,2024,5,88,2.0,1105.0,7
KALLANG/WHAMPOA,3 ROOM,68.0,New Generation,1979,422000.0,2024,5,88,5.0,645.0,45
CHOA CHU KANG,5 ROOM,122.0,Improved,1989,580000.0,2024,5,88,8.0,769.0,35
PUNGGOL,5 ROOM,111.0,Premium Apartment,2003,565000.0,2024,5,88,8.0,943.0,21
JURONG WEST,5 ROOM,122.0,Improved,1996,570000.0,2024,5,88,5.0,856.0,28
BISHAN,4 ROOM,83.0,Simplified,1987,712666.0,2024,5,88,5.0,741.0,37
ANG MO KIO,4 ROOM,102.0,Model A,1993,615000.0,2024,5,88,8.0,815.0,31
ANG MO KIO,5 ROOM,120.0,Improved,1980,730000.0,2024,5,88,20.0,657.0,44
WOODLANDS,4 ROOM,93.0,Model A,2018,602000.0,2024,5,88,11.0,1118.0,6
TAMPINES,5 ROOM,119.0,3Gen,2020,850000.0,2024,5,88,5.0,1138.0,4
ANG MO KIO,3 ROOM,67.0,New Generation,1978,450000.0,2024,5,88,11.0,641.0,46
ANG MO KIO,3 ROOM,82.0,New Generation,1980,482000.0,2024,5,88,8.0,664.0,44
PUNGGOL,4 ROOM,94.0,Model A,2012,653000.0,2024,5,88,14.0,1052.0,12
SEMBAWANG,EXECUTIVE,137.0,Premium Apartment,2001,670000.0,2024,5,88,14.0,916.0,23
PUNGGOL,4 ROOM,93.0,Premium Apartment,2019,680000.0,2024,5,88,14.0,1127.0,5
BEDOK,4 ROOM,92.0,Model A,2005,740000.0,2024,5,88,14.0,968.0,19
PASIR RIS,4 ROOM,105.0,Model A,1993,555000.0,2024,5,88,5.0,821.0,31
CHOA CHU KANG,4 ROOM,93.0,Model A,2016,540888.0,2024,5,88,11.0,1094.0,8
TAMPINES,3 ROOM,78.0,Model A,1984,455888.0,2024,5,88,5.0,711.0,40
PUNGGOL,2 ROOM,46.0,Model A,2014,385888.0,2024,5,88,14.0,1075.0,10
PUNGGOL,4 ROOM,90.0,Model A,2015,610000.0,2024,5,88,11.0,1088.0,9
HOUGANG,5 ROOM,121.0,Improved,1999,705000.0,2024,5,88,14.0,888.0,25
ANG MO KIO,4 ROOM,99.0,New Generation,1978,550000.0,2024,5,88,5.0,637.0,46
BUKIT BATOK,3 ROOM,73.0,Model A,1983,425000.0,2024,5,88,8.0,700.0,41
PUNGGOL,4 ROOM,93.0,Model A,2018,620000.0,2024,5,88,14.0,1124.0,6
TAMPINES,5 ROOM,122.0,Improved,1988,720000.0,2024,5,88,5.0,762.0,36
JURONG EAST,5 ROOM,120.0,Improved,1981,670000.0,2024,5,88,8.0,679.0,43
SENGKANG,5 ROOM,112.0,Improved,2015,770000.0,2024,5,88,20.0,1081.0,9
JURONG WEST,5 ROOM,123.0,Improved,1995,605000.0,2024,5,88,8.0,842.0,29
SENGKANG,4 ROOM,101.0,Model A,1999,585000.0,2024,5,88,8.0,894.0,25
SEMBAWANG,5 ROOM,110.0,Improved,2000,570000.0,2024,5,88,8.0,905.0,24
BEDOK,3 ROOM,68.0,Model A,2020,610000.0,2024,5,88,17.0,1136.0,4
TOA PAYOH,3 ROOM,65.0,Improved,1967,365000.0,2024,5,88,8.0,505.0,57
CENTRAL AREA,4 ROOM,85.0,Improved,1982,598880.0,2024,5,88,20.0,685.0,42
HOUGANG,3 ROOM,82.0,New Generation,1978,430000.0,2024,5,88,2.0,637.0,46
BUKIT MERAH,5 ROOM,115.0,Improved,2005,1050000.0,2024,5,88,14.0,968.0,19
BUKIT BATOK,3 ROOM,68.0,New Generation,1984,365000.0,2024,5,88,2.0,711.0,40
BEDOK,EXECUTIVE,150.0,Maisonette,1985,850000.0,2024,5,88,5.0,725.0,39
BUKIT MERAH,3 ROOM,68.0,Model A,2018,645000.0,2024,5,88,5.0,1124.0,6
PASIR RIS,EXECUTIVE,144.0,Apartment,1992,890000.0,2024,5,88,8.0,812.0,32
JURONG WEST,EXECUTIVE,142.0,Apartment,1989,650000.0,2024,5,88,2.0,766.0,35
CHOA CHU KANG,EXECUTIVE,141.0,Apartment,1999,705000.0,2024,5,88,11.0,890.0,25
WOODLANDS,5 ROOM,125.0,Improved,1996,630000.0,2024,5,88,11.0,857.0,28
TAMPINES,4 ROOM,99.0,Model A,1997,570000.0,2024,5,88,2.0,864.0,27
QUEENSTOWN,3 ROOM,60.0,Standard,1967,360000.0,2024,5,88,8.0,501.0,57
PUNGGOL,4 ROOM,92.0,Model A,2012,658000.0,2024,5,88,14.0,1049.0,12
QUEENSTOWN,4 ROOM,88.0,Model A,2015,991000.0,2024,5,88,17.0,1078.0,9
SENGKANG,5 ROOM,113.0,Premium Apartment,2017,790000.0,2024,5,88,11.0,1111.0,7
BUKIT BATOK,EXECUTIVE,144.0,Apartment,1997,1010800.0,2024,5,88,14.0,872.0,27
YISHUN,4 ROOM,93.0,Model A,2019,555000.0,2024,5,88,5.0,1135.0,5
BEDOK,3 ROOM,65.0,Improved,1976,365000.0,2024,5,88,11.0,609.0,48
JURONG WEST,3 ROOM,67.0,Model A,2012,441000.0,2024,5,88,20.0,1043.0,12
BEDOK,4 ROOM,91.0,New Generation,1985,521000.0,2024,5,88,5.0,723.0,39
WOODLANDS,5 ROOM,114.0,Premium Apartment,2003,610888.0,2024,5,88,11.0,934.0,21
PUNGGOL,4 ROOM,95.0,Model A,2014,640000.0,2024,5,88,11.0,1068.0,10
TAMPINES,4 ROOM,109.0,Model A,1996,565000.0,2024,5,88,5.0,854.0,28
YISHUN,4 ROOM,92.0,DBSS,2013,738000.0,2024,5,88,8.0,1062.0,11
ANG MO KIO,4 ROOM,106.0,Model A,1993,695588.0,2024,5,88,11.0,815.0,31
BUKIT PANJANG,5 ROOM,119.0,Improved,1997,630000.0,2024,5,88,8.0,866.0,27
PUNGGOL,5 ROOM,110.0,Premium Apartment,2005,636000.0,2024,5,88,11.0,957.0,19
CHOA CHU KANG,5 ROOM,113.0,Improved,2017,621000.0,2024,5,88,2.0,1105.0,7
BEDOK,3 ROOM,69.0,Model A,2010,605000.0,2024,5,88,14.0,1021.0,14
JURONG EAST,5 ROOM,122.0,Improved,1983,620000.0,2024,5,88,5.0,694.0,41
QUEENSTOWN,3 ROOM,69.0,Standard,1967,330000.0,2024,5,88,8.0,501.0,57
PASIR RIS,4 ROOM,107.0,Model A,1993,540000.0,2024,5,88,5.0,818.0,31
KALLANG/WHAMPOA,4 ROOM,90.0,New Generation,1981,545000.0,2024,5,88,2.0,674.0,43
TOA PAYOH,5 ROOM,110.0,Improved,2002,930000.0,2024,5,88,11.0,929.0,22
BUKIT BATOK,4 ROOM,99.0,New Generation,1988,480000.0,2024,5,88,2.0,756.0,36
JURONG EAST,4 ROOM,95.0,New Generation,1983,483800.0,2024,5,88,2.0,694.0,41
BUKIT PANJANG,4 ROOM,93.0,Model A,2013,620000.0,2024,6,89,14.0,1063.0,11
CLEMENTI,3 ROOM,67.0,New Generation,1978,408000.0,2024,6,89,2.0,638.0,46
QUEENSTOWN,4 ROOM,93.0,Model A,2018,980000.0,2024,6,89,14.0,1117.0,6
ANG MO KIO,4 ROOM,93.0,New Generation,1981,525000.0,2024,6,89,11.0,668.0,43
CHOA CHU KANG,3 ROOM,74.0,Model A,1984,388000.0,2024,6,89,11.0,711.0,40
JURONG WEST,4 ROOM,105.0,Model A,1989,415000.0,2024,6,89,2.0,768.0,35
HOUGANG,5 ROOM,121.0,Improved,1987,762000.0,2024,6,89,11.0,750.0,37
QUEENSTOWN,3 ROOM,65.0,Improved,1975,442000.0,2024,6,89,17.0,596.0,49
GEYLANG,3 ROOM,62.0,Standard,1969,355000.0,2024,6,89,11.0,524.0,55
SENGKANG,EXECUTIVE,130.0,Apartment,2000,715888.0,2024,6,89,2.0,902.0,24
KALLANG/WHAMPOA,3 ROOM,56.0,Standard,1971,315000.0,2024,6,89,11.0,548.0,53
SENGKANG,4 ROOM,101.0,Model A,1999,560000.0,2024,6,89,8.0,885.0,25
BEDOK,3 ROOM,67.0,New Generation,1978,428000.0,2024,6,89,5.0,642.0,46
JURONG EAST,4 ROOM,101.0,Model A,1998,618500.0,2024,6,89,5.0,881.0,26
HOUGANG,EXECUTIVE,140.0,Apartment,1999,893000.0,2024,6,89,14.0,885.0,25
JURONG EAST,3 ROOM,74.0,Model A,1984,450000.0,2024,6,89,8.0,707.0,40
BEDOK,3 ROOM,65.0,Improved,1977,421000.0,2024,6,89,14.0,624.0,47
TOA PAYOH,4 ROOM,96.0,New Generation,1984,580000.0,2024,6,89,11.0,713.0,40
TAMPINES,4 ROOM,103.0,Model A,1988,605000.0,2024,6,89,2.0,759.0,36
BUKIT MERAH,4 ROOM,94.0,Model A,2013,835000.0,2024,6,89,5.0,1056.0,11
BEDOK,3 ROOM,60.0,Improved,1986,355000.0,2024,6,89,8.0,729.0,38
HOUGANG,4 ROOM,92.0,Model A,2018,750000.0,2024,6,89,5.0,1113.0,6
PUNGGOL,4 ROOM,92.0,Premium Apartment,2016,728888.0,2024,6,89,8.0,1090.0,8
ANG MO KIO,3 ROOM,75.0,New Generation,1980,450000.0,2024,6,89,11.0,666.0,44
YISHUN,2 ROOM,47.0,Model A,2012,340000.0,2024,6,89,11.0,1047.0,12
BEDOK,5 ROOM,110.0,Improved,2006,830000.0,2024,6,89,5.0,968.0,18
CLEMENTI,4 ROOM,92.0,Model A,2013,755000.0,2024,6,89,2.0,1060.0,11
YISHUN,4 ROOM,93.0,Model A,2018,540000.0,2024,6,89,2.0,1121.0,6
TAMPINES,3 ROOM,67.0,New Generation,1985,435000.0,2024,6,89,5.0,716.0,39
HOUGANG,5 ROOM,121.0,Improved,1983,678000.0,2024,6,89,5.0,695.0,41
BEDOK,3 ROOM,67.0,New Generation,1985,398000.0,2024,6,89,5.0,723.0,39
JURONG WEST,5 ROOM,120.0,Standard,1976,548000.0,2024,6,89,11.0,613.0,48
SENGKANG,5 ROOM,112.0,Premium Apartment,2017,958888.0,2024,6,89,11.0,1104.0,7
BUKIT BATOK,4 ROOM,93.0,Model A,2019,560000.0,2024,6,89,2.0,1132.0,5
BUKIT BATOK,3 ROOM,60.0,Improved,1987,370000.0,2024,6,89,11.0,744.0,37
CLEMENTI,3 ROOM,68.0,New Generation,1981,400000.0,2024,6,89,11.0,676.0,43
ANG MO KIO,3 ROOM,68.0,New Generation,1980,393888.0,2024,6,89,11.0,657.0,44
SENGKANG,4 ROOM,91.0,Model A,2005,550000.0,2024,6,89,5.0,967.0,19
CHOA CHU KANG,5 ROOM,113.0,Improved,2017,760888.0,2024,6,89,17.0,1102.0,7
BEDOK,3 ROOM,65.0,Improved,1972,358000.0,2024,6,89,11.0,566.0,52
WOODLANDS,EXECUTIVE,173.0,Apartment,1995,930000.0,2024,6,89,8.0,838.0,29
BUKIT BATOK,4 ROOM,90.0,Model A,2004,612000.0,2024,6,89,8.0,955.0,20
YISHUN,4 ROOM,92.0,Model A,2018,580000.0,2024,6,89,5.0,1112.0,6
PUNGGOL,2 ROOM,48.0,Model A,2018,334000.0,2024,6,89,8.0,1123.0,6
TAMPINES,EXECUTIVE,142.0,Apartment,1993,845000.0,2024,6,89,2.0,818.0,31
QUEENSTOWN,5 ROOM,110.0,Improved,2000,1015000.0,2024,6,89,29.0,905.0,24
YISHUN,3 ROOM,67.0,Model A,2018,470000.0,2024,6,89,8.0,1112.0,6
SENGKANG,5 ROOM,110.0,Improved,2001,700888.0,2024,6,89,14.0,908.0,23
JURONG WEST,4 ROOM,94.0,Model A,2018,603000.0,2024,6,89,5.0,1118.0,6
CLEMENTI,4 ROOM,92.0,New Generation,1978,505000.0,2024,6,89,11.0,632.0,46
BEDOK,5 ROOM,119.0,Improved,1978,600000.0,2024,6,89,8.0,642.0,46
CENTRAL AREA,3 ROOM,60.0,Improved,1980,470000.0,2024,6,89,8.0,663.0,44
ANG MO KIO,3 ROOM,67.0,New Generation,1977,383000.0,2024,6,89,8.0,623.0,47
BUKIT MERAH,3 ROOM,67.0,New Generation,1979,378888.0,2024,6,89,2.0,644.0,45
CHOA CHU KANG,4 ROOM,92.0,Model A,2015,560000.0,2024,6,89,11.0,1076.0,9
TAMPINES,4 ROOM,106.0,Model A,1993,615000.0,2024,6,89,8.0,818.0,31
TAMPINES,EXECUTIVE,146.0,Maisonette,1989,960000.0,2024,6,89,2.0,768.0,35
BEDOK,4 ROOM,104.0,Model A,1987,590000.0,2024,6,89,5.0,744.0,37
BEDOK,4 ROOM,84.0,Improved,1977,438888.0,2024,6,89,5.0,628.0,47
CHOA CHU KANG,5 ROOM,121.0,Improved,1996,612888.0,2024,6,89,8.0,855.0,28
BUKIT MERAH,4 ROOM,100.0,Model A,2005,950000.0,2024,6,89,8.0,967.0,19
YISHUN,3 ROOM,68.0,Model A,2018,500000.0,2024,6,89,8.0,1121.0,6
TAMPINES,4 ROOM,100.0,Model A,1997,613000.0,2024,6,89,11.0,865.0,27
BUKIT MERAH,3 ROOM,59.0,Improved,1976,328000.0,2024,6,89,8.0,612.0,48
BUKIT MERAH,4 ROOM,83.0,Model A,2019,813000.0,2024,6,89,2.0,1128.0,5
GEYLANG,3 ROOM,59.0,Improved,1982,363888.0,2024,6,89,5.0,690.0,42
YISHUN,5 ROOM,122.0,Improved,1987,600000.0,2024,6,89,11.0,747.0,37
TOA PAYOH,2 ROOM,42.0,Standard,1967,271000.0,2024,6,89,11.0,506.0,57
JURONG WEST,5 ROOM,134.0,Model A,1984,548000.0,2024,6,89,2.0,712.0,40
MARINE PARADE,5 ROOM,122.0,Standard,1975,1125000.0,2024,6,89,17.0,596.0,49
HOUGANG,3 ROOM,70.0,Simplified,1987,439000.0,2024,6,89,2.0,742.0,37
JURONG WEST,4 ROOM,102.0,Premium Apartment,1998,610000.0,2024,6,89,8.0,874.0,26
KALLANG/WHAMPOA,EXECUTIVE,141.0,Apartment,1986,925000.0,2024,6,89,2.0,728.0,38
BISHAN,4 ROOM,102.0,Premium Apartment,1998,830000.0,2024,6,89,11.0,877.0,26
BUKIT PANJANG,5 ROOM,121.0,Improved,1998,649000.0,2024,6,89,11.0,873.0,26
BUKIT BATOK,4 ROOM,93.0,Model A,2020,615000.0,2024,6,89,5.0,1138.0,4
BUKIT BATOK,4 ROOM,102.0,Model A,1997,615000.0,2024,6,89,8.0,871.0,27
TAMPINES,5 ROOM,121.0,Improved,1985,689500.0,2024,6,89,5.0,721.0,39
TAMPINES,4 ROOM,103.0,Model A,1984,555000.0,2024,6,89,8.0,710.0,40
YISHUN,3 ROOM,68.0,New Generation,1984,385000.0,2024,6,89,2.0,704.0,40
CHOA CHU KANG,5 ROOM,120.0,Improved,1997,650000.0,2024,6,89,8.0,871.0,27
PUNGGOL,4 ROOM,93.0,Premium Apartment,2013,645000.0,2024,6,89,2.0,1058.0,11
TAMPINES,4 ROOM,104.0,Model A,1989,620000.0,2024,6,89,8.0,766.0,35
SENGKANG,EXECUTIVE,140.0,Apartment,1998,860000.0,2024,6,89,11.0,883.0,26
SERANGOON,5 ROOM,120.0,Improved,1997,785000.0,2024,6,89,14.0,870.0,27
PUNGGOL,EXECUTIVE,130.0,Premium Apartment,2003,793000.0,2024,6,89,11.0,937.0,21
JURONG WEST,5 ROOM,121.0,Improved,1990,532888.0,2024,6,89,8.0,777.0,34
TAMPINES,4 ROOM,102.0,Model A,1997,625000.0,2024,6,89,11.0,868.0,27
HOUGANG,4 ROOM,85.0,Model A2,2003,580000.0,2024,6,89,11.0,936.0,21
BUKIT BATOK,3 ROOM,73.0,Model A,1987,393000.0,2024,6,89,8.0,748.0,37
TOA PAYOH,3 ROOM,65.0,Improved,1972,365000.0,2024,6,89,11.0,560.0,52
SENGKANG,5 ROOM,111.0,Premium Apartment,2003,550000.0,2024,6,89,5.0,940.0,21
SENGKANG,5 ROOM,123.0,Improved,1999,675000.0,2024,6,89,14.0,892.0,25
PUNGGOL,5 ROOM,114.0,Premium Apartment,2018,778888.0,2024,6,89,14.0,1114.0,6
CHOA CHU KANG,4 ROOM,93.0,Model A,2017,565000.0,2024,6,89,11.0,1104.0,7
QUEENSTOWN,4 ROOM,84.0,Improved,1974,498000.0,2024,6,89,14.0,589.0,50
BUKIT PANJANG,4 ROOM,91.0,Premium Apartment,2003,500000.0,2024,6,89,14.0,932.0,21
CHOA CHU KANG,4 ROOM,90.0,Model A2,1999,485000.0,2024,6,89,14.0,887.0,25
WOODLANDS,4 ROOM,93.0,Model A,2019,600000.0,2024,6,89,8.0,1133.0,5
YISHUN,3 ROOM,73.0,Model A,1988,435000.0,2024,6,89,11.0,755.0,36
SERANGOON,5 ROOM,122.0,Improved,1986,847000.0,2024,6,89,2.0,733.0,38
GEYLANG,4 ROOM,96.0,Model A,2020,1008888.0,2024,6,89,17.0,1140.0,4
CHOA CHU KANG,5 ROOM,113.0,Improved,2017,663000.0,2024,6,89,14.0,1104.0,7
TAMPINES,3 ROOM,64.0,Simplified,1986,428000.0,2024,6,89,2.0,738.0,38
ANG MO KIO,4 ROOM,91.0,New Generation,1980,540000.0,2024,6,89,8.0,662.0,44
MARINE PARADE,3 ROOM,65.0,Improved,1975,420000.0,2024,6,89,5.0,601.0,49
JURONG WEST,4 ROOM,103.0,Model A,1984,490000.0,2024,6,89,8.0,711.0,40
JURONG WEST,3 ROOM,65.0,Improved,1976,330000.0,2024,6,89,20.0,618.0,48
CENTRAL AREA,4 ROOM,85.0,Model A,2002,645000.0,2024,6,89,5.0,926.0,22
YISHUN,EXECUTIVE,146.0,Maisonette,1988,1000000.0,2024,6,89,5.0,752.0,36
SENGKANG,5 ROOM,110.0,Improved,2001,660000.0,2024,6,89,8.0,914.0,23
HOUGANG,3 ROOM,74.0,Model A,1987,432000.0,2024,6,89,2.0,745.0,37
YISHUN,4 ROOM,91.0,New Generation,1984,520000.0,2024,6,89,2.0,707.0,40
SEMBAWANG,4 ROOM,100.0,Model A,1999,530000.0,2024,6,89,2.0,890.0,25
BUKIT PANJANG,5 ROOM,122.0,Improved,1988,645000.0,2024,6,89,8.0,762.0,36
BEDOK,5 ROOM,115.0,Premium Apartment,2000,775000.0,2024,6,89,5.0,907.0,24
KALLANG/WHAMPOA,3 ROOM,68.0,Improved,1979,440000.0,2024,6,89,5.0,652.0,45
SEMBAWANG,4 ROOM,86.0,Model A2,2001,455000.0,2024,6,89,5.0,908.0,23
SEMBAWANG,5 ROOM,110.0,Improved,2002,595000.0,2024,6,89,8.0,931.0,22
JURONG WEST,4 ROOM,89.0,Model A,2012,568000.0,2024,6,89,11.0,1042.0,12
WOODLANDS,5 ROOM,124.0,Improved,1997,660888.0,2024,6,89,5.0,868.0,27
BUKIT PANJANG,3 ROOM,73.0,Model A,1988,420000.0,2024,6,89,5.0,756.0,36
PUNGGOL,4 ROOM,93.0,Premium Apartment,2013,715888.0,2024,6,89,14.0,1058.0,11
ANG MO KIO,4 ROOM,92.0,New Generation,1980,590000.0,2024,6,89,11.0,657.0,44
YISHUN,4 ROOM,103.0,Model A,1988,555000.0,2024,6,89,11.0,756.0,36
BUKIT MERAH,3 ROOM,82.0,New Generation,1978,490000.0,2024,6,89,8.0,638.0,46
BUKIT MERAH,4 ROOM,95.0,Premium Apartment,2013,980000.0,2024,6,89,17.0,1059.0,11
YISHUN,5 ROOM,113.0,Improved,2018,700000.0,2024,6,89,5.0,1115.0,6
CLEMENTI,3 ROOM,67.0,New Generation,1979,373000.0,2024,6,89,8.0,653.0,45
TAMPINES,3 ROOM,68.0,Model A,2020,535000.0,2024,6,89,11.0,1137.0,4
BUKIT BATOK,4 ROOM,93.0,Model A,2019,630000.0,2024,6,89,11.0,1132.0,5
PUNGGOL,5 ROOM,113.0,Improved,2017,670000.0,2024,6,89,11.0,1104.0,7
ANG MO KIO,4 ROOM,99.0,New Generation,1979,490000.0,2024,6,89,5.0,651.0,45
CHOA CHU KANG,5 ROOM,113.0,Improved,2018,663888.0,2024,6,89,11.0,1113.0,6
PASIR RIS,4 ROOM,86.0,DBSS,2015,735000.0,2024,6,89,2.0,1080.0,9
JURONG WEST,5 ROOM,116.0,Improved,2001,592000.0,2024,6,89,14.0,911.0,23
BEDOK,4 ROOM,108.0,Model A,1996,628000.0,2024,6,89,2.0,854.0,28
PASIR RIS,4 ROOM,104.0,Model A,1995,570000.0,2024,6,89,5.0,839.0,29
QUEENSTOWN,3 ROOM,68.0,Model A,2018,738000.0,2024,6,89,26.0,1118.0,6
GEYLANG,4 ROOM,93.0,Model A,2020,1007000.0,2024,6,89,14.0,1140.0,4
TAMPINES,3 ROOM,74.0,Model A,1985,435000.0,2024,6,89,5.0,728.0,39
JURONG WEST,5 ROOM,113.0,Improved,2018,680000.0,2024,6,89,5.0,1121.0,6
SENGKANG,4 ROOM,94.0,Model A,2011,605000.0,2024,6,89,8.0,1029.0,13
BUKIT PANJANG,5 ROOM,110.0,Premium Apartment,2002,650000.0,2024,6,89,8.0,923.0,22
CLEMENTI,4 ROOM,98.0,New Generation,1978,550000.0,2024,6,89,8.0,634.0,46
TAMPINES,4 ROOM,92.0,Model A,2020,755000.0,2024,6,89,14.0,1137.0,4
ANG MO KIO,3 ROOM,75.0,New Generation,1980,402000.0,2024,6,89,11.0,656.0,44
HOUGANG,EXECUTIVE,148.0,Maisonette,1984,980000.0,2024,6,89,8.0,710.0,40
PUNGGOL,5 ROOM,113.0,Premium Apartment,2013,838000.0,2024,6,89,11.0,1052.0,11
CHOA CHU KANG,EXECUTIVE,150.0,Apartment,1993,818000.0,2024,6,89,11.0,816.0,31
QUEENSTOWN,4 ROOM,98.0,Model A,2011,985000.0,2024,6,89,20.0,1035.0,13
BUKIT BATOK,4 ROOM,93.0,Model A,2020,580000.0,2024,6,89,2.0,1137.0,4
BUKIT BATOK,4 ROOM,93.0,Model A,2020,640000.0,2024,6,89,8.0,1137.0,4
ANG MO KIO,5 ROOM,113.0,Improved,2018,1006000.0,2024,6,89,2.0,1114.0,6
BUKIT BATOK,3 ROOM,67.0,New Generation,1985,400000.0,2024,6,89,11.0,717.0,39
BUKIT PANJANG,3 ROOM,73.0,Model A,1988,410000.0,2024,6,89,11.0,762.0,36
CLEMENTI,4 ROOM,92.0,New Generation,1979,529888.0,2024,6,89,5.0,644.0,45
PASIR RIS,4 ROOM,106.0,Model A,1993,580000.0,2024,6,89,2.0,818.0,31
SENGKANG,EXECUTIVE,130.0,Apartment,2001,680000.0,2024,6,89,2.0,918.0,23
TAMPINES,3 ROOM,70.0,Simplified,1988,426888.0,2024,6,89,2.0,757.0,36
BEDOK,4 ROOM,87.0,Model A,2010,880000.0,2024,6,89,14.0,1020.0,14
TAMPINES,4 ROOM,94.0,Model A,2017,700888.0,2024,6,89,11.0,1101.0,7
BEDOK,3 ROOM,82.0,New Generation,1980,437500.0,2024,6,89,5.0,661.0,44
YISHUN,MULTI-GENERATION,171.0,Multi Generation,1987,1028000.0,2024,6,89,8.0,751.0,37
YISHUN,4 ROOM,93.0,Model A,2018,570000.0,2024,6,89,5.0,1121.0,6
BUKIT BATOK,5 ROOM,115.0,Premium Apartment,2018,950000.0,2024,6,89,29.0,1114.0,6
GEYLANG,3 ROOM,60.0,Standard,1967,328888.0,2024,6,89,5.0,500.0,57
PASIR RIS,5 ROOM,122.0,Improved,1993,658000.0,2024,6,89,5.0,820.0,31
BISHAN,4 ROOM,103.0,Model A,1992,775000.0,2024,6,89,8.0,803.0,32
BUKIT BATOK,4 ROOM,92.0,Model A,2019,645000.0,2024,6,89,14.0,1126.0,5
WOODLANDS,5 ROOM,123.0,Improved,1996,720000.0,2024,6,89,8.0,858.0,28
CHOA CHU KANG,EXECUTIVE,143.0,Apartment,1993,865000.0,2024,6,89,11.0,816.0,31
BUKIT MERAH,4 ROOM,90.0,Model A,2003,920000.0,2024,6,89,2.0,939.0,21
TAMPINES,3 ROOM,73.0,Model A,1985,445000.0,2024,6,89,11.0,719.0,39
QUEENSTOWN,5 ROOM,124.0,Improved,1997,1260000.0,2024,6,89,20.0,869.0,27
TAMPINES,3 ROOM,73.0,Model A,1984,425000.0,2024,6,89,5.0,707.0,40
TAMPINES,3 ROOM,68.0,Model A,2020,540000.0,2024,6,89,5.0,1137.0,4
BUKIT BATOK,3 ROOM,68.0,Model A,2019,530000.0,2024,6,89,26.0,1124.0,5
BEDOK,3 ROOM,67.0,New Generation,1986,422500.0,2024,6,89,2.0,734.0,38
BUKIT TIMAH,4 ROOM,91.0,Improved,1974,530000.0,2024,6,89,5.0,588.0,50
PASIR RIS,4 ROOM,106.0,Model A,1990,555000.0,2024,6,89,8.0,779.0,34
TAMPINES,5 ROOM,127.0,Improved,1995,692000.0,2024,6,89,5.0,843.0,29
JURONG WEST,4 ROOM,107.0,Model A,1993,450000.0,2024,6,89,5.0,822.0,31
BUKIT BATOK,2 ROOM,47.0,Model A,2019,360000.0,2024,6,89,11.0,1126.0,5
SENGKANG,5 ROOM,110.0,Improved,2002,622888.0,2024,6,89,11.0,922.0,22
HOUGANG,3 ROOM,59.0,Improved,1975,328000.0,2024,6,89,2.0,602.0,49
BUKIT PANJANG,EXECUTIVE,146.0,Maisonette,1988,830000.0,2024,6,89,5.0,763.0,36
BISHAN,5 ROOM,122.0,Improved,1988,980888.0,2024,6,89,8.0,760.0,36
JURONG WEST,5 ROOM,110.0,Improved,2001,615000.0,2024,6,89,14.0,909.0,23
ANG MO KIO,3 ROOM,61.0,Improved,1986,380000.0,2024,6,89,5.0,728.0,38
KALLANG/WHAMPOA,4 ROOM,93.0,Premium Apartment,2017,1118000.0,2024,6,89,32.0,1111.0,7
BUKIT BATOK,EXECUTIVE,152.0,Maisonette,1987,835000.0,2024,6,89,5.0,740.0,37
BEDOK,4 ROOM,82.0,Improved,1975,435000.0,2024,6,89,8.0,596.0,49
BISHAN,4 ROOM,112.0,Model A,1992,830000.0,2024,6,89,8.0,807.0,32
BUKIT PANJANG,5 ROOM,122.0,Improved,1989,645000.0,2024,6,89,14.0,764.0,35
ANG MO KIO,5 ROOM,119.0,Improved,1979,832888.0,2024,6,89,17.0,644.0,45
PUNGGOL,4 ROOM,93.0,Model A,2018,580000.0,2024,6,89,2.0,1122.0,6
BUKIT BATOK,4 ROOM,103.0,Model A,1984,528000.0,2024,6,89,5.0,715.0,40
KALLANG/WHAMPOA,4 ROOM,92.0,Model A,2020,975000.0,2024,6,89,5.0,1140.0,4
PASIR RIS,4 ROOM,107.0,Model A,1996,608000.0,2024,6,89,8.0,855.0,28
SERANGOON,4 ROOM,84.0,Simplified,1986,525000.0,2024,6,89,2.0,734.0,38
PUNGGOL,5 ROOM,112.0,Improved,2015,798000.0,2024,6,89,11.0,1081.0,9
TOA PAYOH,3 ROOM,66.0,Improved,1970,375000.0,2024,6,89,5.0,537.0,54
TAMPINES,5 ROOM,112.0,Improved,2020,915000.0,2024,6,89,11.0,1137.0,4
BUKIT MERAH,3 ROOM,65.0,Improved,1975,370000.0,2024,6,89,11.0,596.0,49
BUKIT MERAH,5 ROOM,119.0,Improved,1983,1026000.0,2024,6,89,23.0,697.0,41
WOODLANDS,4 ROOM,84.0,Simplified,1994,495000.0,2024,6,89,11.0,829.0,30
SENGKANG,5 ROOM,110.0,Improved,2001,638000.0,2024,6,89,5.0,908.0,23
CHOA CHU KANG,4 ROOM,93.0,Model A,2017,578000.0,2024,6,89,14.0,1104.0,7
KALLANG/WHAMPOA,3 ROOM,67.0,Model A,2017,565000.0,2024,6,89,5.0,1110.0,7
KALLANG/WHAMPOA,3 ROOM,62.0,Standard,1984,425000.0,2024,6,89,8.0,713.0,40
GEYLANG,4 ROOM,96.0,Model A,2020,985000.0,2024,6,89,17.0,1140.0,4
HOUGANG,3 ROOM,68.0,Model A,2019,510000.0,2024,6,89,11.0,1132.0,5
GEYLANG,2 ROOM,40.0,Standard,1971,315000.0,2024,6,89,2.0,548.0,53
PUNGGOL,4 ROOM,93.0,Model A,2018,620888.0,2024,6,89,8.0,1123.0,6
BEDOK,3 ROOM,59.0,Improved,1976,355000.0,2024,6,89,8.0,608.0,48
JURONG WEST,4 ROOM,88.0,Model A2,2001,461000.0,2024,6,89,5.0,918.0,23
SENGKANG,5 ROOM,113.0,Improved,2017,780000.0,2024,6,89,2.0,1110.0,7
PUNGGOL,2 ROOM,47.0,Model A,2018,365000.0,2024,6,89,8.0,1122.0,6
TAMPINES,4 ROOM,103.0,Model A,1984,525000.0,2024,6,89,2.0,709.0,40
SEMBAWANG,5 ROOM,110.0,Premium Apartment,2001,608000.0,2024,6,89,11.0,913.0,23
BUKIT PANJANG,EXECUTIVE,150.0,Maisonette,1988,863000.0,2024,6,89,5.0,763.0,36
WOODLANDS,3 ROOM,68.0,Model A,2019,480000.0,2024,6,89,14.0,1133.0,5
TAMPINES,3 ROOM,74.0,Model A,1986,446000.0,2024,6,89,5.0,735.0,38
SENGKANG,2 ROOM,47.0,2-room,2019,368000.0,2024,6,89,8.0,1128.0,5
TAMPINES,4 ROOM,103.0,Model A,1984,578888.0,2024,6,89,11.0,710.0,40
BUKIT MERAH,5 ROOM,116.0,Improved,2006,910000.0,2024,6,89,20.0,969.0,18
BISHAN,4 ROOM,104.0,Model A,1992,758000.0,2024,6,89,14.0,807.0,32
SENGKANG,4 ROOM,92.0,Model A,2015,562000.0,2024,6,89,2.0,1081.0,9
KALLANG/WHAMPOA,3 ROOM,68.0,Model A,2020,812000.0,2024,6,89,23.0,1140.0,4
BUKIT BATOK,3 ROOM,73.0,Model A,1986,410000.0,2024,6,89,5.0,735.0,38
JURONG EAST,EXECUTIVE,149.0,Maisonette,1985,722000.0,2024,6,89,2.0,723.0,39
TAMPINES,EXECUTIVE,157.0,Maisonette,1985,925888.0,2024,6,89,8.0,727.0,39
CHOA CHU KANG,5 ROOM,123.0,Improved,1995,580000.0,2024,6,89,5.0,844.0,29
PUNGGOL,5 ROOM,113.0,Premium Apartment,2020,835000.0,2024,6,89,5.0,1136.0,4
BUKIT MERAH,2 ROOM,43.0,Standard,1970,250000.0,2024,6,89,8.0,538.0,54
SENGKANG,4 ROOM,92.0,Premium Apartment,2015,640888.0,2024,6,89,11.0,1087.0,9
KALLANG/WHAMPOA,3 ROOM,59.0,Improved,1979,370000.0,2024,6,89,5.0,645.0,45
CLEMENTI,3 ROOM,69.0,Model A,2017,740000.0,2024,6,89,41.0,1107.0,7
BEDOK,3 ROOM,65.0,Improved,1974,390000.0,2024,6,89,11.0,584.0,50
YISHUN,4 ROOM,84.0,Simplified,1987,445000.0,2024,6,89,8.0,749.0,37
SEMBAWANG,4 ROOM,93.0,Model A,2018,648888.0,2024,6,89,14.0,1118.0,6
PUNGGOL,5 ROOM,110.0,Improved,2016,778000.0,2024,6,89,17.0,1093.0,8
YISHUN,4 ROOM,84.0,Simplified,1988,460000.0,2024,6,89,11.0,760.0,36
JURONG WEST,3 ROOM,65.0,Improved,1976,305000.0,2024,6,89,2.0,618.0,48
WOODLANDS,4 ROOM,91.0,Model A,2000,515000.0,2024,7,90,8.0,904.0,24
SENGKANG,4 ROOM,92.0,Premium Apartment,2003,550000.0,2024,7,90,5.0,935.0,21
BISHAN,4 ROOM,88.0,Simplified,1988,720000.0,2024,7,90,8.0,754.0,36
WOODLANDS,4 ROOM,84.0,Simplified,1989,465000.0,2024,7,90,2.0,772.0,35
SERANGOON,EXECUTIVE,153.0,Apartment,1992,1000000.0,2024,7,90,5.0,809.0,32
WOODLANDS,EXECUTIVE,144.0,Maisonette,1996,870000.0,2024,7,90,5.0,854.0,28
HOUGANG,EXECUTIVE,143.0,Apartment,1992,990000.0,2024,7,90,14.0,808.0,32
KALLANG/WHAMPOA,4 ROOM,93.0,Premium Apartment,2017,1000000.0,2024,7,90,11.0,1110.0,7
PASIR RIS,5 ROOM,126.0,Improved,1996,750888.0,2024,7,90,8.0,856.0,28
TAMPINES,4 ROOM,83.0,DBSS,2014,778000.0,2024,7,90,5.0,1068.0,10
JURONG WEST,EXECUTIVE,125.0,Apartment,2002,670000.0,2024,7,90,5.0,925.0,22
BUKIT BATOK,3 ROOM,69.0,New Generation,1985,410000.0,2024,7,90,8.0,724.0,39
BUKIT BATOK,EXECUTIVE,144.0,Apartment,1997,1050000.0,2024,7,90,8.0,870.0,27
YISHUN,4 ROOM,84.0,Simplified,1988,445000.0,2024,7,90,5.0,755.0,36
PASIR RIS,4 ROOM,103.0,Model A,1989,562000.0,2024,7,90,8.0,773.0,35
BUKIT PANJANG,5 ROOM,117.0,Improved,1997,640000.0,2024,7,90,11.0,866.0,27
PUNGGOL,4 ROOM,93.0,Premium Apartment,2014,755000.0,2024,7,90,11.0,1066.0,10
TAMPINES,4 ROOM,84.0,Simplified,1988,525000.0,2024,7,90,2.0,752.0,36
SERANGOON,4 ROOM,99.0,New Generation,1984,620000.0,2024,7,90,11.0,714.0,40
YISHUN,3 ROOM,64.0,Simplified,1987,400000.0,2024,7,90,11.0,740.0,37
BUKIT BATOK,5 ROOM,113.0,Improved,2019,830000.0,2024,7,90,11.0,1125.0,5
GEYLANG,3 ROOM,58.0,Standard,1972,338000.0,2024,7,90,14.0,569.0,52
BUKIT BATOK,3 ROOM,68.0,Model A,2020,425000.0,2024,7,90,5.0,1139.0,4
YISHUN,EXECUTIVE,147.0,Apartment,1987,820000.0,2024,7,90,8.0,747.0,37
WOODLANDS,3 ROOM,67.0,New Generation,1977,340000.0,2024,7,90,2.0,625.0,47
JURONG WEST,4 ROOM,104.0,Model A,1990,485000.0,2024,7,90,5.0,778.0,34
TAMPINES,5 ROOM,108.0,DBSS,2008,940000.0,2024,7,90,14.0,1003.0,16
BEDOK,4 ROOM,83.0,Simplified,1985,502000.0,2024,7,90,8.0,717.0,39
BUKIT PANJANG,5 ROOM,132.0,Improved,1988,608000.0,2024,7,90,2.0,759.0,36
GEYLANG,3 ROOM,68.0,Model A,2020,750000.0,2024,7,90,8.0,1139.0,4
BUKIT MERAH,4 ROOM,93.0,Model A,2018,870000.0,2024,7,90,5.0,1121.0,6
SENGKANG,3 ROOM,67.0,Premium Apartment,2015,570000.0,2024,7,90,14.0,1082.0,9
TAMPINES,3 ROOM,67.0,New Generation,1985,425000.0,2024,7,90,5.0,723.0,39
YISHUN,5 ROOM,112.0,Improved,2015,630000.0,2024,7,90,8.0,1083.0,9
KALLANG/WHAMPOA,3 ROOM,60.0,Improved,1981,440000.0,2024,7,90,8.0,676.0,43
MARINE PARADE,5 ROOM,117.0,Standard,1975,980000.0,2024,7,90,14.0,595.0,49
HOUGANG,4 ROOM,93.0,Model A,2018,580000.0,2024,7,90,2.0,1120.0,6
SEMBAWANG,EXECUTIVE,133.0,Premium Apartment,2001,730000.0,2024,7,90,11.0,912.0,23
PASIR RIS,4 ROOM,108.0,Model A,1995,560000.0,2024,7,90,8.0,835.0,29
TAMPINES,4 ROOM,111.0,Model A,1984,590000.0,2024,7,90,2.0,708.0,40
WOODLANDS,5 ROOM,122.0,Improved,1997,653000.0,2024,7,90,11.0,867.0,27
GEYLANG,3 ROOM,74.0,Model A,1983,460000.0,2024,7,90,2.0,701.0,41
BISHAN,4 ROOM,105.0,Model A,1992,699000.0,2024,7,90,2.0,802.0,32
BUKIT PANJANG,5 ROOM,118.0,Improved,1997,608000.0,2024,7,90,8.0,869.0,27
SERANGOON,5 ROOM,121.0,Improved,1989,860000.0,2024,7,90,2.0,767.0,35
WOODLANDS,EXECUTIVE,146.0,Maisonette,1988,850000.0,2024,7,90,8.0,761.0,36
TOA PAYOH,4 ROOM,93.0,Model A,2019,1030088.0,2024,7,90,32.0,1134.0,5
JURONG WEST,2 ROOM,51.0,Premium Apartment,2008,310000.0,2024,7,90,5.0,998.0,16
BEDOK,3 ROOM,64.0,Simplified,1988,397000.0,2024,7,90,2.0,755.0,36
GEYLANG,4 ROOM,101.0,Model A,1998,810000.0,2024,7,90,2.0,872.0,26
TOA PAYOH,5 ROOM,117.0,Standard,1975,710000.0,2024,7,90,11.0,602.0,49
KALLANG/WHAMPOA,3 ROOM,67.0,Model A,2017,595000.0,2024,7,90,11.0,1109.0,7
SENGKANG,4 ROOM,91.0,Model A,2001,520000.0,2024,7,90,11.0,907.0,23
KALLANG/WHAMPOA,3 ROOM,59.0,Improved,1981,450000.0,2024,7,90,5.0,675.0,43
BUKIT MERAH,5 ROOM,115.0,Improved,2005,1130000.0,2024,7,90,17.0,964.0,19
WOODLANDS,5 ROOM,138.0,Model A,1996,733888.0,2024,7,90,11.0,848.0,28
JURONG WEST,4 ROOM,95.0,Premium Apartment,2003,484000.0,2024,7,90,14.0,940.0,21
TAMPINES,3 ROOM,74.0,Model A,1984,493888.0,2024,7,90,8.0,709.0,40
SERANGOON,4 ROOM,83.0,Simplified,1986,700888.0,2024,7,90,8.0,729.0,38
JURONG WEST,3 ROOM,59.0,Improved,1978,345000.0,2024,7,90,11.0,638.0,46
WOODLANDS,4 ROOM,102.0,Model A,1996,563000.0,2024,7,90,8.0,858.0,28
PUNGGOL,4 ROOM,93.0,Premium Apartment,2019,690000.0,2024,7,90,20.0,1125.0,5
SEMBAWANG,4 ROOM,93.0,Model A,2019,604000.0,2024,7,90,5.0,1127.0,5
JURONG EAST,5 ROOM,114.0,Improved,2003,650000.0,2024,7,90,17.0,935.0,21
PUNGGOL,5 ROOM,113.0,Premium Apartment,2018,800000.0,2024,7,90,2.0,1118.0,6
PASIR RIS,EXECUTIVE,147.0,Maisonette,1990,962000.0,2024,7,90,11.0,778.0,34
BISHAN,4 ROOM,102.0,Premium Apartment,1998,900000.0,2024,7,90,14.0,876.0,26
BUKIT BATOK,4 ROOM,93.0,Model A,2020,625000.0,2024,7,90,5.0,1136.0,4
ANG MO KIO,4 ROOM,93.0,New Generation,1980,528000.0,2024,7,90,2.0,656.0,44
TOA PAYOH,4 ROOM,91.0,Model A,2006,1034000.0,2024,7,90,32.0,967.0,18
BEDOK,5 ROOM,121.0,Improved,1982,665000.0,2024,7,90,11.0,684.0,42
BUKIT BATOK,EXECUTIVE,146.0,Maisonette,1987,840000.0,2024,7,90,8.0,739.0,37
BUKIT BATOK,5 ROOM,122.0,Improved,1998,635888.0,2024,7,90,2.0,870.0,26
YISHUN,3 ROOM,71.0,New Generation,1984,398000.0,2024,7,90,8.0,712.0,40
KALLANG/WHAMPOA,4 ROOM,100.0,Model A,1997,780000.0,2024,7,90,8.0,868.0,27
TAMPINES,4 ROOM,93.0,Model A,2015,773000.0,2024,7,90,8.0,1082.0,9
JURONG WEST,4 ROOM,93.0,Model A,2019,563000.0,2024,7,90,5.0,1128.0,5
JURONG WEST,EXECUTIVE,134.0,Premium Apartment,2000,733000.0,2024,7,90,5.0,901.0,24
WOODLANDS,3 ROOM,68.0,Model A,2018,490000.0,2024,7,90,14.0,1120.0,6
WOODLANDS,5 ROOM,125.0,Premium Apartment,1999,690000.0,2024,7,90,2.0,885.0,25
JURONG WEST,5 ROOM,121.0,Improved,1989,555000.0,2024,7,90,2.0,766.0,35
CHOA CHU KANG,5 ROOM,122.0,Improved,1992,588999.0,2024,7,90,5.0,803.0,32
JURONG WEST,5 ROOM,110.0,Improved,2001,618888.0,2024,7,90,5.0,916.0,23
HOUGANG,3 ROOM,59.0,Improved,1975,335000.0,2024,7,90,8.0,601.0,49
JURONG WEST,4 ROOM,91.0,Model A,2000,565000.0,2024,7,90,8.0,902.0,24
JURONG EAST,5 ROOM,131.0,Model A,1985,610000.0,2024,7,90,2.0,718.0,39
TOA PAYOH,5 ROOM,125.0,Improved,1993,873000.0,2024,7,90,5.0,814.0,31
CHOA CHU KANG,5 ROOM,126.0,Improved,1993,590000.0,2024,7,90,2.0,816.0,31
WOODLANDS,4 ROOM,103.0,Model A,1996,530000.0,2024,7,90,8.0,847.0,28
ANG MO KIO,3 ROOM,68.0,New Generation,1981,390000.0,2024,7,90,5.0,670.0,43
PASIR RIS,5 ROOM,123.0,Improved,1993,680000.0,2024,7,90,5.0,817.0,31
BUKIT BATOK,3 ROOM,73.0,Model A,1984,415000.0,2024,7,90,11.0,714.0,40
TOA PAYOH,5 ROOM,117.0,Improved,1997,970000.0,2024,7,90,20.0,867.0,27
TAMPINES,3 ROOM,74.0,Model A,1985,450000.0,2024,7,90,5.0,719.0,39
HOUGANG,4 ROOM,92.0,Model A,2017,708000.0,2024,7,90,14.0,1109.0,7
WOODLANDS,3 ROOM,68.0,Model A,2018,470000.0,2024,7,90,8.0,1115.0,6
JURONG WEST,4 ROOM,109.0,Model A,1993,470000.0,2024,7,90,2.0,815.0,31
GEYLANG,3 ROOM,66.0,Improved,1981,357888.0,2024,7,90,5.0,670.0,43
BUKIT PANJANG,4 ROOM,103.0,Model A,1988,530000.0,2024,7,90,5.0,754.0,36
PUNGGOL,4 ROOM,95.0,Premium Apartment,2013,750000.0,2024,7,90,11.0,1053.0,11
SENGKANG,4 ROOM,96.0,Premium Apartment,2012,630000.0,2024,7,90,20.0,1049.0,12
SENGKANG,5 ROOM,110.0,Improved,2000,650000.0,2024,7,90,8.0,906.0,24
CLEMENTI,3 ROOM,67.0,New Generation,1978,385000.0,2024,7,90,5.0,637.0,46
BEDOK,3 ROOM,83.0,New Generation,1982,418000.0,2024,7,90,2.0,687.0,42
CHOA CHU KANG,EXECUTIVE,141.0,Premium Apartment,2000,700000.0,2024,7,90,2.0,896.0,24
MARINE PARADE,3 ROOM,59.0,Improved,1975,360000.0,2024,7,90,5.0,599.0,49
QUEENSTOWN,4 ROOM,92.0,Model A,2012,920000.0,2024,7,90,5.0,1047.0,12
BEDOK,EXECUTIVE,145.0,Apartment,1996,985000.0,2024,7,90,14.0,858.0,28
QUEENSTOWN,3 ROOM,60.0,Improved,1970,333000.0,2024,7,90,14.0,541.0,54
YISHUN,3 ROOM,67.0,Model A,2015,468000.0,2024,7,90,8.0,1086.0,9
WOODLANDS,5 ROOM,125.0,Premium Apartment,1999,730000.0,2024,7,90,8.0,885.0,25
BEDOK,EXECUTIVE,163.0,Adjoined flat,1979,900000.0,2024,7,90,11.0,643.0,45
BISHAN,5 ROOM,122.0,Improved,1988,870000.0,2024,7,90,11.0,758.0,36
CLEMENTI,3 ROOM,67.0,New Generation,1979,390000.0,2024,7,90,11.0,654.0,45
HOUGANG,4 ROOM,101.0,Model A,1998,590000.0,2024,7,90,11.0,872.0,26
PASIR RIS,5 ROOM,123.0,Improved,1992,730000.0,2024,7,90,5.0,809.0,32
TAMPINES,4 ROOM,106.0,Model A,1984,685000.0,2024,7,90,8.0,710.0,40
PASIR RIS,5 ROOM,127.0,Improved,1993,700000.0,2024,7,90,8.0,819.0,31
TOA PAYOH,4 ROOM,93.0,Model A,2019,978888.0,2024,7,90,26.0,1134.0,5
BUKIT MERAH,4 ROOM,93.0,Model A,2017,880000.0,2024,7,90,11.0,1103.0,7
YISHUN,5 ROOM,112.0,Improved,2015,650000.0,2024,7,90,5.0,1084.0,9
TAMPINES,4 ROOM,133.0,Model A,1983,715000.0,2024,7,90,8.0,702.0,41
BUKIT PANJANG,4 ROOM,101.0,Model A,1998,535000.0,2024,7,90,11.0,875.0,26
SENGKANG,4 ROOM,92.0,Model A,2015,632000.0,2024,7,90,5.0,1078.0,9
JURONG WEST,5 ROOM,121.0,Improved,1997,632888.0,2024,7,90,14.0,865.0,27
KALLANG/WHAMPOA,3 ROOM,68.0,Improved,1972,402888.0,2024,7,90,8.0,559.0,52
BUKIT MERAH,4 ROOM,92.0,Model A,2017,780000.0,2024,7,90,5.0,1109.0,7
CENTRAL AREA,3 ROOM,60.0,Improved,1979,555888.0,2024,7,90,8.0,645.0,45
PUNGGOL,4 ROOM,92.0,Premium Apartment,2016,705000.0,2024,7,90,14.0,1089.0,8
SENGKANG,5 ROOM,113.0,Premium Apartment,2017,738000.0,2024,7,90,2.0,1110.0,7
BUKIT BATOK,4 ROOM,92.0,Model A,2004,556000.0,2024,7,90,11.0,954.0,20
HOUGANG,4 ROOM,84.0,Simplified,1987,505000.0,2024,7,90,5.0,744.0,37
BEDOK,4 ROOM,84.0,Improved,1977,475000.0,2024,7,90,2.0,627.0,47
TAMPINES,5 ROOM,122.0,Improved,1985,720000.0,2024,7,90,11.0,719.0,39
TOA PAYOH,3 ROOM,68.0,Model A,2018,808000.0,2024,7,90,35.0,1118.0,6
PASIR RIS,4 ROOM,106.0,Model A,1990,580000.0,2024,7,90,5.0,778.0,34
CHOA CHU KANG,3 ROOM,68.0,Model A,2015,441800.0,2024,7,90,20.0,1075.0,9
PASIR RIS,EXECUTIVE,154.0,Apartment,1995,896888.0,2024,7,90,5.0,837.0,29
BEDOK,5 ROOM,122.0,Improved,1993,845000.0,2024,7,90,14.0,815.0,31
WOODLANDS,5 ROOM,122.0,Improved,1997,616000.0,2024,7,90,11.0,867.0,27
QUEENSTOWN,3 ROOM,65.0,Improved,1978,362000.0,2024,7,90,2.0,631.0,46
WOODLANDS,5 ROOM,124.0,Improved,1997,650000.0,2024,7,90,2.0,870.0,27
SENGKANG,4 ROOM,93.0,Premium Apartment,2010,788000.0,2024,7,90,14.0,1019.0,14
KALLANG/WHAMPOA,3 ROOM,56.0,Standard,1971,335000.0,2024,7,90,11.0,547.0,53
PUNGGOL,4 ROOM,93.0,Model A,2016,639888.0,2024,7,90,8.0,1091.0,8
BUKIT BATOK,4 ROOM,93.0,New Generation,1984,463000.0,2024,7,90,2.0,714.0,40
YISHUN,4 ROOM,93.0,Model A,2019,585000.0,2024,7,90,8.0,1133.0,5
CHOA CHU KANG,5 ROOM,113.0,Improved,2017,746888.0,2024,7,90,17.0,1101.0,7
PUNGGOL,4 ROOM,93.0,Premium Apartment,2016,620000.0,2024,7,90,2.0,1092.0,8
KALLANG/WHAMPOA,3 ROOM,70.0,Premium Apartment,2017,780000.0,2024,7,90,14.0,1105.0,7
YISHUN,3 ROOM,74.0,Model A,1987,400888.0,2024,7,90,11.0,742.0,37
BUKIT MERAH,3 ROOM,64.0,Improved,1983,375888.0,2024,7,90,8.0,693.0,41
BUKIT MERAH,4 ROOM,97.0,New Generation,1983,612000.0,2024,7,90,11.0,691.0,41
CLEMENTI,4 ROOM,92.0,New Generation,1978,420000.0,2024,7,90,2.0,631.0,46
JURONG WEST,3 ROOM,74.0,Improved,1976,358000.0,2024,7,90,14.0,617.0,48
ANG MO KIO,4 ROOM,92.0,New Generation,1978,555000.0,2024,7,90,8.0,634.0,46
JURONG EAST,4 ROOM,83.0,Simplified,1987,480000.0,2024,7,90,5.0,741.0,37
TAMPINES,5 ROOM,133.0,Model A,1984,772888.0,2024,7,90,8.0,710.0,40
BUKIT BATOK,5 ROOM,112.0,Improved,2019,680000.0,2024,7,90,2.0,1126.0,5
JURONG EAST,3 ROOM,72.0,Model A,2013,455000.0,2024,7,90,20.0,1059.0,11
BUKIT PANJANG,3 ROOM,64.0,Simplified,1988,365000.0,2024,7,90,2.0,761.0,36
SENGKANG,4 ROOM,93.0,Premium Apartment,2017,663888.0,2024,7,90,14.0,1109.0,7
WOODLANDS,5 ROOM,113.0,Improved,2018,645000.0,2024,7,90,2.0,1119.0,6
SENGKANG,4 ROOM,92.0,Model A,2011,638000.0,2024,7,90,11.0,1037.0,13
HOUGANG,4 ROOM,105.0,Model A,1985,553000.0,2024,7,90,5.0,718.0,39
PUNGGOL,5 ROOM,116.0,Premium Apartment,2014,925000.0,2024,7,90,14.0,1066.0,10
SENGKANG,4 ROOM,94.0,Premium Apartment,2013,626000.0,2024,7,90,8.0,1056.0,11
JURONG WEST,4 ROOM,85.0,Model A2,2000,545000.0,2024,7,90,11.0,901.0,24
SENGKANG,4 ROOM,95.0,Premium Apartment,2012,638888.0,2024,7,90,5.0,1049.0,12
TAMPINES,4 ROOM,107.0,Model A,1984,600000.0,2024,7,90,5.0,712.0,40
ANG MO KIO,3 ROOM,68.0,New Generation,1979,373000.0,2024,7,90,2.0,648.0,45
BEDOK,3 ROOM,67.0,New Generation,1982,380000.0,2024,7,90,2.0,687.0,42
BUKIT BATOK,4 ROOM,101.0,Model A,1998,528000.0,2024,7,90,5.0,871.0,26
TAMPINES,3 ROOM,74.0,Model A,1984,440000.0,2024,7,90,8.0,711.0,40
JURONG WEST,5 ROOM,115.0,Premium Apartment,2001,565000.0,2024,7,90,5.0,908.0,23
YISHUN,5 ROOM,122.0,Improved,1988,678888.0,2024,7,90,2.0,758.0,36
JURONG WEST,5 ROOM,127.0,Improved,1995,660000.0,2024,7,90,14.0,841.0,29
CHOA CHU KANG,5 ROOM,113.0,Improved,2018,680000.0,2024,7,90,11.0,1113.0,6
SENGKANG,3 ROOM,68.0,Premium Apartment,2017,495000.0,2024,7,90,5.0,1109.0,7
SENGKANG,4 ROOM,92.0,Premium Apartment,2015,655000.0,2024,7,90,17.0,1086.0,9
SENGKANG,3 ROOM,68.0,Premium Apartment,2017,488000.0,2024,7,90,8.0,1110.0,7
YISHUN,4 ROOM,93.0,Premium Apartment,2016,605000.0,2024,7,90,11.0,1087.0,8
WOODLANDS,4 ROOM,103.0,Model A,1998,530000.0,2024,7,90,5.0,871.0,26
JURONG WEST,4 ROOM,107.0,Model A,1991,465000.0,2024,7,90,5.0,787.0,33
BUKIT BATOK,3 ROOM,67.0,New Generation,1984,368000.0,2024,7,90,5.0,712.0,40
WOODLANDS,3 ROOM,67.0,Model A,2015,475000.0,2024,7,90,17.0,1082.0,9
ANG MO KIO,4 ROOM,93.0,Model A,2019,1000000.0,2024,7,90,17.0,1124.0,5
MARINE PARADE,4 ROOM,82.0,Improved,1976,701000.0,2024,7,90,14.0,612.0,48
PUNGGOL,4 ROOM,90.0,Premium Apartment,2007,602800.0,2024,7,90,14.0,986.0,17
HOUGANG,4 ROOM,104.0,Model A,1992,558000.0,2024,7,90,5.0,808.0,32
JURONG EAST,3 ROOM,67.0,New Generation,1982,380000.0,2024,7,90,2.0,690.0,42
TAMPINES,4 ROOM,101.0,Model A,1997,570000.0,2024,7,90,5.0,867.0,27
HOUGANG,5 ROOM,115.0,Premium Apartment,2016,800000.0,2024,7,90,5.0,1089.0,8
SENGKANG,4 ROOM,90.0,Model A,2002,550000.0,2024,7,90,2.0,927.0,22
YISHUN,EXECUTIVE,146.0,Maisonette,1985,800000.0,2024,7,90,5.0,722.0,39
BISHAN,5 ROOM,121.0,Improved,1986,935000.0,2024,7,90,8.0,737.0,38
YISHUN,4 ROOM,93.0,Model A,2018,580000.0,2024,7,90,11.0,1112.0,6
ANG MO KIO,3 ROOM,68.0,Model A,2018,630000.0,2024,7,90,14.0,1113.0,6
JURONG WEST,4 ROOM,86.0,Model A2,2000,472000.0,2024,7,90,2.0,900.0,24
PUNGGOL,5 ROOM,112.0,Improved,2017,788000.0,2024,7,90,14.0,1105.0,7
YISHUN,4 ROOM,93.0,Model A,2019,595000.0,2024,7,90,8.0,1132.0,5
BUKIT BATOK,4 ROOM,93.0,Model A,2020,565000.0,2024,7,90,2.0,1136.0,4
PUNGGOL,5 ROOM,110.0,Premium Apartment,2003,632000.0,2024,7,90,11.0,941.0,21
SENGKANG,4 ROOM,102.0,Model A,1999,510000.0,2024,7,90,8.0,894.0,25
PUNGGOL,5 ROOM,113.0,Improved,2018,688000.0,2024,7,90,5.0,1121.0,6
JURONG WEST,4 ROOM,91.0,Model A,2000,505000.0,2024,7,90,2.0,902.0,24
CLEMENTI,4 ROOM,90.0,Model A,2002,835000.0,2024,7,90,5.0,929.0,22
BISHAN,3 ROOM,64.0,Simplified,1987,550000.0,2024,7,90,2.0,750.0,37
BISHAN,3 ROOM,64.0,Simplified,1988,528888.0,2024,7,90,11.0,751.0,36
HOUGANG,4 ROOM,93.0,Model A,2019,618000.0,2024,7,90,8.0,1128.0,5
BUKIT BATOK,2 ROOM,48.0,2-room,2020,380000.0,2024,7,90,11.0,1139.0,4
YISHUN,3 ROOM,67.0,New Generation,1984,385000.0,2024,7,90,5.0,713.0,40
PUNGGOL,5 ROOM,113.0,Improved,2018,745000.0,2024,7,90,14.0,1121.0,6
JURONG EAST,4 ROOM,101.0,Model A,1998,668000.0,2024,7,90,20.0,880.0,26
TAMPINES,4 ROOM,92.0,Model A,2020,759000.0,2024,7,90,11.0,1136.0,4
KALLANG/WHAMPOA,3 ROOM,59.0,Improved,1976,353000.0,2024,7,90,8.0,611.0,48
TAMPINES,4 ROOM,100.0,Model A,1997,625000.0,2024,7,90,14.0,864.0,27
BUKIT BATOK,4 ROOM,92.0,Model A,2004,560000.0,2024,7,90,17.0,952.0,20
GEYLANG,4 ROOM,85.0,Model A,2000,780000.0,2024,7,90,8.0,899.0,24
YISHUN,4 ROOM,92.0,Model A,2012,560000.0,2024,7,90,5.0,1045.0,12
PUNGGOL,4 ROOM,92.0,Model A,2017,620888.0,2024,7,90,8.0,1105.0,7
TAMPINES,5 ROOM,133.0,Model A,1984,780000.0,2024,7,90,5.0,710.0,40
WOODLANDS,EXECUTIVE,147.0,Apartment,1994,878000.0,2024,7,90,5.0,823.0,30
ANG MO KIO,3 ROOM,73.0,New Generation,1979,435000.0,2024,7,90,2.0,643.0,45
BUKIT MERAH,3 ROOM,82.0,New Generation,1980,595000.0,2024,7,90,5.0,665.0,44
SENGKANG,5 ROOM,116.0,Improved,1999,688100.0,2024,7,90,14.0,891.0,25
BUKIT BATOK,2 ROOM,47.0,Model A,2020,375000.0,2024,7,90,11.0,1136.0,4
CENTRAL AREA,3 ROOM,59.0,Improved,1977,510000.0,2024,7,90,23.0,620.0,47
BUKIT MERAH,4 ROOM,100.0,Model A,2005,1030000.0,2024,7,90,17.0,964.0,19
SENGKANG,4 ROOM,93.0,Model A,2014,668000.0,2024,7,90,23.0,1072.0,10
QUEENSTOWN,4 ROOM,107.0,Model A,1996,755000.0,2024,7,90,5.0,855.0,28
PUNGGOL,EXECUTIVE,128.0,Premium Apartment,2003,768000.0,2024,7,90,5.0,940.0,21
SERANGOON,5 ROOM,121.0,Improved,1997,760000.0,2024,7,90,8.0,863.0,27
BUKIT PANJANG,5 ROOM,123.0,Improved,1989,613000.0,2024,7,90,2.0,764.0,35
JURONG EAST,3 ROOM,67.0,New Generation,1983,388000.0,2024,7,90,8.0,694.0,41
BUKIT BATOK,5 ROOM,112.0,Improved,2019,839888.0,2024,7,90,8.0,1122.0,5
JURONG WEST,4 ROOM,104.0,Model A,1990,445000.0,2024,7,90,2.0,778.0,34
TOA PAYOH,5 ROOM,132.0,Model A,1984,770000.0,2024,7,90,11.0,703.0,40
JURONG EAST,4 ROOM,90.0,Model A2,1998,506888.0,2024,7,90,2.0,881.0,26
BUKIT BATOK,4 ROOM,86.0,Model A,2005,550000.0,2024,7,90,26.0,955.0,19
KALLANG/WHAMPOA,4 ROOM,91.0,Model A,2003,938000.0,2024,7,90,20.0,933.0,21
TAMPINES,4 ROOM,101.0,Model A,1997,628000.0,2024,7,90,8.0,863.0,27
WOODLANDS,5 ROOM,120.0,Improved,1996,680000.0,2024,7,90,5.0,856.0,28
BEDOK,4 ROOM,87.0,Model A,2010,860000.0,2024,7,90,17.0,1019.0,14
ANG MO KIO,4 ROOM,97.0,New Generation,1977,620000.0,2024,7,90,11.0,621.0,47
ANG MO KIO,3 ROOM,68.0,New Generation,1980,385000.0,2024,7,90,5.0,655.0,44
SENGKANG,5 ROOM,115.0,Improved,1999,588000.0,2024,7,90,2.0,891.0,25
TAMPINES,3 ROOM,73.0,Model A,1984,420000.0,2024,7,90,8.0,705.0,40
CHOA CHU KANG,EXECUTIVE,154.0,Maisonette,1990,838888.0,2024,7,90,2.0,786.0,34
BUKIT PANJANG,EXECUTIVE,145.0,Maisonette,1989,879000.0,2024,7,90,2.0,766.0,35
TAMPINES,3 ROOM,74.0,Model A,1985,410000.0,2024,7,90,2.0,716.0,39
PUNGGOL,4 ROOM,93.0,Premium Apartment,2013,670000.0,2024,7,90,14.0,1059.0,11
JURONG EAST,3 ROOM,68.0,New Generation,1983,382888.0,2024,7,90,5.0,693.0,41
CHOA CHU KANG,4 ROOM,93.0,Model A,2017,537500.0,2024,7,90,2.0,1101.0,7
PUNGGOL,3 ROOM,67.0,Model A,2014,508888.0,2024,7,90,5.0,1068.0,10
KALLANG/WHAMPOA,4 ROOM,92.0,Model A,2020,1100000.0,2024,7,90,17.0,1139.0,4
QUEENSTOWN,3 ROOM,72.0,Improved,1970,430000.0,2024,7,90,5.0,541.0,54
JURONG WEST,4 ROOM,113.0,Model A,1995,555000.0,2024,7,90,8.0,840.0,29
PUNGGOL,4 ROOM,93.0,Premium Apartment,2018,735888.0,2024,7,90,5.0,1118.0,6
CHOA CHU KANG,EXECUTIVE,149.0,Apartment,1996,810000.0,2024,7,90,5.0,848.0,28
JURONG WEST,4 ROOM,85.0,Model A2,2002,455000.0,2024,7,90,2.0,919.0,22
WOODLANDS,3 ROOM,67.0,New Generation,1977,338000.0,2024,7,90,2.0,624.0,47
GEYLANG,4 ROOM,85.0,Model A,2006,760000.0,2024,7,90,2.0,977.0,18
SENGKANG,4 ROOM,95.0,Premium Apartment,2012,590000.0,2024,7,90,5.0,1048.0,12
JURONG WEST,EXECUTIVE,139.0,Apartment,1996,865888.0,2024,7,90,14.0,857.0,28
YISHUN,2 ROOM,47.0,2-room,2019,328000.0,2024,7,90,8.0,1133.0,5
WOODLANDS,4 ROOM,93.0,Model A,2018,660000.0,2024,7,90,14.0,1117.0,6
GEYLANG,4 ROOM,93.0,Model A,2020,995000.0,2024,7,90,11.0,1139.0,4
PUNGGOL,4 ROOM,92.0,Model A,2012,622888.0,2024,7,90,17.0,1047.0,12
PUNGGOL,5 ROOM,113.0,Improved,2018,675000.0,2024,7,90,2.0,1120.0,6
SERANGOON,3 ROOM,64.0,Simplified,1988,465000.0,2024,7,90,5.0,757.0,36
PUNGGOL,4 ROOM,93.0,Model A,2012,615000.0,2024,7,90,8.0,1045.0,12
YISHUN,4 ROOM,93.0,New Generation,1984,630000.0,2024,7,90,8.0,712.0,40
WOODLANDS,5 ROOM,121.0,Improved,1985,530000.0,2024,7,90,2.0,726.0,39
KALLANG/WHAMPOA,3 ROOM,68.0,New Generation,1981,390000.0,2024,7,90,2.0,672.0,43
JURONG WEST,5 ROOM,111.0,Improved,2002,608888.0,2024,7,90,11.0,921.0,22
BUKIT PANJANG,5 ROOM,121.0,Improved,1999,793000.0,2024,7,90,11.0,887.0,25
HOUGANG,4 ROOM,93.0,Model A,2018,648000.0,2024,7,90,8.0,1121.0,6
HOUGANG,5 ROOM,110.0,Improved,2003,552888.0,2024,7,90,2.0,937.0,21
PUNGGOL,4 ROOM,92.0,Model A,2012,650000.0,2024,7,90,14.0,1050.0,12
JURONG EAST,3 ROOM,68.0,Model A,2020,500000.0,2024,7,90,5.0,1139.0,4
ANG MO KIO,3 ROOM,75.0,New Generation,1980,445888.0,2024,7,90,8.0,665.0,44
KALLANG/WHAMPOA,4 ROOM,92.0,Model A,2020,958000.0,2024,7,90,8.0,1139.0,4
TAMPINES,3 ROOM,74.0,Model A,1984,432000.0,2024,7,90,2.0,708.0,40
ANG MO KIO,3 ROOM,73.0,New Generation,1977,446000.0,2024,7,90,11.0,624.0,47
WOODLANDS,4 ROOM,103.0,Model A,1998,521888.0,2024,7,90,8.0,871.0,26
CHOA CHU KANG,4 ROOM,103.0,Model A,1990,530000.0,2024,7,90,5.0,779.0,34
TAMPINES,5 ROOM,123.0,Improved,1988,690000.0,2024,7,90,2.0,752.0,36
JURONG WEST,2 ROOM,52.0,Premium Apartment,2008,300000.0,2024,7,90,2.0,998.0,16
PASIR RIS,4 ROOM,104.0,Model A,1996,585000.0,2024,7,90,5.0,855.0,28
TAMPINES,3 ROOM,68.0,New Generation,1984,442000.0,2024,7,90,8.0,714.0,40
SENGKANG,4 ROOM,85.0,Model A2,2003,550000.0,2024,7,90,11.0,936.0,21
GEYLANG,4 ROOM,93.0,Model A,2020,975000.0,2024,7,90,14.0,1138.0,4
BUKIT MERAH,4 ROOM,93.0,Model A,2017,900000.0,2024,7,90,8.0,1103.0,7
JURONG WEST,2 ROOM,37.0,Model A,1978,265000.0,2024,7,90,5.0,637.0,46
CLEMENTI,3 ROOM,82.0,New Generation,1980,515000.0,2024,7,90,8.0,664.0,44
QUEENSTOWN,3 ROOM,65.0,Improved,1976,355000.0,2024,7,90,5.0,613.0,48
SENGKANG,4 ROOM,93.0,Model A,2016,610000.0,2024,7,90,23.0,1095.0,8
BEDOK,4 ROOM,92.0,New Generation,1978,493000.0,2024,7,90,5.0,636.0,46
BUKIT BATOK,4 ROOM,93.0,Model A,2020,595000.0,2024,7,90,5.0,1135.0,4
JURONG WEST,4 ROOM,103.0,Model A,1985,502000.0,2024,7,90,8.0,720.0,39
BUKIT BATOK,4 ROOM,93.0,Model A,2019,605000.0,2024,7,90,2.0,1125.0,5
YISHUN,4 ROOM,84.0,Simplified,1987,500000.0,2024,7,90,8.0,748.0,37
PUNGGOL,4 ROOM,93.0,Premium Apartment,2018,660000.0,2024,7,90,5.0,1118.0,6
WOODLANDS,4 ROOM,90.0,Premium Apartment,2004,515000.0,2024,7,90,5.0,944.0,20
GEYLANG,3 ROOM,56.0,Standard,1969,325000.0,2024,7,90,5.0,523.0,55
JURONG WEST,2 ROOM,47.0,Model A,2019,340000.0,2024,7,90,14.0,1128.0,5
WOODLANDS,5 ROOM,115.0,Improved,2000,620000.0,2024,7,90,8.0,896.0,24
SERANGOON,4 ROOM,103.0,Model A,1989,822888.0,2024,7,90,5.0,764.0,35
ANG MO KIO,EXECUTIVE,156.0,Maisonette,1996,1208888.0,2024,7,90,2.0,851.0,28
CLEMENTI,4 ROOM,92.0,New Generation,1980,490000.0,2024,7,90,2.0,665.0,44
GEYLANG,5 ROOM,117.0,Standard,1977,650000.0,2024,7,90,2.0,623.0,47
SENGKANG,4 ROOM,93.0,Model A,2016,660000.0,2024,7,90,20.0,1087.0,8
WOODLANDS,4 ROOM,93.0,Model A,2019,600000.0,2024,7,90,2.0,1132.0,5
PUNGGOL,5 ROOM,113.0,Improved,2018,700000.0,2024,7,90,5.0,1121.0,6
TOA PAYOH,3 ROOM,67.0,Improved,1970,343888.0,2024,7,90,11.0,535.0,54
WOODLANDS,3 ROOM,67.0,Model A,2013,467000.0,2024,7,90,5.0,1061.0,11
BUKIT MERAH,4 ROOM,93.0,Model A,2018,923000.0,2024,7,90,17.0,1122.0,6
JURONG WEST,4 ROOM,93.0,Model A,2018,570000.0,2024,7,90,8.0,1120.0,6
BUKIT MERAH,3 ROOM,75.0,Standard,1973,735000.0,2024,7,90,2.0,571.0,51
YISHUN,4 ROOM,104.0,Model A,1987,538000.0,2024,7,90,5.0,746.0,37
BUKIT TIMAH,4 ROOM,91.0,Improved,1974,650000.0,2024,7,90,11.0,586.0,50
WOODLANDS,4 ROOM,90.0,Improved,1976,370000.0,2024,7,90,8.0,608.0,48
YISHUN,3 ROOM,67.0,Model A,2015,458000.0,2024,7,90,11.0,1087.0,9
TAMPINES,4 ROOM,107.0,Model A,1996,627000.0,2024,7,90,8.0,857.0,28
WOODLANDS,4 ROOM,90.0,Model A,2003,526000.0,2024,7,90,8.0,937.0,21
PUNGGOL,2 ROOM,46.0,Model A,2014,365000.0,2024,7,90,11.0,1073.0,10
TOA PAYOH,4 ROOM,76.0,Model A,2009,860000.0,2024,7,90,35.0,1005.0,15
CLEMENTI,4 ROOM,90.0,Model A,2002,821888.0,2024,7,90,23.0,930.0,22
PUNGGOL,4 ROOM,95.0,Model A,2014,690000.0,2024,7,90,14.0,1066.0,10
WOODLANDS,3 ROOM,68.0,Model A,2018,480000.0,2024,7,90,14.0,1117.0,6
WOODLANDS,4 ROOM,100.0,Model A,1997,562888.0,2024,7,90,2.0,863.0,27
CLEMENTI,4 ROOM,100.0,Model A,2013,910000.0,2024,7,90,11.0,1059.0,11
QUEENSTOWN,5 ROOM,133.0,Model A,1995,1230000.0,2024,7,90,23.0,842.0,29
BUKIT BATOK,5 ROOM,115.0,Premium Apartment,2018,865888.0,2024,7,90,8.0,1113.0,6
BUKIT PANJANG,5 ROOM,113.0,Improved,2015,702000.0,2024,7,90,14.0,1086.0,9
BUKIT BATOK,3 ROOM,64.0,Simplified,1987,380000.0,2024,8,91,2.0,743.0,37
WOODLANDS,2 ROOM,47.0,Model A,2015,335000.0,2024,8,91,8.0,1080.0,9
SENGKANG,4 ROOM,90.0,Model A2,2000,585000.0,2024,8,91,17.0,904.0,24
TAMPINES,3 ROOM,74.0,Model A,1987,445000.0,2024,8,91,5.0,741.0,37
HOUGANG,4 ROOM,93.0,Model A,2019,653000.0,2024,8,91,11.0,1127.0,5
SENGKANG,4 ROOM,93.0,Model A,2016,672500.0,2024,8,91,11.0,1096.0,8
BISHAN,5 ROOM,123.0,Premium Apartment,1998,1100000.0,2024,8,91,14.0,875.0,26
GEYLANG,3 ROOM,65.0,Improved,1975,385000.0,2024,8,91,5.0,601.0,49
PUNGGOL,3 ROOM,67.0,Premium Apartment,2016,500000.0,2024,8,91,5.0,1091.0,8
BEDOK,EXECUTIVE,143.0,Maisonette,1987,850000.0,2024,8,91,2.0,739.0,37
BUKIT TIMAH,3 ROOM,74.0,Improved,1974,496888.0,2024,8,91,5.0,584.0,50
JURONG WEST,5 ROOM,112.0,Premium Apartment,2008,550000.0,2024,8,91,2.0,998.0,16
PUNGGOL,4 ROOM,93.0,Model A,2014,615000.0,2024,8,91,14.0,1065.0,10
JURONG WEST,EXECUTIVE,130.0,Apartment,2000,780000.0,2024,8,91,14.0,897.0,24
BUKIT PANJANG,4 ROOM,93.0,Model A,2013,668888.0,2024,8,91,32.0,1061.0,11
SERANGOON,3 ROOM,71.0,New Generation,1984,408888.0,2024,8,91,2.0,713.0,40
SENGKANG,5 ROOM,113.0,Improved,2016,760000.0,2024,8,91,8.0,1096.0,8
JURONG WEST,5 ROOM,127.0,Improved,1996,560000.0,2024,8,91,8.0,848.0,28
TAMPINES,5 ROOM,123.0,Improved,1997,715000.0,2024,8,91,2.0,869.0,27
WOODLANDS,EXECUTIVE,168.0,Apartment,1995,1000000.0,2024,8,91,14.0,836.0,29
CHOA CHU KANG,3 ROOM,67.0,Model A,2015,460000.0,2024,8,91,8.0,1074.0,9
ANG MO KIO,4 ROOM,92.0,New Generation,1978,568000.0,2024,8,91,8.0,639.0,46
SERANGOON,4 ROOM,104.0,Model A,1992,592000.0,2024,8,91,5.0,808.0,32
PUNGGOL,5 ROOM,113.0,Improved,2018,738888.0,2024,8,91,8.0,1120.0,6
TAMPINES,4 ROOM,120.0,Model A,1984,605000.0,2024,8,91,11.0,706.0,40
GEYLANG,5 ROOM,118.0,Improved,1980,670000.0,2024,8,91,5.0,661.0,44
TAMPINES,4 ROOM,104.0,Model A,1993,591000.0,2024,8,91,2.0,816.0,31
PASIR RIS,5 ROOM,128.0,Improved,1993,798000.0,2024,8,91,8.0,821.0,31
BUKIT MERAH,4 ROOM,90.0,Model A,2009,943000.0,2024,8,91,20.0,1002.0,15
SEMBAWANG,EXECUTIVE,130.0,Apartment,2001,730000.0,2024,8,91,11.0,908.0,23
GEYLANG,3 ROOM,56.0,Standard,1969,308000.0,2024,8,91,8.0,522.0,55
PUNGGOL,4 ROOM,92.0,Model A,2012,650000.0,2024,8,91,11.0,1049.0,12
HOUGANG,2 ROOM,47.0,Model A,2019,388000.0,2024,8,91,11.0,1127.0,5
BUKIT BATOK,4 ROOM,93.0,Model A,2020,645000.0,2024,8,91,14.0,1138.0,4
TAMPINES,4 ROOM,84.0,Simplified,1987,530000.0,2024,8,91,5.0,746.0,37
ANG MO KIO,3 ROOM,67.0,New Generation,1978,375000.0,2024,8,91,2.0,630.0,46
BISHAN,EXECUTIVE,148.0,Maisonette,1992,1015000.0,2024,8,91,5.0,804.0,32
GEYLANG,3 ROOM,60.0,Standard,1969,318000.0,2024,8,91,2.0,522.0,55
QUEENSTOWN,2 ROOM,47.0,Model A,2013,430000.0,2024,8,91,2.0,1053.0,11
CHOA CHU KANG,5 ROOM,122.0,Improved,1998,690000.0,2024,8,91,14.0,871.0,26
SEMBAWANG,EXECUTIVE,130.0,Apartment,2001,700000.0,2024,8,91,2.0,908.0,23
CHOA CHU KANG,5 ROOM,122.0,Premium Apartment,1999,560000.0,2024,8,91,2.0,891.0,25
QUEENSTOWN,3 ROOM,67.0,Model A,2013,678000.0,2024,8,91,11.0,1053.0,11
SENGKANG,4 ROOM,92.0,Model A,2015,670000.0,2024,8,91,17.0,1079.0,9
CHOA CHU KANG,5 ROOM,124.0,Improved,1993,640000.0,2024,8,91,5.0,815.0,31
PUNGGOL,5 ROOM,113.0,Premium Apartment,2003,680000.0,2024,8,91,11.0,935.0,21
BUKIT MERAH,5 ROOM,116.0,Improved,2006,918000.0,2024,8,91,17.0,967.0,18
QUEENSTOWN,3 ROOM,65.0,Improved,1976,355000.0,2024,8,91,2.0,612.0,48
SENGKANG,4 ROOM,95.0,Premium Apartment,2004,532000.0,2024,8,91,2.0,944.0,20
HOUGANG,4 ROOM,101.0,Model A,1998,605000.0,2024,8,91,11.0,876.0,26
CHOA CHU KANG,5 ROOM,113.0,Improved,2017,718000.0,2024,8,91,20.0,1108.0,7
JURONG EAST,3 ROOM,74.0,Model A,1983,390000.0,2024,8,91,11.0,695.0,41
CLEMENTI,4 ROOM,93.0,Model A,2012,1120000.0,2024,8,91,11.0,1044.0,12
HOUGANG,5 ROOM,118.0,Improved,1997,720000.0,2024,8,91,17.0,859.0,27
JURONG WEST,5 ROOM,113.0,Premium Apartment,2003,585000.0,2024,8,91,11.0,939.0,21
PUNGGOL,4 ROOM,92.0,Premium Apartment,2016,710000.0,2024,8,91,11.0,1088.0,8
CHOA CHU KANG,EXECUTIVE,147.0,Apartment,1996,888000.0,2024,8,91,11.0,847.0,28
YISHUN,4 ROOM,93.0,Model A,2016,583888.0,2024,8,91,8.0,1088.0,8
BUKIT PANJANG,3 ROOM,67.0,Model A,2013,505000.0,2024,8,91,26.0,1062.0,11
SENGKANG,4 ROOM,93.0,Model A,2016,639288.0,2024,8,91,14.0,1086.0,8
QUEENSTOWN,4 ROOM,95.0,Model A,2000,858000.0,2024,8,91,8.0,902.0,24
SENGKANG,3 ROOM,68.0,Model A,2016,500000.0,2024,8,91,14.0,1094.0,8
PUNGGOL,3 ROOM,68.0,Model A,2018,500000.0,2024,8,91,11.0,1119.0,6
PUNGGOL,4 ROOM,93.0,Premium Apartment,2017,720000.0,2024,8,91,14.0,1106.0,7
BUKIT PANJANG,4 ROOM,104.0,Model A,1988,565000.0,2024,8,91,11.0,761.0,36
ANG MO KIO,4 ROOM,92.0,New Generation,1979,516888.0,2024,8,91,5.0,648.0,45
JURONG WEST,5 ROOM,110.0,Improved,2001,573000.0,2024,8,91,8.0,916.0,23
BUKIT BATOK,4 ROOM,93.0,Model A,2020,575000.0,2024,8,91,2.0,1135.0,4
PASIR RIS,5 ROOM,128.0,Improved,1993,800000.0,2024,8,91,14.0,821.0,31
SENGKANG,4 ROOM,85.0,Model A2,2001,593888.0,2024,8,91,5.0,907.0,23
ANG MO KIO,3 ROOM,73.0,New Generation,1978,448888.0,2024,8,91,8.0,633.0,46
BEDOK,3 ROOM,67.0,New Generation,1978,430000.0,2024,8,91,8.0,634.0,46
CHOA CHU KANG,EXECUTIVE,146.0,Maisonette,1989,860000.0,2024,8,91,8.0,769.0,35
SENGKANG,4 ROOM,95.0,Model A,2013,663888.0,2024,8,91,17.0,1051.0,11
TAMPINES,4 ROOM,104.0,Model A,1988,590000.0,2024,8,91,5.0,753.0,36
KALLANG/WHAMPOA,4 ROOM,87.0,Improved,1974,508000.0,2024,8,91,11.0,592.0,50
BEDOK,4 ROOM,84.0,Improved,1977,455000.0,2024,8,91,2.0,626.0,47
QUEENSTOWN,3 ROOM,73.0,Improved,1975,442000.0,2024,8,91,11.0,600.0,49
CHOA CHU KANG,4 ROOM,91.0,Model A2,1998,463888.0,2024,8,91,5.0,870.0,26
KALLANG/WHAMPOA,5 ROOM,118.0,Improved,1984,815000.0,2024,8,91,14.0,713.0,40
BUKIT MERAH,5 ROOM,115.0,Improved,2005,1313000.0,2024,8,91,14.0,964.0,19
SENGKANG,5 ROOM,121.0,Improved,1999,638000.0,2024,8,91,2.0,885.0,25
YISHUN,5 ROOM,112.0,DBSS,2013,843000.0,2024,8,91,5.0,1058.0,11
SENGKANG,4 ROOM,102.0,Model A,1999,558000.0,2024,8,91,5.0,893.0,25
TAMPINES,3 ROOM,75.0,Model A,1984,425000.0,2024,8,91,5.0,710.0,40
YISHUN,4 ROOM,84.0,Simplified,1985,470000.0,2024,8,91,8.0,721.0,39
PASIR RIS,4 ROOM,104.0,Model A,1995,588000.0,2024,8,91,8.0,838.0,29
PUNGGOL,4 ROOM,93.0,Premium Apartment,2017,730000.0,2024,8,91,17.0,1106.0,7
GEYLANG,5 ROOM,120.0,Improved,1997,1150000.0,2024,8,91,11.0,867.0,27
YISHUN,4 ROOM,105.0,Model A,1988,550000.0,2024,8,91,8.0,760.0,36
PASIR RIS,EXECUTIVE,144.0,Apartment,1992,980000.0,2024,8,91,14.0,809.0,32
BUKIT MERAH,4 ROOM,92.0,New Generation,1978,618000.0,2024,8,91,8.0,637.0,46
CHOA CHU KANG,EXECUTIVE,146.0,Maisonette,1989,850000.0,2024,8,91,5.0,766.0,35
BUKIT MERAH,5 ROOM,115.0,Standard,1978,838000.0,2024,8,91,11.0,636.0,46
BUKIT BATOK,3 ROOM,67.0,New Generation,1985,388000.0,2024,8,91,5.0,723.0,39
PASIR RIS,4 ROOM,108.0,Model A,1995,625000.0,2024,8,91,2.0,843.0,29
BUKIT BATOK,5 ROOM,112.0,Improved,2019,850000.0,2024,8,91,23.0,1123.0,5
SEMBAWANG,4 ROOM,92.0,Model A,2020,705077.0,2024,8,91,8.0,1138.0,4
CHOA CHU KANG,5 ROOM,132.0,Model A,1996,750000.0,2024,8,91,11.0,848.0,28
ANG MO KIO,3 ROOM,82.0,New Generation,1981,455000.0,2024,8,91,2.0,666.0,43
CHOA CHU KANG,5 ROOM,113.0,Improved,2017,645000.0,2024,8,91,8.0,1108.0,7
PUNGGOL,5 ROOM,116.0,Premium Apartment,2014,950000.0,2024,8,91,14.0,1065.0,10
BUKIT BATOK,5 ROOM,113.0,Improved,2020,718000.0,2024,8,91,5.0,1135.0,4
YISHUN,3 ROOM,67.0,New Generation,1985,405000.0,2024,8,91,2.0,716.0,39
HOUGANG,5 ROOM,120.0,Improved,1998,705000.0,2024,8,91,5.0,879.0,26
TOA PAYOH,3 ROOM,65.0,Improved,1967,346000.0,2024,8,91,2.0,503.0,57
BISHAN,5 ROOM,122.0,Improved,1987,950000.0,2024,8,91,8.0,744.0,37
SENGKANG,4 ROOM,91.0,Model A,2000,539000.0,2024,8,91,17.0,902.0,24
CHOA CHU KANG,4 ROOM,101.0,Model A,1999,520888.0,2024,8,91,14.0,884.0,25
JURONG EAST,3 ROOM,67.0,New Generation,1983,402000.0,2024,8,91,11.0,698.0,41
TAMPINES,4 ROOM,100.0,Model A,1997,598000.0,2024,8,91,5.0,857.0,27
PASIR RIS,4 ROOM,108.0,Model A,1993,620000.0,2024,8,91,8.0,821.0,31
BEDOK,3 ROOM,67.0,New Generation,1977,400000.0,2024,8,91,5.0,624.0,47
BUKIT BATOK,3 ROOM,73.0,Model A,1985,430000.0,2024,8,91,11.0,714.0,39
BUKIT BATOK,4 ROOM,93.0,Model A,2020,670000.0,2024,8,91,11.0,1135.0,4
SENGKANG,4 ROOM,92.0,Model A,2015,642000.0,2024,8,91,11.0,1081.0,9
WOODLANDS,4 ROOM,93.0,Model A,2018,605888.0,2024,8,91,5.0,1118.0,6
BUKIT PANJANG,4 ROOM,93.0,Model A,2015,646888.0,2024,8,91,20.0,1083.0,9
BUKIT BATOK,4 ROOM,93.0,Model A,2020,680000.0,2024,8,91,20.0,1138.0,4
JURONG WEST,3 ROOM,74.0,Model A,1984,396000.0,2024,8,91,5.0,712.0,40
BUKIT BATOK,4 ROOM,102.0,Model A,1998,562888.0,2024,8,91,5.0,876.0,26
YISHUN,5 ROOM,121.0,Improved,1988,650000.0,2024,8,91,8.0,755.0,36
TAMPINES,4 ROOM,84.0,Simplified,1988,550000.0,2024,8,91,8.0,751.0,36
SEMBAWANG,2 ROOM,38.0,Model A,2020,330000.0,2024,8,91,5.0,1138.0,4
ANG MO KIO,3 ROOM,68.0,New Generation,1981,417000.0,2024,8,91,11.0,670.0,43
BUKIT PANJANG,5 ROOM,121.0,Improved,1999,735000.0,2024,8,91,20.0,883.0,25
QUEENSTOWN,2 ROOM,46.0,Standard,1967,288000.0,2024,8,91,11.0,498.0,57
TAMPINES,4 ROOM,91.0,New Generation,1984,530000.0,2024,8,91,5.0,713.0,40
TAMPINES,4 ROOM,107.0,Model A,1995,590000.0,2024,8,91,2.0,845.0,29
CHOA CHU KANG,4 ROOM,100.0,Premium Apartment,1999,538000.0,2024,8,91,8.0,885.0,25
SENGKANG,4 ROOM,93.0,Model A,2012,612000.0,2024,8,91,11.0,1039.0,12
JURONG WEST,4 ROOM,90.0,Model A,2001,508000.0,2024,8,91,11.0,910.0,23
YISHUN,4 ROOM,84.0,Simplified,1986,480000.0,2024,8,91,2.0,734.0,38
KALLANG/WHAMPOA,5 ROOM,110.0,Improved,2006,1051888.0,2024,8,91,14.0,975.0,18
BUKIT BATOK,4 ROOM,93.0,Model A,2019,645000.0,2024,8,91,11.0,1124.0,5
BUKIT MERAH,4 ROOM,88.0,Model A,2013,1032000.0,2024,8,91,32.0,1051.0,11
HOUGANG,4 ROOM,93.0,Model A,2019,620000.0,2024,8,91,11.0,1130.0,5
WOODLANDS,4 ROOM,99.0,Model A,1997,530000.0,2024,8,91,5.0,864.0,27
ANG MO KIO,EXECUTIVE,149.0,Apartment,1996,920000.0,2024,8,91,2.0,850.0,28
BUKIT BATOK,5 ROOM,115.0,Premium Apartment,2017,965000.0,2024,8,91,26.0,1104.0,7
SENGKANG,5 ROOM,110.0,Premium Apartment,2005,658888.0,2024,8,91,26.0,953.0,19
TAMPINES,5 ROOM,126.0,Improved,1985,625000.0,2024,8,91,2.0,717.0,39
HOUGANG,5 ROOM,122.0,Improved,1987,605000.0,2024,8,91,2.0,749.0,37
PASIR RIS,5 ROOM,136.0,Model A,1992,780000.0,2024,8,91,8.0,808.0,32
JURONG WEST,5 ROOM,110.0,Improved,2001,645000.0,2024,8,91,14.0,910.0,23
QUEENSTOWN,4 ROOM,82.0,Improved,1977,593000.0,2024,8,91,11.0,618.0,47
KALLANG/WHAMPOA,4 ROOM,93.0,Model A,2017,1116000.0,2024,8,91,26.0,1109.0,7
PUNGGOL,5 ROOM,110.0,Improved,2002,620000.0,2024,8,91,11.0,929.0,22
JURONG WEST,3 ROOM,65.0,Improved,1976,330000.0,2024,8,91,2.0,610.0,48
HOUGANG,5 ROOM,120.0,Improved,1998,715000.0,2024,8,91,8.0,873.0,26
TAMPINES,3 ROOM,67.0,Model A,2018,528000.0,2024,8,91,5.0,1120.0,6
SERANGOON,EXECUTIVE,149.0,Maisonette,1992,990000.0,2024,8,91,5.0,807.0,32
HOUGANG,4 ROOM,92.0,Model A,2019,640000.0,2024,8,91,8.0,1130.0,5
PUNGGOL,4 ROOM,90.0,Model A,2015,635000.0,2024,8,91,11.0,1085.0,9
CHOA CHU KANG,3 ROOM,74.0,Model A,1984,395000.0,2024,8,91,8.0,704.0,40
SENGKANG,5 ROOM,110.0,Improved,2003,700000.0,2024,8,91,11.0,932.0,21
KALLANG/WHAMPOA,3 ROOM,66.0,Improved,1980,368000.0,2024,8,91,2.0,661.0,44
TAMPINES,4 ROOM,105.0,Model A,1987,615000.0,2024,8,91,5.0,747.0,37
YISHUN,4 ROOM,104.0,Model A,1988,525500.0,2024,8,91,11.0,757.0,36
PUNGGOL,4 ROOM,93.0,Model A,2018,570000.0,2024,8,91,2.0,1121.0,6
CHOA CHU KANG,5 ROOM,133.0,Model A,1996,665000.0,2024,8,91,2.0,851.0,28
PUNGGOL,4 ROOM,90.0,Premium Apartment,2007,630000.0,2024,8,91,11.0,984.0,17
SENGKANG,5 ROOM,110.0,Improved,2001,640000.0,2024,8,91,14.0,917.0,23
SENGKANG,5 ROOM,110.0,Improved,2001,715000.0,2024,8,91,8.0,906.0,23
YISHUN,4 ROOM,92.0,Model A,2015,608000.0,2024,8,91,8.0,1083.0,9
JURONG WEST,5 ROOM,111.0,Improved,2000,638000.0,2024,8,91,5.0,903.0,24
WOODLANDS,4 ROOM,102.0,Model A,1998,530000.0,2024,8,91,8.0,871.0,26
WOODLANDS,4 ROOM,92.0,Model A,2013,580000.0,2024,8,91,8.0,1060.0,11
JURONG WEST,4 ROOM,91.0,Model A,2001,475000.0,2024,8,91,2.0,907.0,23
SEMBAWANG,2 ROOM,47.0,Model A,2015,360000.0,2024,8,91,8.0,1077.0,9
HOUGANG,4 ROOM,108.0,Model A,1989,595000.0,2024,8,91,5.0,765.0,35
GEYLANG,4 ROOM,93.0,Model A,2020,995000.0,2024,8,91,14.0,1138.0,4
BUKIT TIMAH,5 ROOM,122.0,Improved,1989,1100000.0,2024,8,91,11.0,767.0,35
WOODLANDS,5 ROOM,125.0,Improved,1989,568888.0,2024,8,91,2.0,764.0,35
JURONG WEST,EXECUTIVE,151.0,Maisonette,1985,861888.0,2024,8,91,8.0,722.0,39
GEYLANG,3 ROOM,68.0,Model A,2020,705000.0,2024,8,91,2.0,1137.0,4
CHOA CHU KANG,EXECUTIVE,146.0,Maisonette,1990,858888.0,2024,8,91,8.0,781.0,34
SERANGOON,3 ROOM,67.0,New Generation,1984,440000.0,2024,8,91,11.0,713.0,40
CHOA CHU KANG,5 ROOM,110.0,Improved,2002,540000.0,2024,8,91,11.0,926.0,22
SERANGOON,4 ROOM,83.0,Simplified,1987,540088.0,2024,8,91,14.0,745.0,37
KALLANG/WHAMPOA,5 ROOM,115.0,Improved,1981,918000.0,2024,8,91,20.0,673.0,43
CLEMENTI,3 ROOM,67.0,New Generation,1979,360000.0,2024,8,91,2.0,644.0,45
BUKIT TIMAH,EXECUTIVE,146.0,Maisonette,1989,1392000.0,2024,8,91,11.0,768.0,35
YISHUN,5 ROOM,134.0,Adjoined flat,1984,790000.0,2024,8,91,11.0,711.0,40
SENGKANG,5 ROOM,122.0,Improved,1999,700000.0,2024,8,91,8.0,887.0,25
YISHUN,4 ROOM,84.0,Simplified,1985,450000.0,2024,8,91,2.0,722.0,39
BUKIT BATOK,4 ROOM,93.0,Model A,2020,595500.0,2024,8,91,5.0,1139.0,4
BUKIT PANJANG,EXECUTIVE,130.0,Premium Apartment,2001,785000.0,2024,8,91,14.0,915.0,23
TAMPINES,5 ROOM,119.0,Improved,1997,730000.0,2024,8,91,5.0,864.0,27
BUKIT BATOK,4 ROOM,103.0,Model A,1998,533000.0,2024,8,91,5.0,870.0,26
BEDOK,4 ROOM,84.0,Simplified,1987,568000.0,2024,8,91,8.0,737.0,37
JURONG EAST,4 ROOM,93.0,New Generation,1982,513800.0,2024,8,91,5.0,678.0,42
HOUGANG,5 ROOM,121.0,Improved,1999,675000.0,2024,8,91,5.0,890.0,25
KALLANG/WHAMPOA,3 ROOM,68.0,Improved,1972,395000.0,2024,8,91,8.0,558.0,52
TAMPINES,4 ROOM,107.0,Model A,1993,630000.0,2024,8,91,5.0,815.0,31
GEYLANG,3 ROOM,52.0,Standard,1971,299000.0,2024,8,91,2.0,546.0,53
SENGKANG,4 ROOM,92.0,Model A,2015,650000.0,2024,8,91,14.0,1079.0,9
CHOA CHU KANG,4 ROOM,100.0,Model A,1998,530000.0,2024,8,91,5.0,871.0,26
CLEMENTI,4 ROOM,97.0,New Generation,1978,500000.0,2024,8,91,2.0,632.0,46
JURONG WEST,5 ROOM,111.0,Improved,2002,585000.0,2024,8,91,2.0,926.0,22
YISHUN,4 ROOM,84.0,Simplified,1987,480000.0,2024,8,91,5.0,738.0,37
KALLANG/WHAMPOA,4 ROOM,94.0,New Generation,1980,550000.0,2024,8,91,11.0,665.0,44
BEDOK,4 ROOM,98.0,New Generation,1977,570000.0,2024,8,91,11.0,621.0,47
YISHUN,4 ROOM,93.0,Model A,2018,555000.0,2024,8,91,2.0,1113.0,6
BUKIT BATOK,4 ROOM,93.0,Model A,2019,653888.0,2024,8,91,8.0,1124.0,5
TAMPINES,3 ROOM,73.0,Model A,1984,435000.0,2024,8,91,2.0,708.0,40
ANG MO KIO,3 ROOM,75.0,New Generation,1980,430000.0,2024,8,91,14.0,664.0,44
JURONG EAST,4 ROOM,99.0,New Generation,1983,460000.0,2024,8,91,8.0,692.0,41
BUKIT BATOK,4 ROOM,93.0,Model A,2019,610000.0,2024,8,91,5.0,1130.0,5
PUNGGOL,3 ROOM,68.0,Model A,2018,550000.0,2024,8,91,20.0,1120.0,6
BUKIT BATOK,3 ROOM,74.0,Model A,1984,425000.0,2024,8,91,5.0,714.0,40
WOODLANDS,5 ROOM,121.0,Improved,1998,635000.0,2024,8,91,5.0,871.0,26
PUNGGOL,5 ROOM,113.0,Premium Apartment,2018,810888.0,2024,8,91,17.0,1117.0,6
HOUGANG,4 ROOM,104.0,Model A,1992,645000.0,2024,8,91,2.0,806.0,32
JURONG WEST,3 ROOM,65.0,Improved,1977,320000.0,2024,8,91,2.0,626.0,47
SENGKANG,5 ROOM,111.0,Premium Apartment,2003,625000.0,2024,8,91,17.0,940.0,21
QUEENSTOWN,3 ROOM,69.0,Improved,1971,390000.0,2024,8,91,5.0,546.0,53
TAMPINES,4 ROOM,93.0,Model A,2015,740000.0,2024,8,91,14.0,1081.0,9
JURONG WEST,5 ROOM,137.0,Model A-Maisonette,1984,660000.0,2024,8,91,5.0,704.0,40
SEMBAWANG,4 ROOM,90.0,Model A,2001,530000.0,2024,8,91,8.0,908.0,23
YISHUN,5 ROOM,123.0,Improved,1985,639000.0,2024,8,91,5.0,719.0,39
KALLANG/WHAMPOA,4 ROOM,104.0,Model A,1987,715000.0,2024,8,91,8.0,746.0,37
BUKIT PANJANG,4 ROOM,92.0,Model A2,1998,530000.0,2024,8,91,14.0,874.0,26
QUEENSTOWN,3 ROOM,73.0,Improved,1974,538000.0,2024,8,91,20.0,587.0,50
WOODLANDS,EXECUTIVE,143.0,Maisonette,1999,855000.0,2024,8,91,11.0,885.0,25
WOODLANDS,4 ROOM,93.0,Model A,2017,655000.0,2024,8,91,17.0,1104.0,7
JURONG WEST,5 ROOM,110.0,Improved,2000,595000.0,2024,8,91,8.0,905.0,24
SEMBAWANG,4 ROOM,93.0,Model A,2018,620000.0,2024,8,91,11.0,1116.0,6
BUKIT MERAH,4 ROOM,80.0,Standard,1970,490000.0,2024,8,91,11.0,540.0,54
SENGKANG,EXECUTIVE,135.0,Apartment,1999,820000.0,2024,8,91,14.0,893.0,25
BISHAN,5 ROOM,125.0,Improved,1990,915000.0,2024,8,91,11.0,773.0,34
SERANGOON,4 ROOM,103.0,Model A,1989,620888.0,2024,8,91,5.0,766.0,35
SENGKANG,2 ROOM,50.0,Model A,2012,390000.0,2024,8,91,20.0,1040.0,12
PUNGGOL,4 ROOM,90.0,Premium Apartment,2003,580000.0,2024,8,91,17.0,940.0,21
SERANGOON,5 ROOM,119.0,Improved,1998,780000.0,2024,8,91,8.0,870.0,26
BUKIT PANJANG,EXECUTIVE,143.0,Maisonette,1999,920000.0,2024,8,91,11.0,884.0,25
SENGKANG,4 ROOM,93.0,Model A,2016,625000.0,2024,8,91,2.0,1096.0,8
SEMBAWANG,4 ROOM,100.0,Model A,1999,575000.0,2024,8,91,14.0,888.0,25
BUKIT BATOK,4 ROOM,93.0,Model A,2020,640000.0,2024,8,91,14.0,1138.0,4
SERANGOON,3 ROOM,64.0,Simplified,1985,520000.0,2024,8,91,8.0,722.0,39
PUNGGOL,3 ROOM,67.0,Model A,2015,538000.0,2024,8,91,11.0,1079.0,9
BUKIT BATOK,5 ROOM,122.0,Improved,1998,702500.0,2024,8,91,8.0,870.0,26
PUNGGOL,5 ROOM,112.0,Premium Apartment,2003,563000.0,2024,8,91,5.0,940.0,21
PUNGGOL,4 ROOM,93.0,Premium Apartment,2014,653000.0,2024,8,91,2.0,1065.0,10
TOA PAYOH,4 ROOM,87.0,Improved,1973,491800.0,2024,8,91,8.0,576.0,51
SENGKANG,3 ROOM,68.0,Model A,2016,510000.0,2024,8,91,14.0,1093.0,8
TOA PAYOH,4 ROOM,93.0,Model A,2019,985000.0,2024,8,91,23.0,1133.0,5
QUEENSTOWN,3 ROOM,67.0,Improved,1970,416000.0,2024,8,91,14.0,534.0,54
JURONG EAST,4 ROOM,92.0,Model A,2016,665000.0,2024,8,91,32.0,1096.0,8
YISHUN,EXECUTIVE,146.0,Maisonette,1988,905000.0,2024,8,91,5.0,757.0,36
PUNGGOL,3 ROOM,68.0,Model A,2018,500500.0,2024,9,92,5.0,1120.0,6
BEDOK,3 ROOM,67.0,New Generation,1977,414000.0,2024,9,92,11.0,623.0,47
KALLANG/WHAMPOA,4 ROOM,92.0,Model A,2020,1050000.0,2024,9,92,11.0,1137.0,4
BEDOK,3 ROOM,68.0,New Generation,1980,386000.0,2024,9,92,8.0,653.0,44
BUKIT MERAH,5 ROOM,113.0,Improved,2013,1320000.0,2024,9,92,35.0,1050.0,11
GEYLANG,4 ROOM,93.0,Model A,2016,972800.0,2024,9,92,14.0,1095.0,8
JURONG WEST,4 ROOM,106.0,Premium Apartment,1998,632000.0,2024,9,92,11.0,871.0,26
JURONG WEST,4 ROOM,104.0,Model A,1990,485000.0,2024,9,92,8.0,776.0,34
JURONG WEST,5 ROOM,110.0,Improved,2002,620000.0,2024,9,92,8.0,926.0,22
SEMBAWANG,EXECUTIVE,125.0,Apartment,2002,830000.0,2024,9,92,11.0,927.0,22
BUKIT BATOK,2 ROOM,47.0,Model A,2020,357000.0,2024,9,92,8.0,1134.0,4
JURONG WEST,5 ROOM,111.0,Improved,2001,565000.0,2024,9,92,11.0,916.0,23
JURONG WEST,3 ROOM,65.0,Improved,1976,343000.0,2024,9,92,14.0,615.0,48
BEDOK,3 ROOM,67.0,New Generation,1977,430000.0,2024,9,92,8.0,623.0,47
QUEENSTOWN,4 ROOM,93.0,Model A,2011,948000.0,2024,9,92,20.0,1032.0,13
TAMPINES,4 ROOM,93.0,Model A,2017,740000.0,2024,9,92,11.0,1102.0,7
BUKIT MERAH,3 ROOM,67.0,New Generation,1976,385000.0,2024,9,92,8.0,613.0,48
PASIR RIS,4 ROOM,86.0,DBSS,2015,825000.0,2024,9,92,11.0,1078.0,9
SENGKANG,5 ROOM,110.0,Improved,2001,652000.0,2024,9,92,2.0,905.0,23
TAMPINES,5 ROOM,111.0,DBSS,2011,868000.0,2024,9,92,2.0,1027.0,13
ANG MO KIO,3 ROOM,68.0,New Generation,1981,388000.0,2024,9,92,2.0,665.0,43
YISHUN,3 ROOM,67.0,New Generation,1985,458988.0,2024,9,92,8.0,724.0,39
PASIR RIS,5 ROOM,127.0,Improved,1996,750000.0,2024,9,92,11.0,851.0,28
PUNGGOL,5 ROOM,112.0,Premium Apartment,2016,820000.0,2024,9,92,2.0,1087.0,8
KALLANG/WHAMPOA,4 ROOM,99.0,New Generation,1984,608888.0,2024,9,92,2.0,708.0,40
PASIR RIS,5 ROOM,127.0,Improved,1996,708888.0,2024,9,92,8.0,851.0,28
BUKIT BATOK,5 ROOM,112.0,Improved,2019,820000.0,2024,9,92,14.0,1123.0,5
SENGKANG,5 ROOM,110.0,Improved,2002,650000.0,2024,9,92,14.0,920.0,22
CHOA CHU KANG,5 ROOM,134.0,Model A,1996,710000.0,2024,9,92,11.0,848.0,28
TOA PAYOH,5 ROOM,110.0,Improved,2006,1230000.0,2024,9,92,35.0,965.0,18
HOUGANG,3 ROOM,60.0,Improved,1985,388000.0,2024,9,92,8.0,719.0,39
BUKIT PANJANG,4 ROOM,104.0,Model A,1987,515888.0,2024,9,92,5.0,747.0,37
TAMPINES,5 ROOM,121.0,Improved,1989,780000.0,2024,9,92,5.0,765.0,35
SERANGOON,4 ROOM,91.0,New Generation,1985,567000.0,2024,9,92,5.0,717.0,39
JURONG WEST,3 ROOM,61.0,Improved,1974,335000.0,2024,9,92,11.0,586.0,50
BEDOK,5 ROOM,121.0,Improved,1982,600000.0,2024,9,92,2.0,681.0,42
HOUGANG,4 ROOM,104.0,Model A,1985,640000.0,2024,9,92,14.0,720.0,39
GEYLANG,3 ROOM,60.0,Improved,1970,310000.0,2024,9,92,8.0,533.0,54
HOUGANG,3 ROOM,67.0,DBSS,2014,565000.0,2024,9,92,5.0,1071.0,10
TAMPINES,5 ROOM,122.0,Improved,1988,715000.0,2024,9,92,2.0,757.0,36
HOUGANG,4 ROOM,92.0,DBSS,2014,788000.0,2024,9,92,8.0,1071.0,10
TOA PAYOH,4 ROOM,94.0,Model A,2020,1133388.0,2024,9,92,14.0,1140.0,4
BUKIT BATOK,3 ROOM,67.0,New Generation,1998,390000.0,2024,9,92,2.0,869.0,26
SENGKANG,3 ROOM,68.0,Model A,2016,475000.0,2024,9,92,2.0,1093.0,8
CHOA CHU KANG,5 ROOM,112.0,Improved,2017,710000.0,2024,9,92,11.0,1105.0,7
PASIR RIS,4 ROOM,106.0,Model A,1994,570000.0,2024,9,92,5.0,824.0,30
PUNGGOL,5 ROOM,113.0,Premium Apartment,2013,841800.0,2024,9,92,14.0,1049.0,11
MARINE PARADE,3 ROOM,65.0,Improved,1975,393000.0,2024,9,92,2.0,598.0,49
BEDOK,4 ROOM,107.0,Model A,1996,665000.0,2024,9,92,2.0,851.0,28
BUKIT BATOK,4 ROOM,93.0,Model A,2020,600000.0,2024,9,92,5.0,1134.0,4
GEYLANG,3 ROOM,57.0,Standard,1973,343000.0,2024,9,92,8.0,575.0,51
TAMPINES,4 ROOM,92.0,Model A,2020,738888.0,2024,9,92,8.0,1134.0,4
QUEENSTOWN,3 ROOM,69.0,Standard,1967,372000.0,2024,9,92,2.0,497.0,57
PUNGGOL,3 ROOM,70.0,Model A,2012,510888.0,2024,9,92,5.0,1043.0,12
SENGKANG,5 ROOM,110.0,Improved,2001,660888.0,2024,9,92,5.0,911.0,23
YISHUN,4 ROOM,92.0,New Generation,1985,538000.0,2024,9,92,5.0,713.0,39
SENGKANG,4 ROOM,94.0,Model A,2018,630000.0,2024,9,92,5.0,1115.0,6
SERANGOON,EXECUTIVE,148.0,Maisonette,1986,900000.0,2024,9,92,11.0,726.0,38
BEDOK,3 ROOM,68.0,New Generation,1979,470000.0,2024,9,92,11.0,641.0,45
CHOA CHU KANG,4 ROOM,104.0,Premium Apartment,1999,512000.0,2024,9,92,2.0,892.0,25
SENGKANG,4 ROOM,93.0,Model A,2013,608000.0,2024,9,92,5.0,1059.0,11
YISHUN,5 ROOM,120.0,3Gen,2018,760000.0,2024,9,92,14.0,1119.0,6
TAMPINES,5 ROOM,122.0,Improved,1993,685000.0,2024,9,92,5.0,815.0,31
BUKIT MERAH,4 ROOM,85.0,Model A,2001,868000.0,2024,9,92,20.0,906.0,23
QUEENSTOWN,3 ROOM,63.0,Model A,2015,710000.0,2024,9,92,14.0,1074.0,9
TAMPINES,4 ROOM,109.0,Model A,1995,600000.0,2024,9,92,5.0,844.0,29
SENGKANG,2 ROOM,38.0,2-room,2020,366000.0,2024,9,92,8.0,1141.0,4
PUNGGOL,4 ROOM,92.0,Premium Apartment,2016,642000.0,2024,9,92,2.0,1090.0,8
BUKIT MERAH,4 ROOM,92.0,Model A,2003,840000.0,2024,9,92,14.0,929.0,21
CENTRAL AREA,3 ROOM,74.0,Model A,1984,545000.0,2024,9,92,11.0,706.0,40
PASIR RIS,EXECUTIVE,146.0,Maisonette,1988,880000.0,2024,9,92,5.0,759.0,36
SENGKANG,4 ROOM,92.0,Model A,2017,775000.0,2024,9,92,5.0,1107.0,7
HOUGANG,4 ROOM,93.0,Model A,2017,710000.0,2024,9,92,11.0,1107.0,7
SENGKANG,5 ROOM,110.0,Improved,2001,687777.0,2024,9,92,11.0,916.0,23
QUEENSTOWN,3 ROOM,55.0,Standard,1970,330000.0,2024,9,92,5.0,538.0,54
TOA PAYOH,5 ROOM,117.0,Standard,1976,700000.0,2024,9,92,23.0,609.0,48
JURONG EAST,3 ROOM,68.0,New Generation,1983,406888.0,2024,9,92,8.0,691.0,41
SENGKANG,4 ROOM,90.0,Premium Apartment,2009,778000.0,2024,9,92,5.0,1012.0,15
GEYLANG,4 ROOM,90.0,Model A,2007,893888.0,2024,9,92,8.0,977.0,17
PUNGGOL,3 ROOM,68.0,Model A,2018,524000.0,2024,9,92,14.0,1119.0,6
SENGKANG,5 ROOM,113.0,Improved,2016,800888.0,2024,9,92,11.0,1095.0,8
TAMPINES,4 ROOM,101.0,Model A,1996,660000.0,2024,9,92,5.0,855.0,28
HOUGANG,5 ROOM,121.0,Improved,1984,618000.0,2024,9,92,2.0,702.0,40
JURONG WEST,3 ROOM,67.0,New Generation,1982,378000.0,2024,9,92,5.0,680.0,42
TAMPINES,4 ROOM,92.0,Model A,2020,786000.0,2024,9,92,14.0,1134.0,4
WOODLANDS,3 ROOM,67.0,Model A,2013,482888.0,2024,9,92,5.0,1059.0,11
SENGKANG,4 ROOM,92.0,Model A,2014,640000.0,2024,9,92,20.0,1067.0,10
BUKIT MERAH,5 ROOM,115.0,Improved,2006,868000.0,2024,9,92,2.0,966.0,18
CHOA CHU KANG,4 ROOM,104.0,Premium Apartment,1999,540000.0,2024,9,92,14.0,890.0,25
PUNGGOL,4 ROOM,93.0,Model A,2016,660000.0,2024,9,92,14.0,1090.0,8
PUNGGOL,3 ROOM,69.0,Model A,2014,530000.0,2024,9,92,11.0,1065.0,10
GEYLANG,3 ROOM,59.0,Improved,1977,370000.0,2024,9,92,5.0,621.0,47
BEDOK,4 ROOM,107.0,Model A,1984,628000.0,2024,9,92,11.0,707.0,40
PUNGGOL,5 ROOM,111.0,Premium Apartment,2003,560000.0,2024,9,92,2.0,939.0,21
BEDOK,3 ROOM,67.0,New Generation,1985,445000.0,2024,9,92,5.0,719.0,39
BEDOK,3 ROOM,69.0,Model A,2010,658000.0,2024,9,92,8.0,1017.0,14
KALLANG/WHAMPOA,3 ROOM,70.0,Premium Apartment,2017,838000.0,2024,9,92,23.0,1103.0,7
SEMBAWANG,4 ROOM,92.0,Model A,2020,753000.0,2024,9,92,5.0,1141.0,4
SEMBAWANG,4 ROOM,90.0,Model A,2002,535000.0,2024,9,92,2.0,928.0,22
PUNGGOL,5 ROOM,110.0,Improved,2003,620000.0,2024,9,92,14.0,930.0,21
BUKIT BATOK,3 ROOM,68.0,New Generation,1986,400000.0,2024,9,92,2.0,727.0,38
TAMPINES,3 ROOM,64.0,Simplified,1986,441000.0,2024,9,92,2.0,736.0,38
WOODLANDS,4 ROOM,93.0,Model A,2018,570000.0,2024,9,92,2.0,1114.0,6
HOUGANG,4 ROOM,104.0,Model A,1992,635000.0,2024,9,92,8.0,805.0,32
SENGKANG,EXECUTIVE,130.0,Apartment,2001,820000.0,2024,9,92,14.0,905.0,23
BUKIT BATOK,4 ROOM,93.0,Model A,2020,648000.0,2024,9,92,11.0,1134.0,4
HOUGANG,5 ROOM,113.0,Improved,2017,830000.0,2024,9,92,14.0,1102.0,7
SEMBAWANG,4 ROOM,91.0,Model A,2001,500000.0,2024,9,92,2.0,907.0,23
PUNGGOL,3 ROOM,68.0,Model A,2018,480888.0,2024,9,92,5.0,1120.0,6
GEYLANG,5 ROOM,117.0,Standard,1977,638000.0,2024,9,92,8.0,621.0,47
QUEENSTOWN,5 ROOM,114.0,Improved,2015,1023000.0,2024,9,92,2.0,1074.0,9
BUKIT BATOK,5 ROOM,115.0,Improved,2004,690000.0,2024,9,92,5.0,950.0,20
BUKIT BATOK,3 ROOM,60.0,Improved,1988,353888.0,2024,9,92,5.0,750.0,36
TAMPINES,5 ROOM,122.0,Improved,1985,715000.0,2024,9,92,2.0,721.0,39
BEDOK,3 ROOM,59.0,Improved,1978,335000.0,2024,9,92,2.0,632.0,46
BUKIT MERAH,3 ROOM,68.0,Improved,1973,460000.0,2024,9,92,8.0,569.0,51
YISHUN,EXECUTIVE,146.0,Maisonette,1987,893888.0,2024,9,92,2.0,747.0,37
KALLANG/WHAMPOA,4 ROOM,103.0,Model A,1997,670000.0,2024,9,92,11.0,867.0,27
TAMPINES,5 ROOM,113.0,Improved,2015,833000.0,2024,9,92,2.0,1080.0,9
GEYLANG,3 ROOM,68.0,Model A,2020,728000.0,2024,9,92,11.0,1137.0,4
SENGKANG,4 ROOM,93.0,Model A,2015,560000.0,2024,9,92,8.0,1075.0,9
TAMPINES,4 ROOM,106.0,Premium Apartment,1997,595000.0,2024,9,92,2.0,863.0,27
YISHUN,4 ROOM,93.0,Model A,2016,615000.0,2024,9,92,8.0,1087.0,8
JURONG WEST,5 ROOM,113.0,Standard,1976,548000.0,2024,9,92,2.0,610.0,48
SENGKANG,4 ROOM,91.0,Model A,2005,575000.0,2024,9,92,8.0,964.0,19
CLEMENTI,4 ROOM,93.0,New Generation,1980,455000.0,2024,9,92,5.0,661.0,44
JURONG WEST,4 ROOM,104.0,Model A,1997,510000.0,2024,9,92,2.0,865.0,27
KALLANG/WHAMPOA,3 ROOM,65.0,Improved,1974,392800.0,2024,9,92,17.0,587.0,50
BUKIT MERAH,4 ROOM,83.0,Model A,2019,980000.0,2024,9,92,35.0,1125.0,5
JURONG WEST,4 ROOM,94.0,New Generation,1983,500000.0,2024,9,92,11.0,696.0,41
YISHUN,4 ROOM,91.0,New Generation,1985,530000.0,2024,9,92,5.0,715.0,39
PUNGGOL,5 ROOM,110.0,Improved,2016,788000.0,2024,9,92,17.0,1090.0,8
JURONG WEST,EXECUTIVE,141.0,Apartment,1988,670000.0,2024,9,92,5.0,757.0,36
CLEMENTI,3 ROOM,67.0,New Generation,1980,385000.0,2024,9,92,2.0,662.0,44
JURONG WEST,2 ROOM,38.0,Model A,2019,330000.0,2024,9,92,14.0,1125.0,5
HOUGANG,2 ROOM,47.0,Model A,2019,370000.0,2024,9,92,14.0,1132.0,5
BEDOK,3 ROOM,59.0,Improved,1978,370000.0,2024,9,92,11.0,632.0,46
WOODLANDS,4 ROOM,100.0,Model A,1999,538000.0,2024,9,92,11.0,892.0,25
YISHUN,5 ROOM,121.0,Improved,1985,628000.0,2024,9,92,5.0,718.0,39
YISHUN,4 ROOM,95.0,New Generation,1985,500000.0,2024,9,92,5.0,721.0,39
PASIR RIS,5 ROOM,122.0,Improved,1992,700000.0,2024,9,92,2.0,807.0,32
WOODLANDS,EXECUTIVE,170.0,Apartment,1995,900000.0,2024,9,92,5.0,835.0,29
SERANGOON,3 ROOM,64.0,Simplified,1988,420000.0,2024,9,92,11.0,756.0,36
ANG MO KIO,3 ROOM,68.0,New Generation,1979,385000.0,2024,9,92,5.0,647.0,45
PUNGGOL,4 ROOM,92.0,Model A,2017,660000.0,2024,9,92,14.0,1103.0,7
HOUGANG,5 ROOM,120.0,Improved,1998,755000.0,2024,9,92,11.0,880.0,26
KALLANG/WHAMPOA,3 ROOM,66.0,Improved,1974,345000.0,2024,9,92,5.0,587.0,50
QUEENSTOWN,3 ROOM,63.0,Model A,2015,720000.0,2024,9,92,20.0,1074.0,9
TOA PAYOH,3 ROOM,68.0,Model A,2018,728000.0,2024,9,92,8.0,1116.0,6
JURONG WEST,4 ROOM,103.0,Model A,1989,480000.0,2024,9,92,5.0,765.0,35
PUNGGOL,3 ROOM,68.0,Model A,2018,520000.0,2024,9,92,14.0,1120.0,6
WOODLANDS,4 ROOM,90.0,Model A2,1999,495000.0,2024,9,92,11.0,892.0,25
TAMPINES,3 ROOM,60.0,Improved,1985,412000.0,2024,9,92,8.0,721.0,39
CHOA CHU KANG,4 ROOM,92.0,Model A,2017,670000.0,2024,9,92,17.0,1105.0,7
JURONG WEST,5 ROOM,111.0,Premium Apartment,2000,628000.0,2024,9,92,8.0,900.0,24
ANG MO KIO,2 ROOM,45.0,Improved,1986,330000.0,2024,9,92,11.0,725.0,38
SEMBAWANG,4 ROOM,93.0,Model A,2018,652888.0,2024,9,92,5.0,1118.0,6
TAMPINES,5 ROOM,121.0,Improved,1988,730000.0,2024,9,92,5.0,758.0,36
TAMPINES,3 ROOM,73.0,Model A,1985,460000.0,2024,9,92,2.0,715.0,39
BUKIT MERAH,4 ROOM,91.0,New Generation,1976,608000.0,2024,9,92,2.0,613.0,48
TOA PAYOH,4 ROOM,82.0,Improved,1976,478000.0,2024,9,92,8.0,607.0,48
BUKIT PANJANG,4 ROOM,84.0,Simplified,1987,467000.0,2024,9,92,11.0,741.0,37
TAMPINES,4 ROOM,103.0,Model A,1997,645888.0,2024,9,92,11.0,862.0,27
YISHUN,3 ROOM,68.0,Premium Apartment,2016,450000.0,2024,9,92,2.0,1085.0,8
QUEENSTOWN,4 ROOM,104.0,Model A,1996,980000.0,2024,9,92,14.0,852.0,28
SEMBAWANG,4 ROOM,101.0,Model A,1999,570388.0,2024,9,92,17.0,887.0,25
KALLANG/WHAMPOA,3 ROOM,65.0,Improved,1974,390000.0,2024,9,92,11.0,581.0,50
PUNGGOL,4 ROOM,91.0,Premium Apartment,2003,555000.0,2024,9,92,5.0,939.0,21
PUNGGOL,4 ROOM,85.0,Model A,2003,545000.0,2024,9,92,8.0,930.0,21
KALLANG/WHAMPOA,3 ROOM,56.0,Standard,1971,315000.0,2024,9,92,2.0,545.0,53
WOODLANDS,4 ROOM,102.0,Model A,1998,520000.0,2024,9,92,5.0,871.0,26
CLEMENTI,4 ROOM,93.0,New Generation,1980,560000.0,2024,9,92,14.0,661.0,44
SENGKANG,5 ROOM,115.0,Improved,2000,595000.0,2024,9,92,2.0,900.0,24
SENGKANG,4 ROOM,95.0,Premium Apartment,2012,616000.0,2024,9,92,5.0,1047.0,12
TAMPINES,4 ROOM,84.0,Simplified,1986,540000.0,2024,9,92,2.0,729.0,38
CLEMENTI,4 ROOM,91.0,New Generation,1978,602000.0,2024,9,92,5.0,640.0,46
QUEENSTOWN,4 ROOM,82.0,Improved,1977,543000.0,2024,9,92,5.0,617.0,47
CLEMENTI,4 ROOM,99.0,Model A,2013,920000.0,2024,9,92,11.0,1058.0,11
PUNGGOL,4 ROOM,93.0,Premium Apartment,2020,613000.0,2024,9,92,8.0,1133.0,4
WOODLANDS,5 ROOM,123.0,Improved,1994,645000.0,2024,9,92,5.0,821.0,30
TAMPINES,4 ROOM,103.0,Model A,1985,598000.0,2024,9,92,5.0,713.0,39
SENGKANG,5 ROOM,110.0,Improved,2002,652000.0,2024,9,92,14.0,918.0,22
SENGKANG,5 ROOM,110.0,Improved,2002,680000.0,2024,9,92,14.0,919.0,22
HOUGANG,5 ROOM,128.0,Adjoined flat,1986,830000.0,2024,9,92,2.0,733.0,38
CHOA CHU KANG,4 ROOM,101.0,Model A,1999,512888.0,2024,9,92,11.0,884.0,25
TAMPINES,5 ROOM,129.0,Improved,1993,775000.0,2024,9,92,11.0,817.0,31
JURONG WEST,3 ROOM,59.0,Improved,1978,325000.0,2024,9,92,20.0,635.0,46
TAMPINES,EXECUTIVE,149.0,Apartment,1993,900000.0,2024,9,92,2.0,815.0,31
SENGKANG,4 ROOM,92.0,Model A,2015,666666.0,2024,9,92,11.0,1080.0,9
GEYLANG,4 ROOM,104.0,Model A,1985,618888.0,2024,9,92,8.0,721.0,39
TOA PAYOH,3 ROOM,68.0,Improved,1970,378000.0,2024,9,92,14.0,533.0,54
BUKIT BATOK,3 ROOM,67.0,Model A,2019,560000.0,2024,9,92,14.0,1124.0,5
BUKIT MERAH,3 ROOM,58.0,Standard,1969,375000.0,2024,9,92,11.0,527.0,55
WOODLANDS,3 ROOM,67.0,New Generation,1985,405000.0,2024,9,92,8.0,716.0,39
BISHAN,4 ROOM,93.0,Simplified,1989,645000.0,2024,9,92,5.0,762.0,35
CHOA CHU KANG,4 ROOM,112.0,Model A,1990,588888.0,2024,9,92,5.0,774.0,34
SENGKANG,4 ROOM,93.0,Premium Apartment,2017,666000.0,2024,9,92,11.0,1107.0,7
JURONG WEST,4 ROOM,90.0,Model A,2000,550000.0,2024,9,92,8.0,899.0,24
KALLANG/WHAMPOA,4 ROOM,82.0,Improved,1976,560000.0,2024,9,92,2.0,609.0,48
HOUGANG,EXECUTIVE,144.0,Apartment,1992,890000.0,2024,9,92,8.0,806.0,32
JURONG WEST,4 ROOM,90.0,Model A,2001,519000.0,2024,9,92,2.0,908.0,23
YISHUN,5 ROOM,121.0,Improved,1985,630000.0,2024,9,92,8.0,715.0,39
JURONG WEST,EXECUTIVE,157.0,Maisonette,1985,960000.0,2024,9,92,5.0,718.0,39
WOODLANDS,4 ROOM,100.0,Model A,1997,560000.0,2024,9,92,11.0,865.0,27
BUKIT BATOK,4 ROOM,93.0,Model A,2020,592000.0,2024,9,92,2.0,1137.0,4
QUEENSTOWN,5 ROOM,124.0,Improved,2012,1168000.0,2024,9,92,5.0,1039.0,12
JURONG WEST,4 ROOM,95.0,Model A,2000,720000.0,2024,9,92,17.0,898.0,24
BUKIT PANJANG,EXECUTIVE,128.0,Premium Apartment,2002,670000.0,2024,9,92,5.0,927.0,22
TOA PAYOH,4 ROOM,92.0,Model A,2006,900000.0,2024,9,92,5.0,965.0,18
SENGKANG,4 ROOM,93.0,Model A,2020,595000.0,2024,9,92,2.0,1141.0,4
KALLANG/WHAMPOA,3 ROOM,65.0,Improved,1974,365000.0,2024,9,92,5.0,587.0,50
QUEENSTOWN,4 ROOM,86.0,Improved,1974,655000.0,2024,9,92,14.0,585.0,50
TAMPINES,4 ROOM,105.0,Model A,1984,560000.0,2024,9,92,2.0,707.0,40
TOA PAYOH,4 ROOM,93.0,Model A,2019,1020000.0,2024,9,92,29.0,1133.0,5
PUNGGOL,EXECUTIVE,128.0,Premium Apartment,2004,710000.0,2024,9,92,2.0,944.0,20
QUEENSTOWN,4 ROOM,84.0,Improved,1974,510000.0,2024,9,92,11.0,586.0,50
SEMBAWANG,4 ROOM,93.0,Model A,2018,663000.0,2024,9,92,5.0,1115.0,6
GEYLANG,3 ROOM,65.0,Improved,1981,435000.0,2024,9,92,11.0,665.0,43
ANG MO KIO,5 ROOM,113.0,Improved,2018,1170000.0,2024,10,93,26.0,1110.0,6
PUNGGOL,4 ROOM,93.0,Model A,2016,668000.0,2024,10,93,11.0,1095.0,8
BUKIT MERAH,3 ROOM,65.0,Improved,1975,390000.0,2024,10,93,11.0,595.0,49
SENGKANG,4 ROOM,91.0,Premium Apartment,2006,680000.0,2024,10,93,17.0,965.0,18
SENGKANG,5 ROOM,111.0,Improved,2001,642000.0,2024,10,93,8.0,907.0,23
TOA PAYOH,3 ROOM,67.0,Improved,1971,398000.0,2024,10,93,2.0,550.0,53
JURONG WEST,3 ROOM,67.0,Improved,1972,345000.0,2024,10,93,11.0,556.0,52
BUKIT MERAH,4 ROOM,93.0,Model A,2013,950000.0,2024,10,93,8.0,1049.0,11
PUNGGOL,4 ROOM,93.0,Premium Apartment,2017,695000.0,2024,10,93,14.0,1104.0,7
YISHUN,3 ROOM,67.0,New Generation,1985,460000.0,2024,10,93,11.0,723.0,39
CHOA CHU KANG,4 ROOM,104.0,Model A,1994,502000.0,2024,10,93,5.0,831.0,30
BUKIT MERAH,4 ROOM,90.0,Model A,2009,1000000.0,2024,10,93,26.0,1000.0,15
WOODLANDS,3 ROOM,78.0,Improved,1976,380000.0,2024,10,93,2.0,606.0,48
ANG MO KIO,5 ROOM,117.0,DBSS,2011,1188800.0,2024,10,93,5.0,1031.0,13
JURONG WEST,5 ROOM,115.0,Premium Apartment,2000,635000.0,2024,10,93,5.0,900.0,24
YISHUN,5 ROOM,112.0,Improved,2015,670000.0,2024,10,93,8.0,1074.0,9
BUKIT BATOK,4 ROOM,107.0,Model A,1987,550000.0,2024,10,93,8.0,744.0,37
PUNGGOL,5 ROOM,110.0,Improved,2004,665000.0,2024,10,93,14.0,948.0,20
QUEENSTOWN,4 ROOM,84.0,Improved,1974,489000.0,2024,10,93,14.0,585.0,50
SERANGOON,4 ROOM,93.0,New Generation,1985,595000.0,2024,10,93,2.0,720.0,39
QUEENSTOWN,3 ROOM,65.0,Improved,1974,442000.0,2024,10,93,8.0,585.0,50
SERANGOON,4 ROOM,103.0,Model A,1992,608888.0,2024,10,93,11.0,806.0,32
JURONG EAST,5 ROOM,110.0,Improved,2003,625000.0,2024,10,93,5.0,933.0,21
PASIR RIS,5 ROOM,123.0,Improved,1993,700000.0,2024,10,93,2.0,816.0,31
JURONG EAST,3 ROOM,67.0,New Generation,1985,370000.0,2024,10,93,5.0,717.0,39
JURONG WEST,3 ROOM,64.0,Simplified,1985,388000.0,2024,10,93,8.0,717.0,39
YISHUN,EXECUTIVE,164.0,Apartment,1992,995000.0,2024,10,93,5.0,801.0,32
BUKIT BATOK,3 ROOM,68.0,Model A,2020,475000.0,2024,10,93,11.0,1133.0,4
TAMPINES,4 ROOM,93.0,Model A,2018,655000.0,2024,10,93,2.0,1118.0,6
CHOA CHU KANG,4 ROOM,92.0,Model A,2017,618000.0,2024,10,93,8.0,1104.0,7
YISHUN,4 ROOM,84.0,Simplified,1988,480000.0,2024,10,93,11.0,758.0,36
YISHUN,4 ROOM,93.0,Model A,2018,655000.0,2024,10,93,11.0,1117.0,6
QUEENSTOWN,4 ROOM,92.0,Model A,2003,782000.0,2024,10,93,5.0,936.0,21
CLEMENTI,4 ROOM,97.0,New Generation,1978,578888.0,2024,10,93,14.0,630.0,46
PUNGGOL,4 ROOM,93.0,Model A,2012,655000.0,2024,10,93,14.0,1044.0,12
JURONG WEST,4 ROOM,84.0,Simplified,1985,460000.0,2024,10,93,2.0,716.0,39
BUKIT BATOK,3 ROOM,68.0,New Generation,1988,370000.0,2024,10,93,8.0,751.0,36
TAMPINES,3 ROOM,69.0,Model A,2015,570000.0,2024,10,93,14.0,1080.0,9
WOODLANDS,5 ROOM,112.0,Improved,2013,715000.0,2024,10,93,11.0,1059.0,11
ANG MO KIO,4 ROOM,90.0,Model A,2006,772000.0,2024,10,93,5.0,967.0,18
TOA PAYOH,3 ROOM,64.0,Improved,1972,448000.0,2024,10,93,5.0,562.0,52
WOODLANDS,4 ROOM,93.0,Model A,2019,660000.0,2024,10,93,14.0,1129.0,5
PUNGGOL,5 ROOM,110.0,Improved,2003,625000.0,2024,10,93,8.0,930.0,21
JURONG WEST,4 ROOM,101.0,Model A,1997,540000.0,2024,10,93,2.0,860.0,27
PUNGGOL,3 ROOM,68.0,Model A,2016,526888.0,2024,10,93,8.0,1089.0,8
PUNGGOL,5 ROOM,110.0,Improved,2003,628000.0,2024,10,93,2.0,940.0,21
PASIR RIS,4 ROOM,111.0,Model A,1989,600000.0,2024,10,93,2.0,765.0,35
PUNGGOL,4 ROOM,93.0,Model A,2012,618888.0,2024,10,93,5.0,1047.0,12
CHOA CHU KANG,5 ROOM,127.0,Premium Apartment,1998,708888.0,2024,10,93,11.0,868.0,26
BUKIT BATOK,5 ROOM,122.0,Improved,1997,738000.0,2024,10,93,8.0,867.0,27
PUNGGOL,5 ROOM,120.0,Premium Apartment,2013,798000.0,2024,10,93,5.0,1056.0,11
BEDOK,3 ROOM,60.0,Improved,1986,395000.0,2024,10,93,5.0,727.0,38
TAMPINES,3 ROOM,73.0,Model A,1984,480000.0,2024,10,93,5.0,703.0,40
BUKIT MERAH,4 ROOM,101.0,Model A,2001,1000000.0,2024,10,93,29.0,905.0,23
JURONG WEST,4 ROOM,89.0,Simplified,1985,480000.0,2024,10,93,8.0,723.0,39
PUNGGOL,4 ROOM,94.0,Premium Apartment,2004,615000.0,2024,10,93,11.0,944.0,20
JURONG WEST,5 ROOM,122.0,Improved,1997,630000.0,2024,10,93,5.0,867.0,27
PUNGGOL,4 ROOM,93.0,Premium Apartment,2016,611000.0,2024,10,93,2.0,1089.0,8
GEYLANG,4 ROOM,84.0,Simplified,1985,545000.0,2024,10,93,5.0,721.0,39
JURONG EAST,5 ROOM,126.0,Improved,1983,610000.0,2024,10,93,8.0,688.0,41
PUNGGOL,4 ROOM,91.0,Premium Apartment,2005,593000.0,2024,10,93,17.0,952.0,19
BEDOK,4 ROOM,85.0,Model A,2006,745000.0,2024,10,93,11.0,965.0,18
WOODLANDS,4 ROOM,94.0,New Generation,1980,450000.0,2024,10,93,8.0,661.0,44
TOA PAYOH,4 ROOM,104.0,Model A,1984,740000.0,2024,10,93,2.0,706.0,40
TOA PAYOH,4 ROOM,104.0,Model A,1998,726000.0,2024,10,93,5.0,874.0,26
WOODLANDS,4 ROOM,106.0,Model A,1996,550000.0,2024,10,93,2.0,852.0,28
YISHUN,3 ROOM,67.0,New Generation,1985,380000.0,2024,10,93,2.0,712.0,39
SENGKANG,4 ROOM,93.0,Model A,2016,628888.0,2024,10,93,8.0,1092.0,8
BUKIT BATOK,5 ROOM,113.0,Improved,2019,820000.0,2024,10,93,5.0,1120.0,5
SEMBAWANG,4 ROOM,93.0,Model A,2018,600000.0,2024,10,93,2.0,1114.0,6
JURONG EAST,4 ROOM,99.0,Model A,1993,510000.0,2024,10,93,11.0,814.0,31
CHOA CHU KANG,5 ROOM,110.0,Improved,2003,575000.0,2024,10,93,8.0,932.0,21
BUKIT BATOK,5 ROOM,121.0,3Gen,2019,868000.0,2024,10,93,11.0,1128.0,5
TAMPINES,5 ROOM,126.0,Improved,1993,718000.0,2024,10,93,5.0,816.0,31
HOUGANG,4 ROOM,93.0,Model A,2018,828888.0,2024,10,93,14.0,1109.0,6
PUNGGOL,4 ROOM,94.0,Premium Apartment,2014,665000.0,2024,10,93,5.0,1063.0,10
SENGKANG,4 ROOM,93.0,Model A,2015,695000.0,2024,10,93,11.0,1079.0,9
JURONG WEST,3 ROOM,65.0,Improved,1976,335000.0,2024,10,93,5.0,608.0,48
TOA PAYOH,4 ROOM,93.0,Model A,2017,926668.0,2024,10,93,17.0,1097.0,7
BUKIT BATOK,5 ROOM,120.0,Improved,1997,742888.0,2024,10,93,14.0,859.0,27
JURONG WEST,5 ROOM,122.0,Improved,1989,580000.0,2024,10,93,11.0,760.0,35
PASIR RIS,4 ROOM,103.0,Model A,1989,555000.0,2024,10,93,2.0,770.0,35
YISHUN,3 ROOM,74.0,Model A,1989,423500.0,2024,10,93,8.0,761.0,35
BEDOK,4 ROOM,84.0,Simplified,1987,560000.0,2024,10,93,11.0,744.0,37
WOODLANDS,4 ROOM,100.0,Model A,1997,530000.0,2024,10,93,5.0,864.0,27
ANG MO KIO,3 ROOM,68.0,New Generation,1981,428888.0,2024,10,93,5.0,664.0,43
SEMBAWANG,3 ROOM,68.0,Model A,2018,488000.0,2024,10,93,2.0,1114.0,6
BUKIT PANJANG,4 ROOM,90.0,Premium Apartment,2004,588000.0,2024,10,93,23.0,950.0,20
JURONG WEST,2 ROOM,47.0,Model A,2019,342000.0,2024,10,93,8.0,1125.0,5
QUEENSTOWN,3 ROOM,65.0,Improved,1976,395000.0,2024,10,93,11.0,610.0,48
BEDOK,5 ROOM,113.0,Improved,2018,978888.0,2024,10,93,5.0,1119.0,6
SENGKANG,5 ROOM,113.0,Premium Apartment,2017,782500.0,2024,10,93,14.0,1106.0,7
WOODLANDS,4 ROOM,94.0,Model A,2013,590000.0,2024,10,93,20.0,1053.0,11
JURONG EAST,3 ROOM,82.0,New Generation,1983,410000.0,2024,10,93,5.0,695.0,41
HOUGANG,3 ROOM,66.0,Model A,2014,490000.0,2024,10,93,14.0,1060.0,10
HOUGANG,5 ROOM,113.0,Improved,2018,765000.0,2024,10,93,14.0,1119.0,6
HOUGANG,5 ROOM,120.0,Improved,1998,743000.0,2024,10,93,8.0,871.0,26
YISHUN,4 ROOM,93.0,Model A,2018,560000.0,2024,10,93,2.0,1111.0,6
JURONG WEST,EXECUTIVE,149.0,Maisonette,1993,780000.0,2024,10,93,2.0,813.0,31
BUKIT BATOK,3 ROOM,68.0,New Generation,1984,390000.0,2024,10,93,5.0,707.0,40
TAMPINES,EXECUTIVE,147.0,Maisonette,1996,850000.0,2024,10,93,2.0,844.0,28
JURONG WEST,3 ROOM,67.0,Improved,1972,316000.0,2024,10,93,2.0,556.0,52
ANG MO KIO,3 ROOM,82.0,New Generation,1980,475000.0,2024,10,93,11.0,653.0,44
TAMPINES,4 ROOM,99.0,Model A,1997,620000.0,2024,10,93,2.0,859.0,27
CENTRAL AREA,3 ROOM,56.0,Standard,1974,400000.0,2024,10,93,14.0,580.0,50
PUNGGOL,5 ROOM,112.0,Improved,2014,668000.0,2024,10,93,2.0,1063.0,10
BEDOK,3 ROOM,59.0,Improved,1978,380000.0,2024,10,93,5.0,631.0,46
HOUGANG,4 ROOM,93.0,New Generation,1983,520000.0,2024,10,93,5.0,697.0,41
PUNGGOL,3 ROOM,67.0,Model A,2014,518000.0,2024,10,93,11.0,1071.0,10
BEDOK,3 ROOM,67.0,New Generation,1979,420000.0,2024,10,93,11.0,646.0,45
KALLANG/WHAMPOA,4 ROOM,92.0,Model A,2020,1125000.0,2024,10,93,26.0,1136.0,4
QUEENSTOWN,3 ROOM,58.0,Standard,1967,343000.0,2024,10,93,2.0,496.0,57
BUKIT BATOK,4 ROOM,100.0,Model A,1998,530000.0,2024,10,93,2.0,867.0,26
KALLANG/WHAMPOA,EXECUTIVE,146.0,Apartment,1994,1200000.0,2024,10,93,17.0,831.0,30
TAMPINES,4 ROOM,108.0,Model A,1995,565000.0,2024,10,93,2.0,841.0,29
KALLANG/WHAMPOA,4 ROOM,92.0,Model A,2020,1016000.0,2024,10,93,8.0,1136.0,4
BUKIT BATOK,3 ROOM,68.0,Model A,2020,465000.0,2024,10,93,5.0,1136.0,4
BUKIT BATOK,4 ROOM,92.0,Model A,2019,720000.0,2024,10,93,20.0,1120.0,5
BEDOK,5 ROOM,118.0,Improved,1980,800000.0,2024,10,93,17.0,658.0,44
BUKIT BATOK,5 ROOM,118.0,Improved,2004,730000.0,2024,10,93,14.0,950.0,20
BEDOK,3 ROOM,73.0,New Generation,1978,450000.0,2024,10,93,11.0,632.0,46
YISHUN,4 ROOM,99.0,New Generation,1986,510000.0,2024,10,93,2.0,735.0,38
SEMBAWANG,4 ROOM,95.0,Premium Apartment,2001,598000.0,2024,10,93,14.0,912.0,23
BUKIT PANJANG,4 ROOM,102.0,Model A,1998,520000.0,2024,10,93,2.0,872.0,26
BUKIT MERAH,3 ROOM,68.0,Model A,2018,755000.0,2024,10,93,26.0,1119.0,6
BUKIT MERAH,5 ROOM,114.0,Standard,1975,780000.0,2024,10,93,20.0,598.0,49
KALLANG/WHAMPOA,4 ROOM,95.0,DBSS,2011,1107000.0,2024,10,93,26.0,1025.0,13
JURONG EAST,5 ROOM,120.0,Improved,1989,760000.0,2024,10,93,8.0,763.0,35
BUKIT BATOK,4 ROOM,93.0,Model A,2019,680000.0,2024,10,93,14.0,1129.0,5
TAMPINES,4 ROOM,108.0,Model A,1988,635000.0,2024,10,93,8.0,758.0,36
SENGKANG,4 ROOM,94.0,Model A,2018,668000.0,2024,10,93,14.0,1114.0,6
SENGKANG,EXECUTIVE,130.0,Apartment,2001,770000.0,2024,10,93,5.0,907.0,23
BUKIT MERAH,5 ROOM,116.0,Improved,2006,895000.0,2024,10,93,2.0,965.0,18
HOUGANG,5 ROOM,112.0,Improved,2015,809000.0,2024,10,93,5.0,1076.0,9
PUNGGOL,4 ROOM,93.0,Premium Apartment,2018,740000.0,2024,10,93,8.0,1115.0,6
JURONG EAST,3 ROOM,67.0,New Generation,1982,420000.0,2024,10,93,2.0,688.0,42
BUKIT MERAH,3 ROOM,68.0,Model A,2019,760000.0,2024,10,93,26.0,1124.0,5
BUKIT PANJANG,3 ROOM,73.0,Model A,1988,428000.0,2024,10,93,11.0,751.0,36
SEMBAWANG,5 ROOM,110.0,Improved,2001,638000.0,2024,10,93,11.0,906.0,23
SENGKANG,4 ROOM,85.0,Model A2,2003,525000.0,2024,10,93,11.0,933.0,21
JURONG WEST,4 ROOM,90.0,Model A,2000,545000.0,2024,10,93,8.0,898.0,24
CHOA CHU KANG,4 ROOM,93.0,Model A,2017,581000.0,2024,10,93,2.0,1098.0,7
SENGKANG,4 ROOM,93.0,Model A,2016,575000.0,2024,10,93,2.0,1092.0,8
SEMBAWANG,2 ROOM,47.0,Model A,2020,395000.0,2024,10,93,5.0,1140.0,4
WOODLANDS,5 ROOM,121.0,Improved,1998,660000.0,2024,10,93,8.0,869.0,26
KALLANG/WHAMPOA,4 ROOM,94.0,New Generation,1980,568000.0,2024,10,93,2.0,663.0,44
PASIR RIS,4 ROOM,104.0,Model A,1995,585000.0,2024,10,93,5.0,835.0,29
WOODLANDS,4 ROOM,101.0,Model A,2000,545000.0,2024,10,93,5.0,896.0,24
JURONG WEST,EXECUTIVE,145.0,Apartment,1993,690000.0,2024,10,93,5.0,813.0,31
MARINE PARADE,4 ROOM,88.0,Improved,1975,530000.0,2024,10,93,2.0,592.0,49
QUEENSTOWN,4 ROOM,93.0,Model A,2018,958000.0,2024,10,93,5.0,1113.0,6
SENGKANG,4 ROOM,94.0,Model A,2018,700000.0,2024,10,93,11.0,1114.0,6
GEYLANG,3 ROOM,60.0,Improved,1970,325000.0,2024,10,93,8.0,532.0,54
YISHUN,5 ROOM,112.0,Improved,2015,705000.0,2024,10,93,5.0,1081.0,9
HOUGANG,4 ROOM,105.0,Model A,1989,648000.0,2024,10,93,8.0,767.0,35
SENGKANG,4 ROOM,85.0,Model A2,2000,545000.0,2024,10,93,5.0,896.0,24
SENGKANG,4 ROOM,90.0,Premium Apartment,2009,760000.0,2024,10,93,14.0,1011.0,15
JURONG WEST,3 ROOM,67.0,New Generation,1983,385000.0,2024,10,93,2.0,695.0,41
SENGKANG,4 ROOM,93.0,Model A,2016,633888.0,2024,10,93,11.0,1091.0,8
KALLANG/WHAMPOA,3 ROOM,70.0,Premium Apartment,2017,760000.0,2024,10,93,8.0,1102.0,7
YISHUN,4 ROOM,93.0,New Generation,1984,520000.0,2024,10,93,2.0,706.0,40
YISHUN,EXECUTIVE,164.0,Apartment,1992,1000000.0,2024,10,93,11.0,801.0,32
SENGKANG,4 ROOM,94.0,Model A,2011,650000.0,2024,10,93,20.0,1025.0,13
BEDOK,3 ROOM,68.0,New Generation,1979,380000.0,2024,10,93,11.0,647.0,45
GEYLANG,3 ROOM,65.0,Improved,1977,415000.0,2024,10,93,11.0,619.0,47
BUKIT MERAH,3 ROOM,65.0,Improved,1975,385000.0,2024,10,93,5.0,595.0,49
BEDOK,3 ROOM,59.0,Improved,1978,350500.0,2024,10,93,5.0,632.0,46
TAMPINES,5 ROOM,132.0,Model A,1996,725888.0,2024,10,93,11.0,848.0,28
TAMPINES,4 ROOM,106.0,Model A,1989,645000.0,2024,10,93,8.0,765.0,35
YISHUN,EXECUTIVE,146.0,Maisonette,1988,848000.0,2024,10,93,2.0,754.0,36
YISHUN,4 ROOM,105.0,Model A,1988,582000.0,2024,10,93,11.0,758.0,36
BISHAN,4 ROOM,84.0,Simplified,1986,610000.0,2024,10,93,5.0,724.0,38
TOA PAYOH,5 ROOM,134.0,Model A,1993,1050000.0,2024,10,93,8.0,811.0,31
TOA PAYOH,4 ROOM,94.0,Model A,2020,1080000.0,2024,10,93,11.0,1139.0,4
CLEMENTI,3 ROOM,67.0,New Generation,1978,420000.0,2024,10,93,5.0,638.0,46
PASIR RIS,5 ROOM,128.0,Improved,1993,808000.0,2024,10,93,5.0,819.0,31
BUKIT PANJANG,3 ROOM,67.0,Model A,2015,470000.0,2024,10,93,14.0,1083.0,9
PASIR RIS,4 ROOM,103.0,Model A,1992,550000.0,2024,10,93,5.0,807.0,32
JURONG WEST,5 ROOM,127.0,Improved,1995,588000.0,2024,10,93,14.0,838.0,29
HOUGANG,5 ROOM,115.0,Improved,1999,670000.0,2024,10,93,5.0,887.0,25
CHOA CHU KANG,EXECUTIVE,144.0,Apartment,1993,780000.0,2024,10,93,2.0,813.0,31
ANG MO KIO,3 ROOM,60.0,Improved,1986,415000.0,2024,10,93,5.0,724.0,38
CLEMENTI,3 ROOM,67.0,New Generation,1979,420000.0,2024,10,93,11.0,653.0,45
WOODLANDS,3 ROOM,68.0,Model A,2019,530000.0,2024,10,93,20.0,1129.0,5
PUNGGOL,5 ROOM,112.0,Improved,2014,820000.0,2024,10,93,17.0,1065.0,10
SENGKANG,4 ROOM,94.0,Model A,2018,685000.0,2024,10,93,14.0,1114.0,6
WOODLANDS,EXECUTIVE,144.0,Maisonette,1998,835888.0,2024,10,93,2.0,873.0,26
JURONG WEST,4 ROOM,84.0,Simplified,1985,484000.0,2024,10,93,8.0,723.0,39
GEYLANG,3 ROOM,68.0,Model A,2020,755000.0,2024,10,93,14.0,1136.0,4
TOA PAYOH,3 ROOM,65.0,Improved,1967,385000.0,2024,10,93,2.0,501.0,57
TAMPINES,4 ROOM,104.0,Model A,1989,610000.0,2024,10,93,8.0,762.0,35
YISHUN,3 ROOM,74.0,Model A,1983,405000.0,2024,10,93,8.0,693.0,41
BUKIT BATOK,4 ROOM,93.0,Model A,2020,625000.0,2024,10,93,8.0,1133.0,4
MARINE PARADE,4 ROOM,82.0,Improved,1975,533000.0,2024,10,93,5.0,594.0,49
BUKIT BATOK,3 ROOM,64.0,Simplified,1986,378000.0,2024,10,93,8.0,732.0,38
TAMPINES,4 ROOM,114.0,Model A,1984,615000.0,2024,10,93,2.0,706.0,40
BUKIT MERAH,4 ROOM,93.0,Model A,2013,1026000.0,2024,10,93,32.0,1049.0,11
JURONG EAST,3 ROOM,67.0,New Generation,1983,396888.0,2024,10,93,8.0,693.0,41
CHOA CHU KANG,5 ROOM,124.0,Premium Apartment,1999,618000.0,2024,10,93,5.0,891.0,25
BUKIT BATOK,3 ROOM,68.0,New Generation,1985,435000.0,2024,10,93,11.0,717.0,39
PUNGGOL,4 ROOM,93.0,Premium Apartment,2013,728000.0,2024,10,93,5.0,1054.0,11
TAMPINES,4 ROOM,104.0,Model A,1984,565000.0,2024,10,93,2.0,704.0,40
CENTRAL AREA,3 ROOM,59.0,Improved,1977,530000.0,2024,10,93,14.0,617.0,47
PASIR RIS,5 ROOM,124.0,Improved,1996,675000.0,2024,10,93,2.0,850.0,28
GEYLANG,3 ROOM,68.0,New Generation,1981,512800.0,2024,10,93,8.0,670.0,43
KALLANG/WHAMPOA,3 ROOM,70.0,Improved,1976,450000.0,2024,10,93,8.0,608.0,48
YISHUN,4 ROOM,92.0,Model A,2015,580000.0,2024,10,93,5.0,1082.0,9
BUKIT PANJANG,4 ROOM,92.0,Model A,2015,600000.0,2024,10,93,14.0,1083.0,9
PUNGGOL,5 ROOM,112.0,Improved,2015,850000.0,2024,10,93,8.0,1077.0,9
JURONG WEST,EXECUTIVE,148.0,Apartment,1997,788000.0,2024,10,93,5.0,856.0,27
CLEMENTI,3 ROOM,67.0,New Generation,1978,430000.0,2024,10,93,5.0,634.0,46
TOA PAYOH,3 ROOM,67.0,Improved,1971,358000.0,2024,10,93,2.0,544.0,53
TOA PAYOH,3 ROOM,67.0,Improved,1970,372000.0,2024,10,93,5.0,532.0,54
BUKIT PANJANG,5 ROOM,110.0,Premium Apartment,2004,685000.0,2024,10,93,17.0,950.0,20
PUNGGOL,EXECUTIVE,128.0,Premium Apartment,2004,810000.0,2024,10,93,8.0,943.0,20
TAMPINES,EXECUTIVE,149.0,Maisonette,1989,990000.0,2024,10,93,5.0,761.0,35
WOODLANDS,3 ROOM,66.0,Model A,2015,488000.0,2024,10,93,29.0,1079.0,9
PUNGGOL,5 ROOM,113.0,Premium Apartment,2020,770000.0,2024,10,93,2.0,1132.0,4
PUNGGOL,5 ROOM,113.0,Premium Apartment,2020,850000.0,2024,10,93,14.0,1132.0,4
SENGKANG,5 ROOM,110.0,Improved,2002,610000.0,2024,10,93,11.0,917.0,22
YISHUN,4 ROOM,84.0,Simplified,1985,538000.0,2024,10,93,2.0,720.0,39
WOODLANDS,4 ROOM,101.0,Model A2,1997,530000.0,2024,10,93,2.0,864.0,27
CENTRAL AREA,5 ROOM,107.0,Type S2,2011,1540000.0,2024,10,93,44.0,1024.0,13
SEMBAWANG,4 ROOM,100.0,Model A,1999,560000.0,2024,10,93,14.0,884.0,25
CHOA CHU KANG,3 ROOM,67.0,Model A,2017,466888.0,2024,10,93,11.0,1100.0,7
CHOA CHU KANG,4 ROOM,104.0,Premium Apartment,1999,510000.0,2024,10,93,5.0,883.0,25
TAMPINES,EXECUTIVE,143.0,Apartment,1995,1100000.0,2024,10,93,5.0,842.0,29
WOODLANDS,4 ROOM,91.0,Model A2,1997,510000.0,2024,10,93,5.0,863.0,27
PUNGGOL,4 ROOM,93.0,Model A,2018,651000.0,2024,10,93,8.0,1119.0,6
BUKIT MERAH,3 ROOM,59.0,Standard,1971,360888.0,2024,10,93,5.0,544.0,53
BISHAN,4 ROOM,105.0,Model A,1992,818000.0,2024,10,93,8.0,803.0,32
QUEENSTOWN,3 ROOM,65.0,Improved,1976,375000.0,2024,10,93,5.0,610.0,48
BISHAN,EXECUTIVE,147.0,Maisonette,1992,1238000.0,2024,10,93,11.0,802.0,32
CHOA CHU KANG,5 ROOM,110.0,Improved,2003,580000.0,2024,10,93,17.0,933.0,21
PUNGGOL,2 ROOM,46.0,Model A,2014,370000.0,2024,10,93,14.0,1071.0,10
JURONG WEST,4 ROOM,93.0,Model A,2018,600000.0,2024,10,93,5.0,1117.0,6
PASIR RIS,4 ROOM,106.0,Model A,1994,568000.0,2024,10,93,5.0,823.0,30
BEDOK,4 ROOM,92.0,New Generation,1979,558000.0,2024,10,93,14.0,640.0,45
YISHUN,3 ROOM,74.0,Model A,1989,425000.0,2024,10,93,5.0,761.0,35
PUNGGOL,5 ROOM,113.0,Premium Apartment,2016,855000.0,2024,10,93,8.0,1092.0,8
WOODLANDS,4 ROOM,100.0,Model A,1997,548000.0,2024,10,93,5.0,864.0,27
TAMPINES,4 ROOM,89.0,Simplified,1986,577500.0,2024,10,93,2.0,733.0,38
GEYLANG,4 ROOM,95.0,Model A,2011,800000.0,2024,10,93,5.0,1035.0,13
SENGKANG,EXECUTIVE,130.0,Apartment,2001,846888.0,2024,10,93,11.0,908.0,23
SEMBAWANG,5 ROOM,122.0,Improved,1998,675000.0,2024,10,93,17.0,879.0,26
CHOA CHU KANG,4 ROOM,101.0,Model A,1997,525000.0,2024,10,93,5.0,859.0,27
JURONG WEST,4 ROOM,104.0,Model A,1989,538888.0,2024,10,93,11.0,769.0,35
SENGKANG,4 ROOM,90.0,Model A,2003,605000.0,2024,11,94,11.0,930.0,21
PUNGGOL,5 ROOM,111.0,Improved,2003,671000.0,2024,11,94,11.0,934.0,21
CHOA CHU KANG,4 ROOM,106.0,Model A,1988,540000.0,2024,11,94,5.0,758.0,36
WOODLANDS,4 ROOM,101.0,Premium Apartment,2000,560000.0,2024,11,94,2.0,893.0,24
GEYLANG,3 ROOM,56.0,Standard,1969,357000.0,2024,11,94,5.0,520.0,55
TOA PAYOH,5 ROOM,110.0,DBSS,2012,1068888.0,2024,11,94,14.0,1039.0,12
JURONG WEST,EXECUTIVE,150.0,Maisonette,1985,770000.0,2024,11,94,11.0,718.0,39
SENGKANG,4 ROOM,90.0,Model A,2002,538000.0,2024,11,94,11.0,915.0,22
SENGKANG,5 ROOM,110.0,Improved,2001,580000.0,2024,11,94,2.0,904.0,23
BUKIT BATOK,5 ROOM,120.0,Improved,1997,760000.0,2024,11,94,11.0,857.0,27
BEDOK,5 ROOM,121.0,Improved,1983,700000.0,2024,11,94,2.0,687.0,41
SENGKANG,4 ROOM,94.0,Premium Apartment,2003,548000.0,2024,11,94,5.0,934.0,21
QUEENSTOWN,3 ROOM,65.0,Improved,1975,430000.0,2024,11,94,11.0,597.0,49
JURONG WEST,3 ROOM,73.0,Model A,1989,395000.0,2024,11,94,11.0,763.0,35
SENGKANG,4 ROOM,95.0,Premium Apartment,2012,626666.0,2024,11,94,5.0,1045.0,12
JURONG EAST,5 ROOM,121.0,Improved,1983,660000.0,2024,11,94,5.0,687.0,41
BUKIT MERAH,3 ROOM,86.0,New Generation,1980,650000.0,2024,11,94,11.0,661.0,44
TOA PAYOH,3 ROOM,65.0,Improved,1972,388000.0,2024,11,94,11.0,561.0,52
JURONG EAST,5 ROOM,120.0,Improved,1998,760000.0,2024,11,94,8.0,877.0,26
ANG MO KIO,3 ROOM,67.0,New Generation,1979,452000.0,2024,11,94,11.0,646.0,45
JURONG WEST,3 ROOM,59.0,Improved,1978,340000.0,2024,11,94,8.0,634.0,46
BISHAN,4 ROOM,108.0,Model A,1992,830000.0,2024,11,94,8.0,802.0,32
TAMPINES,4 ROOM,93.0,Model A,2020,738500.0,2024,11,94,5.0,1140.0,4
HOUGANG,5 ROOM,138.0,Model A-Maisonette,1984,975000.0,2024,11,94,8.0,706.0,40
TOA PAYOH,4 ROOM,94.0,Model A,2020,1072000.0,2024,11,94,11.0,1138.0,4
HOUGANG,3 ROOM,73.0,New Generation,1978,410000.0,2024,11,94,5.0,632.0,46
PUNGGOL,3 ROOM,68.0,Model A,2018,540000.0,2024,11,94,14.0,1118.0,6
SEMBAWANG,4 ROOM,90.0,Model A,2004,541688.0,2024,11,94,11.0,946.0,20
YISHUN,3 ROOM,68.0,Model A,2018,510000.0,2024,11,94,11.0,1117.0,6
WOODLANDS,5 ROOM,126.0,Premium Apartment,2000,670000.0,2024,11,94,5.0,896.0,24
ANG MO KIO,3 ROOM,67.0,New Generation,1976,418000.0,2024,11,94,8.0,606.0,48
PUNGGOL,3 ROOM,67.0,Model A,2014,520000.0,2024,11,94,11.0,1070.0,10
CHOA CHU KANG,4 ROOM,92.0,Model A,2018,545000.0,2024,11,94,2.0,1108.0,6
SERANGOON,5 ROOM,122.0,Improved,1992,650000.0,2024,11,94,2.0,803.0,32
BEDOK,4 ROOM,102.0,Model A,1998,630000.0,2024,11,94,5.0,868.0,26
SENGKANG,4 ROOM,95.0,Premium Apartment,2012,640000.0,2024,11,94,5.0,1044.0,12
WOODLANDS,3 ROOM,60.0,Improved,1985,355000.0,2024,11,94,5.0,711.0,39
SERANGOON,4 ROOM,105.0,Model A,1985,745000.0,2024,11,94,5.0,716.0,39
TOA PAYOH,3 ROOM,65.0,Improved,1973,380000.0,2024,11,94,5.0,573.0,51
SEMBAWANG,5 ROOM,110.0,Improved,2001,570000.0,2024,11,94,2.0,905.0,23
YISHUN,4 ROOM,84.0,Simplified,1988,470000.0,2024,11,94,8.0,752.0,36
BEDOK,5 ROOM,133.0,Model A,1993,845000.0,2024,11,94,2.0,811.0,31
BUKIT BATOK,3 ROOM,67.0,Model A,2019,580000.0,2024,11,94,23.0,1121.0,5
YISHUN,4 ROOM,92.0,Model A,2015,636000.0,2024,11,94,11.0,1081.0,9
QUEENSTOWN,4 ROOM,95.0,Model A,2002,920000.0,2024,11,94,11.0,919.0,22
QUEENSTOWN,3 ROOM,65.0,Improved,1974,510000.0,2024,11,94,20.0,583.0,50
WOODLANDS,5 ROOM,122.0,Improved,1997,658000.0,2024,11,94,8.0,863.0,27
ANG MO KIO,3 ROOM,68.0,New Generation,1980,403888.0,2024,11,94,14.0,659.0,44
BUKIT PANJANG,4 ROOM,101.0,Model A,1997,695000.0,2024,11,94,8.0,866.0,27
HOUGANG,4 ROOM,90.0,Model A,2004,530000.0,2024,11,94,2.0,942.0,20
SEMBAWANG,5 ROOM,115.0,Improved,1999,625000.0,2024,11,94,5.0,885.0,25
ANG MO KIO,3 ROOM,67.0,New Generation,1980,395000.0,2024,11,94,5.0,656.0,44
JURONG WEST,5 ROOM,114.0,Premium Apartment,2008,645000.0,2024,11,94,11.0,995.0,16
TAMPINES,4 ROOM,104.0,Model A,1988,668000.0,2024,11,94,5.0,756.0,36
ANG MO KIO,4 ROOM,92.0,New Generation,1982,561000.0,2024,11,94,8.0,676.0,42
PUNGGOL,4 ROOM,92.0,Model A,2014,680000.0,2024,11,94,8.0,1062.0,10
QUEENSTOWN,3 ROOM,65.0,Improved,1975,480000.0,2024,11,94,8.0,591.0,49
QUEENSTOWN,3 ROOM,65.0,Improved,1975,360000.0,2024,11,94,5.0,597.0,49
BUKIT TIMAH,4 ROOM,104.0,Model A,1989,860000.0,2024,11,94,5.0,764.0,35
TOA PAYOH,4 ROOM,103.0,Model A,1986,768000.0,2024,11,94,20.0,729.0,38
SENGKANG,3 ROOM,69.0,Model A,2012,528000.0,2024,11,94,8.0,1037.0,12
BUKIT BATOK,4 ROOM,89.0,Simplified,1987,470000.0,2024,11,94,2.0,736.0,37
QUEENSTOWN,3 ROOM,66.0,Standard,1967,326000.0,2024,11,94,2.0,495.0,57
SENGKANG,5 ROOM,112.0,Premium Apartment,2004,630000.0,2024,11,94,14.0,944.0,20
CHOA CHU KANG,4 ROOM,101.0,Model A,1999,556000.0,2024,11,94,5.0,882.0,25
BISHAN,5 ROOM,121.0,Improved,1987,970888.0,2024,11,94,11.0,739.0,37
SEMBAWANG,4 ROOM,92.0,Model A,2020,762000.0,2024,11,94,8.0,1135.0,4
YISHUN,EXECUTIVE,148.0,Maisonette,1988,855500.0,2024,11,94,5.0,754.0,36
PUNGGOL,4 ROOM,92.0,Premium Apartment,2014,793888.0,2024,11,94,8.0,1061.0,10
TAMPINES,5 ROOM,121.0,Improved,1988,720000.0,2024,11,94,8.0,758.0,36
JURONG WEST,5 ROOM,139.0,Model A-Maisonette,1984,690888.0,2024,11,94,8.0,701.0,40
BUKIT PANJANG,4 ROOM,104.0,Model A,1988,508000.0,2024,11,94,8.0,755.0,36
YISHUN,4 ROOM,93.0,Model A,2016,605888.0,2024,11,94,5.0,1085.0,8
SERANGOON,4 ROOM,91.0,New Generation,1985,580000.0,2024,11,94,14.0,719.0,39
KALLANG/WHAMPOA,5 ROOM,110.0,Improved,2004,1000000.0,2024,11,94,5.0,949.0,20
JURONG WEST,4 ROOM,95.0,Premium Apartment,2001,568000.0,2024,11,94,8.0,906.0,23
BUKIT BATOK,3 ROOM,64.0,Simplified,1988,375000.0,2024,11,94,2.0,751.0,36
SENGKANG,4 ROOM,93.0,Model A,2016,650000.0,2024,11,94,2.0,1093.0,8
KALLANG/WHAMPOA,3 ROOM,103.6,Terrace,1972,990000.0,2024,11,94,2.0,561.0,52
PUNGGOL,4 ROOM,85.0,Model A,2003,575000.0,2024,11,94,17.0,938.0,21
WOODLANDS,EXECUTIVE,143.0,Maisonette,1999,850000.0,2024,11,94,11.0,883.0,25
CHOA CHU KANG,4 ROOM,101.0,Model A,1999,515000.0,2024,11,94,8.0,885.0,25
SENGKANG,4 ROOM,101.0,Model A,1999,560000.0,2024,11,94,5.0,887.0,25
BEDOK,5 ROOM,126.0,Improved,1993,840000.0,2024,11,94,5.0,812.0,31
JURONG WEST,5 ROOM,118.0,Improved,1982,728000.0,2024,11,94,20.0,681.0,42
YISHUN,5 ROOM,121.0,Improved,1987,614000.0,2024,11,94,8.0,746.0,37
PASIR RIS,4 ROOM,105.0,Model A,1989,628000.0,2024,11,94,2.0,767.0,35
WOODLANDS,4 ROOM,95.0,Model A2,1998,530000.0,2024,11,94,5.0,872.0,26
CHOA CHU KANG,5 ROOM,121.0,Improved,1995,640000.0,2024,11,94,2.0,835.0,29
BUKIT PANJANG,4 ROOM,100.0,Model A,1999,593888.0,2024,11,94,5.0,884.0,25
PUNGGOL,4 ROOM,93.0,Premium Apartment,2019,740000.0,2024,11,94,17.0,1121.0,5
BEDOK,4 ROOM,98.0,New Generation,1983,571000.0,2024,11,94,5.0,687.0,41
WOODLANDS,5 ROOM,121.0,Improved,1998,650000.0,2024,11,94,8.0,867.0,26
SENGKANG,5 ROOM,110.0,Improved,2001,708888.0,2024,11,94,14.0,905.0,23
HOUGANG,5 ROOM,121.0,Improved,1987,698000.0,2024,11,94,2.0,739.0,37
BISHAN,5 ROOM,121.0,Improved,1992,1138000.0,2024,11,94,8.0,802.0,32
YISHUN,4 ROOM,104.0,Model A,1985,535000.0,2024,11,94,2.0,720.0,39
BUKIT MERAH,3 ROOM,76.0,Improved,1976,495000.0,2024,11,94,2.0,603.0,48
JURONG WEST,EXECUTIVE,130.0,Apartment,2001,763000.0,2024,11,94,2.0,910.0,23
SEMBAWANG,4 ROOM,102.0,Premium Apartment,2001,550000.0,2024,11,94,5.0,909.0,23
ANG MO KIO,3 ROOM,67.0,New Generation,1976,383000.0,2024,11,94,5.0,606.0,48
BUKIT BATOK,4 ROOM,92.0,Model A,2019,638888.0,2024,11,94,8.0,1121.0,5
CHOA CHU KANG,5 ROOM,110.0,Improved,2002,580000.0,2024,11,94,8.0,922.0,22
SENGKANG,5 ROOM,110.0,Premium Apartment,2003,635800.0,2024,11,94,5.0,929.0,21
SEMBAWANG,5 ROOM,110.0,Premium Apartment,2001,608000.0,2024,11,94,8.0,911.0,23
WOODLANDS,3 ROOM,68.0,Model A,2018,475000.0,2024,11,94,5.0,1116.0,6
CLEMENTI,3 ROOM,73.0,Model A,2013,616888.0,2024,11,94,2.0,1055.0,11
PASIR RIS,EXECUTIVE,147.0,Apartment,1995,833000.0,2024,11,94,2.0,840.0,29
CHOA CHU KANG,4 ROOM,91.0,Model A2,1998,528888.0,2024,11,94,8.0,867.0,26
GEYLANG,3 ROOM,64.0,Simplified,2000,465000.0,2024,11,94,5.0,895.0,24
JURONG WEST,5 ROOM,116.0,Premium Apartment,2015,780000.0,2024,11,94,17.0,1075.0,9
PUNGGOL,4 ROOM,92.0,Model A,2012,675388.0,2024,11,94,11.0,1043.0,12
PUNGGOL,3 ROOM,68.0,Premium Apartment,2019,578000.0,2024,11,94,17.0,1122.0,5
JURONG WEST,5 ROOM,140.0,Model A-Maisonette,1984,660000.0,2024,11,94,8.0,706.0,40
PUNGGOL,4 ROOM,93.0,Premium Apartment,2016,670000.0,2024,11,94,5.0,1092.0,8
TAMPINES,EXECUTIVE,148.0,Maisonette,1985,805000.0,2024,11,94,2.0,721.0,39
BEDOK,3 ROOM,68.0,New Generation,1981,428000.0,2024,11,94,11.0,670.0,43
BUKIT MERAH,4 ROOM,92.0,Model A,2003,968000.0,2024,11,94,17.0,927.0,21
MARINE PARADE,5 ROOM,120.0,Standard,1975,925000.0,2024,11,94,14.0,591.0,49
KALLANG/WHAMPOA,4 ROOM,83.0,Simplified,1987,625000.0,2024,11,94,5.0,738.0,37
TAMPINES,4 ROOM,88.0,Simplified,1988,585000.0,2024,11,94,11.0,754.0,36
YISHUN,3 ROOM,74.0,Model A,1988,435000.0,2024,11,94,11.0,748.0,36
CLEMENTI,3 ROOM,67.0,New Generation,1978,385000.0,2024,11,94,2.0,632.0,46
PUNGGOL,5 ROOM,110.0,Improved,2016,785000.0,2024,11,94,11.0,1088.0,8
YISHUN,3 ROOM,67.0,Model A,2015,461888.0,2024,11,94,11.0,1082.0,9
CHOA CHU KANG,4 ROOM,92.0,New Generation,1978,450000.0,2024,11,94,14.0,631.0,46
CHOA CHU KANG,3 ROOM,67.0,Model A,2018,485000.0,2024,11,94,8.0,1108.0,6
JURONG WEST,5 ROOM,126.0,Improved,1996,526000.0,2024,11,94,2.0,852.0,28
CHOA CHU KANG,5 ROOM,112.0,Improved,2017,705000.0,2024,11,94,5.0,1103.0,7
BEDOK,5 ROOM,119.0,Improved,1978,800000.0,2024,11,94,14.0,637.0,46
HOUGANG,2 ROOM,47.0,Model A,2019,355000.0,2024,11,94,8.0,1127.0,5
CHOA CHU KANG,4 ROOM,101.0,Model A,1999,530000.0,2024,11,94,14.0,884.0,25
SENGKANG,4 ROOM,92.0,Premium Apartment,2017,818000.0,2024,11,94,11.0,1099.0,7
HOUGANG,EXECUTIVE,153.0,Maisonette,1987,958000.0,2024,11,94,2.0,744.0,37
CHOA CHU KANG,4 ROOM,104.0,Model A,1989,530000.0,2024,11,94,2.0,762.0,35
YISHUN,4 ROOM,92.0,Model A,2015,550000.0,2024,11,94,2.0,1082.0,9
ANG MO KIO,4 ROOM,98.0,New Generation,1977,608000.0,2024,11,94,5.0,618.0,47
WOODLANDS,EXECUTIVE,143.0,Premium Apartment,2000,800000.0,2024,11,94,2.0,892.0,24
YISHUN,4 ROOM,93.0,New Generation,1985,538000.0,2024,11,94,2.0,719.0,39
SEMBAWANG,4 ROOM,93.0,Model A,2020,668000.0,2024,11,94,14.0,1142.0,4
TAMPINES,5 ROOM,119.0,Improved,1997,705000.0,2024,11,94,5.0,858.0,27
HOUGANG,5 ROOM,122.0,Improved,1989,780000.0,2024,11,94,14.0,765.0,35
SENGKANG,4 ROOM,92.0,Model A,2015,628000.0,2024,11,94,2.0,1076.0,9
BUKIT BATOK,4 ROOM,92.0,Model A,2004,602000.0,2024,11,94,23.0,951.0,20
PASIR RIS,4 ROOM,105.0,Model A,1989,585000.0,2024,11,94,2.0,762.0,35
SEMBAWANG,4 ROOM,93.0,Model A,2019,580000.0,2024,11,94,2.0,1123.0,5
SERANGOON,4 ROOM,93.0,New Generation,1985,668888.0,2024,11,94,8.0,719.0,39
KALLANG/WHAMPOA,3 ROOM,68.0,Improved,1972,380000.0,2024,11,94,2.0,555.0,52
YISHUN,3 ROOM,74.0,Model A,1989,406000.0,2024,11,94,5.0,761.0,35
HOUGANG,EXECUTIVE,137.0,Apartment,1999,835000.0,2024,11,94,2.0,886.0,25
SENGKANG,4 ROOM,93.0,Model A,2016,685000.0,2024,11,94,20.0,1083.0,8
BUKIT PANJANG,4 ROOM,84.0,Simplified,1988,458000.0,2024,11,94,5.0,759.0,36
HOUGANG,EXECUTIVE,148.0,Maisonette,1992,985000.0,2024,11,94,2.0,804.0,32
HOUGANG,5 ROOM,112.0,Premium Apartment,2016,765000.0,2024,11,94,2.0,1087.0,8
BUKIT BATOK,4 ROOM,93.0,Model A,2019,630000.0,2024,11,94,8.0,1121.0,5
MARINE PARADE,4 ROOM,88.0,Improved,1975,580000.0,2024,11,94,11.0,591.0,49
KALLANG/WHAMPOA,4 ROOM,93.0,Premium Apartment,2017,1190000.0,2024,11,94,32.0,1106.0,7
QUEENSTOWN,3 ROOM,59.0,Improved,1974,355000.0,2024,11,94,5.0,584.0,50
JURONG WEST,3 ROOM,67.0,New Generation,1985,400000.0,2024,11,94,11.0,715.0,39
QUEENSTOWN,5 ROOM,110.0,Improved,2002,945000.0,2024,11,94,5.0,920.0,22
SENGKANG,5 ROOM,110.0,Improved,2001,580000.0,2024,11,94,2.0,912.0,23
PUNGGOL,3 ROOM,68.0,Model A,2018,490000.0,2024,11,94,2.0,1118.0,6
BISHAN,4 ROOM,89.0,Simplified,1986,770000.0,2024,11,94,8.0,730.0,38
CHOA CHU KANG,EXECUTIVE,154.0,Maisonette,1989,895000.0,2024,11,94,11.0,762.0,35
ANG MO KIO,4 ROOM,93.0,Model A,2018,960000.0,2024,11,94,14.0,1113.0,6
TAMPINES,5 ROOM,122.0,Improved,1987,680000.0,2024,11,94,2.0,746.0,37
SENGKANG,4 ROOM,93.0,Model A,2018,645000.0,2024,11,94,8.0,1111.0,6
GEYLANG,4 ROOM,102.0,Model A,1998,925000.0,2024,11,94,17.0,868.0,26
WOODLANDS,4 ROOM,111.0,Model A,1996,535000.0,2024,11,94,2.0,846.0,28
PUNGGOL,4 ROOM,94.0,Model A,2012,653888.0,2024,11,94,14.0,1041.0,12
CLEMENTI,5 ROOM,117.0,Standard,1978,715000.0,2024,11,94,2.0,629.0,46
PUNGGOL,4 ROOM,92.0,Model A,2012,680000.0,2024,11,94,14.0,1046.0,12
HOUGANG,4 ROOM,95.0,Premium Apartment,2016,800000.0,2024,11,94,11.0,1085.0,8
PUNGGOL,5 ROOM,110.0,Improved,2003,694000.0,2024,11,94,8.0,938.0,21
KALLANG/WHAMPOA,4 ROOM,85.0,Model A,2004,680000.0,2024,11,94,8.0,945.0,20
YISHUN,4 ROOM,93.0,Model A,2018,645000.0,2024,11,94,8.0,1116.0,6
ANG MO KIO,3 ROOM,68.0,New Generation,1981,380000.0,2024,11,94,2.0,663.0,43
GEYLANG,3 ROOM,60.3,Standard,1967,350000.0,2024,11,94,5.0,495.0,57
BUKIT PANJANG,4 ROOM,100.0,Model A,1998,545000.0,2024,11,94,14.0,872.0,26
ANG MO KIO,4 ROOM,96.0,Model A,2012,1020000.0,2024,11,94,26.0,1044.0,12
GEYLANG,4 ROOM,93.0,Model A,2020,995000.0,2024,11,94,8.0,1135.0,4
BISHAN,4 ROOM,109.0,Model A,1990,858000.0,2024,11,94,5.0,774.0,34
YISHUN,4 ROOM,104.0,Model A,1988,508888.0,2024,11,94,2.0,749.0,36
BUKIT BATOK,5 ROOM,118.0,Improved,1997,778000.0,2024,11,94,17.0,860.0,27
QUEENSTOWN,3 ROOM,65.0,Improved,1976,465000.0,2024,11,94,11.0,610.0,48
PUNGGOL,2 ROOM,47.0,2-room,2016,355000.0,2024,11,94,2.0,1094.0,8
SERANGOON,4 ROOM,106.0,Model A,1989,890000.0,2024,11,94,8.0,761.0,35
TAMPINES,3 ROOM,69.0,Model A,2020,580000.0,2024,11,94,11.0,1140.0,4
BEDOK,4 ROOM,90.0,Improved,1977,470000.0,2024,11,94,5.0,625.0,47
GEYLANG,3 ROOM,68.0,Model A,2020,725000.0,2024,11,94,5.0,1135.0,4
BUKIT MERAH,3 ROOM,59.0,Improved,1975,373000.0,2024,11,94,2.0,595.0,49
BUKIT BATOK,4 ROOM,93.0,Model A,2020,663000.0,2024,11,94,11.0,1132.0,4
PUNGGOL,4 ROOM,91.0,Premium Apartment,2003,550000.0,2024,11,94,17.0,938.0,21
JURONG EAST,5 ROOM,135.0,Model A,1984,640000.0,2024,11,94,2.0,706.0,40
BUKIT PANJANG,5 ROOM,122.0,Improved,1988,640000.0,2024,11,94,11.0,753.0,36
HOUGANG,4 ROOM,104.0,Model A,1983,570000.0,2024,11,94,11.0,691.0,41
JURONG WEST,5 ROOM,115.0,Improved,2012,718000.0,2024,11,94,5.0,1037.0,12
PUNGGOL,5 ROOM,116.0,Premium Apartment,2019,925000.0,2024,11,94,11.0,1121.0,5
SEMBAWANG,4 ROOM,93.0,Model A,2020,540000.0,2024,11,94,2.0,1142.0,4
BUKIT BATOK,4 ROOM,93.0,Model A,2019,678888.0,2024,11,94,23.0,1121.0,5
TAMPINES,3 ROOM,68.0,New Generation,1987,410000.0,2024,11,94,2.0,745.0,37
WOODLANDS,5 ROOM,123.0,Improved,1998,665000.0,2024,11,94,5.0,867.0,26
PUNGGOL,5 ROOM,110.0,Improved,2016,800000.0,2024,11,94,14.0,1088.0,8
PASIR RIS,EXECUTIVE,146.0,Apartment,1993,840000.0,2024,11,94,2.0,815.0,31
HOUGANG,4 ROOM,84.0,Simplified,1987,505000.0,2024,11,94,2.0,740.0,37
PUNGGOL,3 ROOM,68.0,Premium Apartment,2016,558000.0,2024,11,94,14.0,1088.0,8
CHOA CHU KANG,5 ROOM,113.0,Improved,2018,658000.0,2024,11,94,2.0,1108.0,6
WOODLANDS,4 ROOM,84.0,Simplified,1993,495000.0,2024,12,95,5.0,814.0,31
PUNGGOL,3 ROOM,67.0,Premium Apartment,2016,518000.0,2024,12,95,2.0,1084.0,8
GEYLANG,4 ROOM,108.0,Model A,1989,618000.0,2024,12,95,5.0,768.0,35
KALLANG/WHAMPOA,3 ROOM,65.0,Improved,1974,415000.0,2024,12,95,14.0,584.0,50
TOA PAYOH,5 ROOM,135.0,Model A,1984,1039998.0,2024,12,95,14.0,703.0,40
PUNGGOL,3 ROOM,68.0,Premium Apartment,2016,500000.0,2024,12,95,2.0,1087.0,8
SENGKANG,4 ROOM,93.0,Model A,2016,660000.0,2024,12,95,14.0,1091.0,8
SENGKANG,5 ROOM,113.0,Improved,2016,760000.0,2024,12,95,5.0,1093.0,8
WOODLANDS,5 ROOM,110.0,Improved,2000,680000.0,2024,12,95,8.0,896.0,24
ANG MO KIO,3 ROOM,67.0,New Generation,1978,390000.0,2024,12,95,2.0,634.0,46
ANG MO KIO,3 ROOM,66.0,Improved,1981,370000.0,2024,12,95,2.0,668.0,43
TAMPINES,4 ROOM,84.0,DBSS,2014,845000.0,2024,12,95,8.0,1063.0,10
JURONG WEST,3 ROOM,65.0,Improved,1974,322177.0,2024,12,95,2.0,587.0,50
CLEMENTI,3 ROOM,67.0,New Generation,1978,425000.0,2024,12,95,5.0,636.0,46
PUNGGOL,4 ROOM,94.0,Premium Apartment,2013,730000.0,2024,12,95,8.0,1052.0,11
PASIR RIS,5 ROOM,124.0,Improved,1993,715000.0,2024,12,95,11.0,815.0,31
BEDOK,5 ROOM,113.0,Improved,2018,960000.0,2024,12,95,5.0,1118.0,6
BUKIT MERAH,3 ROOM,63.0,Improved,1975,335000.0,2024,12,95,2.0,596.0,49
BUKIT BATOK,4 ROOM,104.0,Model A,1983,555000.0,2024,12,95,5.0,696.0,41
SERANGOON,3 ROOM,67.0,New Generation,1984,485000.0,2024,12,95,8.0,707.0,40
CLEMENTI,3 ROOM,67.0,New Generation,1978,440000.0,2024,12,95,5.0,638.0,46
TAMPINES,3 ROOM,68.0,Model A,2020,560000.0,2024,12,95,5.0,1139.0,4
QUEENSTOWN,4 ROOM,90.0,Model A,2008,1028000.0,2024,12,95,38.0,993.0,16
WOODLANDS,EXECUTIVE,151.0,Apartment,1994,910000.0,2024,12,95,8.0,821.0,30
BUKIT BATOK,4 ROOM,102.0,Model A,1997,665000.0,2024,12,95,14.0,860.0,27
TAMPINES,3 ROOM,64.0,Simplified,1987,425000.0,2024,12,95,2.0,737.0,37
BISHAN,4 ROOM,106.0,Model A,1992,858000.0,2024,12,95,17.0,801.0,32
YISHUN,4 ROOM,104.0,Model A,1985,575000.0,2024,12,95,11.0,717.0,39
PUNGGOL,4 ROOM,93.0,Premium Apartment,2012,740000.0,2024,12,95,14.0,1040.0,12
JURONG WEST,EXECUTIVE,151.0,Maisonette,1985,940000.0,2024,12,95,14.0,719.0,39
WOODLANDS,3 ROOM,65.0,Improved,1976,360000.0,2024,12,95,8.0,604.0,48
YISHUN,3 ROOM,73.0,Model A,1987,430000.0,2024,12,95,5.0,742.0,37
BEDOK,5 ROOM,127.0,Improved,1996,885000.0,2024,12,95,11.0,851.0,28
YISHUN,4 ROOM,103.0,Model A,1986,530000.0,2024,12,95,5.0,727.0,38
YISHUN,4 ROOM,92.0,Model A,2015,570000.0,2024,12,95,5.0,1073.0,9
CHOA CHU KANG,4 ROOM,91.0,Model A2,1997,475000.0,2024,12,95,5.0,857.0,27
GEYLANG,5 ROOM,111.0,Improved,2005,1063000.0,2024,12,95,11.0,951.0,19
YISHUN,4 ROOM,105.0,Model A,1988,545000.0,2024,12,95,11.0,754.0,36
YISHUN,4 ROOM,93.0,Model A,2018,580000.0,2024,12,95,2.0,1115.0,6
BUKIT MERAH,3 ROOM,68.0,Model A,2017,718000.0,2024,12,95,5.0,1098.0,7
TAMPINES,EXECUTIVE,145.0,Apartment,1989,990000.0,2024,12,95,8.0,762.0,35
SENGKANG,4 ROOM,93.0,Model A,2016,602000.0,2024,12,95,2.0,1083.0,8
WOODLANDS,4 ROOM,103.0,Model A,1996,550000.0,2024,12,95,8.0,843.0,28
YISHUN,3 ROOM,67.0,New Generation,1984,401888.0,2024,12,95,11.0,709.0,40
JURONG WEST,5 ROOM,113.0,Improved,2017,880000.0,2024,12,95,11.0,1103.0,7
WOODLANDS,5 ROOM,110.0,Premium Apartment,2004,600000.0,2024,12,95,5.0,939.0,20
QUEENSTOWN,5 ROOM,118.0,Adjoined flat,1974,845000.0,2024,12,95,5.0,583.0,50
BISHAN,5 ROOM,121.0,Improved,1987,925000.0,2024,12,95,11.0,745.0,37
PUNGGOL,4 ROOM,92.0,Model A,2014,640000.0,2024,12,95,5.0,1069.0,10
BUKIT BATOK,4 ROOM,92.0,Model A,2019,688000.0,2024,12,95,11.0,1120.0,5
TAMPINES,4 ROOM,93.0,Model A,2020,748000.0,2024,12,95,11.0,1139.0,4
JURONG EAST,5 ROOM,121.0,Improved,1982,630000.0,2024,12,95,2.0,675.0,42
KALLANG/WHAMPOA,3 ROOM,65.0,Improved,1974,328000.0,2024,12,95,5.0,578.0,50
SENGKANG,2 ROOM,38.0,2-room,2020,380000.0,2024,12,95,14.0,1138.0,4
JURONG WEST,4 ROOM,103.0,Model A,1985,500000.0,2024,12,95,5.0,711.0,39
YISHUN,3 ROOM,73.0,Model A,1988,448000.0,2024,12,95,5.0,748.0,36
CHOA CHU KANG,5 ROOM,110.0,Improved,2002,530000.0,2024,12,95,2.0,917.0,22
HOUGANG,4 ROOM,93.0,Model A,2019,670000.0,2024,12,95,11.0,1127.0,5
SENGKANG,5 ROOM,113.0,Improved,2016,788929.0,2024,12,95,5.0,1091.0,8
HOUGANG,3 ROOM,68.0,Model A,2015,518000.0,2024,12,95,11.0,1071.0,9
JURONG WEST,4 ROOM,107.0,Model A,1996,509888.0,2024,12,95,8.0,846.0,28
SEMBAWANG,4 ROOM,92.0,Model A,2020,740000.0,2024,12,95,5.0,1139.0,4
SEMBAWANG,5 ROOM,116.0,Improved,2020,811500.0,2024,12,95,11.0,1141.0,4
PASIR RIS,4 ROOM,105.0,Model A,1990,570000.0,2024,12,95,2.0,774.0,34
TAMPINES,4 ROOM,92.0,Model A,2020,780000.0,2024,12,95,14.0,1132.0,4
SEMBAWANG,4 ROOM,93.0,Model A,2019,645000.0,2024,12,95,14.0,1122.0,5
CLEMENTI,4 ROOM,100.0,Model A,2013,988000.0,2024,12,95,29.0,1055.0,11
BEDOK,4 ROOM,87.0,DBSS,2014,850000.0,2024,12,95,11.0,1066.0,10
TAMPINES,4 ROOM,93.0,Model A,2020,740000.0,2024,12,95,5.0,1139.0,4
KALLANG/WHAMPOA,3 ROOM,67.0,Model A,2017,585000.0,2024,12,95,14.0,1104.0,7
WOODLANDS,4 ROOM,93.0,New Generation,1986,450000.0,2024,12,95,5.0,730.0,38
TOA PAYOH,EXECUTIVE,146.0,Maisonette,1989,1038888.0,2024,12,95,5.0,758.0,35
JURONG WEST,3 ROOM,59.0,Improved,1978,319000.0,2024,12,95,8.0,632.0,46
JURONG WEST,5 ROOM,114.0,Premium Apartment,2008,645000.0,2024,12,95,14.0,993.0,16
SENGKANG,5 ROOM,110.0,Improved,2005,630000.0,2024,12,95,5.0,951.0,19
BUKIT BATOK,4 ROOM,104.0,Model A,1985,585000.0,2024,12,95,8.0,712.0,39
CHOA CHU KANG,4 ROOM,93.0,Model A,2016,540000.0,2024,12,95,2.0,1087.0,8
JURONG EAST,4 ROOM,94.0,New Generation,1983,495000.0,2024,12,95,2.0,692.0,41
HOUGANG,3 ROOM,68.0,Model A,2019,510000.0,2024,12,95,8.0,1123.0,5
CHOA CHU KANG,4 ROOM,103.0,Premium Apartment,1999,500000.0,2024,12,95,2.0,887.0,25
BEDOK,4 ROOM,87.0,DBSS,2014,831000.0,2024,12,95,8.0,1066.0,10
TOA PAYOH,4 ROOM,82.0,Improved,1976,480000.0,2024,12,95,8.0,607.0,48
PUNGGOL,EXECUTIVE,130.0,Premium Apartment,2003,780000.0,2024,12,95,5.0,931.0,21
GEYLANG,4 ROOM,91.0,New Generation,1977,588000.0,2024,12,95,11.0,619.0,47
JURONG EAST,4 ROOM,105.0,Model A,1984,568000.0,2024,12,95,11.0,706.0,40
BUKIT MERAH,4 ROOM,92.0,Model A,2002,905000.0,2024,12,95,11.0,926.0,22
JURONG WEST,5 ROOM,116.0,Improved,2001,567000.0,2024,12,95,2.0,906.0,23
TAMPINES,4 ROOM,93.0,Model A,2020,780000.0,2024,12,95,11.0,1139.0,4
PUNGGOL,3 ROOM,65.0,Model A,2016,512000.0,2024,12,95,17.0,1088.0,8
JURONG EAST,4 ROOM,104.0,Model A,1983,545000.0,2024,12,95,8.0,690.0,41
HOUGANG,5 ROOM,115.0,Premium Apartment,2016,940000.0,2024,12,95,11.0,1085.0,8
BUKIT TIMAH,4 ROOM,104.0,Model A,1988,920000.0,2024,12,95,11.0,754.0,36
HOUGANG,4 ROOM,93.0,Model A,2019,658888.0,2024,12,95,11.0,1127.0,5
BUKIT MERAH,5 ROOM,110.0,Improved,2003,1052000.0,2024,12,95,5.0,926.0,21
KALLANG/WHAMPOA,5 ROOM,120.0,Improved,1999,950000.0,2024,12,95,5.0,878.0,25
PASIR RIS,EXECUTIVE,148.0,Apartment,1996,960000.0,2024,12,95,11.0,847.0,28
TAMPINES,4 ROOM,105.0,Model A,1984,607000.0,2024,12,95,5.0,706.0,40
JURONG EAST,3 ROOM,67.0,Improved,1966,335000.0,2024,12,95,5.0,491.0,58
TAMPINES,4 ROOM,92.0,Model A,2020,760000.0,2024,12,95,11.0,1132.0,4
TAMPINES,4 ROOM,83.0,DBSS,2014,850000.0,2024,12,95,8.0,1063.0,10
HOUGANG,5 ROOM,113.0,Improved,2017,830000.0,2024,12,95,5.0,1099.0,7
WOODLANDS,5 ROOM,126.0,Improved,1997,800000.0,2024,12,95,11.0,856.0,27
CLEMENTI,4 ROOM,100.0,Model A,2013,933000.0,2024,12,95,17.0,1054.0,11
TAMPINES,5 ROOM,113.0,Improved,2018,828000.0,2024,12,95,5.0,1116.0,6
BUKIT MERAH,4 ROOM,90.0,Model A,2002,920000.0,2024,12,95,2.0,925.0,22
BUKIT MERAH,3 ROOM,64.0,Standard,1969,395000.0,2024,12,95,8.0,524.0,55
PASIR RIS,EXECUTIVE,145.0,Apartment,1993,920000.0,2024,12,95,5.0,812.0,31
TAMPINES,EXECUTIVE,149.0,Maisonette,1989,980000.0,2024,12,95,5.0,758.0,35
BUKIT PANJANG,4 ROOM,103.0,Model A,1989,545000.0,2024,12,95,8.0,760.0,35
WOODLANDS,5 ROOM,122.0,Improved,1998,640000.0,2024,12,95,5.0,867.0,26
TOA PAYOH,4 ROOM,87.0,Improved,1973,523000.0,2024,12,95,8.0,573.0,51
WOODLANDS,4 ROOM,99.0,Model A,1997,572000.0,2024,12,95,8.0,861.0,27
BUKIT BATOK,4 ROOM,93.0,Model A,2019,685000.0,2024,12,95,8.0,1126.0,5
TAMPINES,4 ROOM,104.0,Model A,1988,675000.0,2024,12,95,8.0,756.0,36
PUNGGOL,5 ROOM,110.0,Improved,2004,678000.0,2024,12,95,5.0,940.0,20
SENGKANG,5 ROOM,110.0,Improved,2002,683000.0,2024,12,95,5.0,921.0,22
YISHUN,4 ROOM,92.0,Model A,2012,560888.0,2024,12,95,5.0,1042.0,12
JURONG WEST,5 ROOM,113.0,Premium Apartment,2003,580000.0,2024,12,95,11.0,935.0,21
CLEMENTI,3 ROOM,75.0,Model A,2013,670000.0,2024,12,95,14.0,1055.0,11
TAMPINES,4 ROOM,104.0,Model A,1988,648000.0,2024,12,95,8.0,752.0,36
YISHUN,5 ROOM,121.0,Improved,1988,722000.0,2024,12,95,11.0,754.0,36
YISHUN,EXECUTIVE,146.0,Maisonette,1988,990000.0,2024,12,95,8.0,747.0,36
WOODLANDS,4 ROOM,100.0,Model A,1998,560000.0,2024,12,95,11.0,876.0,26
QUEENSTOWN,4 ROOM,93.0,Model A,2018,1048000.0,2024,12,95,23.0,1111.0,6
SENGKANG,5 ROOM,122.0,Improved,1999,695000.0,2024,12,95,11.0,886.0,25
PASIR RIS,EXECUTIVE,142.0,Apartment,1992,890000.0,2024,12,95,8.0,805.0,32
JURONG WEST,EXECUTIVE,145.0,Apartment,1993,725000.0,2024,12,95,5.0,811.0,31
SERANGOON,5 ROOM,124.0,Improved,1992,770000.0,2024,12,95,11.0,804.0,32
BEDOK,4 ROOM,105.0,Premium Apartment,2000,790000.0,2024,12,95,11.0,901.0,24
WOODLANDS,5 ROOM,110.0,Premium Apartment,2004,608000.0,2024,12,95,11.0,938.0,20
KALLANG/WHAMPOA,3 ROOM,65.0,Improved,1974,410000.0,2024,12,95,14.0,584.0,50
BUKIT MERAH,4 ROOM,104.0,Model A,1984,660000.0,2024,12,95,8.0,706.0,40
BUKIT BATOK,4 ROOM,93.0,Model A,2019,750000.0,2024,12,95,14.0,1118.0,5
TAMPINES,EXECUTIVE,140.0,Apartment,1997,890000.0,2024,12,95,5.0,862.0,27
CHOA CHU KANG,4 ROOM,104.0,Premium Apartment,1999,545888.0,2024,12,95,17.0,882.0,25
ANG MO KIO,3 ROOM,67.0,New Generation,1984,450000.0,2024,12,95,11.0,706.0,40
ANG MO KIO,5 ROOM,133.0,Model A,1996,820000.0,2024,12,95,5.0,848.0,28
SEMBAWANG,4 ROOM,92.0,Model A,2020,771888.0,2024,12,95,8.0,1138.0,4
PUNGGOL,4 ROOM,92.0,Premium Apartment,2016,660000.0,2024,12,95,5.0,1088.0,8
SENGKANG,4 ROOM,95.0,Premium Apartment,2002,560000.0,2024,12,95,2.0,925.0,22
TOA PAYOH,4 ROOM,105.0,Model A,1997,805000.0,2024,12,95,2.0,858.0,27
TAMPINES,4 ROOM,107.0,Model A,1995,620000.0,2024,12,95,8.0,841.0,29
SERANGOON,4 ROOM,101.0,Model A,1998,625000.0,2024,12,95,11.0,866.0,26
SENGKANG,4 ROOM,101.0,Premium Apartment,2001,570000.0,2024,12,95,2.0,904.0,23
BUKIT PANJANG,EXECUTIVE,146.0,Maisonette,1988,932000.0,2024,12,95,8.0,751.0,36
TOA PAYOH,4 ROOM,94.0,Model A,2020,995000.0,2024,12,95,2.0,1138.0,4
SEMBAWANG,4 ROOM,95.0,Premium Apartment,2001,597000.0,2024,12,95,14.0,907.0,23
SENGKANG,4 ROOM,90.0,Premium Apartment,2009,860000.0,2024,12,95,14.0,1003.0,15
SEMBAWANG,4 ROOM,92.0,Model A,2020,808888.0,2024,12,95,11.0,1138.0,4
PUNGGOL,2 ROOM,47.0,2-room,2018,396000.0,2024,12,95,5.0,1117.0,6
JURONG WEST,4 ROOM,85.0,Model A2,2002,528000.0,2024,12,95,14.0,924.0,22
BISHAN,5 ROOM,121.0,Improved,1988,968000.0,2024,12,95,14.0,748.0,36
BUKIT PANJANG,5 ROOM,121.0,Improved,1997,625000.0,2024,12,95,8.0,861.0,27
JURONG WEST,4 ROOM,103.0,Model A,1997,550088.0,2024,12,95,8.0,861.0,27
BEDOK,4 ROOM,105.0,Model A,1996,728000.0,2024,12,95,11.0,852.0,28
CHOA CHU KANG,5 ROOM,122.0,Premium Apartment,1999,610000.0,2024,12,95,2.0,884.0,25
HOUGANG,3 ROOM,74.0,Model A,1984,456888.0,2024,12,95,5.0,708.0,40
BEDOK,4 ROOM,103.0,Model A,1987,655000.0,2024,12,95,11.0,743.0,37
GEYLANG,4 ROOM,104.0,Model A,1985,638888.0,2024,12,95,11.0,716.0,39
JURONG WEST,EXECUTIVE,139.0,Apartment,1997,810000.0,2024,12,95,5.0,855.0,27
BUKIT PANJANG,5 ROOM,123.0,Improved,1998,695000.0,2024,12,95,8.0,876.0,26
WOODLANDS,4 ROOM,84.0,Simplified,1994,490000.0,2024,12,95,8.0,824.0,30
BUKIT BATOK,4 ROOM,92.0,Model A,2019,665000.0,2024,12,95,8.0,1120.0,5
YISHUN,5 ROOM,112.0,Improved,2015,689000.0,2024,12,95,11.0,1079.0,9
JURONG WEST,4 ROOM,106.0,Model A,1984,650000.0,2024,12,95,14.0,709.0,40
KALLANG/WHAMPOA,3 ROOM,56.0,Standard,1971,330000.0,2024,12,95,2.0,542.0,53
WOODLANDS,EXECUTIVE,163.0,Apartment,1995,910000.0,2024,12,95,2.0,830.0,29
BEDOK,5 ROOM,113.0,Improved,2018,988000.0,2024,12,95,11.0,1117.0,6
SEMBAWANG,EXECUTIVE,136.0,Apartment,1999,703000.0,2024,12,95,2.0,885.0,25
SEMBAWANG,4 ROOM,93.0,Model A,2020,645000.0,2024,12,95,14.0,1141.0,4
WOODLANDS,5 ROOM,118.0,Improved,1996,650000.0,2024,12,95,5.0,854.0,28
BUKIT MERAH,3 ROOM,68.0,Model A,2019,795000.0,2024,12,95,23.0,1122.0,5
TAMPINES,4 ROOM,105.0,Model A,1987,668000.0,2024,12,95,8.0,745.0,37
TOA PAYOH,5 ROOM,110.0,Improved,2002,1110000.0,2024,12,95,26.0,923.0,22
SENGKANG,5 ROOM,111.0,Premium Apartment,2002,640000.0,2024,12,95,17.0,923.0,22
WOODLANDS,3 ROOM,73.0,Model A,1993,440000.0,2024,12,95,2.0,815.0,31
PUNGGOL,5 ROOM,121.0,Premium Apartment,2020,980000.0,2024,12,95,5.0,1131.0,4
BUKIT BATOK,3 ROOM,67.0,Model A,2019,521000.0,2024,12,95,11.0,1120.0,5
YISHUN,4 ROOM,92.0,Model A,2018,613888.0,2024,12,95,8.0,1107.0,6
SENGKANG,3 ROOM,70.0,Model A,2010,515000.0,2024,12,95,20.0,1012.0,14
KALLANG/WHAMPOA,4 ROOM,93.0,Model A,2017,900000.0,2024,12,95,2.0,1105.0,7
WOODLANDS,5 ROOM,110.0,Premium Apartment,2004,565000.0,2024,12,95,5.0,940.0,20
SERANGOON,4 ROOM,95.0,New Generation,1984,560000.0,2024,12,95,2.0,709.0,40
QUEENSTOWN,2 ROOM,46.0,Standard,1967,285000.0,2024,12,95,11.0,494.0,57
BISHAN,5 ROOM,120.0,Improved,1986,970000.0,2024,12,95,11.0,728.0,38
SENGKANG,5 ROOM,110.0,Premium Apartment,2003,635000.0,2024,12,95,5.0,932.0,21
TOA PAYOH,4 ROOM,94.0,Model A,2020,1150000.0,2024,12,95,5.0,1137.0,4
BUKIT PANJANG,5 ROOM,113.0,Improved,2015,745000.0,2024,12,95,8.0,1081.0,9
CHOA CHU KANG,4 ROOM,100.0,Model A,1998,540000.0,2024,12,95,5.0,867.0,26
YISHUN,3 ROOM,64.0,Simplified,1986,390000.0,2024,12,95,2.0,727.0,38
WOODLANDS,4 ROOM,84.0,Simplified,1989,475000.0,2024,12,95,2.0,768.0,35
HOUGANG,4 ROOM,104.0,Model A,1992,650000.0,2024,12,95,5.0,803.0,32
JURONG WEST,4 ROOM,103.0,Model A,1989,520000.0,2024,12,95,11.0,762.0,35
YISHUN,4 ROOM,104.0,Model A,1988,565000.0,2024,12,95,11.0,755.0,36
SENGKANG,4 ROOM,92.0,Premium Apartment,2008,600000.0,2024,12,95,2.0,991.0,16
TAMPINES,4 ROOM,93.0,Model A,2017,750000.0,2024,12,95,14.0,1096.0,7
WOODLANDS,4 ROOM,93.0,Model A,2018,625000.0,2024,12,95,11.0,1113.0,6
YISHUN,3 ROOM,64.0,Simplified,1988,390000.0,2024,12,95,14.0,752.0,36
BUKIT PANJANG,5 ROOM,122.0,Improved,1988,590000.0,2024,12,95,2.0,755.0,36
BEDOK,3 ROOM,67.0,New Generation,1979,420000.0,2024,12,95,8.0,639.0,45
JURONG WEST,3 ROOM,67.0,New Generation,1982,418000.0,2024,12,95,5.0,686.0,42
JURONG WEST,EXECUTIVE,150.0,Maisonette,1985,780000.0,2024,12,95,8.0,717.0,39
BUKIT MERAH,3 ROOM,76.0,Improved,1975,445000.0,2024,12,95,17.0,594.0,49
JURONG WEST,5 ROOM,122.0,Improved,1989,590000.0,2024,12,95,5.0,765.0,35
TAMPINES,5 ROOM,120.0,Improved,1997,815000.0,2024,12,95,14.0,865.0,27
BUKIT BATOK,5 ROOM,119.0,Improved,1997,730000.0,2024,12,95,8.0,861.0,27
SENGKANG,4 ROOM,95.0,Premium Apartment,2012,678000.0,2024,12,95,17.0,1045.0,12
WOODLANDS,4 ROOM,101.0,Premium Apartment,2000,600000.0,2024,12,95,8.0,891.0,24
JURONG EAST,3 ROOM,67.0,New Generation,1984,390000.0,2024,12,95,5.0,704.0,40
CHOA CHU KANG,4 ROOM,104.0,Premium Apartment,1999,546888.0,2024,12,95,17.0,890.0,25
SENGKANG,5 ROOM,114.0,Premium Apartment,2004,715000.0,2024,12,95,11.0,940.0,20
CENTRAL AREA,4 ROOM,96.0,Type S1,2011,1300000.0,2024,12,95,20.0,1022.0,13
SEMBAWANG,3 ROOM,68.0,Model A,2020,570000.0,2024,12,95,8.0,1139.0,4
JURONG WEST,5 ROOM,110.0,Improved,2002,640000.0,2024,12,95,5.0,923.0,22
BUKIT BATOK,4 ROOM,95.0,Premium Apartment,2017,848000.0,2024,12,95,35.0,1100.0,7
PUNGGOL,3 ROOM,67.0,Model A,2015,531000.0,2024,12,95,14.0,1074.0,9
PUNGGOL,4 ROOM,93.0,Model A,2012,640000.0,2024,12,95,11.0,1045.0,12
WOODLANDS,4 ROOM,101.0,Model A,1998,538000.0,2024,12,95,5.0,876.0,26
TOA PAYOH,3 ROOM,58.0,Standard,1969,332000.0,2024,12,95,5.0,518.0,55
WOODLANDS,4 ROOM,83.0,Simplified,1985,485000.0,2024,12,95,5.0,721.0,39
SERANGOON,4 ROOM,104.0,Model A,1986,830000.0,2024,12,95,14.0,724.0,38
PUNGGOL,4 ROOM,93.0,Premium Apartment,2020,755000.0,2024,12,95,17.0,1131.0,4
BUKIT PANJANG,EXECUTIVE,125.0,Premium Apartment,2002,705000.0,2024,12,95,5.0,924.0,22
YISHUN,4 ROOM,92.0,Model A,2012,620000.0,2024,12,95,11.0,1040.0,12
BISHAN,4 ROOM,103.0,Model A,1989,1000000.0,2024,12,95,11.0,767.0,35
SEMBAWANG,4 ROOM,93.0,Model A,2020,625000.0,2024,12,95,5.0,1141.0,4
BEDOK,4 ROOM,92.0,New Generation,1982,535000.0,2024,12,95,8.0,678.0,42
KALLANG/WHAMPOA,5 ROOM,137.0,Model A-Maisonette,1983,1065000.0,2024,12,95,5.0,691.0,41
BEDOK,4 ROOM,93.0,Model A,2016,831888.0,2025,1,96,14.0,1091.0,9
BUKIT PANJANG,5 ROOM,110.0,Premium Apartment,2002,620000.0,2025,1,96,8.0,916.0,23
BUKIT BATOK,4 ROOM,93.0,New Generation,1985,483800.0,2025,1,96,5.0,718.0,40
BUKIT MERAH,3 ROOM,68.0,Model A,2019,780000.0,2025,1,96,26.0,1122.0,6
CHOA CHU KANG,4 ROOM,93.0,Model A,2017,625000.0,2025,1,96,17.0,1104.0,8
TAMPINES,4 ROOM,84.0,Simplified,1988,615000.0,2025,1,96,11.0,751.0,37
PUNGGOL,4 ROOM,93.0,Model A,2018,648000.0,2025,1,96,8.0,1115.0,7
QUEENSTOWN,3 ROOM,60.0,Improved,1970,360000.0,2025,1,96,17.0,535.0,55
HOUGANG,3 ROOM,74.0,Model A,1987,470000.0,2025,1,96,2.0,738.0,38
WOODLANDS,5 ROOM,121.0,Improved,1986,650000.0,2025,1,96,8.0,731.0,39
TOA PAYOH,4 ROOM,97.0,Model A,2020,1238888.0,2025,1,96,11.0,1140.0,5
HOUGANG,4 ROOM,84.0,Simplified,1987,560000.0,2025,1,96,5.0,738.0,38
KALLANG/WHAMPOA,3 ROOM,56.0,Standard,1970,320000.0,2025,1,96,8.0,535.0,55
CLEMENTI,3 ROOM,67.0,New Generation,1979,400000.0,2025,1,96,5.0,647.0,46
BUKIT PANJANG,4 ROOM,100.0,Model A,1998,570000.0,2025,1,96,8.0,870.0,27
PUNGGOL,4 ROOM,93.0,Premium Apartment,2012,766000.0,2025,1,96,14.0,1039.0,13
ANG MO KIO,EXECUTIVE,149.0,Apartment,1996,1050000.0,2025,1,96,11.0,845.0,29
TOA PAYOH,4 ROOM,93.0,Model A,2019,968000.0,2025,1,96,14.0,1128.0,6
KALLANG/WHAMPOA,3 ROOM,64.0,Simplified,1987,508000.0,2025,1,96,5.0,736.0,38
KALLANG/WHAMPOA,3 ROOM,69.0,Model A,2012,765000.0,2025,1,96,26.0,1037.0,13
YISHUN,4 ROOM,84.0,Simplified,1988,470000.0,2025,1,96,2.0,749.0,37
TAMPINES,4 ROOM,93.0,Model A,2020,790000.0,2025,1,96,14.0,1138.0,5
CHOA CHU KANG,4 ROOM,93.0,Model A,2016,590000.0,2025,1,96,11.0,1087.0,9
BEDOK,3 ROOM,59.0,Improved,1978,380000.0,2025,1,96,11.0,628.0,47
SENGKANG,4 ROOM,92.0,Premium Apartment,2015,658888.0,2025,1,96,8.0,1072.0,10
PUNGGOL,3 ROOM,65.0,Model A,2015,498000.0,2025,1,96,14.0,1081.0,10
PUNGGOL,2 ROOM,47.0,Model A,2018,365000.0,2025,1,96,2.0,1116.0,7
BUKIT PANJANG,EXECUTIVE,142.0,Apartment,1989,820000.0,2025,1,96,5.0,759.0,36
PUNGGOL,4 ROOM,92.0,Premium Apartment,2017,620000.0,2025,1,96,5.0,1097.0,8
BUKIT BATOK,4 ROOM,93.0,Model A,2019,640000.0,2025,1,96,5.0,1119.0,6
SENGKANG,5 ROOM,110.0,Improved,2001,698000.0,2025,1,96,11.0,905.0,24
KALLANG/WHAMPOA,4 ROOM,93.0,Premium Apartment,2017,1040000.0,2025,1,96,17.0,1105.0,8
BEDOK,5 ROOM,128.0,Improved,1981,645000.0,2025,1,96,2.0,665.0,44
ANG MO KIO,3 ROOM,73.0,New Generation,1979,465000.0,2025,1,96,11.0,637.0,46
WOODLANDS,4 ROOM,100.0,Model A,1997,558888.0,2025,1,96,11.0,855.0,28
ANG MO KIO,4 ROOM,91.0,New Generation,1982,510000.0,2025,1,96,2.0,673.0,43
YISHUN,4 ROOM,92.0,Model A,2015,590000.0,2025,1,96,14.0,1079.0,10
YISHUN,5 ROOM,113.0,Improved,2017,730000.0,2025,1,96,11.0,1101.0,8
BEDOK,4 ROOM,100.0,Model A,1998,675000.0,2025,1,96,8.0,866.0,27
SENGKANG,3 ROOM,68.0,Premium Apartment,2017,540000.0,2025,1,96,2.0,1103.0,8
YISHUN,3 ROOM,67.0,New Generation,1985,423000.0,2025,1,96,5.0,718.0,40
TAMPINES,3 ROOM,68.0,Model A,2020,580000.0,2025,1,96,8.0,1139.0,5
QUEENSTOWN,4 ROOM,83.0,Premium Apartment,2016,1085000.0,2025,1,96,29.0,1088.0,9
WOODLANDS,4 ROOM,93.0,Model A,2019,660000.0,2025,1,96,11.0,1127.0,6
BEDOK,4 ROOM,93.0,New Generation,1985,560000.0,2025,1,96,2.0,714.0,40
TAMPINES,3 ROOM,62.0,DBSS,2014,665000.0,2025,1,96,14.0,1063.0,11
YISHUN,4 ROOM,104.0,Model A,1985,530000.0,2025,1,96,2.0,717.0,40
SERANGOON,4 ROOM,91.0,New Generation,1984,595000.0,2025,1,96,2.0,703.0,41
PUNGGOL,4 ROOM,93.0,Model A,2018,638000.0,2025,1,96,2.0,1115.0,7
PASIR RIS,EXECUTIVE,144.0,Apartment,1993,880000.0,2025,1,96,5.0,814.0,32
BUKIT PANJANG,4 ROOM,91.0,Premium Apartment,2003,775000.0,2025,1,96,17.0,929.0,22
TAMPINES,4 ROOM,93.0,Model A,2017,750000.0,2025,1,96,8.0,1098.0,8
BEDOK,3 ROOM,67.0,New Generation,1983,450000.0,2025,1,96,5.0,685.0,42
BUKIT PANJANG,2 ROOM,47.0,Model A,2014,360000.0,2025,1,96,11.0,1068.0,11
CENTRAL AREA,3 ROOM,57.0,Improved,1974,480000.0,2025,1,96,11.0,583.0,51
QUEENSTOWN,3 ROOM,72.0,Improved,1970,495000.0,2025,1,96,20.0,535.0,55
TAMPINES,4 ROOM,93.0,Model A,2020,700000.0,2025,1,96,2.0,1139.0,5
TAMPINES,4 ROOM,93.0,Model A,2020,770000.0,2025,1,96,8.0,1139.0,5
SENGKANG,4 ROOM,101.0,Model A,1999,640999.0,2025,1,96,5.0,886.0,26
CHOA CHU KANG,5 ROOM,110.0,Improved,2003,590000.0,2025,1,96,8.0,926.0,22
GEYLANG,3 ROOM,56.0,Standard,1969,355000.0,2025,1,96,11.0,518.0,56
BUKIT BATOK,4 ROOM,95.0,Premium Apartment,2017,825000.0,2025,1,96,32.0,1100.0,8
JURONG WEST,4 ROOM,106.0,Model A,1997,558000.0,2025,1,96,11.0,857.0,28
BUKIT PANJANG,3 ROOM,68.0,Model A,2015,465000.0,2025,1,96,14.0,1080.0,10
BUKIT PANJANG,4 ROOM,91.0,Premium Apartment,2001,550000.0,2025,1,96,5.0,910.0,24
GEYLANG,5 ROOM,110.0,Improved,2005,877888.0,2025,1,96,2.0,953.0,20
SEMBAWANG,3 ROOM,68.0,Model A,2019,480088.0,2025,1,96,2.0,1122.0,6
BUKIT MERAH,3 ROOM,65.0,Improved,1983,428000.0,2025,1,96,14.0,685.0,42
ANG MO KIO,3 ROOM,68.0,New Generation,1981,455000.0,2025,1,96,5.0,661.0,44
TAMPINES,5 ROOM,122.0,Improved,1988,712000.0,2025,1,96,5.0,752.0,37
PASIR RIS,5 ROOM,123.0,Improved,1992,710000.0,2025,1,96,2.0,804.0,33
WOODLANDS,4 ROOM,93.0,Model A,2018,585000.0,2025,1,96,5.0,1112.0,7
SENGKANG,5 ROOM,110.0,Premium Apartment,2004,615000.0,2025,1,96,5.0,949.0,21
CHOA CHU KANG,4 ROOM,106.0,Model A,1989,490000.0,2025,1,96,2.0,760.0,36
TOA PAYOH,3 ROOM,65.0,Improved,1972,380000.0,2025,1,96,2.0,553.0,53
SENGKANG,5 ROOM,115.0,Improved,2000,680000.0,2025,1,96,8.0,897.0,25
YISHUN,4 ROOM,104.0,Model A,1988,575000.0,2025,1,96,8.0,753.0,37
BEDOK,3 ROOM,68.0,New Generation,1980,420000.0,2025,1,96,2.0,654.0,45
TAMPINES,5 ROOM,124.0,Improved,1997,845000.0,2025,1,96,11.0,853.0,28
SENGKANG,EXECUTIVE,130.0,Apartment,2001,860000.0,2025,1,96,11.0,907.0,24
SERANGOON,EXECUTIVE,147.0,Maisonette,1992,1020000.0,2025,1,96,14.0,803.0,33
QUEENSTOWN,3 ROOM,69.0,Improved,1971,455000.0,2025,1,96,11.0,541.0,54
CHOA CHU KANG,4 ROOM,92.0,Model A,2018,548000.0,2025,1,96,2.0,1106.0,7
JURONG WEST,4 ROOM,109.0,Model A,1996,490000.0,2025,1,96,5.0,842.0,29
TAMPINES,5 ROOM,113.0,Improved,2020,890000.0,2025,1,96,5.0,1138.0,5
SENGKANG,4 ROOM,92.0,Premium Apartment,2007,750000.0,2025,1,96,11.0,980.0,18
JURONG EAST,EXECUTIVE,143.0,Apartment,1998,1025000.0,2025,1,96,11.0,875.0,27
SEMBAWANG,EXECUTIVE,130.0,Apartment,2000,700000.0,2025,1,96,2.0,896.0,25
JURONG WEST,4 ROOM,92.0,Model A,2015,599888.0,2025,1,96,11.0,1069.0,10
ANG MO KIO,3 ROOM,75.0,New Generation,1980,440000.0,2025,1,96,8.0,650.0,45
HOUGANG,4 ROOM,92.0,Model A2,1997,610000.0,2025,1,96,5.0,863.0,28
JURONG WEST,5 ROOM,112.0,Premium Apartment,2003,638000.0,2025,1,96,17.0,935.0,22
QUEENSTOWN,4 ROOM,93.0,Model A,2018,1030000.0,2025,1,96,23.0,1111.0,7
HOUGANG,EXECUTIVE,146.0,Maisonette,1990,930000.0,2025,1,96,2.0,774.0,35
SEMBAWANG,3 ROOM,67.0,Model A,2018,500000.0,2025,1,96,5.0,1112.0,7
BUKIT BATOK,2 ROOM,47.0,Model A,2020,378000.0,2025,1,96,11.0,1131.0,5
JURONG EAST,4 ROOM,107.0,Model A,1993,565000.0,2025,1,96,8.0,811.0,32
BEDOK,3 ROOM,67.0,New Generation,1979,419000.0,2025,1,96,8.0,644.0,46
BEDOK,3 ROOM,67.0,New Generation,1985,445888.0,2025,1,96,8.0,715.0,40
JURONG WEST,5 ROOM,121.0,Improved,1990,580000.0,2025,1,96,8.0,771.0,35
SENGKANG,4 ROOM,85.0,Model A2,2001,525000.0,2025,1,96,2.0,909.0,24
SEMBAWANG,5 ROOM,110.0,Improved,2001,615000.0,2025,1,96,8.0,904.0,24
BUKIT BATOK,3 ROOM,73.0,Model A,1985,320000.0,2025,1,96,11.0,713.0,40
QUEENSTOWN,4 ROOM,87.0,Model A,2013,945000.0,2025,1,96,14.0,1048.0,12
BUKIT PANJANG,EXECUTIVE,146.0,Maisonette,1988,861000.0,2025,1,96,5.0,749.0,37
SENGKANG,4 ROOM,94.0,Premium Apartment,2013,680088.0,2025,1,96,11.0,1050.0,12
BUKIT BATOK,4 ROOM,92.0,Model A,2019,650000.0,2025,1,96,5.0,1118.0,6
KALLANG/WHAMPOA,3 ROOM,68.0,Improved,1972,365000.0,2025,1,96,5.0,553.0,53
WOODLANDS,4 ROOM,91.0,Model A2,1997,516000.0,2025,1,96,8.0,861.0,28
JURONG WEST,5 ROOM,126.0,Improved,1993,630000.0,2025,1,96,11.0,816.0,32
BEDOK,4 ROOM,92.0,Model A,2005,688000.0,2025,1,96,2.0,961.0,20
GEYLANG,4 ROOM,93.0,Model A,2016,950000.0,2025,1,96,5.0,1091.0,9
MARINE PARADE,3 ROOM,76.0,Improved,1976,555000.0,2025,1,96,11.0,603.0,49
CHOA CHU KANG,5 ROOM,124.0,Premium Apartment,1999,645000.0,2025,1,96,8.0,886.0,26
BEDOK,5 ROOM,115.0,Premium Apartment,2000,885000.0,2025,1,96,14.0,900.0,25
BUKIT MERAH,5 ROOM,110.0,Improved,2003,1180000.0,2025,1,96,14.0,933.0,22
YISHUN,EXECUTIVE,142.0,Apartment,1988,880000.0,2025,1,96,8.0,751.0,37
YISHUN,4 ROOM,97.0,Model A,2012,623000.0,2025,1,96,14.0,1040.0,13
MARINE PARADE,4 ROOM,82.0,Improved,1976,645000.0,2025,1,96,8.0,606.0,49
HOUGANG,5 ROOM,120.0,Improved,1999,820888.0,2025,1,96,14.0,878.0,26
JURONG EAST,4 ROOM,97.0,New Generation,1978,445000.0,2025,1,96,2.0,636.0,47
PASIR RIS,5 ROOM,122.0,Improved,1993,745888.0,2025,1,96,5.0,812.0,32
SEMBAWANG,5 ROOM,113.0,Improved,2018,707000.0,2025,1,96,5.0,1110.0,7
HOUGANG,4 ROOM,93.0,Model A,2015,676000.0,2025,1,96,11.0,1073.0,10
BUKIT BATOK,EXECUTIVE,155.0,Maisonette,1984,890000.0,2025,1,96,5.0,707.0,41
BUKIT BATOK,5 ROOM,115.0,Improved,2019,868888.0,2025,1,96,14.0,1120.0,6
TOA PAYOH,4 ROOM,91.0,Model A,2006,1028000.0,2025,1,96,23.0,961.0,19
ANG MO KIO,3 ROOM,68.0,New Generation,1981,400000.0,2025,1,96,2.0,661.0,44
TAMPINES,3 ROOM,67.0,New Generation,1985,488888.0,2025,1,96,11.0,715.0,40
TAMPINES,4 ROOM,92.0,Model A,2020,775000.0,2025,1,96,14.0,1130.0,5
TOA PAYOH,3 ROOM,65.0,Improved,1976,380000.0,2025,1,96,2.0,605.0,49
CHOA CHU KANG,5 ROOM,111.0,Improved,2002,560000.0,2025,1,96,5.0,921.0,23
SEMBAWANG,4 ROOM,93.0,Model A,2020,638000.0,2025,1,96,8.0,1141.0,5
BUKIT MERAH,4 ROOM,92.0,New Generation,1978,618000.0,2025,1,96,5.0,631.0,47
SEMBAWANG,4 ROOM,92.0,Model A,2020,720000.0,2025,1,96,2.0,1133.0,5
ANG MO KIO,3 ROOM,82.0,New Generation,1979,520000.0,2025,1,96,8.0,638.0,46
TAMPINES,5 ROOM,122.0,Improved,1988,720000.0,2025,1,96,5.0,751.0,37
JURONG WEST,EXECUTIVE,151.0,Maisonette,1985,953000.0,2025,1,96,11.0,717.0,40
BISHAN,3 ROOM,64.0,Simplified,1988,500000.0,2025,1,96,5.0,749.0,37
CHOA CHU KANG,4 ROOM,105.0,Model A,1993,570000.0,2025,1,96,11.0,810.0,32
JURONG WEST,4 ROOM,99.0,Premium Apartment,1998,660000.0,2025,1,96,8.0,870.0,27
CLEMENTI,5 ROOM,121.0,Improved,1984,758000.0,2025,1,96,5.0,708.0,41
SENGKANG,4 ROOM,95.0,Premium Apartment,2005,608800.0,2025,1,96,17.0,951.0,20
BUKIT BATOK,5 ROOM,132.0,Model A,1985,780000.0,2025,1,96,20.0,710.0,40
CHOA CHU KANG,4 ROOM,104.0,Premium Apartment,2000,535000.0,2025,1,96,5.0,891.0,25
BEDOK,3 ROOM,83.0,New Generation,1980,495000.0,2025,1,96,2.0,651.0,45
SENGKANG,4 ROOM,92.0,Premium Apartment,2003,550000.0,2025,1,96,2.0,929.0,22
BEDOK,3 ROOM,67.0,New Generation,1985,448888.0,2025,1,96,11.0,714.0,40
CLEMENTI,3 ROOM,67.0,New Generation,1979,410000.0,2025,1,96,5.0,647.0,46
BEDOK,4 ROOM,93.0,Model A,2018,843000.0,2025,1,96,14.0,1116.0,7
HOUGANG,4 ROOM,103.0,Model A,1992,645000.0,2025,1,96,5.0,802.0,33
ANG MO KIO,4 ROOM,91.0,New Generation,1980,545000.0,2025,1,96,5.0,656.0,45
BEDOK,3 ROOM,68.0,New Generation,1980,428888.0,2025,1,96,5.0,655.0,45
SENGKANG,5 ROOM,110.0,Improved,2000,636000.0,2025,1,96,8.0,900.0,25
BEDOK,4 ROOM,93.0,New Generation,1985,565000.0,2025,1,96,5.0,715.0,40
ANG MO KIO,3 ROOM,68.0,Model A,2019,742000.0,2025,1,96,17.0,1118.0,6
SENGKANG,4 ROOM,90.0,Model A,2001,542000.0,2025,1,96,2.0,911.0,24
PUNGGOL,4 ROOM,90.0,Model A,2003,560000.0,2025,1,96,5.0,930.0,22
HOUGANG,3 ROOM,74.0,Model A,1987,462000.0,2025,1,96,8.0,743.0,38
CHOA CHU KANG,4 ROOM,108.0,Model A,1996,577888.0,2025,1,96,8.0,844.0,29
SENGKANG,5 ROOM,111.0,Improved,2001,675000.0,2025,1,96,11.0,906.0,24
BUKIT BATOK,4 ROOM,104.0,Model A,1983,603888.0,2025,1,96,11.0,696.0,42
PUNGGOL,4 ROOM,90.0,Model A,2015,650000.0,2025,1,96,14.0,1080.0,10
TAMPINES,4 ROOM,105.0,Model A,1986,630000.0,2025,1,96,8.0,729.0,39
ANG MO KIO,4 ROOM,92.0,New Generation,1978,565000.0,2025,1,96,8.0,635.0,47
JURONG WEST,3 ROOM,59.0,Improved,1975,308000.0,2025,1,96,2.0,598.0,50
ANG MO KIO,4 ROOM,85.0,Model A,2003,730000.0,2025,1,96,2.0,925.0,22
BUKIT MERAH,5 ROOM,110.0,Improved,2003,880000.0,2025,1,96,5.0,927.0,22
TAMPINES,4 ROOM,84.0,DBSS,2014,880000.0,2025,1,96,17.0,1062.0,11
SENGKANG,5 ROOM,113.0,Improved,2017,695000.0,2025,1,96,5.0,1097.0,8
KALLANG/WHAMPOA,4 ROOM,75.0,Model A,2004,780000.0,2025,1,96,23.0,942.0,21
GEYLANG,3 ROOM,81.0,New Generation,1980,542000.0,2025,1,96,5.0,657.0,45
CLEMENTI,5 ROOM,112.0,Improved,2018,1400000.0,2025,1,96,29.0,1112.0,7
PASIR RIS,4 ROOM,86.0,DBSS,2015,845000.0,2025,1,96,8.0,1073.0,10
BUKIT MERAH,4 ROOM,92.0,Model A,2016,1250000.0,2025,1,96,32.0,1082.0,9
BUKIT MERAH,5 ROOM,117.0,Standard,1976,690000.0,2025,1,96,2.0,611.0,49
TAMPINES,4 ROOM,93.0,Model A,2020,770888.0,2025,1,96,11.0,1139.0,5
SENGKANG,5 ROOM,114.0,Premium Apartment,2004,762888.0,2025,1,96,23.0,942.0,21
SEMBAWANG,2 ROOM,47.0,2-room,2020,362888.0,2025,1,96,8.0,1140.0,5
JURONG EAST,3 ROOM,74.0,Model A,1983,438000.0,2025,1,96,11.0,689.0,42
BISHAN,5 ROOM,121.0,Improved,1986,1035000.0,2025,1,96,5.0,732.0,39
SEMBAWANG,EXECUTIVE,130.0,Apartment,2001,788000.0,2025,1,96,14.0,904.0,24
PUNGGOL,3 ROOM,67.0,Premium Apartment,2016,560000.0,2025,1,96,11.0,1086.0,9
KALLANG/WHAMPOA,5 ROOM,118.0,Improved,1981,838000.0,2025,1,96,5.0,669.0,44
BUKIT PANJANG,5 ROOM,110.0,Premium Apartment,2002,595000.0,2025,1,96,14.0,922.0,23
KALLANG/WHAMPOA,4 ROOM,95.0,Premium Apartment,2017,908888.0,2025,1,96,2.0,1100.0,8
JURONG EAST,5 ROOM,121.0,Improved,1983,665000.0,2025,1,96,8.0,686.0,42
QUEENSTOWN,5 ROOM,125.0,Improved,1996,1030000.0,2025,1,96,11.0,850.0,29
TAMPINES,5 ROOM,132.0,Model A,1985,670000.0,2025,1,96,8.0,710.0,40
SENGKANG,4 ROOM,93.0,Model A,2021,658888.0,2025,1,96,5.0,1143.0,4
BUKIT MERAH,3 ROOM,69.0,Model A,2013,750000.0,2025,1,96,11.0,1049.0,12
BUKIT PANJANG,EXECUTIVE,146.0,Maisonette,1989,780000.0,2025,1,96,2.0,760.0,36
PUNGGOL,4 ROOM,93.0,Model A,2016,692000.0,2025,1,96,8.0,1087.0,9
BUKIT BATOK,3 ROOM,73.0,Model A,1987,410000.0,2025,1,96,2.0,739.0,38
YISHUN,4 ROOM,84.0,Simplified,1985,480000.0,2025,1,96,11.0,717.0,40
ANG MO KIO,3 ROOM,82.0,New Generation,1979,478000.0,2025,1,96,8.0,645.0,46
YISHUN,4 ROOM,93.0,New Generation,1984,525000.0,2025,1,96,2.0,706.0,41
QUEENSTOWN,5 ROOM,123.0,Standard,1976,883000.0,2025,1,96,26.0,607.0,49
SEMBAWANG,4 ROOM,93.0,Model A,2018,695000.0,2025,1,96,8.0,1112.0,7
KALLANG/WHAMPOA,4 ROOM,94.0,New Generation,1980,530000.0,2025,1,96,2.0,660.0,45
JURONG WEST,5 ROOM,115.0,Improved,2000,735000.0,2025,1,96,2.0,894.0,25
CLEMENTI,3 ROOM,73.0,Model A,2013,662000.0,2025,1,96,26.0,1053.0,12
TAMPINES,5 ROOM,127.0,Improved,1993,715000.0,2025,1,96,8.0,812.0,32
CHOA CHU KANG,5 ROOM,121.0,Premium Apartment,1999,618000.0,2025,1,96,11.0,880.0,26
CENTRAL AREA,4 ROOM,82.0,Improved,1980,780000.0,2025,1,96,5.0,653.0,45
YISHUN,5 ROOM,120.0,3Gen,2018,760000.0,2025,1,96,11.0,1115.0,7
ANG MO KIO,4 ROOM,90.0,DBSS,2011,910000.0,2025,1,96,23.0,1028.0,14
WOODLANDS,EXECUTIVE,141.0,Premium Apartment,2000,850000.0,2025,1,96,11.0,895.0,25
TOA PAYOH,5 ROOM,117.0,DBSS,2012,1500888.0,2025,1,96,23.0,1037.0,13
CHOA CHU KANG,EXECUTIVE,146.0,Apartment,1996,880000.0,2025,1,96,8.0,843.0,29
BUKIT BATOK,4 ROOM,90.0,Model A,2005,598000.0,2025,1,96,26.0,950.0,20
TOA PAYOH,5 ROOM,119.0,Improved,1997,980000.0,2025,1,96,23.0,862.0,28
WOODLANDS,4 ROOM,99.0,New Generation,1985,480000.0,2025,1,96,5.0,720.0,40
BEDOK,3 ROOM,64.0,Simplified,1988,430000.0,2025,1,96,5.0,749.0,37
WOODLANDS,4 ROOM,103.0,Model A,1997,580666.0,2025,1,96,11.0,859.0,28
BEDOK,5 ROOM,119.0,Improved,1979,720000.0,2025,1,96,8.0,641.0,46
TAMPINES,3 ROOM,73.0,Model A,1984,478000.0,2025,1,96,11.0,705.0,41
PUNGGOL,4 ROOM,93.0,Premium Apartment,2020,635000.0,2025,1,96,2.0,1130.0,5
SEMBAWANG,4 ROOM,95.0,Premium Apartment,2001,560000.0,2025,1,96,2.0,906.0,24
TOA PAYOH,3 ROOM,68.0,Model A,2020,750000.0,2025,1,96,8.0,1141.0,5
QUEENSTOWN,3 ROOM,66.0,Improved,1970,350000.0,2025,1,96,2.0,529.0,55
SEMBAWANG,5 ROOM,110.0,Improved,2001,615000.0,2025,1,96,14.0,904.0,24
BEDOK,5 ROOM,112.0,Improved,2010,1030000.0,2025,1,96,14.0,1013.0,15
BEDOK,4 ROOM,95.0,New Generation,1980,558888.0,2025,1,96,8.0,654.0,45
BEDOK,3 ROOM,73.0,Improved,1974,410000.0,2025,1,96,11.0,578.0,51
SERANGOON,3 ROOM,64.0,Improved,1978,450000.0,2025,1,96,11.0,629.0,47
WOODLANDS,5 ROOM,121.0,Improved,2000,680000.0,2025,1,96,8.0,894.0,25
JURONG WEST,4 ROOM,103.0,Model A,1997,570000.0,2025,1,96,11.0,860.0,28
WOODLANDS,4 ROOM,107.0,Premium Apartment,1999,590000.0,2025,1,96,5.0,879.0,26
CHOA CHU KANG,4 ROOM,103.0,Model A,1989,465000.0,2025,1,96,2.0,766.0,36
BUKIT MERAH,3 ROOM,73.0,Model A,1984,528000.0,2025,1,96,8.0,700.0,41
BEDOK,3 ROOM,68.0,Model A,2018,570000.0,2025,1,96,14.0,1116.0,7
JURONG WEST,4 ROOM,93.0,Model A,2018,630000.0,2025,1,96,8.0,1106.0,7
PUNGGOL,3 ROOM,68.0,Premium Apartment,2020,485000.0,2025,1,96,2.0,1130.0,5
HOUGANG,4 ROOM,105.0,Model A,1992,700000.0,2025,1,96,14.0,802.0,33
JURONG WEST,3 ROOM,73.0,Model A,1988,398000.0,2025,1,96,8.0,751.0,37
KALLANG/WHAMPOA,4 ROOM,91.0,Improved,1974,490000.0,2025,1,96,5.0,580.0,51
TAMPINES,5 ROOM,112.0,Improved,2020,925000.0,2025,1,96,14.0,1130.0,5
TAMPINES,3 ROOM,68.0,New Generation,1985,488888.0,2025,1,96,11.0,710.0,40
YISHUN,3 ROOM,64.0,Simplified,1987,410000.0,2025,1,96,8.0,734.0,38
KALLANG/WHAMPOA,4 ROOM,88.0,Improved,1974,567000.0,2025,1,96,8.0,578.0,51
ANG MO KIO,3 ROOM,67.0,New Generation,1978,430000.0,2025,1,96,11.0,633.0,47
GEYLANG,4 ROOM,102.0,Model A,1997,830000.0,2025,1,96,5.0,863.0,28
TOA PAYOH,3 ROOM,79.0,Improved,1970,428000.0,2025,1,96,8.0,530.0,55
SENGKANG,5 ROOM,113.0,Improved,2017,707777.0,2025,1,96,5.0,1098.0,8
CHOA CHU KANG,5 ROOM,122.0,Improved,1992,705000.0,2025,1,96,11.0,799.0,33
CHOA CHU KANG,4 ROOM,104.0,Premium Apartment,1999,560000.0,2025,1,96,17.0,880.0,26
SENGKANG,4 ROOM,90.0,Model A,2003,570000.0,2025,1,96,5.0,930.0,22
TAMPINES,4 ROOM,103.0,Model A,1984,580000.0,2025,1,96,2.0,705.0,41
CHOA CHU KANG,5 ROOM,134.0,Model A,1996,723000.0,2025,1,96,11.0,846.0,29
HOUGANG,5 ROOM,120.0,Improved,1998,780000.0,2025,1,96,14.0,872.0,27
SENGKANG,5 ROOM,110.0,Improved,2001,678000.0,2025,1,96,8.0,902.0,24
JURONG WEST,4 ROOM,93.0,New Generation,1985,493000.0,2025,1,96,5.0,719.0,40
BUKIT MERAH,3 ROOM,72.0,New Generation,1980,565000.0,2025,2,97,11.0,658.0,45
YISHUN,5 ROOM,112.0,Improved,2015,725000.0,2025,2,97,8.0,1076.0,10
CLEMENTI,5 ROOM,113.0,Improved,2017,1188000.0,2025,2,97,5.0,1099.0,8
BUKIT BATOK,4 ROOM,93.0,Model A,2019,705000.0,2025,2,97,14.0,1118.0,6
JURONG WEST,5 ROOM,135.0,Model A,1984,620000.0,2025,2,97,11.0,704.0,41
BUKIT MERAH,3 ROOM,65.0,Improved,1983,420000.0,2025,2,97,8.0,685.0,42
PUNGGOL,4 ROOM,92.0,Premium Apartment,2016,725888.0,2025,2,97,5.0,1085.0,9
PUNGGOL,4 ROOM,93.0,Model A,2012,630000.0,2025,2,97,5.0,1043.0,13
WOODLANDS,4 ROOM,83.0,Simplified,1989,450000.0,2025,2,97,8.0,765.0,36
JURONG EAST,3 ROOM,74.0,Model A,1983,408000.0,2025,2,97,5.0,689.0,42
SENGKANG,4 ROOM,92.0,Premium Apartment,2015,745000.0,2025,2,97,8.0,1079.0,10
WOODLANDS,3 ROOM,68.0,New Generation,1981,390000.0,2025,2,97,8.0,663.0,44
TAMPINES,5 ROOM,113.0,Improved,2020,900000.0,2025,2,97,14.0,1137.0,5
SENGKANG,4 ROOM,92.0,Model A,2015,715000.0,2025,2,97,14.0,1074.0,10
TAMPINES,4 ROOM,104.0,Model A,1984,720000.0,2025,2,97,8.0,702.0,41
SEMBAWANG,5 ROOM,110.0,Improved,2001,620000.0,2025,2,97,5.0,907.0,24
CHOA CHU KANG,5 ROOM,133.0,Model A,1995,680000.0,2025,2,97,5.0,836.0,30
TOA PAYOH,3 ROOM,67.0,Improved,1970,350000.0,2025,2,97,5.0,528.0,55
BUKIT TIMAH,5 ROOM,122.0,Improved,1988,1260000.0,2025,2,97,8.0,752.0,37
TAMPINES,5 ROOM,119.0,Improved,1996,808888.0,2025,2,97,5.0,848.0,29
BUKIT BATOK,4 ROOM,93.0,New Generation,1985,502000.0,2025,2,97,2.0,713.0,40
BUKIT BATOK,3 ROOM,73.0,Model A,1984,432000.0,2025,2,97,8.0,705.0,41
JURONG WEST,5 ROOM,121.0,Improved,1990,610000.0,2025,2,97,11.0,770.0,35
TAMPINES,4 ROOM,92.0,Model A,2020,780000.0,2025,2,97,14.0,1130.0,5
KALLANG/WHAMPOA,4 ROOM,94.0,DBSS,2011,1088888.0,2025,2,97,35.0,1020.0,14
BUKIT PANJANG,5 ROOM,113.0,Premium Apartment,2003,880000.0,2025,2,97,14.0,928.0,22
TOA PAYOH,3 ROOM,65.0,Improved,1973,358000.0,2025,2,97,2.0,570.0,52
JURONG WEST,5 ROOM,123.0,Improved,1989,560000.0,2025,2,97,2.0,762.0,36
QUEENSTOWN,3 ROOM,66.0,Improved,1970,423000.0,2025,2,97,11.0,528.0,55
HOUGANG,4 ROOM,84.0,Simplified,1986,525000.0,2025,2,97,11.0,731.0,39
TAMPINES,3 ROOM,64.0,Simplified,1987,470000.0,2025,2,97,8.0,741.0,38
YISHUN,3 ROOM,74.0,New Generation,1985,480000.0,2025,2,97,2.0,710.0,40
GEYLANG,EXECUTIVE,146.0,Maisonette,1986,950000.0,2025,2,97,5.0,725.0,39
TAMPINES,5 ROOM,108.0,DBSS,2008,905000.0,2025,2,97,5.0,996.0,17
BUKIT BATOK,3 ROOM,68.0,Premium Apartment,2017,540000.0,2025,2,97,2.0,1098.0,8
SEMBAWANG,4 ROOM,90.0,Model A2,2001,519000.0,2025,2,97,2.0,903.0,24
JURONG EAST,3 ROOM,68.0,New Generation,1983,455000.0,2025,2,97,11.0,686.0,42
QUEENSTOWN,3 ROOM,73.0,Improved,1978,445000.0,2025,2,97,17.0,626.0,47
BUKIT BATOK,3 ROOM,68.0,New Generation,1985,435000.0,2025,2,97,11.0,715.0,40
YISHUN,4 ROOM,98.0,New Generation,1992,455000.0,2025,2,97,2.0,797.0,33
YISHUN,4 ROOM,92.0,Model A,2018,585000.0,2025,2,97,2.0,1105.0,7
SEMBAWANG,5 ROOM,120.0,Improved,1999,670000.0,2025,2,97,5.0,877.0,26
KALLANG/WHAMPOA,4 ROOM,93.0,Premium Apartment,2017,1046800.0,2025,2,97,5.0,1103.0,8
YISHUN,4 ROOM,89.0,Simplified,1987,498000.0,2025,2,97,8.0,732.0,38
BUKIT PANJANG,EXECUTIVE,145.0,Apartment,1988,938000.0,2025,2,97,8.0,755.0,37
TAMPINES,3 ROOM,68.0,Model A,2020,610000.0,2025,2,97,11.0,1129.0,5
WOODLANDS,EXECUTIVE,152.0,Maisonette,1988,895000.0,2025,2,97,8.0,754.0,37
SEMBAWANG,3 ROOM,68.0,Model A,2020,570000.0,2025,2,97,5.0,1137.0,5
PUNGGOL,4 ROOM,93.0,Model A,2012,650000.0,2025,2,97,8.0,1040.0,13
SERANGOON,4 ROOM,103.0,Model A,1988,930000.0,2025,2,97,8.0,755.0,37
JURONG EAST,5 ROOM,134.0,Model A,1985,660000.0,2025,2,97,11.0,713.0,40
SEMBAWANG,2 ROOM,47.0,2-room,2020,380000.0,2025,2,97,11.0,1139.0,5
GEYLANG,3 ROOM,60.0,Model A,2007,630000.0,2025,2,97,2.0,973.0,18
WOODLANDS,5 ROOM,122.0,Improved,1998,687000.0,2025,2,97,11.0,865.0,27
WOODLANDS,4 ROOM,90.0,Premium Apartment,2004,515000.0,2025,2,97,2.0,938.0,21
SENGKANG,5 ROOM,115.0,Improved,2000,645000.0,2025,2,97,5.0,894.0,25
BUKIT BATOK,3 ROOM,60.0,Improved,1988,380000.0,2025,2,97,5.0,745.0,37
PUNGGOL,5 ROOM,112.0,Premium Apartment,2016,865000.0,2025,2,97,8.0,1085.0,9
SEMBAWANG,4 ROOM,90.0,Model A,2004,515000.0,2025,2,97,2.0,943.0,21
CHOA CHU KANG,3 ROOM,68.0,Model A,2017,483000.0,2025,2,97,14.0,1102.0,8
JURONG WEST,5 ROOM,123.0,Improved,1988,610000.0,2025,2,97,5.0,753.0,37
WOODLANDS,5 ROOM,151.0,Adjoined flat,1974,620000.0,2025,2,97,5.0,582.0,51
HOUGANG,3 ROOM,59.0,Improved,1993,415000.0,2025,2,97,5.0,807.0,32
TAMPINES,3 ROOM,68.0,Model A,2020,575000.0,2025,2,97,14.0,1137.0,5
SEMBAWANG,4 ROOM,93.0,Model A,2020,685000.0,2025,2,97,11.0,1137.0,5
BUKIT MERAH,3 ROOM,62.0,Model A,2013,735000.0,2025,2,97,23.0,1046.0,12
BUKIT MERAH,5 ROOM,111.0,Improved,2003,1000000.0,2025,2,97,26.0,927.0,22
PUNGGOL,4 ROOM,92.0,Model A,2015,700000.0,2025,2,97,11.0,1073.0,10
YISHUN,EXECUTIVE,146.0,Maisonette,1986,818888.0,2025,2,97,8.0,725.0,39
SEMBAWANG,2 ROOM,38.0,2-room,2020,358000.0,2025,2,97,8.0,1139.0,5
HOUGANG,5 ROOM,140.0,Model A-Maisonette,1984,1070888.0,2025,2,97,8.0,705.0,41
CHOA CHU KANG,EXECUTIVE,144.0,Apartment,1995,728888.0,2025,2,97,8.0,831.0,30
WOODLANDS,3 ROOM,68.0,Model A,2019,540000.0,2025,2,97,26.0,1126.0,6
BUKIT MERAH,3 ROOM,62.0,Model A,2013,762000.0,2025,2,97,29.0,1045.0,12
SEMBAWANG,3 ROOM,67.0,Model A,2015,490000.0,2025,2,97,23.0,1073.0,10
BEDOK,4 ROOM,97.0,New Generation,1982,570000.0,2025,2,97,2.0,681.0,43
CLEMENTI,3 ROOM,67.0,New Generation,1980,390000.0,2025,2,97,2.0,648.0,45
ANG MO KIO,4 ROOM,92.0,New Generation,1979,490000.0,2025,2,97,11.0,642.0,46
PUNGGOL,4 ROOM,93.0,Premium Apartment,2013,668000.0,2025,2,97,5.0,1052.0,12
TAMPINES,4 ROOM,93.0,Model A,2017,750000.0,2025,2,97,11.0,1097.0,8
BEDOK,2 ROOM,47.0,Model A,2016,365000.0,2025,2,97,2.0,1090.0,9
SEMBAWANG,5 ROOM,120.0,Improved,1999,650000.0,2025,2,97,5.0,881.0,26
BUKIT MERAH,4 ROOM,88.0,Improved,1973,505000.0,2025,2,97,2.0,565.0,52
YISHUN,3 ROOM,67.0,Model A,2015,475000.0,2025,2,97,8.0,1080.0,10
TOA PAYOH,4 ROOM,93.0,Model A,2019,935000.0,2025,2,97,20.0,1127.0,6
BEDOK,3 ROOM,67.0,New Generation,1982,445000.0,2025,2,97,5.0,679.0,43
BEDOK,5 ROOM,121.0,Improved,1981,700000.0,2025,2,97,11.0,665.0,44
SENGKANG,5 ROOM,121.0,Premium Apartment,2001,670000.0,2025,2,97,8.0,903.0,24
BUKIT MERAH,4 ROOM,100.0,Model A,2005,975000.0,2025,2,97,26.0,959.0,20
CHOA CHU KANG,5 ROOM,113.0,Improved,2018,695000.0,2025,2,97,11.0,1105.0,7
SENGKANG,3 ROOM,68.0,Model A,2016,485000.0,2025,2,97,2.0,1088.0,9
SENGKANG,EXECUTIVE,131.0,Apartment,2000,850000.0,2025,2,97,14.0,894.0,25
SENGKANG,4 ROOM,94.0,Model A,2018,700000.0,2025,2,97,20.0,1111.0,7
SENGKANG,5 ROOM,112.0,Premium Apartment,2015,800000.0,2025,2,97,2.0,1072.0,10
BEDOK,4 ROOM,104.0,Model A,1989,825000.0,2025,2,97,8.0,758.0,36
GEYLANG,3 ROOM,60.0,Model A,2007,650000.0,2025,2,97,11.0,973.0,18
TAMPINES,4 ROOM,105.0,Model A,1993,640000.0,2025,2,97,11.0,810.0,32
SEMBAWANG,4 ROOM,93.0,Model A,2018,705000.0,2025,2,97,2.0,1110.0,7
TAMPINES,4 ROOM,104.0,Model A,1988,680000.0,2025,2,97,11.0,754.0,37
SEMBAWANG,4 ROOM,100.0,Model A,1998,570000.0,2025,2,97,14.0,876.0,27
SERANGOON,4 ROOM,105.0,Model A,1985,750000.0,2025,2,97,5.0,713.0,40
SEMBAWANG,5 ROOM,110.0,Improved,2000,628888.0,2025,2,97,11.0,896.0,25
WOODLANDS,4 ROOM,92.0,Model A,2015,560000.0,2025,2,97,5.0,1074.0,10
BUKIT MERAH,4 ROOM,90.0,Model A,2009,970000.0,2025,2,97,20.0,996.0,16
SEMBAWANG,5 ROOM,110.0,Improved,2000,580000.0,2025,2,97,14.0,896.0,25
CLEMENTI,4 ROOM,91.0,New Generation,1980,548000.0,2025,2,97,8.0,654.0,45
TAMPINES,5 ROOM,122.0,Improved,1996,775000.0,2025,2,97,5.0,848.0,29
PASIR RIS,EXECUTIVE,151.0,Maisonette,1995,1018888.0,2025,2,97,11.0,837.0,30
JURONG WEST,3 ROOM,59.0,Improved,1978,320000.0,2025,2,97,2.0,630.0,47
WOODLANDS,5 ROOM,121.0,Improved,1996,688000.0,2025,2,97,11.0,843.0,29
QUEENSTOWN,2 ROOM,43.0,Standard,1970,280000.0,2025,2,97,2.0,534.0,55
GEYLANG,3 ROOM,68.0,New Generation,1981,513000.0,2025,2,97,11.0,666.0,44
SEMBAWANG,5 ROOM,111.0,Improved,2004,580000.0,2025,2,97,5.0,939.0,21
QUEENSTOWN,4 ROOM,92.0,Model A,2012,1250000.0,2025,2,97,35.0,1040.0,13
PUNGGOL,4 ROOM,93.0,Model A,2016,630000.0,2025,2,97,5.0,1086.0,9
WOODLANDS,2 ROOM,47.0,Model A,2018,375000.0,2025,2,97,11.0,1113.0,7
BEDOK,4 ROOM,105.0,Premium Apartment,2000,835000.0,2025,2,97,14.0,900.0,25
CHOA CHU KANG,5 ROOM,115.0,Improved,1999,595000.0,2025,2,97,2.0,880.0,26
BUKIT BATOK,4 ROOM,102.0,Model A,1998,625000.0,2025,2,97,17.0,864.0,27
PUNGGOL,4 ROOM,92.0,Model A,2015,660000.0,2025,2,97,2.0,1073.0,10
CHOA CHU KANG,5 ROOM,134.0,Model A,1996,768000.0,2025,2,97,11.0,844.0,29
HOUGANG,5 ROOM,122.0,Improved,1992,780000.0,2025,2,97,8.0,800.0,33
SERANGOON,5 ROOM,125.0,Improved,1985,738000.0,2025,2,97,2.0,715.0,40
WOODLANDS,5 ROOM,113.0,Improved,2018,670000.0,2025,2,97,2.0,1111.0,7
WOODLANDS,4 ROOM,106.0,Model A,1996,658888.88,2025,2,97,8.0,849.0,29
PUNGGOL,4 ROOM,93.0,Model A,2018,655000.0,2025,2,97,8.0,1115.0,7
SEMBAWANG,2 ROOM,38.0,2-room,2020,351000.0,2025,2,97,8.0,1140.0,5
TOA PAYOH,4 ROOM,94.0,Model A,2020,1200000.0,2025,2,97,17.0,1135.0,5
KALLANG/WHAMPOA,4 ROOM,98.0,Premium Apartment,2017,1180000.0,2025,2,97,26.0,1098.0,8
HOUGANG,4 ROOM,103.0,Model A,1987,670000.0,2025,2,97,11.0,741.0,38
HOUGANG,4 ROOM,103.0,Model A,1990,680000.0,2025,2,97,11.0,778.0,35
BUKIT BATOK,4 ROOM,93.0,Model A2,1998,530000.0,2025,2,97,2.0,871.0,27
SENGKANG,4 ROOM,93.0,Model A,2013,663888.0,2025,2,97,11.0,1045.0,12
HOUGANG,4 ROOM,84.0,Simplified,1985,550000.0,2025,2,97,5.0,717.0,40
YISHUN,4 ROOM,104.0,Model A,1987,520000.0,2025,2,97,2.0,736.0,38
CHOA CHU KANG,4 ROOM,90.0,Model A,2003,531888.0,2025,2,97,17.0,925.0,22
JURONG WEST,5 ROOM,112.0,Premium Apartment,2003,565800.0,2025,2,97,8.0,933.0,22
BEDOK,3 ROOM,68.0,New Generation,1980,425000.0,2025,2,97,5.0,653.0,45
BUKIT PANJANG,EXECUTIVE,142.0,Apartment,1988,899000.0,2025,2,97,8.0,754.0,37
HOUGANG,3 ROOM,68.0,New Generation,1985,440000.0,2025,2,97,8.0,712.0,40
HOUGANG,EXECUTIVE,137.0,Apartment,1999,758000.0,2025,2,97,5.0,880.0,26
TAMPINES,5 ROOM,121.0,Improved,1984,778000.0,2025,2,97,5.0,700.0,41
MARINE PARADE,4 ROOM,87.0,Improved,1976,680000.0,2025,2,97,5.0,600.0,49
PUNGGOL,5 ROOM,112.0,Premium Apartment,2016,880000.0,2025,2,97,17.0,1082.0,9
JURONG EAST,4 ROOM,104.0,Model A,1983,528000.0,2025,2,97,8.0,689.0,42
ANG MO KIO,4 ROOM,92.0,New Generation,1979,515000.0,2025,2,97,5.0,640.0,46
SERANGOON,4 ROOM,105.0,Model A,1989,795888.0,2025,2,97,2.0,758.0,36
TOA PAYOH,4 ROOM,100.0,Model A,2001,970000.0,2025,2,97,26.0,900.0,24
YISHUN,3 ROOM,71.0,New Generation,1985,445000.0,2025,2,97,2.0,710.0,40
TAMPINES,5 ROOM,120.0,Improved,1997,780000.0,2025,2,97,8.0,856.0,28
BUKIT MERAH,3 ROOM,65.0,Improved,1976,400000.0,2025,2,97,11.0,600.0,49
TOA PAYOH,4 ROOM,111.0,Model A,1984,685000.0,2025,2,97,2.0,703.0,41
KALLANG/WHAMPOA,4 ROOM,90.0,Model A,2006,880000.0,2025,2,97,14.0,967.0,19
BEDOK,3 ROOM,68.0,New Generation,1980,415000.0,2025,2,97,11.0,653.0,45
CLEMENTI,4 ROOM,91.0,Model A,2013,855000.0,2025,2,97,5.0,1052.0,12
CLEMENTI,4 ROOM,92.0,New Generation,1980,580000.0,2025,2,97,2.0,648.0,45
JURONG WEST,5 ROOM,110.0,Premium Apartment,2008,590000.0,2025,2,97,2.0,991.0,17
JURONG EAST,3 ROOM,74.0,Improved,1982,370000.0,2025,2,97,2.0,676.0,43
BUKIT MERAH,3 ROOM,70.0,Improved,1976,428000.0,2025,2,97,5.0,604.0,49
BEDOK,3 ROOM,73.0,New Generation,1977,455000.0,2025,2,97,5.0,616.0,48
CHOA CHU KANG,4 ROOM,90.0,Model A,2003,520000.0,2025,2,97,14.0,926.0,22
PUNGGOL,4 ROOM,93.0,Model A,2012,665000.0,2025,2,97,11.0,1044.0,13
WOODLANDS,5 ROOM,113.0,Improved,2019,755888.0,2025,2,97,20.0,1125.0,6
PUNGGOL,4 ROOM,93.0,Model A,2012,635000.0,2025,2,97,5.0,1044.0,13
JURONG WEST,4 ROOM,89.0,Model A,2012,640000.0,2025,2,97,14.0,1034.0,13
JURONG WEST,4 ROOM,91.0,Premium Apartment,2008,523000.0,2025,2,97,11.0,989.0,17
KALLANG/WHAMPOA,5 ROOM,107.0,DBSS,2011,1388880.0,2025,2,97,29.0,1021.0,14
WOODLANDS,4 ROOM,100.0,Model A,1997,550000.0,2025,2,97,14.0,861.0,28
YISHUN,4 ROOM,89.0,Simplified,1987,485000.0,2025,2,97,2.0,736.0,38
BISHAN,4 ROOM,113.0,Model A,1992,880000.0,2025,2,97,11.0,796.0,33
BUKIT BATOK,5 ROOM,113.0,Improved,2020,790500.0,2025,2,97,5.0,1129.0,5
SEMBAWANG,5 ROOM,113.0,Improved,2018,790000.0,2025,2,97,11.0,1105.0,7
TAMPINES,5 ROOM,122.0,Improved,1988,718000.0,2025,2,97,2.0,753.0,37
ANG MO KIO,4 ROOM,92.0,New Generation,1979,608800.0,2025,2,97,8.0,646.0,46
ANG MO KIO,4 ROOM,92.0,New Generation,1978,505000.0,2025,2,97,11.0,625.0,47
GEYLANG,4 ROOM,93.0,Model A,2020,988888.0,2025,2,97,8.0,1132.0,5
BUKIT BATOK,4 ROOM,93.0,Model A,2019,692000.0,2025,2,97,14.0,1124.0,6
CHOA CHU KANG,5 ROOM,123.0,Premium Apartment,2000,648000.0,2025,2,97,11.0,889.0,25
WOODLANDS,EXECUTIVE,144.0,Maisonette,1998,866000.0,2025,2,97,5.0,871.0,27
TOA PAYOH,4 ROOM,91.0,Model A,2009,942888.0,2025,2,97,8.0,999.0,16
CHOA CHU KANG,5 ROOM,111.0,Improved,2003,575000.0,2025,2,97,14.0,927.0,22
BEDOK,4 ROOM,92.0,New Generation,1978,540000.0,2025,2,97,14.0,628.0,47
CHOA CHU KANG,4 ROOM,104.0,Model A,1993,600000.0,2025,2,97,5.0,809.0,32
CLEMENTI,3 ROOM,67.0,New Generation,1980,438000.0,2025,2,97,5.0,648.0,45
SERANGOON,5 ROOM,127.0,Improved,1989,780000.0,2025,2,97,2.0,765.0,36
SENGKANG,5 ROOM,110.0,Improved,2000,658000.0,2025,2,97,8.0,896.0,25
CLEMENTI,4 ROOM,97.0,New Generation,1978,600888.0,2025,2,97,5.0,626.0,47
CLEMENTI,4 ROOM,92.0,Model A,2013,948888.0,2025,2,97,26.0,1052.0,12
YISHUN,4 ROOM,92.0,Model A,2015,530000.0,2025,2,97,2.0,1070.0,10
BEDOK,2 ROOM,45.0,Improved,1985,310000.0,2025,2,97,8.0,716.0,40
YISHUN,EXECUTIVE,146.0,Maisonette,1988,850000.0,2025,2,97,2.0,750.0,37
TOA PAYOH,4 ROOM,82.0,Improved,1976,460000.0,2025,2,97,2.0,602.0,49
GEYLANG,4 ROOM,112.0,Model A,1984,820000.0,2025,2,97,11.0,698.0,41
CHOA CHU KANG,4 ROOM,104.0,Model A,1990,570000.0,2025,2,97,5.0,770.0,35
SEMBAWANG,5 ROOM,116.0,Improved,2020,770000.0,2025,2,97,5.0,1139.0,5
YISHUN,3 ROOM,67.0,New Generation,1985,475000.0,2025,2,97,8.0,710.0,40
QUEENSTOWN,4 ROOM,105.0,Model A,1996,936000.0,2025,2,97,2.0,847.0,29
ANG MO KIO,3 ROOM,82.0,New Generation,1977,500000.0,2025,2,97,2.0,620.0,48
BUKIT MERAH,4 ROOM,107.0,Model A,1995,828000.0,2025,2,97,8.0,835.0,30
TAMPINES,4 ROOM,92.0,Model A,2020,730000.0,2025,2,97,5.0,1129.0,5
SENGKANG,4 ROOM,95.0,Model A,2000,575000.0,2025,2,97,17.0,892.0,25
BEDOK,4 ROOM,84.0,Improved,1977,430000.0,2025,2,97,2.0,620.0,48
TAMPINES,4 ROOM,84.0,Simplified,1988,570000.0,2025,2,97,8.0,746.0,37
BEDOK,3 ROOM,67.0,New Generation,1979,400000.0,2025,2,97,8.0,643.0,46
SENGKANG,4 ROOM,93.0,Model A,2020,648800.0,2025,2,97,5.0,1137.0,5
SEMBAWANG,2 ROOM,38.0,2-room,2020,348000.0,2025,2,97,2.0,1139.0,5
BEDOK,3 ROOM,67.0,New Generation,1982,418000.0,2025,2,97,5.0,679.0,43
JURONG WEST,3 ROOM,67.0,Improved,1972,323000.0,2025,2,97,2.0,552.0,53
SERANGOON,3 ROOM,69.0,Improved,1985,450000.0,2025,2,97,8.0,708.0,40
PASIR RIS,5 ROOM,123.0,Improved,1992,780000.0,2025,2,97,8.0,803.0,33
JURONG WEST,4 ROOM,93.0,Model A,2018,575000.0,2025,2,97,5.0,1105.0,7
TAMPINES,5 ROOM,127.0,Improved,1995,708888.0,2025,2,97,5.0,837.0,30
CHOA CHU KANG,4 ROOM,90.0,Model A,2002,520000.0,2025,2,97,20.0,917.0,23
HOUGANG,4 ROOM,84.0,Simplified,1986,518000.0,2025,2,97,5.0,731.0,39
WOODLANDS,3 ROOM,60.0,Improved,1987,380000.0,2025,2,97,2.0,737.0,38
GEYLANG,3 ROOM,60.0,Standard,1967,310000.0,2025,2,97,5.0,493.0,58
JURONG WEST,2 ROOM,47.0,Model A,2019,315000.0,2025,2,97,5.0,1121.0,6
SENGKANG,5 ROOM,123.0,Improved,1999,680000.0,2025,2,97,8.0,883.0,26
TAMPINES,5 ROOM,113.0,Improved,2020,925000.0,2025,2,97,11.0,1137.0,5
HOUGANG,3 ROOM,60.0,Improved,1987,405000.0,2025,2,97,5.0,731.0,38
TOA PAYOH,4 ROOM,93.0,Model A,2019,968000.0,2025,2,97,14.0,1127.0,6
ANG MO KIO,3 ROOM,81.0,New Generation,1980,485000.0,2025,2,97,11.0,653.0,45
PUNGGOL,EXECUTIVE,128.0,Premium Apartment,2004,792888.0,2025,2,97,2.0,940.0,21
KALLANG/WHAMPOA,3 ROOM,65.0,Improved,1974,442000.0,2025,2,97,8.0,577.0,51
HOUGANG,EXECUTIVE,147.0,Maisonette,1992,935000.0,2025,3,98,2.0,799.0,33
CENTRAL AREA,3 ROOM,60.0,Improved,1980,535000.0,2025,3,98,14.0,654.0,45
TOA PAYOH,3 ROOM,68.0,Improved,1969,330000.0,2025,3,98,2.0,521.0,56
SEMBAWANG,2 ROOM,48.0,Model A,2019,358000.0,2025,3,98,5.0,1118.0,6
SENGKANG,EXECUTIVE,131.0,Apartment,2000,775000.0,2025,3,98,8.0,893.0,25
PASIR RIS,2 ROOM,47.0,2-room,2015,405000.0,2025,3,98,2.0,1073.0,10
TAMPINES,4 ROOM,107.0,Premium Apartment,1996,605000.0,2025,3,98,2.0,843.0,29
WOODLANDS,4 ROOM,102.0,Model A,1998,549000.0,2025,3,98,8.0,864.0,27
TAMPINES,4 ROOM,93.0,Model A,2021,740000.0,2025,3,98,2.0,1139.0,4
KALLANG/WHAMPOA,3 ROOM,60.0,Improved,1979,370000.0,2025,3,98,5.0,641.0,46
YISHUN,4 ROOM,92.0,DBSS,2013,758888.0,2025,3,98,11.0,1052.0,12
SENGKANG,3 ROOM,68.0,Model A,2020,515000.0,2025,3,98,5.0,1135.0,5
TOA PAYOH,3 ROOM,68.0,Model A,2018,830000.0,2025,3,98,38.0,1110.0,7
BISHAN,4 ROOM,112.0,Model A,1992,940000.0,2025,3,98,5.0,798.0,33
ANG MO KIO,3 ROOM,68.0,New Generation,1980,450000.0,2025,3,98,11.0,654.0,45
WOODLANDS,3 ROOM,67.0,New Generation,1977,405000.0,2025,3,98,11.0,622.0,48
QUEENSTOWN,3 ROOM,66.0,Improved,1970,370000.0,2025,3,98,11.0,527.0,55
KALLANG/WHAMPOA,4 ROOM,91.0,New Generation,1984,680000.0,2025,3,98,11.0,706.0,41
PUNGGOL,2 ROOM,46.0,Model A,2014,390000.0,2025,3,98,8.0,1066.0,11
PUNGGOL,4 ROOM,93.0,Premium Apartment,2019,646722.0,2025,3,98,5.0,1117.0,6
JURONG WEST,5 ROOM,121.0,Improved,1990,555000.0,2025,3,98,5.0,769.0,35
TOA PAYOH,5 ROOM,113.0,Improved,2020,1330000.0,2025,3,98,14.0,1134.0,5
SENGKANG,4 ROOM,90.0,Premium Apartment,2006,720000.0,2025,3,98,17.0,961.0,19
BUKIT PANJANG,EXECUTIVE,125.0,Premium Apartment,2002,710000.0,2025,3,98,14.0,921.0,23
PUNGGOL,5 ROOM,113.0,Premium Apartment,2020,755000.0,2025,3,98,2.0,1127.0,5
BEDOK,4 ROOM,93.0,New Generation,1985,600000.0,2025,3,98,11.0,713.0,40
JURONG EAST,4 ROOM,93.0,New Generation,1982,526900.0,2025,3,98,5.0,672.0,43
SEMBAWANG,5 ROOM,113.0,Improved,2018,725000.0,2025,3,98,2.0,1103.0,7
CHOA CHU KANG,4 ROOM,93.0,Model A,2017,592888.0,2025,3,98,5.0,1095.0,8
CHOA CHU KANG,4 ROOM,101.0,Model A,1999,545000.0,2025,3,98,11.0,880.0,26
YISHUN,5 ROOM,123.0,Improved,1993,690000.0,2025,3,98,5.0,804.0,32
HOUGANG,4 ROOM,93.0,Model A,2015,665000.0,2025,3,98,11.0,1071.0,10
BEDOK,3 ROOM,68.0,New Generation,1979,460000.0,2025,3,98,5.0,636.0,46
CHOA CHU KANG,4 ROOM,104.0,Premium Apartment,1999,532888.0,2025,3,98,14.0,886.0,26
BUKIT BATOK,4 ROOM,104.0,Model A,1998,530000.0,2025,3,98,2.0,864.0,27
TAMPINES,3 ROOM,74.0,Model A,1985,472000.0,2025,3,98,5.0,718.0,40
TOA PAYOH,4 ROOM,93.0,Model A,2018,1120888.0,2025,3,98,35.0,1110.0,7
PUNGGOL,4 ROOM,92.0,Model A,2014,620000.0,2025,3,98,2.0,1066.0,11
HOUGANG,4 ROOM,113.0,Model A,1985,618000.0,2025,3,98,8.0,711.0,40
ANG MO KIO,3 ROOM,73.0,New Generation,1978,470000.0,2025,3,98,5.0,625.0,47
SENGKANG,5 ROOM,113.0,Premium Apartment,2017,813000.0,2025,3,98,8.0,1101.0,8
JURONG WEST,3 ROOM,67.0,New Generation,1983,380000.0,2025,3,98,5.0,691.0,42
TAMPINES,5 ROOM,122.0,Improved,1988,761888.0,2025,3,98,8.0,746.0,37
JURONG WEST,4 ROOM,91.0,Model A,2001,568000.0,2025,3,98,14.0,909.0,24
BISHAN,5 ROOM,121.0,Improved,1987,988888.0,2025,3,98,11.0,737.0,38
JURONG WEST,EXECUTIVE,155.0,Apartment,1993,780000.0,2025,3,98,2.0,814.0,32
JURONG EAST,4 ROOM,91.0,New Generation,1984,550000.0,2025,3,98,8.0,703.0,41
BUKIT BATOK,3 ROOM,82.0,New Generation,1984,480888.0,2025,3,98,11.0,704.0,41
TAMPINES,5 ROOM,107.0,DBSS,2011,938000.0,2025,3,98,8.0,1020.0,14
PASIR RIS,4 ROOM,104.0,Model A,1996,610000.0,2025,3,98,5.0,849.0,29
PUNGGOL,3 ROOM,68.0,Premium Apartment,2017,530000.0,2025,3,98,14.0,1095.0,8
YISHUN,3 ROOM,74.0,Model A,1985,420000.0,2025,3,98,11.0,708.0,40
BUKIT BATOK,EXECUTIVE,154.0,Maisonette,1985,835000.0,2025,3,98,2.0,714.0,40
GEYLANG,3 ROOM,61.0,Standard,1969,350888.0,2025,3,98,8.0,515.0,56
BUKIT PANJANG,4 ROOM,91.0,Model A2,2002,545000.0,2025,3,98,17.0,914.0,23
BEDOK,2 ROOM,45.0,Improved,1979,320000.0,2025,3,98,8.0,642.0,46
SENGKANG,4 ROOM,93.0,Model A,2020,640000.0,2025,3,98,5.0,1136.0,5
YISHUN,3 ROOM,64.0,Simplified,1988,426000.0,2025,3,98,8.0,749.0,37
SENGKANG,2 ROOM,47.0,Model A,2016,385000.0,2025,3,98,26.0,1085.0,9
CLEMENTI,3 ROOM,67.0,New Generation,1978,425000.0,2025,3,98,5.0,623.0,47
YISHUN,5 ROOM,122.0,Improved,1988,670000.0,2025,3,98,2.0,750.0,37
YISHUN,3 ROOM,67.0,Model A,2021,500000.0,2025,3,98,11.0,1139.0,4
SENGKANG,4 ROOM,93.0,Premium Apartment,2004,607000.0,2025,3,98,14.0,936.0,21
SERANGOON,EXECUTIVE,146.0,Apartment,1992,900000.0,2025,3,98,2.0,801.0,33
TOA PAYOH,5 ROOM,121.0,Improved,1996,1180000.0,2025,3,98,11.0,846.0,29
TAMPINES,5 ROOM,113.0,Improved,2020,928000.0,2025,3,98,8.0,1136.0,5
JURONG EAST,3 ROOM,68.0,New Generation,1982,440000.0,2025,3,98,5.0,675.0,43
GEYLANG,3 ROOM,68.0,Model A,2020,775000.0,2025,3,98,14.0,1131.0,5
YISHUN,3 ROOM,67.0,New Generation,1984,433000.0,2025,3,98,8.0,707.0,41
WOODLANDS,3 ROOM,68.0,Model A,2018,485000.0,2025,3,98,5.0,1108.0,7
WOODLANDS,4 ROOM,92.0,Model A,2015,612000.0,2025,3,98,11.0,1073.0,10
SENGKANG,5 ROOM,112.0,Improved,2015,730000.0,2025,3,98,2.0,1072.0,10
PASIR RIS,5 ROOM,121.0,Improved,1995,708000.0,2025,3,98,2.0,832.0,30
JURONG WEST,EXECUTIVE,143.0,Apartment,1993,788888.0,2025,3,98,14.0,814.0,32
HOUGANG,2 ROOM,47.0,Model A,2012,345000.0,2025,3,98,11.0,1036.0,13
KALLANG/WHAMPOA,5 ROOM,114.0,Standard,1975,840000.0,2025,3,98,20.0,587.0,50
BUKIT BATOK,4 ROOM,92.0,Model A,2004,560000.0,2025,3,98,11.0,943.0,21
JURONG WEST,4 ROOM,102.0,Model A,1997,590000.0,2025,3,98,11.0,858.0,28
CLEMENTI,4 ROOM,100.0,Model A,2013,914888.0,2025,3,98,8.0,1051.0,12
WOODLANDS,3 ROOM,65.0,Improved,1974,339888.0,2025,3,98,14.0,581.0,51
SENGKANG,5 ROOM,112.0,Improved,2015,815000.0,2025,3,98,8.0,1072.0,10
BUKIT BATOK,3 ROOM,73.0,Model A,1986,390000.0,2025,3,98,2.0,721.0,39
TAMPINES,4 ROOM,93.0,Model A,2015,800000.0,2025,3,98,5.0,1075.0,10
PUNGGOL,4 ROOM,93.0,Premium Apartment,2010,655000.0,2025,3,98,2.0,1013.0,15
SEMBAWANG,4 ROOM,95.0,Premium Apartment,2001,600000.0,2025,3,98,8.0,904.0,24
BUKIT MERAH,4 ROOM,93.0,Model A,2018,940000.0,2025,3,98,14.0,1113.0,7
HOUGANG,5 ROOM,120.0,Improved,1998,820000.0,2025,3,98,14.0,869.0,27
SENGKANG,4 ROOM,90.0,Premium Apartment,2009,818000.0,2025,3,98,8.0,1000.0,16
YISHUN,4 ROOM,96.0,Premium Apartment,2016,650000.0,2025,3,98,5.0,1079.0,9
SENGKANG,4 ROOM,90.0,Model A,2001,570000.0,2025,3,98,5.0,906.0,24
SEMBAWANG,2 ROOM,38.0,Model A,2020,370000.0,2025,3,98,8.0,1134.0,5
BUKIT PANJANG,EXECUTIVE,143.0,Maisonette,1999,953000.0,2025,3,98,11.0,877.0,26
KALLANG/WHAMPOA,3 ROOM,65.0,Improved,1974,400000.0,2025,3,98,8.0,575.0,51
JURONG WEST,3 ROOM,73.0,Model A,1984,410000.0,2025,3,98,11.0,701.0,41
TAMPINES,4 ROOM,93.0,Model A,2015,800000.0,2025,3,98,14.0,1074.0,10
GEYLANG,3 ROOM,64.0,Simplified,1985,451000.0,2025,3,98,5.0,715.0,40
SEMBAWANG,2 ROOM,47.0,Model A,2020,420000.0,2025,3,98,8.0,1131.0,5
HOUGANG,4 ROOM,93.0,Model A2,1997,538000.0,2025,3,98,5.0,861.0,28
PASIR RIS,5 ROOM,127.0,Improved,1989,770000.0,2025,3,98,11.0,766.0,36
SENGKANG,5 ROOM,110.0,Premium Apartment,2003,640000.0,2025,3,98,8.0,927.0,22
SENGKANG,4 ROOM,93.0,Model A,2015,625000.0,2025,3,98,14.0,1069.0,10
TOA PAYOH,3 ROOM,68.0,Model A,2019,765000.0,2025,3,98,23.0,1126.0,6
TOA PAYOH,5 ROOM,123.0,Improved,1995,970000.0,2025,3,98,5.0,829.0,30
GEYLANG,4 ROOM,96.0,Model A,2020,1075000.0,2025,3,98,17.0,1130.0,5
JURONG WEST,3 ROOM,59.0,Improved,1978,332000.0,2025,3,98,20.0,629.0,47
PUNGGOL,EXECUTIVE,130.0,Premium Apartment,2003,755000.0,2025,3,98,5.0,929.0,22
BUKIT PANJANG,4 ROOM,104.0,Model A,1988,530000.0,2025,3,98,8.0,744.0,37
BUKIT PANJANG,4 ROOM,91.0,Model A2,1998,540000.0,2025,3,98,5.0,868.0,27
JURONG WEST,3 ROOM,73.0,Model A,1988,415000.0,2025,3,98,5.0,749.0,37
CLEMENTI,4 ROOM,100.0,Model A,2013,935000.0,2025,3,98,8.0,1051.0,12
JURONG WEST,3 ROOM,59.0,Improved,1978,345000.0,2025,3,98,23.0,629.0,47
JURONG WEST,5 ROOM,113.0,Improved,2018,788000.0,2025,3,98,14.0,1112.0,7
JURONG WEST,4 ROOM,92.0,Model A,2015,610000.0,2025,3,98,11.0,1067.0,10
CHOA CHU KANG,2 ROOM,47.0,2-room,2015,380000.0,2025,3,98,23.0,1068.0,10
JURONG WEST,2 ROOM,47.0,Model A,2019,354000.0,2025,3,98,8.0,1119.0,6
TOA PAYOH,4 ROOM,81.0,Improved,1973,510000.0,2025,3,98,5.0,569.0,52
ANG MO KIO,3 ROOM,68.0,New Generation,1980,458000.0,2025,3,98,11.0,655.0,45
WOODLANDS,5 ROOM,118.0,Improved,1996,712000.0,2025,3,98,8.0,849.0,29
HOUGANG,3 ROOM,82.0,New Generation,1983,470000.0,2025,3,98,5.0,682.0,42
GEYLANG,3 ROOM,56.0,Standard,1969,330000.0,2025,3,98,5.0,514.0,56
YISHUN,3 ROOM,74.0,Model A,1989,470000.0,2025,3,98,2.0,755.0,36
PUNGGOL,3 ROOM,68.0,Model A,2018,520000.0,2025,3,98,5.0,1113.0,7
BUKIT PANJANG,5 ROOM,121.0,Improved,1999,862000.0,2025,3,98,5.0,878.0,26
WOODLANDS,4 ROOM,93.0,Model A2,1997,510000.0,2025,3,98,2.0,860.0,28
PUNGGOL,4 ROOM,98.0,Premium Apartment,2013,730000.0,2025,3,98,5.0,1045.0,12
GEYLANG,3 ROOM,56.0,Standard,1969,325000.0,2025,3,98,8.0,515.0,56
JURONG WEST,3 ROOM,67.0,New Generation,1985,398800.0,2025,3,98,2.0,712.0,40
JURONG WEST,3 ROOM,65.0,Improved,1977,360000.0,2025,3,98,20.0,618.0,48
WOODLANDS,4 ROOM,103.0,Premium Apartment,2000,590000.0,2025,3,98,8.0,889.0,25
SEMBAWANG,EXECUTIVE,130.0,Apartment,2001,778000.0,2025,3,98,5.0,902.0,24
TAMPINES,4 ROOM,100.0,Model A,1997,642000.0,2025,3,98,11.0,854.0,28
TAMPINES,3 ROOM,69.0,Model A,2020,610000.0,2025,3,98,14.0,1136.0,5
KALLANG/WHAMPOA,3 ROOM,65.0,Improved,1974,465000.0,2025,3,98,5.0,582.0,51
TOA PAYOH,4 ROOM,100.0,Model A,2001,900000.0,2025,3,98,23.0,899.0,24
TAMPINES,5 ROOM,113.0,Improved,2020,905000.0,2025,3,98,8.0,1136.0,5
TOA PAYOH,5 ROOM,113.0,Improved,2020,1268000.0,2025,3,98,2.0,1134.0,5
WOODLANDS,EXECUTIVE,192.0,Apartment,1994,1128000.0,2025,3,98,11.0,815.0,31
BEDOK,3 ROOM,60.0,Improved,1986,420000.0,2025,3,98,8.0,722.0,39
BUKIT PANJANG,4 ROOM,104.0,Model A,1989,518000.0,2025,3,98,8.0,760.0,36
MARINE PARADE,4 ROOM,88.0,Improved,1975,580000.0,2025,3,98,11.0,587.0,50
SERANGOON,4 ROOM,91.0,New Generation,1985,548000.0,2025,3,98,2.0,712.0,40
BEDOK,4 ROOM,92.0,New Generation,1981,601000.0,2025,3,98,8.0,661.0,44
TOA PAYOH,4 ROOM,93.0,Model A,2020,1118000.0,2025,3,98,5.0,1138.0,5
JURONG WEST,5 ROOM,110.0,Premium Apartment,2008,630000.0,2025,3,98,5.0,988.0,17
SEMBAWANG,4 ROOM,93.0,Model A,2018,698000.0,2025,3,98,8.0,1112.0,7
ANG MO KIO,4 ROOM,98.0,New Generation,1979,595888.0,2025,3,98,2.0,635.0,46
HOUGANG,5 ROOM,131.0,Improved,1990,820000.0,2025,3,98,2.0,776.0,35
HOUGANG,4 ROOM,103.0,Model A,1987,585888.0,2025,3,98,5.0,738.0,38
BUKIT BATOK,5 ROOM,120.0,Improved,1997,675000.0,2025,3,98,2.0,853.0,28
BUKIT PANJANG,4 ROOM,95.0,Premium Apartment,2002,535000.0,2025,3,98,8.0,917.0,23
CLEMENTI,4 ROOM,92.0,New Generation,1981,640000.0,2025,3,98,11.0,666.0,44
BUKIT PANJANG,5 ROOM,110.0,Premium Apartment,2002,570000.0,2025,3,98,8.0,921.0,23
SENGKANG,5 ROOM,111.0,Improved,2015,768000.0,2025,3,98,23.0,1072.0,10
JURONG EAST,5 ROOM,123.0,Improved,2000,760000.0,2025,3,98,5.0,893.0,25
QUEENSTOWN,5 ROOM,107.0,Improved,2020,1468888.0,2025,3,98,29.0,1137.0,5
JURONG WEST,5 ROOM,140.0,Model A-Maisonette,1984,745000.0,2025,3,98,2.0,702.0,41
JURONG WEST,5 ROOM,123.0,Premium Apartment,1998,740000.0,2025,3,98,11.0,865.0,27
BUKIT BATOK,2 ROOM,47.0,Model A,2020,398800.0,2025,3,98,11.0,1128.0,5
BEDOK,5 ROOM,131.0,Model A,1995,988000.0,2025,3,98,14.0,838.0,30
WOODLANDS,3 ROOM,65.0,Improved,1976,358000.0,2025,3,98,11.0,601.0,49
BUKIT MERAH,5 ROOM,117.0,Standard,1975,738000.0,2025,3,98,5.0,593.0,50
GEYLANG,3 ROOM,67.0,Model A,2016,721000.0,2025,3,98,17.0,1088.0,9
SENGKANG,EXECUTIVE,131.0,Apartment,2000,818000.0,2025,3,98,11.0,894.0,25
YISHUN,4 ROOM,84.0,Simplified,1987,518000.0,2025,3,98,11.0,735.0,38
GEYLANG,3 ROOM,63.1,Standard,1971,340000.0,2025,3,98,5.0,539.0,54
QUEENSTOWN,3 ROOM,65.0,Improved,1975,555000.0,2025,3,98,17.0,587.0,50
TOA PAYOH,4 ROOM,93.0,Model A,2019,952000.0,2025,3,98,8.0,1126.0,6
SENGKANG,4 ROOM,101.0,Model A,1999,585000.0,2025,3,98,5.0,876.0,26
SEMBAWANG,5 ROOM,113.0,Improved,2018,780000.0,2025,3,98,2.0,1104.0,7
QUEENSTOWN,3 ROOM,72.0,Improved,1970,454000.0,2025,3,98,20.0,533.0,55
SEMBAWANG,5 ROOM,121.0,Improved,1998,682000.0,2025,3,98,17.0,872.0,27
TAMPINES,4 ROOM,104.0,Model A,1994,670000.0,2025,3,98,5.0,817.0,31
HOUGANG,3 ROOM,80.0,Model A,1983,460000.0,2025,3,98,2.0,686.0,42
SENGKANG,4 ROOM,93.0,Model A,2021,660000.0,2025,3,98,2.0,1140.0,4
PASIR RIS,5 ROOM,126.0,Improved,1996,700000.0,2025,3,98,8.0,849.0,29
WOODLANDS,4 ROOM,102.0,Model A,1998,515000.0,2025,3,98,8.0,866.0,27
BUKIT BATOK,2 ROOM,47.0,Model A,2020,395000.0,2025,3,98,11.0,1128.0,5
BUKIT TIMAH,5 ROOM,125.0,Standard,1974,965000.0,2025,3,98,8.0,577.0,51
CLEMENTI,4 ROOM,91.0,New Generation,1978,500000.0,2025,3,98,11.0,624.0,47
QUEENSTOWN,3 ROOM,76.0,Improved,1973,408000.0,2025,3,98,2.0,568.0,52
ANG MO KIO,4 ROOM,82.0,New Generation,1976,518000.0,2025,3,98,8.0,603.0,49
TOA PAYOH,4 ROOM,91.0,DBSS,2012,1160000.0,2025,3,98,38.0,1035.0,13
WOODLANDS,EXECUTIVE,150.0,Maisonette,1996,975888.0,2025,3,98,11.0,848.0,29
YISHUN,3 ROOM,68.0,Model A,2017,475000.0,2025,3,98,2.0,1099.0,8
JURONG WEST,4 ROOM,93.0,Model A,2015,681000.0,2025,3,98,11.0,1070.0,10
SENGKANG,4 ROOM,90.0,Model A,2001,570000.0,2025,4,99,5.0,899.0,24
TOA PAYOH,4 ROOM,93.0,Model A,2019,1050000.0,2025,4,99,26.0,1125.0,6
BUKIT MERAH,4 ROOM,100.0,Model A,2005,1030000.0,2025,4,99,17.0,955.0,20
SEMBAWANG,5 ROOM,113.0,Improved,2018,810000.0,2025,4,99,11.0,1104.0,7
JURONG WEST,4 ROOM,93.0,Model A,2018,660000.0,2025,4,99,14.0,1103.0,7
PUNGGOL,4 ROOM,93.0,Premium Apartment,2016,700000.0,2025,4,99,17.0,1083.0,9
BEDOK,4 ROOM,92.0,New Generation,1980,555000.0,2025,4,99,11.0,649.0,45
BUKIT PANJANG,4 ROOM,104.0,Model A,1988,553000.0,2025,4,99,5.0,741.0,37
YISHUN,3 ROOM,67.0,New Generation,1985,440000.0,2025,4,99,8.0,717.0,40
PASIR RIS,EXECUTIVE,145.0,Maisonette,1990,920000.0,2025,4,99,2.0,769.0,35
JURONG WEST,3 ROOM,67.0,New Generation,1985,400000.0,2025,4,99,8.0,715.0,40
YISHUN,4 ROOM,91.0,New Generation,1984,475000.0,2025,4,99,2.0,705.0,41
BISHAN,EXECUTIVE,142.0,Apartment,1988,1150000.0,2025,4,99,5.0,743.0,37
TAMPINES,4 ROOM,104.0,Model A,1997,635000.0,2025,4,99,5.0,855.0,28
WOODLANDS,4 ROOM,100.0,Model A,1997,600000.0,2025,4,99,8.0,859.0,28
KALLANG/WHAMPOA,4 ROOM,106.0,Model A,1994,752000.0,2025,4,99,11.0,824.0,31
CLEMENTI,3 ROOM,67.0,New Generation,1978,438000.0,2025,4,99,11.0,627.0,47
SERANGOON,3 ROOM,64.0,Simplified,1988,438000.0,2025,4,99,11.0,749.0,37
TAMPINES,4 ROOM,92.0,Model A,2020,775000.0,2025,4,99,17.0,1127.0,5
TOA PAYOH,3 ROOM,66.0,Improved,1973,338000.0,2025,4,99,2.0,568.0,52
CENTRAL AREA,4 ROOM,95.0,Type S1,2011,1388888.0,2025,4,99,38.0,1018.0,14
CHOA CHU KANG,3 ROOM,67.0,Model A,2013,460000.0,2025,4,99,5.0,1048.0,12
SEMBAWANG,4 ROOM,92.0,Model A,2020,820000.0,2025,4,99,8.0,1134.0,5
PASIR RIS,3 ROOM,68.0,Model A,2015,592000.0,2025,4,99,8.0,1072.0,10
BUKIT MERAH,4 ROOM,100.0,Model A,1997,830000.0,2025,4,99,17.0,855.0,28
QUEENSTOWN,3 ROOM,65.0,Improved,1975,470000.0,2025,4,99,20.0,586.0,50
PUNGGOL,5 ROOM,149.0,Premium Apartment Loft,2013,1230000.0,2025,4,99,17.0,1042.0,12
JURONG WEST,5 ROOM,110.0,Improved,2001,590000.0,2025,4,99,5.0,907.0,24
SENGKANG,5 ROOM,113.0,Premium Apartment,2017,738000.0,2025,4,99,2.0,1099.0,8
SEMBAWANG,5 ROOM,110.0,Improved,2001,642000.0,2025,4,99,14.0,900.0,24
BUKIT BATOK,3 ROOM,67.0,New Generation,1985,405000.0,2025,4,99,5.0,709.0,40
KALLANG/WHAMPOA,3 ROOM,59.0,Improved,1976,409000.0,2025,4,99,8.0,602.0,49
HOUGANG,4 ROOM,92.0,Model A,2018,804088.0,2025,4,99,14.0,1103.0,7
WOODLANDS,5 ROOM,110.0,Premium Apartment,2004,668000.0,2025,4,99,14.0,935.0,21
TAMPINES,4 ROOM,101.0,Model A,1996,700000.0,2025,4,99,5.0,846.0,29
SENGKANG,4 ROOM,92.0,Model A,2015,658888.0,2025,4,99,11.0,1072.0,10
SEMBAWANG,5 ROOM,116.0,Improved,2021,810000.0,2025,4,99,2.0,1138.0,4
PUNGGOL,4 ROOM,93.0,Premium Apartment,2013,720000.0,2025,4,99,11.0,1050.0,12
BUKIT MERAH,4 ROOM,85.0,Model A,2009,958000.0,2025,4,99,8.0,994.0,16
TAMPINES,EXECUTIVE,137.0,Apartment,1997,860000.0,2025,4,99,2.0,850.0,28
SERANGOON,3 ROOM,67.0,New Generation,1985,460000.0,2025,4,99,5.0,707.0,40
SENGKANG,4 ROOM,93.0,Model A,2020,685000.0,2025,4,99,14.0,1134.0,5
TAMPINES,EXECUTIVE,146.0,Maisonette,1988,1055000.0,2025,4,99,8.0,751.0,37
PUNGGOL,4 ROOM,92.0,Model A,2014,693000.0,2025,4,99,17.0,1056.0,11
JURONG WEST,3 ROOM,73.0,Model A,1984,416000.0,2025,4,99,2.0,701.0,41
QUEENSTOWN,4 ROOM,96.0,Model A,2011,940000.0,2025,4,99,2.0,1025.0,14
SEMBAWANG,5 ROOM,118.0,Premium Apartment,2001,605000.0,2025,4,99,2.0,904.0,24
KALLANG/WHAMPOA,4 ROOM,91.0,Improved,1974,575000.0,2025,4,99,20.0,576.0,51
SENGKANG,3 ROOM,68.0,Model A,2016,510000.0,2025,4,99,5.0,1086.0,9
CHOA CHU KANG,5 ROOM,113.0,Improved,2016,720888.0,2025,4,99,8.0,1083.0,9
SENGKANG,5 ROOM,113.0,Premium Apartment,2017,855000.0,2025,4,99,8.0,1099.0,8
WOODLANDS,3 ROOM,83.0,Model A,1993,485000.0,2025,4,99,8.0,813.0,32
QUEENSTOWN,3 ROOM,65.0,Improved,1976,378000.0,2025,4,99,2.0,604.0,49
SEMBAWANG,4 ROOM,93.0,Model A,2021,651000.0,2025,4,99,5.0,1138.0,4
CENTRAL AREA,3 ROOM,59.0,Improved,1977,448000.0,2025,4,99,5.0,611.0,48
KALLANG/WHAMPOA,3 ROOM,65.0,Improved,1974,350000.0,2025,4,99,11.0,574.0,51
SENGKANG,4 ROOM,90.0,Model A,2001,650000.0,2025,4,99,11.0,899.0,24
PUNGGOL,4 ROOM,95.0,Premium Apartment,2013,660000.0,2025,4,99,2.0,1042.0,12
BEDOK,4 ROOM,82.0,Improved,1975,488000.0,2025,4,99,14.0,586.0,50
PUNGGOL,4 ROOM,93.0,Premium Apartment,2016,718000.0,2025,4,99,5.0,1086.0,9
WOODLANDS,4 ROOM,102.0,Premium Apartment,2000,608000.0,2025,4,99,14.0,887.0,25
SEMBAWANG,4 ROOM,96.0,Model A,2021,675000.0,2025,4,99,5.0,1138.0,4
PASIR RIS,3 ROOM,66.0,Improved,1980,350000.0,2025,4,99,2.0,652.0,45
JURONG WEST,5 ROOM,111.0,Improved,2002,560000.0,2025,4,99,11.0,912.0,23
SENGKANG,5 ROOM,115.0,Improved,2000,628000.0,2025,4,99,2.0,893.0,25
TAMPINES,3 ROOM,74.0,Model A,1985,475000.0,2025,4,99,2.0,714.0,40
QUEENSTOWN,3 ROOM,65.0,Improved,1976,400000.0,2025,4,99,11.0,603.0,49
CHOA CHU KANG,4 ROOM,92.0,Model A,2015,650000.0,2025,4,99,14.0,1065.0,10
JURONG EAST,5 ROOM,110.0,Improved,2003,700000.0,2025,4,99,20.0,927.0,22
SENGKANG,4 ROOM,90.0,Model A,2000,530000.0,2025,4,99,2.0,892.0,25
BEDOK,5 ROOM,114.0,Standard,1975,710000.0,2025,4,99,8.0,585.0,50
SENGKANG,5 ROOM,111.0,Improved,2001,700000.0,2025,4,99,14.0,907.0,24
TAMPINES,4 ROOM,92.0,Model A,2020,790000.0,2025,4,99,11.0,1127.0,5
YISHUN,4 ROOM,92.0,Model A,2015,555000.0,2025,4,99,5.0,1074.0,10
YISHUN,4 ROOM,93.0,Model A,2021,620000.0,2025,4,99,8.0,1138.0,4
TAMPINES,EXECUTIVE,142.0,Apartment,1988,955888.0,2025,4,99,5.0,751.0,37
CENTRAL AREA,3 ROOM,58.0,Standard,1974,435000.0,2025,4,99,17.0,573.0,51
PUNGGOL,3 ROOM,65.0,Model A,2016,535000.0,2025,4,99,11.0,1084.0,9
GEYLANG,4 ROOM,93.0,Model A,2016,960000.0,2025,4,99,11.0,1088.0,9
BUKIT BATOK,3 ROOM,73.0,Model A,1983,420000.0,2025,4,99,5.0,692.0,42
WOODLANDS,5 ROOM,111.0,Improved,2001,630000.0,2025,4,99,8.0,904.0,24
BUKIT PANJANG,5 ROOM,113.0,Improved,2016,800000.0,2025,4,99,20.0,1088.0,9
SENGKANG,5 ROOM,110.0,Premium Apartment,2003,652000.0,2025,4,99,5.0,927.0,22
PASIR RIS,5 ROOM,128.0,Improved,1989,790000.0,2025,4,99,8.0,755.0,36
QUEENSTOWN,3 ROOM,58.0,Standard,1967,372888.0,2025,4,99,8.0,489.0,58
SEMBAWANG,4 ROOM,93.0,Model A,2021,700000.0,2025,4,99,14.0,1138.0,4
CHOA CHU KANG,5 ROOM,113.0,Improved,2018,678000.0,2025,4,99,5.0,1103.0,7
TOA PAYOH,3 ROOM,67.0,Improved,1971,370888.0,2025,4,99,8.0,538.0,54
SENGKANG,5 ROOM,113.0,Improved,2021,865000.0,2025,4,99,14.0,1139.0,4
BUKIT PANJANG,EXECUTIVE,143.0,Maisonette,1999,870000.0,2025,4,99,2.0,875.0,26
TAMPINES,5 ROOM,113.0,Improved,2020,895000.0,2025,4,99,5.0,1134.0,5
BUKIT BATOK,4 ROOM,93.0,Model A,2019,680000.0,2025,4,99,11.0,1122.0,6
CLEMENTI,3 ROOM,67.0,New Generation,1979,380000.0,2025,4,99,5.0,644.0,46
SENGKANG,5 ROOM,110.0,Improved,2000,700888.0,2025,4,99,11.0,897.0,25
YISHUN,3 ROOM,68.0,Model A,2018,520000.0,2025,4,99,8.0,1103.0,7
YISHUN,EXECUTIVE,142.0,Apartment,1987,988000.0,2025,4,99,8.0,741.0,38
ANG MO KIO,3 ROOM,68.0,New Generation,1981,410000.0,2025,4,99,8.0,658.0,44
YISHUN,4 ROOM,84.0,Simplified,1985,497000.0,2025,4,99,11.0,715.0,40
CENTRAL AREA,3 ROOM,66.0,Improved,1981,575000.0,2025,4,99,11.0,664.0,44
PASIR RIS,4 ROOM,112.0,Model A,1992,651888.0,2025,4,99,8.0,800.0,33
SENGKANG,EXECUTIVE,130.0,Apartment,2001,890000.0,2025,4,99,11.0,898.0,24
PUNGGOL,4 ROOM,93.0,Model A,2017,590000.0,2025,4,99,2.0,1094.0,8
SENGKANG,5 ROOM,110.0,Improved,2001,705000.0,2025,4,99,5.0,900.0,24
TOA PAYOH,5 ROOM,121.0,Improved,1989,798000.0,2025,4,99,8.0,755.0,36
SEMBAWANG,EXECUTIVE,125.0,Apartment,2002,800000.0,2025,4,99,8.0,920.0,23
KALLANG/WHAMPOA,3 ROOM,56.0,Standard,1970,315000.0,2025,4,99,2.0,530.0,55
BUKIT MERAH,4 ROOM,90.0,Model A,2003,1108888.0,2025,4,99,17.0,929.0,22
HOUGANG,4 ROOM,95.0,New Generation,1983,550000.0,2025,4,99,11.0,683.0,42
JURONG WEST,EXECUTIVE,143.0,Apartment,1993,785000.0,2025,4,99,8.0,812.0,32
YISHUN,4 ROOM,84.0,Simplified,1987,538000.0,2025,4,99,5.0,734.0,38
PUNGGOL,5 ROOM,110.0,Improved,2004,700000.0,2025,4,99,17.0,936.0,21
BUKIT BATOK,4 ROOM,86.0,Model A,2005,600000.0,2025,4,99,20.0,947.0,20
ANG MO KIO,5 ROOM,119.0,Improved,1980,680000.0,2025,4,99,5.0,654.0,45
SEMBAWANG,4 ROOM,93.0,Model A,2020,610000.0,2025,4,99,5.0,1137.0,5
JURONG WEST,EXECUTIVE,148.0,Apartment,1997,905000.0,2025,4,99,14.0,850.0,28
YISHUN,4 ROOM,93.0,Model A,2021,630000.0,2025,4,99,8.0,1140.0,4
BUKIT BATOK,4 ROOM,92.0,Model A,2005,626000.0,2025,4,99,14.0,946.0,20
TAMPINES,4 ROOM,107.0,Model A,1993,668000.0,2025,4,99,8.0,810.0,32
PUNGGOL,5 ROOM,110.0,Improved,2004,730000.0,2025,4,99,14.0,943.0,21
YISHUN,4 ROOM,93.0,Model A,2019,598000.0,2025,4,99,8.0,1124.0,6
YISHUN,EXECUTIVE,146.0,Maisonette,1988,878000.0,2025,4,99,2.0,748.0,37
BUKIT BATOK,4 ROOM,103.0,Model A,1986,550000.0,2025,4,99,8.0,720.0,39
CLEMENTI,4 ROOM,92.0,New Generation,1978,530000.0,2025,4,99,5.0,629.0,47
PUNGGOL,4 ROOM,92.0,Premium Apartment,2016,700000.0,2025,4,99,8.0,1084.0,9
BUKIT PANJANG,EXECUTIVE,150.0,Maisonette,1989,810000.0,2025,4,99,5.0,755.0,36
PUNGGOL,5 ROOM,110.0,Improved,2003,644000.0,2025,4,99,5.0,927.0,22
WOODLANDS,5 ROOM,122.0,Improved,1997,680000.0,2025,4,99,5.0,859.0,28
JURONG WEST,5 ROOM,121.0,Improved,1998,633333.0,2025,4,99,5.0,869.0,27
TOA PAYOH,5 ROOM,119.0,Improved,1997,1000000.0,2025,4,99,14.0,857.0,28
KALLANG/WHAMPOA,3 ROOM,56.0,Standard,1971,310000.0,2025,4,99,5.0,537.0,54
KALLANG/WHAMPOA,3 ROOM,59.0,Improved,1974,435000.0,2025,4,99,11.0,576.0,51
CLEMENTI,EXECUTIVE,163.0,Maisonette,1984,1030000.0,2025,4,99,14.0,699.0,41
TAMPINES,3 ROOM,73.0,Model A,1984,510000.0,2025,4,99,14.0,701.0,41
KALLANG/WHAMPOA,3 ROOM,67.0,Model A,2017,649000.0,2025,4,99,17.0,1100.0,8
BEDOK,2 ROOM,47.0,Model A,2016,415000.0,2025,4,99,8.0,1088.0,9
PUNGGOL,4 ROOM,91.0,Premium Apartment,2003,611000.0,2025,4,99,8.0,933.0,22
YISHUN,5 ROOM,112.0,Improved,2015,710000.0,2025,4,99,5.0,1075.0,10
PUNGGOL,3 ROOM,70.0,Model A,2012,550000.0,2025,4,99,11.0,1036.0,13
BISHAN,4 ROOM,113.0,Model A,1989,1230000.0,2025,4,99,5.0,764.0,36
HOUGANG,3 ROOM,67.0,New Generation,1983,438888.0,2025,4,99,8.0,683.0,42
WOODLANDS,5 ROOM,113.0,Improved,2019,815000.0,2025,4,99,11.0,1123.0,6
KALLANG/WHAMPOA,3 ROOM,79.4,Terrace,1972,950000.0,2025,4,99,2.0,556.0,53
BEDOK,3 ROOM,82.0,New Generation,1981,460000.0,2025,4,99,5.0,664.0,44
BUKIT BATOK,5 ROOM,122.0,Improved,1986,622500.0,2025,4,99,2.0,729.0,39
YISHUN,3 ROOM,68.0,New Generation,1984,428000.0,2025,4,99,11.0,693.0,41
CHOA CHU KANG,4 ROOM,104.0,Model A,1992,563000.0,2025,4,99,11.0,797.0,33
YISHUN,4 ROOM,83.0,Simplified,1986,520000.0,2025,4,99,11.0,722.0,39
JURONG WEST,5 ROOM,112.0,Standard,1976,503888.0,2025,4,99,2.0,608.0,49
CLEMENTI,4 ROOM,90.0,Model A,2006,860000.0,2025,4,99,8.0,968.0,19
BUKIT MERAH,4 ROOM,92.0,Model A,2017,795000.0,2025,4,99,5.0,1100.0,8
BEDOK,4 ROOM,89.0,New Generation,1978,530000.0,2025,4,99,5.0,625.0,47
TAMPINES,5 ROOM,122.0,Improved,1988,718000.0,2025,4,99,11.0,749.0,37
CLEMENTI,5 ROOM,119.0,Improved,1978,835000.0,2025,4,99,20.0,632.0,47
JURONG EAST,4 ROOM,92.0,Model A,2016,705000.0,2025,4,99,35.0,1088.0,9
SEMBAWANG,5 ROOM,116.0,Improved,2021,809000.0,2025,4,99,5.0,1138.0,4
TOA PAYOH,5 ROOM,127.0,Improved,1988,890000.0,2025,4,99,11.0,753.0,37
YISHUN,EXECUTIVE,146.0,Maisonette,1988,975000.0,2025,4,99,5.0,741.0,37
PUNGGOL,2 ROOM,46.0,Model A,2014,390000.0,2025,4,99,14.0,1057.0,11
WOODLANDS,5 ROOM,121.0,Improved,1997,610000.0,2025,4,99,2.0,859.0,28
CLEMENTI,3 ROOM,67.0,New Generation,1979,435000.0,2025,4,99,11.0,636.0,46
TAMPINES,4 ROOM,93.0,Model A,2017,765000.0,2025,4,99,11.0,1095.0,8
ANG MO KIO,4 ROOM,90.0,Model A,2003,775000.0,2025,4,99,2.0,930.0,22
BUKIT MERAH,5 ROOM,118.0,Improved,1983,1110000.0,2025,4,99,23.0,689.0,42
BUKIT PANJANG,5 ROOM,123.0,Improved,1998,760000.0,2025,4,99,20.0,862.0,27
SENGKANG,4 ROOM,92.0,Premium Apartment,2017,850000.0,2025,4,99,11.0,1094.0,8
JURONG WEST,3 ROOM,68.0,Model A,2018,488000.0,2025,4,99,5.0,1108.0,7
HOUGANG,5 ROOM,120.0,Improved,1999,813888.0,2025,4,99,14.0,874.0,26
BUKIT MERAH,4 ROOM,90.0,Model A,2003,903000.0,2025,4,99,2.0,922.0,22
WOODLANDS,5 ROOM,113.0,Improved,2019,779000.0,2025,4,99,11.0,1122.0,6
BEDOK,4 ROOM,91.0,New Generation,1985,540000.0,2025,4,99,5.0,712.0,40
PASIR RIS,EXECUTIVE,147.0,Apartment,1993,1000000.0,2025,4,99,14.0,813.0,32
BUKIT TIMAH,3 ROOM,64.0,Simplified,1988,600000.0,2025,4,99,2.0,750.0,37
BUKIT MERAH,3 ROOM,67.0,Model A,2017,700000.0,2025,4,99,20.0,1100.0,8
BUKIT BATOK,5 ROOM,113.0,Improved,2021,815000.0,2025,4,99,5.0,1144.0,4
HOUGANG,3 ROOM,67.0,New Generation,1986,395000.0,2025,4,99,2.0,723.0,39
SENGKANG,4 ROOM,92.0,Model A,2015,615000.0,2025,4,99,8.0,1070.0,10
TAMPINES,5 ROOM,127.0,Improved,1994,768000.0,2025,4,99,8.0,824.0,31
TOA PAYOH,4 ROOM,91.0,Model A,2009,968888.0,2025,4,99,11.0,997.0,16
QUEENSTOWN,4 ROOM,90.0,Model A,2006,1080000.0,2025,4,99,35.0,969.0,19
YISHUN,3 ROOM,67.0,Model A,2015,478000.0,2025,4,99,8.0,1076.0,10
ANG MO KIO,3 ROOM,67.0,New Generation,1978,448000.0,2025,4,99,11.0,622.0,47
TAMPINES,5 ROOM,132.0,Model A,1996,747000.0,2025,4,99,8.0,844.0,29
JURONG WEST,5 ROOM,110.0,Improved,2002,663888.0,2025,4,99,5.0,918.0,23
BUKIT BATOK,5 ROOM,112.0,Improved,2019,800000.0,2025,4,99,5.0,1116.0,6
TAMPINES,4 ROOM,93.0,Model A,2020,700000.0,2025,4,99,2.0,1135.0,5
JURONG WEST,4 ROOM,91.0,Model A,2002,610000.0,2025,4,99,11.0,913.0,23
SEMBAWANG,4 ROOM,93.0,Model A,2019,658000.0,2025,4,99,14.0,1118.0,6
YISHUN,4 ROOM,84.0,Simplified,1985,475000.0,2025,4,99,8.0,710.0,40
YISHUN,3 ROOM,64.0,Simplified,1988,428000.0,2025,4,99,11.0,745.0,37
SEMBAWANG,5 ROOM,116.0,Improved,2020,830000.0,2025,4,99,11.0,1137.0,5
SENGKANG,3 ROOM,68.0,Model A,2020,558000.0,2025,4,99,8.0,1133.0,5
ANG MO KIO,3 ROOM,69.0,New Generation,1980,430000.0,2025,4,99,5.0,655.0,45
WOODLANDS,4 ROOM,102.0,Model A,1997,540888.0,2025,4,99,2.0,859.0,28
TAMPINES,4 ROOM,93.0,Model A,2020,730000.0,2025,4,99,5.0,1135.0,5
WOODLANDS,4 ROOM,101.0,Model A,1998,680000.0,2025,4,99,5.0,869.0,27
WOODLANDS,4 ROOM,90.0,Premium Apartment,2004,520000.0,2025,4,99,2.0,934.0,21
TOA PAYOH,5 ROOM,124.0,Improved,1997,1009000.0,2025,4,99,5.0,852.0,28
YISHUN,4 ROOM,96.0,New Generation,1985,580888.0,2025,4,99,5.0,714.0,40
CHOA CHU KANG,4 ROOM,93.0,Model A,2017,580000.0,2025,4,99,5.0,1094.0,8
BEDOK,4 ROOM,94.0,Model A,2010,940000.0,2025,4,99,11.0,1010.0,15
CHOA CHU KANG,5 ROOM,110.0,Improved,2003,605000.0,2025,4,99,17.0,926.0,22
GEYLANG,3 ROOM,57.0,Standard,1973,338000.0,2025,4,99,2.0,568.0,52
KALLANG/WHAMPOA,4 ROOM,93.0,Model A,2017,810000.0,2025,4,99,11.0,1100.0,8
JURONG WEST,5 ROOM,116.0,Improved,2001,610000.0,2025,4,99,5.0,901.0,24
PUNGGOL,4 ROOM,93.0,Model A,2012,690888.0,2025,4,99,11.0,1040.0,13
PUNGGOL,5 ROOM,111.0,Improved,2015,870000.0,2025,4,99,11.0,1071.0,10
ANG MO KIO,3 ROOM,68.0,New Generation,1981,433000.0,2025,4,99,8.0,657.0,44
PASIR RIS,4 ROOM,104.0,Model A,1996,590000.0,2025,4,99,2.0,845.0,29
KALLANG/WHAMPOA,3 ROOM,68.0,Improved,1972,441888.0,2025,4,99,8.0,550.0,53
CHOA CHU KANG,5 ROOM,126.0,Improved,1995,670000.0,2025,4,99,2.0,830.0,30
HOUGANG,4 ROOM,108.0,Model A,1987,690000.0,2025,4,99,8.0,732.0,38
MARINE PARADE,3 ROOM,65.0,Improved,1976,500000.0,2025,4,99,11.0,600.0,49
HOUGANG,4 ROOM,104.0,Model A,1986,660000.0,2025,4,99,11.0,728.0,39
SENGKANG,4 ROOM,93.0,Model A,2016,585000.0,2025,4,99,8.0,1085.0,9
YISHUN,4 ROOM,89.0,Simplified,1987,505000.0,2025,4,99,2.0,738.0,38
YISHUN,4 ROOM,104.0,Model A,1987,608000.0,2025,4,99,2.0,730.0,38
TAMPINES,4 ROOM,93.0,Model A,2020,730000.0,2025,4,99,5.0,1135.0,5
TAMPINES,5 ROOM,113.0,Improved,2020,900000.0,2025,4,99,8.0,1135.0,5
SEMBAWANG,4 ROOM,93.0,Model A,2020,700000.0,2025,4,99,8.0,1135.0,5
BUKIT PANJANG,5 ROOM,110.0,Premium Apartment,2002,585000.0,2025,4,99,11.0,916.0,23
WOODLANDS,4 ROOM,88.0,Model A,2017,650000.0,2025,4,99,8.0,1101.0,8
CHOA CHU KANG,5 ROOM,121.0,Improved,1999,658000.0,2025,4,99,14.0,877.0,26
BUKIT BATOK,4 ROOM,84.0,Simplified,1986,475000.0,2025,4,99,5.0,727.0,39
SEMBAWANG,2 ROOM,47.0,Model A,2018,385000.0,2025,4,99,11.0,1108.0,7
QUEENSTOWN,4 ROOM,88.0,Model A,2015,920000.0,2025,4,99,5.0,1067.0,10
SEMBAWANG,2 ROOM,47.0,2-room,2020,360000.0,2025,4,99,14.0,1137.0,5
BEDOK,5 ROOM,119.0,Standard,1975,740000.0,2025,4,99,8.0,587.0,50
GEYLANG,4 ROOM,93.0,Model A,2020,1075000.0,2025,4,99,14.0,1130.0,5
BUKIT MERAH,4 ROOM,91.0,Model A,2003,925000.0,2025,4,99,14.0,921.0,22
TOA PAYOH,4 ROOM,82.0,Improved,1976,488000.0,2025,4,99,11.0,606.0,49
BUKIT MERAH,5 ROOM,115.0,Improved,2006,905000.0,2025,4,99,17.0,959.0,19
CHOA CHU KANG,4 ROOM,93.0,Model A,2017,588000.0,2025,4,99,11.0,1094.0,8
GEYLANG,4 ROOM,92.0,New Generation,1978,498000.0,2025,4,99,2.0,622.0,47
QUEENSTOWN,3 ROOM,63.0,Model A,2015,785000.0,2025,4,99,26.0,1067.0,10
SENGKANG,5 ROOM,110.0,Improved,2002,715000.0,2025,4,99,11.0,918.0,23
KALLANG/WHAMPOA,5 ROOM,133.0,Model A,1994,975000.0,2025,4,99,11.0,824.0,31
CHOA CHU KANG,4 ROOM,100.0,Model A,1997,512288.0,2025,4,99,2.0,851.0,28
HOUGANG,4 ROOM,90.0,Model A,2003,555000.0,2025,4,99,8.0,928.0,22
YISHUN,4 ROOM,93.0,Model A,2021,610888.0,2025,4,99,11.0,1137.0,4
TOA PAYOH,5 ROOM,114.0,DBSS,2012,1490000.0,2025,4,99,32.0,1034.0,13
JURONG WEST,5 ROOM,111.0,Premium Apartment,2000,686000.0,2025,4,99,8.0,894.0,25
TOA PAYOH,5 ROOM,123.0,Improved,1993,930000.0,2025,4,99,11.0,804.0,32
BUKIT MERAH,4 ROOM,83.0,Model A,2019,1000000.0,2025,4,99,17.0,1117.0,6
SEMBAWANG,4 ROOM,93.0,Model A,2019,660000.0,2025,4,99,17.0,1118.0,6
JURONG WEST,4 ROOM,99.0,Premium Apartment,1998,710000.0,2025,4,99,11.0,866.0,27
WOODLANDS,4 ROOM,101.0,Model A,1997,600000.0,2025,5,100,8.0,856.0,28
CHOA CHU KANG,5 ROOM,120.0,Improved,1997,620000.0,2025,5,100,5.0,852.0,28
TAMPINES,4 ROOM,92.0,Model A,2020,742000.0,2025,5,100,5.0,1126.0,5
YISHUN,5 ROOM,112.0,Improved,2015,710888.0,2025,5,100,2.0,1074.0,10
BUKIT BATOK,4 ROOM,92.0,Model A,2019,682000.0,2025,5,100,14.0,1115.0,6
TAMPINES,EXECUTIVE,146.0,Maisonette,1989,988888.0,2025,5,100,8.0,754.0,36
TAMPINES,4 ROOM,100.0,Model A,1997,615000.0,2025,5,100,2.0,854.0,28
SENGKANG,5 ROOM,110.0,Improved,2001,775000.0,2025,5,100,11.0,898.0,24
TAMPINES,4 ROOM,108.0,Model A,1989,668000.0,2025,5,100,5.0,755.0,36
SENGKANG,3 ROOM,67.0,Model A,2012,530000.0,2025,5,100,20.0,1038.0,13
BUKIT BATOK,3 ROOM,73.0,Model A,1983,415000.0,2025,5,100,5.0,691.0,42
BUKIT MERAH,4 ROOM,90.0,Model A,2003,1000000.0,2025,5,100,26.0,921.0,22
HOUGANG,4 ROOM,92.0,Model A,2019,618000.0,2025,5,100,2.0,1121.0,6
JURONG WEST,5 ROOM,114.0,Premium Apartment,2000,660000.0,2025,5,100,5.0,894.0,25
JURONG WEST,4 ROOM,91.0,Model A,2000,585000.0,2025,5,100,8.0,891.0,25
SEMBAWANG,2 ROOM,38.0,2-room,2020,360000.0,2025,5,100,14.0,1135.0,5
SEMBAWANG,5 ROOM,110.0,Improved,2000,580000.0,2025,5,100,5.0,893.0,25
SENGKANG,4 ROOM,96.0,Model A,2010,715888.0,2025,5,100,20.0,1006.0,15
TOA PAYOH,4 ROOM,91.0,Model A,2009,990000.0,2025,5,100,26.0,996.0,16
HOUGANG,4 ROOM,93.0,Model A,2021,638888.0,2025,5,100,11.0,1137.0,4
SENGKANG,4 ROOM,93.0,Model A,2021,675000.0,2025,5,100,8.0,1138.0,4
PUNGGOL,4 ROOM,95.0,Model A,2012,680000.0,2025,5,100,11.0,1040.0,13
CHOA CHU KANG,5 ROOM,124.0,Improved,1999,655000.0,2025,5,100,14.0,878.0,26
BISHAN,4 ROOM,110.0,Model A,1990,770000.0,2025,5,100,2.0,767.0,35
JURONG WEST,3 ROOM,66.0,Improved,1974,352000.0,2025,5,100,8.0,582.0,51
JURONG WEST,4 ROOM,103.0,Model A,1984,546888.0,2025,5,100,11.0,699.0,41
SENGKANG,3 ROOM,68.0,Model A,2016,485000.0,2025,5,100,2.0,1083.0,9
BISHAN,4 ROOM,104.0,Model A,1992,780000.0,2025,5,100,5.0,796.0,33
YISHUN,4 ROOM,84.0,Simplified,1987,490000.0,2025,5,100,8.0,732.0,38
JURONG EAST,4 ROOM,104.0,Model A,1984,565000.0,2025,5,100,11.0,703.0,41
KALLANG/WHAMPOA,4 ROOM,90.0,Model A,2006,720000.0,2025,5,100,5.0,963.0,19
BISHAN,5 ROOM,121.0,Improved,1986,950000.0,2025,5,100,8.0,727.0,39
WOODLANDS,EXECUTIVE,141.0,Apartment,1999,850000.0,2025,5,100,2.0,881.0,26
SENGKANG,5 ROOM,109.0,Premium Apartment,2003,600000.0,2025,5,100,5.0,930.0,22
BUKIT BATOK,3 ROOM,73.0,Model A,1984,462500.0,2025,5,100,5.0,703.0,41
PASIR RIS,EXECUTIVE,149.0,Maisonette,1995,1050000.0,2025,5,100,5.0,834.0,30
TAMPINES,5 ROOM,121.0,Improved,1985,730000.0,2025,5,100,2.0,709.0,40
QUEENSTOWN,EXECUTIVE,145.0,Apartment,1995,1350000.0,2025,5,100,11.0,833.0,30
JURONG WEST,5 ROOM,111.0,Premium Apartment,2000,685000.0,2025,5,100,8.0,894.0,25
YISHUN,4 ROOM,84.0,Simplified,1987,532168.0,2025,5,100,8.0,729.0,38
HOUGANG,4 ROOM,85.0,Model A2,2003,555000.0,2025,5,100,14.0,925.0,22
SEMBAWANG,4 ROOM,93.0,Model A,2018,600000.0,2025,5,100,2.0,1104.0,7
PUNGGOL,4 ROOM,93.0,Premium Apartment,2018,750000.0,2025,5,100,17.0,1107.0,7
WOODLANDS,5 ROOM,124.0,Premium Apartment,1999,718000.0,2025,5,100,5.0,880.0,26
JURONG WEST,3 ROOM,68.0,Model A,2019,500000.0,2025,5,100,17.0,1118.0,6
YISHUN,4 ROOM,93.0,Model A,2019,618888.0,2025,5,100,8.0,1119.0,6
HOUGANG,EXECUTIVE,148.0,Maisonette,1987,988888.0,2025,5,100,11.0,738.0,38
BUKIT TIMAH,5 ROOM,122.0,Improved,1989,1230000.0,2025,5,100,11.0,758.0,36
SEMBAWANG,5 ROOM,113.0,Improved,2018,792000.0,2025,5,100,8.0,1100.0,7
ANG MO KIO,4 ROOM,92.0,New Generation,1978,675000.0,2025,5,100,8.0,630.0,47
CHOA CHU KANG,4 ROOM,92.0,Model A,2015,640000.0,2025,5,100,11.0,1065.0,10
PUNGGOL,5 ROOM,110.0,Improved,2003,660000.0,2025,5,100,8.0,924.0,22
SERANGOON,3 ROOM,73.0,Improved,1978,488888.0,2025,5,100,14.0,625.0,47
KALLANG/WHAMPOA,4 ROOM,93.0,Premium Apartment,2017,1020000.0,2025,5,100,8.0,1099.0,8
TAMPINES,3 ROOM,68.0,Model A,2017,562000.0,2025,5,100,5.0,1094.0,8
BEDOK,3 ROOM,68.0,New Generation,1980,430000.0,2025,5,100,8.0,650.0,45
BUKIT BATOK,5 ROOM,113.0,Improved,2019,690000.0,2025,5,100,2.0,1116.0,6
YISHUN,5 ROOM,121.0,Improved,1985,675000.0,2025,5,100,5.0,707.0,40
TOA PAYOH,3 ROOM,58.0,Standard,1969,333000.0,2025,5,100,5.0,514.0,56
SENGKANG,5 ROOM,114.0,Premium Apartment,2004,720000.0,2025,5,100,17.0,934.0,21
BISHAN,4 ROOM,103.0,Model A,1992,860000.0,2025,5,100,5.0,792.0,33
BUKIT MERAH,3 ROOM,88.0,Standard,1973,800000.0,2025,5,100,2.0,561.0,52
JURONG EAST,3 ROOM,68.0,New Generation,1985,400000.0,2025,5,100,11.0,715.0,40
YISHUN,4 ROOM,92.0,Model A,2015,565000.0,2025,5,100,5.0,1073.0,10
BUKIT BATOK,4 ROOM,93.0,Model A,2019,730000.0,2025,5,100,8.0,1113.0,6
BUKIT BATOK,3 ROOM,67.0,New Generation,1985,428000.0,2025,5,100,8.0,706.0,40
TOA PAYOH,3 ROOM,72.0,Standard,1969,450000.0,2025,5,100,11.0,514.0,56
BUKIT BATOK,4 ROOM,103.0,Model A,1998,616000.0,2025,5,100,17.0,862.0,27
TAMPINES,EXECUTIVE,154.0,Maisonette,1995,960000.0,2025,5,100,2.0,836.0,30
JURONG WEST,3 ROOM,59.0,Improved,1975,320000.0,2025,5,100,11.0,593.0,50
PUNGGOL,4 ROOM,99.0,Premium Apartment,2013,785000.0,2025,5,100,11.0,1043.0,12
KALLANG/WHAMPOA,3 ROOM,67.0,Model A,2017,668000.0,2025,5,100,20.0,1098.0,8
JURONG WEST,3 ROOM,67.0,DBSS,2014,580000.0,2025,5,100,20.0,1061.0,11
JURONG WEST,3 ROOM,68.0,Model A,2018,510000.0,2025,5,100,14.0,1102.0,7
YISHUN,3 ROOM,73.0,Model A,1988,450000.0,2025,5,100,5.0,744.0,37
TAMPINES,5 ROOM,113.0,Improved,2020,915000.0,2025,5,100,11.0,1133.0,5
BEDOK,EXECUTIVE,142.0,Apartment,1993,1050000.0,2025,5,100,11.0,803.0,32
SERANGOON,3 ROOM,65.0,Simplified,1988,465000.0,2025,5,100,2.0,751.0,37
PUNGGOL,4 ROOM,93.0,Model A,2018,620000.0,2025,5,100,14.0,1110.0,7
PUNGGOL,4 ROOM,91.0,Premium Apartment,2003,628000.0,2025,5,100,14.0,931.0,22
ANG MO KIO,3 ROOM,67.0,New Generation,1980,420000.0,2025,5,100,11.0,650.0,45
JURONG WEST,4 ROOM,91.0,Model A,2001,520000.0,2025,5,100,2.0,903.0,24
SEMBAWANG,4 ROOM,96.0,Model A,2020,711000.0,2025,5,100,5.0,1134.0,5
SERANGOON,3 ROOM,64.0,Simplified,1988,570000.0,2025,5,100,2.0,748.0,37
GEYLANG,4 ROOM,91.0,New Generation,1980,514000.0,2025,5,100,5.0,652.0,45
YISHUN,MULTI-GENERATION,147.0,Multi Generation,1987,945000.0,2025,5,100,5.0,738.0,38
SENGKANG,3 ROOM,68.0,Model A,2016,512000.0,2025,5,100,8.0,1085.0,9
BUKIT BATOK,2 ROOM,47.0,2-room,2019,390088.0,2025,5,100,14.0,1112.0,6
BUKIT BATOK,4 ROOM,93.0,New Generation,1984,505000.0,2025,5,100,2.0,698.0,41
KALLANG/WHAMPOA,4 ROOM,92.0,Model A,2020,1030000.0,2025,5,100,5.0,1128.0,5
YISHUN,5 ROOM,113.0,Improved,2018,723000.0,2025,5,100,5.0,1104.0,7
HOUGANG,3 ROOM,74.0,Model A,1987,448000.0,2025,5,100,11.0,730.0,38
GEYLANG,4 ROOM,104.0,Model A,1985,666888.0,2025,5,100,5.0,710.0,40
SERANGOON,5 ROOM,123.0,Improved,1989,990000.0,2025,5,100,5.0,754.0,36
QUEENSTOWN,4 ROOM,87.0,Model A,2003,710000.0,2025,5,100,2.0,929.0,22
SENGKANG,5 ROOM,109.0,Improved,2000,592000.0,2025,5,100,2.0,890.0,25
SENGKANG,5 ROOM,113.0,Improved,2016,738000.0,2025,5,100,11.0,1084.0,9
KALLANG/WHAMPOA,4 ROOM,88.0,Improved,1975,548000.0,2025,5,100,11.0,586.0,50
PASIR RIS,5 ROOM,123.0,Improved,1989,713000.0,2025,5,100,5.0,754.0,36
BISHAN,4 ROOM,104.0,Model A,1986,850000.0,2025,5,100,8.0,718.0,39
TAMPINES,3 ROOM,61.0,DBSS,2014,646888.0,2025,5,100,8.0,1057.0,11
HOUGANG,4 ROOM,93.0,Model A,2021,675888.0,2025,5,100,14.0,1137.0,4
BEDOK,3 ROOM,73.0,New Generation,1979,460000.0,2025,5,100,5.0,638.0,46
WOODLANDS,5 ROOM,121.0,Improved,1989,650000.0,2025,5,100,2.0,762.0,36
JURONG WEST,5 ROOM,110.0,Premium Apartment,2008,610000.0,2025,5,100,14.0,987.0,17
YISHUN,5 ROOM,113.0,Improved,2017,740000.0,2025,5,100,8.0,1095.0,8
YISHUN,4 ROOM,92.0,Model A,2016,605000.0,2025,5,100,14.0,1079.0,9
CLEMENTI,4 ROOM,92.0,New Generation,1980,513000.0,2025,5,100,2.0,651.0,45
TAMPINES,3 ROOM,68.0,Model A,2020,601000.0,2025,5,100,8.0,1126.0,5
ANG MO KIO,5 ROOM,136.0,Model A,1996,910000.0,2025,5,100,11.0,841.0,29
KALLANG/WHAMPOA,4 ROOM,90.0,Model A,2006,925000.0,2025,5,100,11.0,964.0,19
KALLANG/WHAMPOA,3 ROOM,67.0,Model A,2017,675000.0,2025,5,100,32.0,1098.0,8
SENGKANG,4 ROOM,93.0,Model A,2015,620000.0,2025,5,100,11.0,1067.0,10
HOUGANG,4 ROOM,93.0,Model A,2021,648000.0,2025,5,100,5.0,1137.0,4
SERANGOON,4 ROOM,91.0,New Generation,1984,635000.0,2025,5,100,5.0,704.0,41
TOA PAYOH,3 ROOM,67.0,Improved,1970,375000.0,2025,5,100,5.0,524.0,55
PUNGGOL,4 ROOM,92.0,Model A,2015,735000.0,2025,5,100,14.0,1069.0,10
PASIR RIS,4 ROOM,93.0,Model A,2015,688888.0,2025,5,100,2.0,1070.0,10
CHOA CHU KANG,4 ROOM,107.0,Model A,1995,503000.0,2025,5,100,5.0,832.0,30
SENGKANG,4 ROOM,90.0,Premium Apartment,2004,575000.0,2025,5,100,14.0,943.0,21
CHOA CHU KANG,4 ROOM,100.0,Premium Apartment,1999,508000.0,2025,5,100,8.0,875.0,26
CHOA CHU KANG,5 ROOM,124.0,Premium Apartment,1999,675000.0,2025,5,100,14.0,884.0,26
SENGKANG,3 ROOM,67.0,Premium Apartment,2015,598888.0,2025,5,100,14.0,1075.0,10
ANG MO KIO,3 ROOM,89.0,New Generation,1980,510000.0,2025,5,100,5.0,655.0,45
WOODLANDS,4 ROOM,92.0,Model A2,1998,510000.0,2025,5,100,2.0,866.0,27
BUKIT PANJANG,4 ROOM,102.0,Model A,1998,590000.0,2025,5,100,14.0,867.0,27
CLEMENTI,3 ROOM,67.0,New Generation,1980,410000.0,2025,5,100,11.0,645.0,45
GEYLANG,4 ROOM,102.0,Model A,1984,788000.0,2025,5,100,14.0,702.0,41
BISHAN,4 ROOM,113.0,Model A,1992,890000.0,2025,5,100,11.0,791.0,33
JURONG WEST,4 ROOM,103.0,Model A,1989,475000.0,2025,5,100,11.0,752.0,36
SENGKANG,EXECUTIVE,143.0,Apartment,1999,980000.0,2025,5,100,11.0,877.0,26
YISHUN,3 ROOM,67.0,Model A,2021,510000.0,2025,5,100,11.0,1136.0,4
JURONG WEST,4 ROOM,90.0,Model A,2002,508000.0,2025,5,100,11.0,910.0,23
HOUGANG,4 ROOM,93.0,Model A,2021,595000.0,2025,5,100,2.0,1138.0,4
YISHUN,5 ROOM,122.0,Improved,1987,608000.0,2025,5,100,2.0,733.0,38
ANG MO KIO,3 ROOM,74.0,New Generation,1979,450000.0,2025,5,100,8.0,640.0,46
WOODLANDS,5 ROOM,121.0,Improved,2000,620000.0,2025,5,100,2.0,889.0,25
PUNGGOL,4 ROOM,93.0,Model A,2016,703000.0,2025,5,100,14.0,1082.0,9
PUNGGOL,4 ROOM,93.0,Premium Apartment,2013,660000.0,2025,5,100,5.0,1049.0,12
CLEMENTI,3 ROOM,67.0,New Generation,1979,408000.0,2025,5,100,5.0,635.0,46
SENGKANG,4 ROOM,101.0,Model A,1999,535000.0,2025,5,100,2.0,881.0,26
TAMPINES,4 ROOM,93.0,Model A,2020,800000.0,2025,5,100,14.0,1134.0,5
QUEENSTOWN,EXECUTIVE,146.0,Maisonette,1995,1510000.0,2025,5,100,5.0,834.0,30
CENTRAL AREA,3 ROOM,66.0,Improved,1981,486688.0,2025,5,100,8.0,663.0,44
SENGKANG,5 ROOM,114.0,Premium Apartment,2004,650000.0,2025,5,100,23.0,937.0,21
PUNGGOL,5 ROOM,112.0,Premium Apartment,2016,788000.0,2025,5,100,17.0,1082.0,9
TAMPINES,4 ROOM,99.0,Model A,1997,685000.0,2025,5,100,17.0,853.0,28
BEDOK,3 ROOM,66.0,DBSS,2014,683000.0,2025,5,100,14.0,1060.0,11
HOUGANG,3 ROOM,67.0,New Generation,1984,425000.0,2025,5,100,5.0,701.0,41
YISHUN,5 ROOM,112.0,Improved,2015,656000.0,2025,5,100,2.0,1073.0,10
MARINE PARADE,4 ROOM,87.0,Improved,1976,730000.0,2025,5,100,14.0,597.0,49
KALLANG/WHAMPOA,2 ROOM,48.0,Standard,1970,318000.0,2025,5,100,5.0,529.0,55
BUKIT BATOK,4 ROOM,98.0,New Generation,1985,533000.0,2025,5,100,5.0,710.0,40
YISHUN,4 ROOM,93.0,Model A,2021,633888.0,2025,5,100,11.0,1137.0,4
BISHAN,4 ROOM,104.0,Model A,1988,680000.0,2025,5,100,5.0,747.0,37
TAMPINES,5 ROOM,127.0,Improved,1993,740000.0,2025,5,100,5.0,807.0,32
PUNGGOL,3 ROOM,67.0,Model A,2014,520888.0,2025,5,100,11.0,1064.0,11
PUNGGOL,5 ROOM,112.0,Improved,2014,845888.0,2025,5,100,14.0,1057.0,11
SEMBAWANG,4 ROOM,93.0,Model A,2020,680000.0,2025,5,100,8.0,1134.0,5
BUKIT PANJANG,5 ROOM,121.0,Improved,1998,875000.0,2025,5,100,11.0,867.0,27
TAMPINES,5 ROOM,122.0,Improved,1996,690000.0,2025,5,100,5.0,839.0,29
KALLANG/WHAMPOA,5 ROOM,117.0,Standard,1974,750000.0,2025,5,100,26.0,578.0,51
TOA PAYOH,3 ROOM,68.0,Model A,2020,788000.0,2025,5,100,5.0,1135.0,5
ANG MO KIO,4 ROOM,92.0,Model A,2018,850000.0,2025,5,100,2.0,1106.0,7
JURONG EAST,5 ROOM,120.0,Improved,1998,740000.0,2025,5,100,11.0,871.0,27
PUNGGOL,4 ROOM,94.0,Premium Apartment,2013,778000.0,2025,5,100,11.0,1047.0,12
SEMBAWANG,5 ROOM,113.0,Improved,2018,842000.0,2025,5,100,11.0,1101.0,7
TAMPINES,4 ROOM,93.0,Model A,2021,800000.0,2025,5,100,14.0,1136.0,4
BEDOK,4 ROOM,94.0,Model A,2021,960000.0,2025,5,100,17.0,1141.0,4
BISHAN,4 ROOM,103.0,Model A,1988,778000.0,2025,5,100,8.0,748.0,37
CHOA CHU KANG,4 ROOM,92.0,Model A,2018,620000.0,2025,5,100,11.0,1101.0,7
YISHUN,3 ROOM,64.0,Simplified,1987,420000.0,2025,5,100,5.0,737.0,38
HOUGANG,5 ROOM,121.0,Improved,1985,715000.0,2025,5,100,8.0,710.0,40
KALLANG/WHAMPOA,4 ROOM,93.0,Model A,2017,895000.0,2025,5,100,26.0,1098.0,8
WOODLANDS,4 ROOM,99.0,Model A,1997,515888.0,2025,5,100,8.0,849.0,28
HOUGANG,4 ROOM,104.0,Model A,1992,675000.0,2025,5,100,5.0,798.0,33
HOUGANG,4 ROOM,89.0,Simplified,1986,530000.0,2025,5,100,2.0,720.0,39
WOODLANDS,4 ROOM,104.0,Model A,1996,610000.0,2025,5,100,11.0,846.0,29
TAMPINES,3 ROOM,67.0,New Generation,1985,470000.0,2025,5,100,5.0,709.0,40
PUNGGOL,4 ROOM,93.0,Model A,2012,620000.0,2025,5,100,2.0,1040.0,13
YISHUN,5 ROOM,113.0,Improved,2018,750000.0,2025,5,100,5.0,1110.0,7
SENGKANG,4 ROOM,92.0,Premium Apartment,2015,700000.0,2025,5,100,8.0,1076.0,10
WOODLANDS,4 ROOM,102.0,Model A,1997,525000.0,2025,5,100,2.0,856.0,28
TAMPINES,4 ROOM,104.0,Model A,1988,695000.0,2025,5,100,8.0,745.0,37
QUEENSTOWN,4 ROOM,83.0,Premium Apartment,2016,1090000.0,2025,5,100,8.0,1083.0,9
PASIR RIS,EXECUTIVE,147.0,Apartment,1992,980000.0,2025,5,100,5.0,800.0,33
TAMPINES,5 ROOM,124.0,Improved,1995,778000.0,2025,5,100,5.0,832.0,30
BEDOK,4 ROOM,92.0,New Generation,1979,590000.0,2025,5,100,8.0,632.0,46
TOA PAYOH,3 ROOM,66.0,Improved,1973,338000.0,2025,5,100,2.0,566.0,52
YISHUN,5 ROOM,112.0,Improved,2018,730000.0,2025,5,100,5.0,1111.0,7
CHOA CHU KANG,4 ROOM,106.0,Premium Apartment,1999,550000.0,2025,5,100,2.0,882.0,26
JURONG WEST,5 ROOM,111.0,Improved,2002,565000.0,2025,5,100,5.0,911.0,23
ANG MO KIO,3 ROOM,68.0,New Generation,1981,402000.0,2025,5,100,5.0,658.0,44
PUNGGOL,3 ROOM,68.0,Model A,2016,565000.0,2025,5,100,17.0,1088.0,9
TOA PAYOH,3 ROOM,67.0,Improved,1971,375000.0,2025,5,100,11.0,537.0,54
HOUGANG,4 ROOM,103.0,Model A,1987,635000.0,2025,5,100,11.0,739.0,38
CENTRAL AREA,4 ROOM,96.0,Type S1,2011,1340000.0,2025,5,100,17.0,1017.0,14
KALLANG/WHAMPOA,4 ROOM,93.0,Model A,2018,940000.0,2025,5,100,29.0,1106.0,7
SENGKANG,4 ROOM,90.0,Model A,2001,588000.0,2025,5,100,5.0,897.0,24
TAMPINES,5 ROOM,125.0,Improved,1996,710000.0,2025,5,100,8.0,840.0,29
PASIR RIS,5 ROOM,125.0,Improved,1996,730000.0,2025,5,100,11.0,841.0,29
WOODLANDS,4 ROOM,83.0,Simplified,1990,520000.0,2025,5,100,8.0,767.0,35
SENGKANG,4 ROOM,93.0,Model A,2016,660000.0,2025,5,100,11.0,1085.0,9
MARINE PARADE,4 ROOM,88.0,Improved,1975,638888.0,2025,5,100,2.0,588.0,50
QUEENSTOWN,4 ROOM,90.0,Model A,2006,938000.0,2025,5,100,17.0,964.0,19
TOA PAYOH,3 ROOM,68.0,Model A,2020,745000.0,2025,5,100,2.0,1136.0,5
BUKIT PANJANG,4 ROOM,92.0,Model A,2015,573000.0,2025,5,100,11.0,1075.0,10
HOUGANG,4 ROOM,93.0,New Generation,1983,580000.0,2025,5,100,8.0,687.0,42
TAMPINES,5 ROOM,122.0,Improved,1989,850000.0,2025,5,100,11.0,753.0,36
SENGKANG,4 ROOM,93.0,Model A,2014,693000.0,2025,5,100,23.0,1061.0,11
SEMBAWANG,4 ROOM,93.0,Model A,2018,700000.0,2025,5,100,8.0,1107.0,7
YISHUN,5 ROOM,122.0,Improved,1993,715000.0,2025,5,100,5.0,802.0,32
HOUGANG,4 ROOM,93.0,Model A,2019,688000.0,2025,5,100,11.0,1124.0,6
JURONG EAST,5 ROOM,122.0,Improved,1987,695000.0,2025,5,100,2.0,739.0,38
WOODLANDS,4 ROOM,92.0,Model A,2018,610000.0,2025,5,100,5.0,1109.0,7
TAMPINES,3 ROOM,73.0,Model A,1983,465000.0,2025,5,100,8.0,690.0,42
MARINE PARADE,4 ROOM,82.0,Improved,1975,620000.0,2025,5,100,8.0,589.0,50
CLEMENTI,3 ROOM,67.0,New Generation,1979,433000.0,2025,5,100,5.0,643.0,46
QUEENSTOWN,3 ROOM,90.3,Terrace,1968,880888.0,2025,5,100,2.0,507.0,57
BISHAN,4 ROOM,106.0,Model A,1992,775000.0,2025,5,100,5.0,795.0,33
HOUGANG,EXECUTIVE,148.0,Maisonette,1992,1048888.0,2025,5,100,8.0,798.0,33
TOA PAYOH,5 ROOM,122.0,Improved,1996,1228000.0,2025,5,100,23.0,845.0,29
SEMBAWANG,5 ROOM,116.0,Improved,2021,800000.0,2025,5,100,2.0,1137.0,4
KALLANG/WHAMPOA,5 ROOM,126.0,Improved,1996,1100000.0,2025,5,100,8.0,845.0,29
BUKIT PANJANG,EXECUTIVE,130.0,Premium Apartment,2001,900000.0,2025,5,100,20.0,905.0,24
WOODLANDS,2 ROOM,45.0,Improved,1984,292888.0,2025,5,100,11.0,703.0,41
CHOA CHU KANG,4 ROOM,104.0,Model A,1993,565000.0,2025,5,100,14.0,805.0,32
WOODLANDS,4 ROOM,93.0,Model A,2018,668000.0,2025,5,100,5.0,1106.0,7
JURONG WEST,4 ROOM,102.0,Model A,1984,550000.0,2025,5,100,2.0,701.0,41
QUEENSTOWN,4 ROOM,85.0,Model A,2006,850000.0,2025,6,101,5.0,965.0,19
BUKIT MERAH,4 ROOM,90.0,Model A,2003,800000.0,2025,6,101,23.0,923.0,22
KALLANG/WHAMPOA,3 ROOM,67.0,Model A,2017,620000.0,2025,6,101,8.0,1097.0,8
HOUGANG,5 ROOM,123.0,Improved,1997,730000.0,2025,6,101,2.0,857.0,28
JURONG WEST,4 ROOM,94.0,Model A,2018,675000.0,2025,6,101,11.0,1106.0,7
PUNGGOL,5 ROOM,116.0,Premium Apartment,2019,900000.0,2025,6,101,2.0,1114.0,6
BEDOK,3 ROOM,81.0,New Generation,1977,455000.0,2025,6,101,8.0,613.0,48
BUKIT MERAH,4 ROOM,103.0,Model A,1984,710000.0,2025,6,101,5.0,697.0,41
JURONG EAST,2 ROOM,47.0,Model A,2013,338000.0,2025,6,101,17.0,1048.0,12
SENGKANG,5 ROOM,111.0,Premium Apartment,2002,660000.0,2025,6,101,11.0,915.0,23
QUEENSTOWN,5 ROOM,110.0,Improved,2000,1180000.0,2025,6,101,26.0,893.0,25
HOUGANG,5 ROOM,118.0,Improved,1997,840000.0,2025,6,101,5.0,852.0,28
TAMPINES,4 ROOM,84.0,Simplified,1986,525000.0,2025,6,101,2.0,719.0,39
SEMBAWANG,5 ROOM,110.0,Improved,2002,615000.0,2025,6,101,5.0,919.0,23
JURONG WEST,EXECUTIVE,130.0,Apartment,2001,780000.0,2025,6,101,8.0,903.0,24
BEDOK,3 ROOM,68.0,New Generation,1979,380000.0,2025,6,101,11.0,638.0,46
CENTRAL AREA,3 ROOM,56.0,Standard,1974,450000.0,2025,6,101,17.0,572.0,51
JURONG EAST,5 ROOM,121.0,Improved,1999,780000.0,2025,6,101,11.0,874.0,26
TOA PAYOH,4 ROOM,93.0,Model A,2021,1078000.0,2025,6,101,5.0,1140.0,4
QUEENSTOWN,4 ROOM,88.0,Model A,2020,1100000.0,2025,6,101,23.0,1134.0,5
SENGKANG,4 ROOM,100.0,Model A,1999,640000.0,2025,6,101,17.0,875.0,26
SEMBAWANG,4 ROOM,93.0,Model A,2020,620000.0,2025,6,101,8.0,1135.0,5
MARINE PARADE,3 ROOM,65.0,Improved,1975,462888.0,2025,6,101,5.0,586.0,50
JURONG WEST,5 ROOM,110.0,Improved,2001,650000.0,2025,6,101,8.0,901.0,24
KALLANG/WHAMPOA,4 ROOM,90.0,Model A,2005,968000.0,2025,6,101,14.0,943.0,20
PASIR RIS,4 ROOM,117.0,Model A,1995,605000.0,2025,6,101,5.0,824.0,30
JURONG WEST,5 ROOM,113.0,Improved,2018,755000.0,2025,6,101,11.0,1108.0,7
PASIR RIS,5 ROOM,122.0,Improved,1995,720000.0,2025,6,101,8.0,828.0,30
YISHUN,3 ROOM,68.0,New Generation,1984,400000.0,2025,6,101,2.0,692.0,41
HOUGANG,EXECUTIVE,146.0,Maisonette,1990,1000000.0,2025,6,101,2.0,773.0,35
PUNGGOL,2 ROOM,44.0,Model A,2015,368000.0,2025,6,101,8.0,1075.0,10
BUKIT BATOK,3 ROOM,67.0,New Generation,1984,418000.0,2025,6,101,5.0,701.0,41
HOUGANG,3 ROOM,73.0,New Generation,1978,410000.0,2025,6,101,2.0,624.0,47
PUNGGOL,5 ROOM,110.0,Improved,2003,700000.0,2025,6,101,17.0,924.0,22
SEMBAWANG,5 ROOM,113.0,Improved,2018,808000.0,2025,6,101,8.0,1101.0,7
JURONG WEST,4 ROOM,104.0,Model A,1992,523000.0,2025,6,101,5.0,795.0,33
CHOA CHU KANG,5 ROOM,126.0,Improved,1995,680888.0,2025,6,101,5.0,829.0,30
BUKIT BATOK,4 ROOM,103.0,Model A,1984,600888.0,2025,6,101,8.0,703.0,41
BISHAN,5 ROOM,121.0,Improved,1987,956000.0,2025,6,101,5.0,731.0,38
JURONG WEST,4 ROOM,109.0,Model A,1995,560000.0,2025,6,101,5.0,830.0,30
CHOA CHU KANG,5 ROOM,124.0,Improved,1993,680000.0,2025,6,101,8.0,804.0,32
SEMBAWANG,EXECUTIVE,130.0,Apartment,2001,783000.0,2025,6,101,8.0,903.0,24
TAMPINES,5 ROOM,113.0,Improved,2020,940000.0,2025,6,101,14.0,1132.0,5
JURONG EAST,5 ROOM,123.0,Improved,2000,806000.0,2025,6,101,11.0,888.0,25
SEMBAWANG,5 ROOM,123.0,Improved,1999,702000.0,2025,6,101,14.0,875.0,26
PUNGGOL,4 ROOM,92.0,Model A,2014,695000.0,2025,6,101,11.0,1062.0,11
CHOA CHU KANG,5 ROOM,112.0,Improved,2017,718888.0,2025,6,101,8.0,1091.0,8
WOODLANDS,4 ROOM,93.0,Model A,2018,688000.0,2025,6,101,14.0,1104.0,7
PASIR RIS,4 ROOM,105.0,Model A,1993,601000.0,2025,6,101,8.0,808.0,32
SENGKANG,2 ROOM,47.0,2-room,2021,388000.0,2025,6,101,8.0,1137.0,4
SENGKANG,4 ROOM,92.0,Premium Apartment,2015,676000.0,2025,6,101,14.0,1066.0,10
JURONG WEST,3 ROOM,73.0,Model A,1989,400000.0,2025,6,101,2.0,751.0,36
TAMPINES,5 ROOM,113.0,Improved,2020,933888.0,2025,6,101,8.0,1133.0,5
PASIR RIS,5 ROOM,134.0,Model A,1996,800000.0,2025,6,101,8.0,841.0,29
BUKIT PANJANG,2 ROOM,47.0,Model A,2013,410000.0,2025,6,101,23.0,1051.0,12
SEMBAWANG,4 ROOM,93.0,Model A,2021,680000.0,2025,6,101,8.0,1136.0,4
TAMPINES,3 ROOM,67.0,Model A,2015,558000.0,2025,6,101,8.0,1069.0,10
SEMBAWANG,3 ROOM,68.0,Model A,2018,555000.0,2025,6,101,8.0,1109.0,7
PASIR RIS,5 ROOM,128.0,Improved,1996,740000.0,2025,6,101,8.0,846.0,29
HOUGANG,4 ROOM,84.0,Simplified,1986,558000.0,2025,6,101,11.0,720.0,39
CHOA CHU KANG,4 ROOM,107.0,Model A,1996,567000.0,2025,6,101,5.0,839.0,29
BUKIT PANJANG,4 ROOM,93.0,Premium Apartment,2012,638000.0,2025,6,101,14.0,1038.0,13
SEMBAWANG,4 ROOM,93.0,Model A,2018,720000.0,2025,6,101,11.0,1100.0,7
QUEENSTOWN,3 ROOM,65.0,Improved,1975,415000.0,2025,6,101,17.0,584.0,50
SENGKANG,3 ROOM,67.0,Premium Apartment,2015,600000.0,2025,6,101,11.0,1074.0,10
BUKIT BATOK,4 ROOM,95.0,Premium Apartment,2018,757000.0,2025,6,101,11.0,1103.0,7
YISHUN,4 ROOM,103.0,Model A,1987,650000.0,2025,6,101,8.0,735.0,38
SEMBAWANG,5 ROOM,121.0,Improved,1999,690000.0,2025,6,101,8.0,876.0,26
MARINE PARADE,3 ROOM,76.0,Improved,1975,550000.0,2025,6,101,11.0,588.0,50
YISHUN,3 ROOM,74.0,Model A,1983,340000.0,2025,6,101,5.0,684.0,42
TOA PAYOH,EXECUTIVE,146.0,Maisonette,1988,1088000.0,2025,6,101,5.0,752.0,37
BUKIT PANJANG,EXECUTIVE,130.0,Premium Apartment,2001,895000.0,2025,6,101,11.0,904.0,24
BEDOK,4 ROOM,92.0,New Generation,1979,505000.0,2025,6,101,2.0,638.0,46
GEYLANG,4 ROOM,94.0,New Generation,1985,655000.0,2025,6,101,11.0,705.0,40
TAMPINES,3 ROOM,73.0,Model A,1985,447500.0,2025,6,101,2.0,703.0,40
ANG MO KIO,4 ROOM,91.0,New Generation,1984,538000.0,2025,6,101,14.0,693.0,41
PUNGGOL,4 ROOM,93.0,Premium Apartment,2016,670000.0,2025,6,101,14.0,1082.0,9
BUKIT MERAH,4 ROOM,93.0,Model A,2013,1045000.0,2025,6,101,23.0,1041.0,12
CLEMENTI,3 ROOM,60.0,DBSS,2014,689888.0,2025,6,101,8.0,1063.0,11
TOA PAYOH,4 ROOM,94.0,Model A,2020,1180000.0,2025,6,101,11.0,1132.0,5
BUKIT PANJANG,3 ROOM,73.0,Model A,1988,430000.0,2025,6,101,5.0,750.0,37
WOODLANDS,4 ROOM,87.0,Model A2,2000,555000.0,2025,6,101,8.0,891.0,25
SENGKANG,4 ROOM,90.0,Premium Apartment,2009,775000.0,2025,6,101,8.0,1002.0,16
HOUGANG,4 ROOM,93.0,Model A,2019,603000.0,2025,6,101,14.0,1120.0,6
SENGKANG,4 ROOM,96.0,Premium Apartment,2012,700000.0,2025,6,101,20.0,1038.0,13
SEMBAWANG,4 ROOM,93.0,Model A,2021,648000.0,2025,6,101,2.0,1135.0,4
SENGKANG,3 ROOM,68.0,Model A,2020,515000.0,2025,6,101,8.0,1132.0,5
JURONG EAST,3 ROOM,67.0,Improved,1966,360000.0,2025,6,101,5.0,485.0,59
SEMBAWANG,5 ROOM,115.0,Premium Apartment,2001,616000.0,2025,6,101,2.0,902.0,24
TAMPINES,5 ROOM,126.0,Improved,1996,695000.0,2025,6,101,5.0,841.0,29
SENGKANG,4 ROOM,91.0,Model A,2001,590000.0,2025,6,101,17.0,901.0,24
CLEMENTI,5 ROOM,118.0,Improved,1981,710000.0,2025,6,101,5.0,658.0,44
KALLANG/WHAMPOA,3 ROOM,67.0,Model A,2017,682000.0,2025,6,101,17.0,1098.0,8
HOUGANG,5 ROOM,116.0,Improved,1999,700000.0,2025,6,101,2.0,876.0,26
KALLANG/WHAMPOA,3 ROOM,65.0,Improved,1974,400888.0,2025,6,101,11.0,577.0,51
CHOA CHU KANG,EXECUTIVE,152.0,Apartment,1995,818000.0,2025,6,101,2.0,830.0,30
TAMPINES,5 ROOM,126.0,Improved,1996,680000.0,2025,6,101,5.0,842.0,29
PUNGGOL,4 ROOM,95.0,Premium Apartment,2013,660000.0,2025,6,101,5.0,1047.0,12
BEDOK,3 ROOM,67.0,New Generation,1985,465000.0,2025,6,101,11.0,710.0,40
CHOA CHU KANG,4 ROOM,91.0,Model A,2003,538000.0,2025,6,101,20.0,923.0,22
WOODLANDS,4 ROOM,102.0,Model A,1999,598000.0,2025,6,101,11.0,883.0,26
GEYLANG,3 ROOM,65.0,Improved,1976,410888.0,2025,6,101,8.0,601.0,49
TOA PAYOH,5 ROOM,128.0,Improved,1989,848000.0,2025,6,101,8.0,751.0,36
WOODLANDS,5 ROOM,121.0,Improved,1998,708000.0,2025,6,101,8.0,866.0,27
HOUGANG,4 ROOM,82.0,Improved,1975,460000.0,2025,6,101,8.0,594.0,50
BUKIT BATOK,2 ROOM,47.0,Model A,2020,370000.0,2025,6,101,5.0,1125.0,5
TAMPINES,4 ROOM,93.0,Model A,2020,769000.0,2025,6,101,5.0,1132.0,5
BEDOK,4 ROOM,93.0,New Generation,1981,590000.0,2025,6,101,11.0,661.0,44
PUNGGOL,4 ROOM,91.0,Premium Apartment,2003,565000.0,2025,6,101,17.0,930.0,22
GEYLANG,3 ROOM,59.0,Improved,1976,370000.0,2025,6,101,11.0,601.0,49
BEDOK,3 ROOM,60.0,Improved,1986,395000.0,2025,6,101,11.0,717.0,39
YISHUN,3 ROOM,74.0,Model A,1988,430000.0,2025,6,101,5.0,747.0,37
JURONG EAST,3 ROOM,72.0,Model A,2013,480000.0,2025,6,101,8.0,1047.0,12
PUNGGOL,3 ROOM,67.0,Premium Apartment,2016,542000.0,2025,6,101,5.0,1077.0,9
BEDOK,3 ROOM,75.0,Model A,1984,425000.0,2025,6,101,5.0,695.0,41
SENGKANG,4 ROOM,92.0,Premium Apartment,2017,738000.0,2025,6,101,2.0,1091.0,8
WOODLANDS,5 ROOM,114.0,Premium Apartment,2003,645000.0,2025,6,101,11.0,920.0,22
WOODLANDS,4 ROOM,96.0,Model A2,1998,510000.0,2025,6,101,2.0,867.0,27
GEYLANG,4 ROOM,92.0,New Generation,1976,610000.0,2025,6,101,8.0,601.0,49
JURONG WEST,3 ROOM,74.0,Model A,1984,448000.0,2025,6,101,5.0,697.0,41
CHOA CHU KANG,5 ROOM,121.0,Improved,1999,660000.0,2025,6,101,14.0,875.0,26
CHOA CHU KANG,4 ROOM,104.0,Premium Apartment,1999,542000.0,2025,6,101,8.0,883.0,26
PUNGGOL,4 ROOM,93.0,Premium Apartment,2018,728000.0,2025,6,101,17.0,1107.0,7
BISHAN,4 ROOM,108.0,Model A,1992,906888.0,2025,6,101,17.0,794.0,33
KALLANG/WHAMPOA,4 ROOM,92.0,New Generation,1976,645000.0,2025,6,101,5.0,606.0,49
SENGKANG,5 ROOM,110.0,Improved,2002,680000.0,2025,6,101,8.0,908.0,23
CHOA CHU KANG,EXECUTIVE,142.0,Apartment,1989,780000.0,2025,6,101,2.0,758.0,36
TAMPINES,4 ROOM,99.0,Model A,1997,665000.0,2025,6,101,5.0,851.0,28
ANG MO KIO,4 ROOM,91.0,New Generation,1977,528000.0,2025,6,101,5.0,610.0,48
HOUGANG,3 ROOM,60.0,Improved,1985,415000.0,2025,6,101,8.0,710.0,40
SEMBAWANG,4 ROOM,92.0,Model A,2020,815000.0,2025,6,101,11.0,1131.0,5
SENGKANG,3 ROOM,68.0,Premium Apartment,2017,530000.0,2025,6,101,11.0,1097.0,8
WOODLANDS,4 ROOM,111.0,Model A,1996,590000.0,2025,6,101,5.0,837.0,29
HOUGANG,3 ROOM,59.0,Improved,1993,448000.0,2025,6,101,8.0,802.0,32
WOODLANDS,5 ROOM,121.0,Improved,1998,720000.0,2025,6,101,11.0,862.0,27
YISHUN,4 ROOM,89.0,Simplified,1987,530000.0,2025,6,101,11.0,728.0,38
BUKIT BATOK,2 ROOM,47.0,Model A,2020,370000.0,2025,6,101,5.0,1125.0,5
SERANGOON,5 ROOM,121.0,Improved,1989,792888.0,2025,6,101,11.0,761.0,36
YISHUN,4 ROOM,104.0,Model A,1988,550000.0,2025,6,101,2.0,746.0,37
JURONG WEST,4 ROOM,106.0,Premium Apartment,1998,630000.0,2025,6,101,11.0,862.0,27
KALLANG/WHAMPOA,4 ROOM,101.0,Model A,1997,675000.0,2025,6,101,2.0,858.0,28
HOUGANG,4 ROOM,92.0,Model A,2016,720000.0,2025,6,101,8.0,1078.0,9
BISHAN,3 ROOM,64.0,Simplified,1987,580000.0,2025,6,101,8.0,731.0,38
JURONG WEST,EXECUTIVE,150.0,Maisonette,1985,738000.0,2025,6,101,11.0,706.0,40
WOODLANDS,EXECUTIVE,146.0,Maisonette,1988,802000.0,2025,6,101,2.0,748.0,37
TOA PAYOH,3 ROOM,68.0,Model A,2019,830000.0,2025,6,101,32.0,1122.0,6
PASIR RIS,EXECUTIVE,143.0,Apartment,1996,988000.0,2025,6,101,17.0,842.0,29
YISHUN,3 ROOM,74.0,Model A,1983,430000.0,2025,6,101,8.0,685.0,42
SENGKANG,5 ROOM,110.0,Improved,2005,675000.0,2025,6,101,14.0,954.0,20
TOA PAYOH,4 ROOM,93.0,Model A,2020,1150000.0,2025,6,101,5.0,1135.0,5
BUKIT PANJANG,4 ROOM,92.0,Model A,2015,621000.0,2025,6,101,8.0,1070.0,10
BISHAN,4 ROOM,92.0,New Generation,1984,650000.0,2025,6,101,2.0,701.0,41
BUKIT BATOK,5 ROOM,112.0,Improved,2019,840000.0,2025,6,101,14.0,1114.0,6
BUKIT BATOK,5 ROOM,113.0,Improved,2021,710000.0,2025,6,101,2.0,1142.0,4
TOA PAYOH,3 ROOM,74.0,Model A,1984,592888.0,2025,6,101,5.0,698.0,41
QUEENSTOWN,5 ROOM,124.0,Improved,2012,1140000.0,2025,6,101,2.0,1029.0,13
PUNGGOL,5 ROOM,110.0,Improved,2003,660000.0,2025,6,101,11.0,924.0,22
YISHUN,4 ROOM,104.0,Model A,1988,555000.0,2025,6,101,8.0,747.0,37
TOA PAYOH,4 ROOM,100.0,Model A,1999,975000.0,2025,6,101,17.0,882.0,26
JURONG EAST,4 ROOM,104.0,Model A,1984,495000.0,2025,6,101,2.0,698.0,41
QUEENSTOWN,4 ROOM,87.0,Model A,2013,948000.0,2025,6,101,17.0,1042.0,12
JURONG WEST,4 ROOM,103.0,Model A,1988,499900.0,2025,6,101,2.0,745.0,37
BUKIT BATOK,4 ROOM,103.0,Model A,1986,524888.0,2025,6,101,8.0,716.0,39
WOODLANDS,5 ROOM,122.0,Improved,1997,658000.0,2025,6,101,2.0,855.0,28
BUKIT PANJANG,5 ROOM,111.0,Improved,2002,762388.0,2025,6,101,20.0,912.0,23
SENGKANG,4 ROOM,90.0,Premium Apartment,2006,568000.0,2025,6,101,2.0,957.0,19
BEDOK,5 ROOM,117.0,Standard,1979,685000.0,2025,6,101,11.0,632.0,46
JURONG WEST,5 ROOM,123.0,Improved,1996,575000.0,2025,6,101,2.0,845.0,29
WOODLANDS,5 ROOM,122.0,Improved,1998,675000.0,2025,6,101,5.0,860.0,27
HOUGANG,4 ROOM,105.0,Model A,1992,680000.0,2025,6,101,5.0,796.0,33
HOUGANG,4 ROOM,93.0,New Generation,1984,560000.0,2025,6,101,8.0,701.0,41
SENGKANG,3 ROOM,68.0,Model A,2017,480000.0,2025,6,101,5.0,1092.0,8
GEYLANG,3 ROOM,76.0,Improved,1977,440000.0,2025,6,101,2.0,608.0,48
TAMPINES,4 ROOM,92.0,Model A,2020,800000.0,2025,6,101,8.0,1125.0,5
PUNGGOL,5 ROOM,110.0,Improved,2004,665000.0,2025,6,101,8.0,935.0,21
CLEMENTI,4 ROOM,81.0,DBSS,2014,930000.0,2025,6,101,11.0,1063.0,11
KALLANG/WHAMPOA,4 ROOM,91.0,Improved,1974,518000.0,2025,6,101,5.0,573.0,51
GEYLANG,3 ROOM,64.0,Simplified,2000,448000.0,2025,6,101,2.0,887.0,25
WOODLANDS,4 ROOM,92.0,Model A2,1997,550000.0,2025,6,101,14.0,858.0,28
BEDOK,4 ROOM,92.0,New Generation,1978,515000.0,2025,6,101,14.0,625.0,47
SENGKANG,5 ROOM,122.0,Improved,1999,730000.0,2025,6,101,17.0,880.0,26
TAMPINES,4 ROOM,103.0,Model A,1987,660000.0,2025,6,101,8.0,737.0,38
JURONG WEST,5 ROOM,121.0,Improved,1985,690000.0,2025,6,101,8.0,713.0,40
BUKIT PANJANG,5 ROOM,114.0,Premium Apartment,2002,620000.0,2025,6,101,8.0,914.0,23
SEMBAWANG,3 ROOM,68.0,Model A,2020,563000.0,2025,6,101,2.0,1132.0,5
ANG MO KIO,4 ROOM,92.0,New Generation,1981,555000.0,2025,6,101,8.0,659.0,44
JURONG WEST,EXECUTIVE,130.0,Apartment,2001,765000.0,2025,6,101,2.0,903.0,24
CHOA CHU KANG,4 ROOM,113.0,Premium Apartment,1998,620000.0,2025,6,101,11.0,860.0,27
TAMPINES,4 ROOM,103.0,Model A,1984,630000.0,2025,6,101,5.0,700.0,41
QUEENSTOWN,4 ROOM,94.0,Model A,2011,1200000.0,2025,6,101,29.0,1022.0,14
BEDOK,3 ROOM,73.0,New Generation,1977,442000.0,2025,6,101,2.0,612.0,48
TOA PAYOH,4 ROOM,93.0,Model A,2021,1075000.0,2025,6,101,11.0,1141.0,4
QUEENSTOWN,3 ROOM,65.0,Improved,1975,528888.0,2025,6,101,17.0,585.0,50
SEMBAWANG,5 ROOM,113.0,Improved,2020,720000.0,2025,6,101,2.0,1135.0,5
ANG MO KIO,3 ROOM,67.0,New Generation,1979,420000.0,2025,6,101,5.0,639.0,46
BUKIT BATOK,3 ROOM,73.0,Model A,1986,445000.0,2025,6,101,8.0,719.0,39
SEMBAWANG,5 ROOM,118.0,Premium Apartment,2001,575000.0,2025,6,101,2.0,901.0,24
JURONG EAST,EXECUTIVE,141.0,Apartment,1985,772000.0,2025,6,101,2.0,708.0,40
WOODLANDS,EXECUTIVE,141.0,Apartment,1998,905000.0,2025,6,101,8.0,861.0,27
TOA PAYOH,3 ROOM,67.0,Improved,1969,363000.0,2025,6,101,11.0,516.0,56
BUKIT BATOK,4 ROOM,92.0,Model A,2019,625000.0,2025,6,101,2.0,1113.0,6
JURONG EAST,3 ROOM,67.0,Model A,2016,518888.0,2025,6,101,29.0,1085.0,9
JURONG WEST,4 ROOM,91.0,Model A,2001,570000.0,2025,6,101,2.0,901.0,24
YISHUN,4 ROOM,104.0,Model A,1985,568000.0,2025,6,101,8.0,710.0,40
YISHUN,3 ROOM,74.0,Model A,1988,470000.0,2025,6,101,5.0,742.0,37
BUKIT BATOK,4 ROOM,93.0,Model A,2021,661000.0,2025,6,101,5.0,1141.0,4
ANG MO KIO,3 ROOM,67.0,New Generation,1979,420000.0,2025,6,101,8.0,632.0,46
BISHAN,5 ROOM,120.0,DBSS,2011,1500000.0,2025,6,101,23.0,1023.0,14
SEMBAWANG,5 ROOM,122.0,Improved,1999,696000.0,2025,6,101,14.0,874.0,26
PASIR RIS,5 ROOM,122.0,Improved,1993,775000.0,2025,6,101,8.0,806.0,32
PUNGGOL,4 ROOM,93.0,Model A,2018,650000.0,2025,6,101,8.0,1110.0,7
SENGKANG,4 ROOM,95.0,Model A,2000,595000.0,2025,6,101,17.0,889.0,25
CHOA CHU KANG,2 ROOM,47.0,Model A,2015,357500.0,2025,6,101,17.0,1066.0,10
BEDOK,4 ROOM,92.0,New Generation,1980,556000.0,2025,6,101,5.0,647.0,45
SENGKANG,5 ROOM,113.0,Improved,2016,680000.0,2025,6,101,5.0,1083.0,9
PUNGGOL,4 ROOM,92.0,Premium Apartment,2009,668000.0,2025,6,101,17.0,994.0,16
BUKIT MERAH,3 ROOM,65.0,Improved,1973,428000.0,2025,6,101,11.0,566.0,52
KALLANG/WHAMPOA,3 ROOM,66.0,Improved,1974,448000.0,2025,6,101,5.0,578.0,51
BUKIT BATOK,3 ROOM,73.0,Model A,1985,400000.0,2025,6,101,2.0,706.0,40
SENGKANG,4 ROOM,90.0,Premium Apartment,2003,590000.0,2025,6,101,8.0,928.0,22
PUNGGOL,4 ROOM,93.0,Premium Apartment,2018,750888.0,2025,6,101,2.0,1107.0,7
CLEMENTI,3 ROOM,69.0,Model A,2017,650000.0,2025,6,101,32.0,1095.0,8
JURONG WEST,EXECUTIVE,154.0,Apartment,1995,800000.0,2025,6,101,5.0,832.0,30
QUEENSTOWN,3 ROOM,67.0,Improved,1974,530000.0,2025,6,101,17.0,575.0,51
ANG MO KIO,4 ROOM,93.0,New Generation,1980,550000.0,2025,6,101,8.0,652.0,45
SEMBAWANG,5 ROOM,111.0,Premium Apartment,2001,628000.0,2025,6,101,11.0,903.0,24
HOUGANG,3 ROOM,66.0,Model A,2014,503000.0,2025,6,101,8.0,1052.0,11
KALLANG/WHAMPOA,4 ROOM,94.0,Simplified,1987,720000.0,2025,6,101,8.0,732.0,38
WOODLANDS,5 ROOM,122.0,Improved,1997,680000.0,2025,6,101,11.0,853.0,28
YISHUN,4 ROOM,92.0,Model A,2015,618000.0,2025,6,101,11.0,1073.0,10
QUEENSTOWN,3 ROOM,65.0,Improved,1977,378888.0,2025,6,101,2.0,611.0,48
TOA PAYOH,5 ROOM,132.0,Model A,1984,800000.0,2025,6,101,11.0,694.0,41
PUNGGOL,4 ROOM,98.0,Premium Apartment,2013,770000.0,2025,6,101,11.0,1042.0,12
GEYLANG,3 ROOM,56.0,Standard,1969,333888.0,2025,6,101,2.0,512.0,56
PASIR RIS,EXECUTIVE,147.0,Apartment,1993,870000.0,2025,6,101,5.0,806.0,32
CENTRAL AREA,4 ROOM,96.0,Type S1,2011,1220000.0,2025,6,101,5.0,1016.0,14
BUKIT PANJANG,5 ROOM,113.0,Improved,2016,810000.0,2025,6,101,20.0,1086.0,9
SENGKANG,5 ROOM,110.0,Improved,2001,680000.0,2025,6,101,5.0,904.0,24
TAMPINES,3 ROOM,74.0,Model A,1987,480000.0,2025,7,102,8.0,738.0,38
HOUGANG,3 ROOM,69.0,Model A,2021,525000.0,2025,7,102,17.0,1135.0,4
BUKIT MERAH,3 ROOM,70.0,Improved,1976,420000.0,2025,7,102,11.0,598.0,49
HOUGANG,4 ROOM,93.0,Model A,2019,650000.0,2025,7,102,5.0,1115.0,6
JURONG EAST,4 ROOM,95.0,New Generation,1982,542888.0,2025,7,102,5.0,677.0,43
YISHUN,4 ROOM,84.0,Simplified,1988,487000.0,2025,7,102,5.0,745.0,37
GEYLANG,4 ROOM,93.0,Model A,2016,1018888.0,2025,7,102,14.0,1084.0,9
BUKIT BATOK,3 ROOM,68.0,Premium Apartment,2018,580000.0,2025,7,102,23.0,1101.0,7
TOA PAYOH,3 ROOM,66.0,Improved,1970,385000.0,2025,7,102,11.0,528.0,55
TOA PAYOH,4 ROOM,93.0,Model A,2018,1101888.0,2025,7,102,20.0,1105.0,7
BEDOK,3 ROOM,67.0,New Generation,1978,410000.0,2025,7,102,2.0,626.0,47
JURONG WEST,5 ROOM,121.0,3Gen,2018,680000.0,2025,7,102,5.0,1105.0,7
TAMPINES,5 ROOM,113.0,Improved,2020,865000.0,2025,7,102,5.0,1132.0,5
BUKIT PANJANG,4 ROOM,104.0,Model A,1988,495000.0,2025,7,102,2.0,738.0,37
PUNGGOL,3 ROOM,67.0,Model A,2014,530000.0,2025,7,102,5.0,1054.0,11
SENGKANG,4 ROOM,100.0,Model A,1999,628000.0,2025,7,102,14.0,876.0,26
HOUGANG,4 ROOM,90.0,Model A,2003,580000.0,2025,7,102,14.0,925.0,22
JURONG WEST,5 ROOM,126.0,Improved,1985,620888.0,2025,7,102,2.0,707.0,40
BEDOK,5 ROOM,138.0,Adjoined flat,1974,680000.0,2025,7,102,8.0,571.0,51
SERANGOON,4 ROOM,105.0,Model A,1989,905000.0,2025,7,102,8.0,754.0,36
PUNGGOL,4 ROOM,93.0,Premium Apartment,2020,736888.0,2025,7,102,17.0,1122.0,5
PASIR RIS,5 ROOM,124.0,Improved,1993,680000.0,2025,7,102,14.0,804.0,32
YISHUN,3 ROOM,74.0,Model A,1987,490000.0,2025,7,102,8.0,729.0,38
CHOA CHU KANG,4 ROOM,101.0,Model A,1999,570000.0,2025,7,102,14.0,874.0,26
SEMBAWANG,5 ROOM,113.0,Improved,2018,788888.0,2025,7,102,8.0,1107.0,7
ANG MO KIO,4 ROOM,92.0,New Generation,1979,555000.0,2025,7,102,11.0,641.0,46
SENGKANG,4 ROOM,90.0,Model A,2005,585000.0,2025,7,102,17.0,954.0,20
JURONG EAST,3 ROOM,82.0,New Generation,1982,480000.0,2025,7,102,2.0,667.0,43
SEMBAWANG,2 ROOM,47.0,Model A,2015,388888.0,2025,7,102,14.0,1065.0,10
HOUGANG,4 ROOM,103.0,Model A,1997,716000.0,2025,7,102,8.0,858.0,28
HOUGANG,3 ROOM,64.0,Simplified,1986,440888.0,2025,7,102,2.0,720.0,39
BUKIT PANJANG,4 ROOM,90.0,Model A,2002,570000.0,2025,7,102,8.0,910.0,23
JURONG EAST,3 ROOM,83.0,New Generation,1985,463000.0,2025,7,102,5.0,708.0,40
PUNGGOL,5 ROOM,113.0,Improved,2018,880000.0,2025,7,102,17.0,1108.0,7
HOUGANG,4 ROOM,84.0,Simplified,1986,580000.0,2025,7,102,11.0,721.0,39
PUNGGOL,4 ROOM,90.0,Premium Apartment,2007,620000.0,2025,7,102,2.0,973.0,18
HOUGANG,5 ROOM,120.0,Improved,1987,690000.0,2025,7,102,5.0,737.0,38
YISHUN,4 ROOM,93.0,New Generation,1985,588888.0,2025,7,102,8.0,704.0,40
BEDOK,3 ROOM,68.0,New Generation,1979,450000.0,2025,7,102,2.0,630.0,46
BUKIT BATOK,3 ROOM,67.0,New Generation,1985,400000.0,2025,7,102,2.0,706.0,40
CLEMENTI,4 ROOM,91.0,New Generation,1979,590000.0,2025,7,102,2.0,634.0,46
BUKIT BATOK,4 ROOM,93.0,Model A,2021,682000.0,2025,7,102,17.0,1140.0,4
PUNGGOL,5 ROOM,112.0,Improved,2021,955000.0,2025,7,102,20.0,1139.0,4
JURONG WEST,3 ROOM,67.0,DBSS,2014,575000.0,2025,7,102,17.0,1058.0,11
TAMPINES,4 ROOM,104.0,Model A,1985,600000.0,2025,7,102,8.0,703.0,40
BEDOK,3 ROOM,68.0,Model A,2018,660000.0,2025,7,102,17.0,1109.0,7
PUNGGOL,4 ROOM,92.0,Model A,2014,688000.0,2025,7,102,8.0,1053.0,11
PUNGGOL,3 ROOM,65.0,Model A,2015,528000.0,2025,7,102,8.0,1073.0,10
TAMPINES,3 ROOM,69.0,Model A,2015,635000.0,2025,7,102,11.0,1071.0,10
BUKIT PANJANG,4 ROOM,92.0,Model A,2015,600000.0,2025,7,102,11.0,1069.0,10
CLEMENTI,4 ROOM,82.0,DBSS,2014,950000.0,2025,7,102,14.0,1062.0,11
SENGKANG,5 ROOM,113.0,Improved,2015,738000.0,2025,7,102,2.0,1070.0,10
PASIR RIS,EXECUTIVE,146.0,Apartment,1994,850000.0,2025,7,102,2.0,820.0,31
BUKIT BATOK,EXECUTIVE,146.0,Maisonette,1986,850000.0,2025,7,102,8.0,725.0,39
GEYLANG,4 ROOM,93.0,Model A,2005,915000.0,2025,7,102,2.0,945.0,20
MARINE PARADE,5 ROOM,117.0,Standard,1975,775000.0,2025,7,102,2.0,593.0,50
WOODLANDS,4 ROOM,89.0,Simplified,1989,525000.0,2025,7,102,2.0,758.0,36
SENGKANG,4 ROOM,92.0,Model A,2011,652000.0,2025,7,102,8.0,1025.0,14
BUKIT BATOK,5 ROOM,115.0,Premium Apartment,2018,1008888.0,2025,7,102,29.0,1101.0,7
CHOA CHU KANG,4 ROOM,104.0,Model A,1989,498000.0,2025,7,102,2.0,753.0,36
ANG MO KIO,4 ROOM,91.0,DBSS,2011,985000.0,2025,7,102,20.0,1022.0,14
CHOA CHU KANG,3 ROOM,67.0,Model A,2013,492888.0,2025,7,102,5.0,1044.0,12
YISHUN,4 ROOM,92.0,Model A,2015,610000.0,2025,7,102,5.0,1072.0,10
BUKIT MERAH,3 ROOM,67.0,Model A,2017,638000.0,2025,7,102,8.0,1096.0,8
TOA PAYOH,3 ROOM,67.0,Improved,1970,459000.0,2025,7,102,17.0,523.0,55
YISHUN,3 ROOM,68.0,Model A,2017,470000.0,2025,7,102,2.0,1094.0,8
SERANGOON,3 ROOM,67.0,New Generation,1985,415000.0,2025,7,102,2.0,702.0,40
SENGKANG,5 ROOM,110.0,Improved,2001,638000.0,2025,7,102,11.0,905.0,24
JURONG WEST,3 ROOM,68.0,Improved,1978,355000.0,2025,7,102,14.0,625.0,47
SEMBAWANG,4 ROOM,93.0,Model A,2018,708000.0,2025,7,102,11.0,1107.0,7
BUKIT MERAH,3 ROOM,72.0,New Generation,1980,530000.0,2025,7,102,2.0,652.0,45
BEDOK,3 ROOM,68.0,New Generation,1980,400000.0,2025,7,102,5.0,642.0,45
WOODLANDS,5 ROOM,110.0,Premium Apartment,2004,620000.0,2025,7,102,8.0,932.0,21
WOODLANDS,4 ROOM,93.0,Model A,2017,660000.0,2025,7,102,14.0,1092.0,8
BISHAN,4 ROOM,84.0,Simplified,1986,640000.0,2025,7,102,5.0,715.0,39
PUNGGOL,4 ROOM,90.0,Premium Apartment,2005,620000.0,2025,7,102,11.0,943.0,20
KALLANG/WHAMPOA,3 ROOM,68.0,Model A,2017,842000.0,2025,7,102,35.0,1097.0,8
SEMBAWANG,4 ROOM,101.0,Model A,1999,580000.0,2025,7,102,14.0,873.0,26
PUNGGOL,2 ROOM,47.0,Model A,2021,420000.0,2025,7,102,11.0,1139.0,4
BEDOK,4 ROOM,92.0,New Generation,1979,580888.0,2025,7,102,11.0,637.0,46
CLEMENTI,4 ROOM,93.0,Model A,2021,1048000.0,2025,7,102,5.0,1139.0,4
PUNGGOL,5 ROOM,112.0,Improved,2014,760000.0,2025,7,102,14.0,1053.0,11
PUNGGOL,5 ROOM,110.0,Improved,2003,700000.0,2025,7,102,11.0,922.0,22
SENGKANG,5 ROOM,110.0,Improved,2001,690000.0,2025,7,102,5.0,896.0,24
JURONG WEST,4 ROOM,105.0,Model A,1984,586000.0,2025,7,102,5.0,692.0,41
HOUGANG,4 ROOM,85.0,Model A2,2003,530000.0,2025,7,102,2.0,922.0,22
BEDOK,5 ROOM,125.0,Improved,1996,848000.0,2025,7,102,5.0,845.0,29
PUNGGOL,3 ROOM,68.0,Model A,2016,520000.0,2025,7,102,11.0,1086.0,9
HOUGANG,4 ROOM,100.0,Model A,1998,618000.0,2025,7,102,11.0,867.0,27
JURONG WEST,5 ROOM,133.0,Model A,1985,605000.0,2025,7,102,5.0,705.0,40
BUKIT MERAH,3 ROOM,62.0,Model A,2013,790000.0,2025,7,102,32.0,1040.0,12
GEYLANG,EXECUTIVE,148.0,Apartment,1987,1150000.0,2025,7,102,14.0,731.0,38
PUNGGOL,4 ROOM,94.0,Model A,2021,770000.0,2025,7,102,17.0,1138.0,4
JURONG WEST,5 ROOM,121.0,Improved,1985,679000.0,2025,7,102,8.0,710.0,40
WOODLANDS,3 ROOM,68.0,Model A,2018,535000.0,2025,7,102,14.0,1106.0,7
ANG MO KIO,4 ROOM,92.0,New Generation,1979,570000.0,2025,7,102,11.0,635.0,46
WOODLANDS,4 ROOM,84.0,Simplified,1994,500000.0,2025,7,102,2.0,815.0,31
HOUGANG,4 ROOM,104.0,Model A,1985,570000.0,2025,7,102,2.0,707.0,40
BISHAN,5 ROOM,121.0,Improved,1987,1050000.0,2025,7,102,14.0,728.0,38
KALLANG/WHAMPOA,4 ROOM,88.0,Improved,1975,568000.0,2025,7,102,8.0,584.0,50
SENGKANG,5 ROOM,116.0,Improved,2000,620000.0,2025,7,102,8.0,891.0,25
BEDOK,4 ROOM,97.0,Model A,2010,876000.0,2025,7,102,2.0,1007.0,15
TOA PAYOH,3 ROOM,68.0,Model A,2021,825000.0,2025,7,102,11.0,1139.0,4
YISHUN,EXECUTIVE,146.0,Maisonette,1987,980000.0,2025,7,102,5.0,737.0,38
HOUGANG,3 ROOM,68.0,Model A,2019,550000.0,2025,7,102,11.0,1119.0,6
SEMBAWANG,5 ROOM,113.0,Improved,2018,735000.0,2025,7,102,2.0,1108.0,7
BUKIT MERAH,4 ROOM,93.0,Model A,2018,848000.0,2025,7,102,5.0,1109.0,7
CENTRAL AREA,4 ROOM,95.0,Type S1,2011,1420000.0,2025,7,102,35.0,1014.0,14
PUNGGOL,5 ROOM,110.0,Improved,2016,760000.0,2025,7,102,2.0,1080.0,9
TOA PAYOH,3 ROOM,66.0,Improved,1970,330000.0,2025,7,102,2.0,529.0,55
BEDOK,3 ROOM,62.0,Model A,2010,608000.0,2025,7,102,5.0,1007.0,15
TOA PAYOH,4 ROOM,91.0,DBSS,2012,1190000.0,2025,7,102,29.0,1030.0,13
CHOA CHU KANG,5 ROOM,131.0,Model A,1995,745000.0,2025,7,102,8.0,824.0,30
TAMPINES,3 ROOM,79.0,Model A,1982,488000.0,2025,7,102,2.0,672.0,43
TOA PAYOH,4 ROOM,93.0,Model A,2018,1165000.0,2025,7,102,29.0,1105.0,7
WOODLANDS,4 ROOM,90.0,Model A2,1997,540000.0,2025,7,102,5.0,854.0,28
SEMBAWANG,EXECUTIVE,130.0,Apartment,2001,775000.0,2025,7,102,8.0,906.0,24
JURONG WEST,3 ROOM,74.0,Improved,1976,390000.0,2025,7,102,14.0,604.0,49
SEMBAWANG,4 ROOM,90.0,Model A,2000,540000.0,2025,7,102,14.0,889.0,25
SEMBAWANG,4 ROOM,93.0,Model A,2020,688888.0,2025,7,102,8.0,1131.0,5
PUNGGOL,4 ROOM,93.0,Model A,2014,670888.0,2025,7,102,11.0,1054.0,11
CHOA CHU KANG,4 ROOM,92.0,Model A2,1999,483000.0,2025,7,102,5.0,874.0,26
CHOA CHU KANG,4 ROOM,101.0,Premium Apartment,1999,550000.0,2025,7,102,8.0,876.0,26
BUKIT BATOK,5 ROOM,115.0,Premium Apartment,2018,985000.0,2025,7,102,20.0,1100.0,7
YISHUN,5 ROOM,113.0,Improved,2017,758888.0,2025,7,102,11.0,1093.0,8
CLEMENTI,3 ROOM,82.0,New Generation,1979,482500.0,2025,7,102,5.0,633.0,46
YISHUN,3 ROOM,67.0,DBSS,2013,620000.0,2025,7,102,14.0,1047.0,12
GEYLANG,3 ROOM,65.0,Improved,1977,385888.0,2025,7,102,8.0,609.0,48
SENGKANG,4 ROOM,92.0,Model A,2011,645000.0,2025,7,102,8.0,1025.0,14
TAMPINES,4 ROOM,93.0,Model A,2015,780000.0,2025,7,102,8.0,1069.0,10
HOUGANG,4 ROOM,105.0,Model A,1989,640000.0,2025,7,102,8.0,757.0,36
BUKIT PANJANG,4 ROOM,93.0,Premium Apartment,2012,610000.0,2025,7,102,11.0,1036.0,13
SENGKANG,4 ROOM,92.0,Model A,2015,685000.0,2025,7,102,20.0,1068.0,10
ANG MO KIO,3 ROOM,67.0,New Generation,1979,375000.0,2025,7,102,2.0,638.0,46
WOODLANDS,EXECUTIVE,147.0,Maisonette,1996,910000.0,2025,7,102,11.0,837.0,29
BUKIT BATOK,4 ROOM,84.0,Simplified,1986,495000.0,2025,7,102,5.0,725.0,39
BUKIT PANJANG,4 ROOM,93.0,Premium Apartment,2012,638888.0,2025,7,102,11.0,1037.0,13
WOODLANDS,4 ROOM,107.0,Premium Apartment,1999,580000.0,2025,7,102,2.0,873.0,26
TOA PAYOH,4 ROOM,104.0,Model A,1989,685000.0,2025,7,102,11.0,752.0,36
ANG MO KIO,4 ROOM,92.0,New Generation,1980,545000.0,2025,7,102,11.0,650.0,45
PUNGGOL,5 ROOM,147.0,Premium Apartment Loft,2012,1200000.0,2025,7,102,17.0,1032.0,13
WOODLANDS,EXECUTIVE,141.0,Apartment,1997,888000.0,2025,7,102,8.0,854.0,28
JURONG WEST,4 ROOM,107.0,Model A,1988,490000.0,2025,7,102,2.0,744.0,37
GEYLANG,3 ROOM,82.0,New Generation,1978,488000.0,2025,7,102,11.0,618.0,47
JURONG WEST,4 ROOM,104.0,Model A,1989,530000.0,2025,7,102,11.0,761.0,36
SENGKANG,4 ROOM,90.0,Model A2,2000,636000.0,2025,7,102,11.0,886.0,25
PUNGGOL,4 ROOM,94.0,Premium Apartment,2003,560000.0,2025,7,102,8.0,924.0,22
WOODLANDS,5 ROOM,113.0,Improved,2017,800000.0,2025,7,102,17.0,1093.0,8
TOA PAYOH,4 ROOM,105.0,Model A,1996,850000.0,2025,7,102,11.0,842.0,29
PASIR RIS,4 ROOM,104.0,Model A,1995,610000.0,2025,7,102,2.0,827.0,30
KALLANG/WHAMPOA,3 ROOM,82.0,New Generation,1982,486666.0,2025,7,102,11.0,670.0,43
SEMBAWANG,5 ROOM,123.0,Improved,1999,680000.0,2025,7,102,14.0,877.0,26
CHOA CHU KANG,5 ROOM,124.0,Improved,1995,695000.0,2025,7,102,11.0,830.0,30
SENGKANG,5 ROOM,112.0,Premium Apartment,2017,1048800.0,2025,7,102,11.0,1091.0,8
PASIR RIS,EXECUTIVE,148.0,Apartment,1992,905000.0,2025,7,102,5.0,798.0,33
YISHUN,4 ROOM,92.0,Model A,2015,605888.0,2025,7,102,14.0,1073.0,10
ANG MO KIO,4 ROOM,100.0,New Generation,1980,558888.0,2025,7,102,5.0,644.0,45
ANG MO KIO,5 ROOM,127.0,Improved,1982,745000.0,2025,7,102,2.0,666.0,43
SENGKANG,5 ROOM,113.0,Improved,2001,630000.0,2025,7,102,2.0,903.0,24
TAMPINES,4 ROOM,105.0,Model A,1985,673000.0,2025,7,102,8.0,708.0,40
TAMPINES,3 ROOM,73.0,Model A,1984,520000.0,2025,7,102,5.0,696.0,41
BUKIT MERAH,3 ROOM,68.0,Model A,2018,770000.0,2025,7,102,29.0,1109.0,7
BUKIT BATOK,3 ROOM,68.0,New Generation,1984,410000.0,2025,7,102,5.0,698.0,41
WOODLANDS,4 ROOM,89.0,Simplified,1994,531000.0,2025,7,102,5.0,811.0,31
KALLANG/WHAMPOA,4 ROOM,90.0,Model A,2006,975000.0,2025,7,102,26.0,964.0,19
CHOA CHU KANG,4 ROOM,92.0,Model A,2018,545000.0,2025,7,102,2.0,1099.0,7
BEDOK,3 ROOM,68.0,New Generation,1979,400000.0,2025,7,102,11.0,638.0,46
YISHUN,4 ROOM,84.0,Simplified,1986,485000.0,2025,7,102,5.0,725.0,39
BUKIT BATOK,5 ROOM,115.0,Premium Apartment,2017,928000.0,2025,7,102,11.0,1092.0,8
WOODLANDS,5 ROOM,110.0,Improved,2001,623000.0,2025,7,102,2.0,901.0,24
BEDOK,3 ROOM,69.0,Model A,2021,650000.0,2025,7,102,2.0,1139.0,4
HOUGANG,4 ROOM,94.0,Model A,2019,700000.0,2025,7,102,17.0,1122.0,6
BEDOK,3 ROOM,67.0,New Generation,1978,435000.0,2025,7,102,11.0,621.0,47
WOODLANDS,4 ROOM,83.0,Simplified,1985,502000.0,2025,7,102,5.0,713.0,40
JURONG EAST,3 ROOM,67.0,New Generation,1986,415000.0,2025,7,102,5.0,719.0,39
BUKIT TIMAH,5 ROOM,122.0,Improved,1989,1190000.0,2025,7,102,11.0,755.0,36
BUKIT PANJANG,5 ROOM,111.0,Premium Apartment,2001,690000.0,2025,7,102,17.0,903.0,24
TAMPINES,EXECUTIVE,146.0,Maisonette,1988,1008888.0,2025,7,102,5.0,740.0,37
ANG MO KIO,3 ROOM,67.0,New Generation,1979,450000.0,2025,7,102,8.0,637.0,46
CHOA CHU KANG,4 ROOM,104.0,Model A,1993,558000.0,2025,7,102,2.0,804.0,32
JURONG WEST,4 ROOM,101.0,Model A,1997,565000.0,2025,7,102,2.0,851.0,28
HOUGANG,4 ROOM,93.0,Model A,2018,666000.0,2025,7,102,14.0,1108.0,7
QUEENSTOWN,4 ROOM,92.0,Model A,2013,960000.0,2025,7,102,14.0,1042.0,12
WOODLANDS,4 ROOM,90.0,Model A,2001,560000.0,2025,7,102,11.0,894.0,24
SENGKANG,5 ROOM,115.0,Premium Apartment,2001,680000.0,2025,7,102,8.0,902.0,24
SERANGOON,EXECUTIVE,147.0,Maisonette,1992,1048888.0,2025,7,102,8.0,796.0,33
WOODLANDS,4 ROOM,91.0,New Generation,1987,525000.0,2025,7,102,8.0,727.0,38
BISHAN,4 ROOM,105.0,Model A,1986,880000.0,2025,7,102,8.0,715.0,39
CHOA CHU KANG,4 ROOM,100.0,Premium Apartment,1999,555000.0,2025,7,102,8.0,877.0,26
PUNGGOL,3 ROOM,68.0,Model A,2018,550000.0,2025,7,102,17.0,1108.0,7
JURONG WEST,4 ROOM,105.0,Model A,1984,600000.0,2025,7,102,8.0,695.0,41
SENGKANG,2 ROOM,48.0,2-room,2020,388000.0,2025,7,102,2.0,1130.0,5
SENGKANG,4 ROOM,92.0,Model A,2019,640000.0,2025,7,102,2.0,1115.0,6
BUKIT BATOK,5 ROOM,114.0,Improved,2019,865000.0,2025,7,102,14.0,1118.0,6
QUEENSTOWN,4 ROOM,83.0,Premium Apartment,2016,985000.0,2025,7,102,8.0,1082.0,9
TAMPINES,EXECUTIVE,154.0,Maisonette,1986,990000.0,2025,7,102,11.0,718.0,39
BUKIT MERAH,3 ROOM,76.0,Improved,1976,410000.0,2025,7,102,2.0,594.0,49
PASIR RIS,4 ROOM,86.0,DBSS,2015,795888.0,2025,7,102,5.0,1067.0,10
ANG MO KIO,4 ROOM,93.0,New Generation,1981,548000.0,2025,7,102,5.0,655.0,44
YISHUN,5 ROOM,112.0,Improved,2015,750000.0,2025,7,102,11.0,1072.0,10
BEDOK,4 ROOM,92.0,New Generation,1979,480000.0,2025,7,102,5.0,636.0,46
BUKIT BATOK,3 ROOM,73.0,Model A,1985,418000.0,2025,7,102,5.0,708.0,40
YISHUN,3 ROOM,74.0,Model A,1985,428000.0,2025,7,102,11.0,709.0,40
TOA PAYOH,3 ROOM,73.0,Standard,1983,398000.0,2025,7,102,8.0,683.0,42
WOODLANDS,4 ROOM,99.0,Model A,1997,585000.0,2025,7,102,11.0,852.0,28
PUNGGOL,4 ROOM,95.0,Premium Apartment,2013,660000.0,2025,7,102,5.0,1047.0,12
JURONG WEST,4 ROOM,91.0,New Generation,1985,525000.0,2025,7,102,11.0,704.0,40
YISHUN,EXECUTIVE,145.0,Maisonette,1988,950000.0,2025,7,102,2.0,741.0,37
YISHUN,EXECUTIVE,162.0,Adjoined flat,1984,1245000.0,2025,7,102,11.0,701.0,41
SENGKANG,4 ROOM,93.0,Model A,2014,695000.0,2025,7,102,26.0,1059.0,11
TAMPINES,3 ROOM,74.0,Model A,1984,485000.0,2025,7,102,5.0,696.0,41
KALLANG/WHAMPOA,2 ROOM,44.0,Improved,1981,350000.0,2025,7,102,8.0,661.0,44
BISHAN,EXECUTIVE,150.0,Maisonette,1992,1100000.0,2025,7,102,2.0,793.0,33
SERANGOON,4 ROOM,101.0,Model A,1998,600000.0,2025,7,102,5.0,859.0,27
KALLANG/WHAMPOA,4 ROOM,104.0,Model A,1987,768000.0,2025,7,102,8.0,732.0,38
YISHUN,4 ROOM,93.0,Model A,2017,598000.0,2025,7,102,8.0,1093.0,8
HOUGANG,4 ROOM,93.0,New Generation,1985,570000.0,2025,7,102,5.0,713.0,40
YISHUN,4 ROOM,104.0,Model A,1988,565000.0,2025,7,102,2.0,745.0,37
YISHUN,3 ROOM,74.0,Model A,1988,435000.0,2025,7,102,5.0,740.0,37
BUKIT MERAH,4 ROOM,84.0,Simplified,1986,600000.0,2025,7,102,2.0,725.0,39
CHOA CHU KANG,5 ROOM,122.0,Improved,1993,660000.0,2025,7,102,5.0,803.0,32
BUKIT PANJANG,4 ROOM,93.0,Premium Apartment,2012,675000.0,2025,7,102,14.0,1037.0,13
BUKIT MERAH,4 ROOM,93.0,Model A,2018,900000.0,2025,7,102,5.0,1110.0,7
JURONG WEST,4 ROOM,93.0,Model A,2018,672888.0,2025,7,102,17.0,1108.0,7
BUKIT PANJANG,4 ROOM,101.0,Model A,1998,570000.0,2025,7,102,14.0,861.0,27
SEMBAWANG,4 ROOM,90.0,Model A,2004,518000.0,2025,7,102,11.0,934.0,21
BEDOK,EXECUTIVE,148.0,Maisonette,1984,1050000.0,2025,7,102,8.0,691.0,41
CHOA CHU KANG,4 ROOM,105.0,Model A,1996,530000.0,2025,7,102,2.0,841.0,29
SEMBAWANG,EXECUTIVE,126.0,Apartment,2001,750000.0,2025,7,102,5.0,906.0,24
PUNGGOL,4 ROOM,93.0,Model A,2018,680000.0,2025,7,102,17.0,1108.0,7
QUEENSTOWN,3 ROOM,60.0,Standard,1967,315000.0,2025,7,102,2.0,486.0,58
PUNGGOL,4 ROOM,95.0,Premium Apartment,2013,723000.0,2025,7,102,5.0,1041.0,12
BEDOK,4 ROOM,92.0,New Generation,1978,525000.0,2025,7,102,5.0,621.0,47
PUNGGOL,5 ROOM,113.0,Improved,2018,810000.0,2025,7,102,14.0,1108.0,7
BUKIT PANJANG,EXECUTIVE,130.0,Apartment,2001,875000.0,2025,7,102,8.0,904.0,24
BUKIT MERAH,3 ROOM,68.0,Model A,2019,640000.0,2025,7,102,2.0,1114.0,6
SENGKANG,4 ROOM,90.0,Premium Apartment,2009,780000.0,2025,7,102,14.0,1002.0,16
BUKIT PANJANG,4 ROOM,93.0,Model A,2013,660000.0,2025,7,102,11.0,1050.0,12
BUKIT BATOK,EXECUTIVE,144.0,Apartment,1997,1038000.0,2025,7,102,17.0,858.0,28
JURONG WEST,5 ROOM,110.0,Improved,2001,625888.0,2025,7,102,2.0,903.0,24
JURONG WEST,EXECUTIVE,130.0,Apartment,2000,750000.0,2025,7,102,14.0,888.0,25
QUEENSTOWN,3 ROOM,60.0,Model A,2008,738000.0,2025,7,102,29.0,985.0,17
SENGKANG,4 ROOM,93.0,Model A,2020,679088.0,2025,7,102,8.0,1131.0,5
BEDOK,4 ROOM,87.0,DBSS,2014,890000.0,2025,7,102,14.0,1058.0,11
CLEMENTI,3 ROOM,67.0,New Generation,1978,380100.0,2025,7,102,2.0,618.0,47
BISHAN,EXECUTIVE,147.0,Maisonette,1992,1200000.0,2025,8,103,2.0,792.0,33
HOUGANG,4 ROOM,92.0,Model A,2019,680888.0,2025,8,103,11.0,1117.0,6
JURONG WEST,3 ROOM,88.0,Model A,1986,454000.0,2025,8,103,5.0,715.0,39
JURONG WEST,4 ROOM,92.0,Model A,2015,590000.0,2025,8,103,5.0,1062.0,10
PASIR RIS,5 ROOM,126.0,Improved,1993,735888.0,2025,8,103,11.0,804.0,32
BUKIT BATOK,3 ROOM,68.0,Premium Apartment,2017,540000.0,2025,8,103,5.0,1091.0,8
SEMBAWANG,5 ROOM,110.0,Improved,2003,568000.0,2025,8,103,11.0,924.0,22
BEDOK,4 ROOM,83.0,Simplified,1985,580888.0,2025,8,103,11.0,705.0,40
GEYLANG,4 ROOM,93.0,Model A,2020,1050000.0,2025,8,103,11.0,1126.0,5
CHOA CHU KANG,5 ROOM,113.0,Improved,2017,685000.0,2025,8,103,5.0,1089.0,8
ANG MO KIO,4 ROOM,92.0,New Generation,1982,525000.0,2025,8,103,5.0,666.0,43
BUKIT MERAH,4 ROOM,93.0,Model A,2018,1018000.0,2025,8,103,20.0,1109.0,7
ANG MO KIO,4 ROOM,82.0,New Generation,1976,528000.0,2025,8,103,5.0,596.0,49
PASIR RIS,4 ROOM,103.0,Model A,1989,595000.0,2025,8,103,2.0,755.0,36
PASIR RIS,2 ROOM,47.0,Model A,2015,394000.0,2025,8,103,11.0,1067.0,10
PUNGGOL,4 ROOM,93.0,Premium Apartment,2016,650000.0,2025,8,103,2.0,1078.0,9
TAMPINES,4 ROOM,114.0,Model A,1989,790000.0,2025,8,103,2.0,760.0,36
SENGKANG,5 ROOM,112.0,Premium Apartment,2017,988000.0,2025,8,103,11.0,1090.0,8
JURONG WEST,4 ROOM,93.0,Model A,2018,657000.0,2025,8,103,14.0,1106.0,7
CHOA CHU KANG,5 ROOM,124.0,Improved,1994,625000.0,2025,8,103,2.0,820.0,31
PASIR RIS,5 ROOM,126.0,Improved,1993,700000.0,2025,8,103,2.0,805.0,32
TAMPINES,4 ROOM,92.0,Model A,2020,785000.0,2025,8,103,8.0,1123.0,5
YISHUN,3 ROOM,68.0,New Generation,1984,420000.0,2025,8,103,5.0,690.0,41
KALLANG/WHAMPOA,3 ROOM,67.0,New Generation,1984,515888.0,2025,8,103,11.0,699.0,41
SENGKANG,5 ROOM,113.0,Improved,2020,755000.0,2025,8,103,2.0,1129.0,5
WOODLANDS,4 ROOM,103.0,Model A,1997,570000.0,2025,8,103,11.0,851.0,28
CHOA CHU KANG,4 ROOM,107.0,Model A,1995,570000.0,2025,8,103,11.0,830.0,30
TOA PAYOH,4 ROOM,90.0,Model A,2002,850000.0,2025,8,103,14.0,913.0,23
BEDOK,3 ROOM,74.0,Improved,1982,439999.0,2025,8,103,8.0,674.0,43
SENGKANG,5 ROOM,112.0,Improved,2015,867000.0,2025,8,103,8.0,1068.0,10
BUKIT BATOK,4 ROOM,92.0,Premium Apartment,2017,650000.0,2025,8,103,2.0,1092.0,8
PUNGGOL,4 ROOM,92.0,Premium Apartment,2016,738000.0,2025,8,103,14.0,1078.0,9
HOUGANG,4 ROOM,101.0,Model A,1998,575000.0,2025,8,103,5.0,865.0,27
PASIR RIS,5 ROOM,122.0,Improved,1989,700000.0,2025,8,103,11.0,757.0,36
WOODLANDS,4 ROOM,102.0,Model A,1998,550000.0,2025,8,103,11.0,866.0,27
JURONG EAST,3 ROOM,68.0,New Generation,1983,420000.0,2025,8,103,5.0,679.0,42
YISHUN,4 ROOM,104.0,Model A,1988,590000.0,2025,8,103,11.0,742.0,37
JURONG WEST,5 ROOM,124.0,Improved,1996,585000.0,2025,8,103,5.0,841.0,29
BUKIT MERAH,3 ROOM,76.0,Improved,1975,400000.0,2025,8,103,8.0,585.0,50
YISHUN,3 ROOM,67.0,Model A,2015,485000.0,2025,8,103,11.0,1072.0,10
ANG MO KIO,5 ROOM,120.0,Improved,1980,785000.0,2025,8,103,23.0,641.0,45
KALLANG/WHAMPOA,3 ROOM,56.0,Standard,1971,328000.0,2025,8,103,5.0,533.0,54
QUEENSTOWN,3 ROOM,60.0,Model A,2008,695000.0,2025,8,103,11.0,985.0,17
BUKIT PANJANG,3 ROOM,73.0,Model A,1988,460000.0,2025,8,103,11.0,742.0,37
SEMBAWANG,4 ROOM,93.0,Model A,2018,615000.0,2025,8,103,2.0,1101.0,7
YISHUN,3 ROOM,74.0,Model A,1988,450000.0,2025,8,103,8.0,749.0,37
PASIR RIS,4 ROOM,106.0,Model A,1993,628000.0,2025,8,103,5.0,809.0,32
QUEENSTOWN,3 ROOM,58.0,Standard,1967,355100.0,2025,8,103,2.0,486.0,58
BUKIT PANJANG,5 ROOM,113.0,Improved,2015,742000.0,2025,8,103,14.0,1072.0,10
PUNGGOL,2 ROOM,47.0,Model A,2021,430000.0,2025,8,103,14.0,1137.0,4
SENGKANG,5 ROOM,110.0,Premium Apartment,2006,781000.0,2025,8,103,8.0,955.0,19
BUKIT BATOK,5 ROOM,113.0,Improved,2019,750000.0,2025,8,103,5.0,1110.0,6
BUKIT PANJANG,4 ROOM,93.0,Premium Apartment,2015,670000.0,2025,8,103,14.0,1068.0,10
SERANGOON,4 ROOM,98.0,New Generation,1978,668000.0,2025,8,103,11.0,621.0,47
SENGKANG,3 ROOM,67.0,Premium Apartment,2015,634000.0,2025,8,103,11.0,1068.0,10
SENGKANG,5 ROOM,114.0,Premium Apartment,2004,715000.0,2025,8,103,14.0,933.0,21
WOODLANDS,4 ROOM,84.0,Simplified,1996,496000.0,2025,8,103,5.0,840.0,29
CHOA CHU KANG,4 ROOM,104.0,Model A,1989,545000.0,2025,8,103,11.0,754.0,36
QUEENSTOWN,4 ROOM,84.0,Improved,1974,528000.0,2025,8,103,11.0,575.0,51
BUKIT PANJANG,4 ROOM,101.0,Model A,1997,563000.0,2025,8,103,8.0,850.0,28
TAMPINES,3 ROOM,68.0,Model A,2020,631000.0,2025,8,103,14.0,1122.0,5
CLEMENTI,5 ROOM,113.0,Improved,2021,1458888.0,2025,8,103,26.0,1138.0,4
BEDOK,3 ROOM,69.0,Model A,2021,730000.0,2025,8,103,14.0,1137.0,4
HOUGANG,3 ROOM,60.0,Improved,1985,412000.0,2025,8,103,11.0,709.0,40
QUEENSTOWN,3 ROOM,62.0,Premium Apartment,2020,850000.0,2025,8,103,35.0,1133.0,5
WOODLANDS,5 ROOM,115.0,Improved,2000,620000.0,2025,8,103,2.0,888.0,25
TOA PAYOH,3 ROOM,65.0,Improved,1976,390000.0,2025,8,103,11.0,603.0,49
SENGKANG,3 ROOM,68.0,Model A,2021,550000.0,2025,8,103,11.0,1135.0,4
WOODLANDS,3 ROOM,67.0,Model A,2013,520000.0,2025,8,103,23.0,1043.0,12
TAMPINES,3 ROOM,69.0,Model A,2015,680000.0,2025,8,103,11.0,1070.0,10
HOUGANG,4 ROOM,101.0,Model A,1997,739000.0,2025,8,103,5.0,856.0,28
PUNGGOL,5 ROOM,111.0,Premium Apartment,2005,690000.0,2025,8,103,8.0,941.0,20
GEYLANG,4 ROOM,84.0,Simplified,1986,618000.0,2025,8,103,2.0,717.0,39
JURONG WEST,3 ROOM,68.0,Model A,2019,510000.0,2025,8,103,17.0,1115.0,6
CHOA CHU KANG,4 ROOM,104.0,Model A,1992,585000.0,2025,8,103,8.0,792.0,33
CLEMENTI,4 ROOM,93.0,Model A,2017,945000.0,2025,8,103,8.0,1095.0,8
BUKIT TIMAH,3 ROOM,65.0,Improved,1976,460000.0,2025,8,103,11.0,597.0,49
BUKIT MERAH,5 ROOM,115.0,Standard,1978,768000.0,2025,8,103,14.0,617.0,47
SERANGOON,4 ROOM,83.0,Simplified,1986,665000.0,2025,8,103,5.0,717.0,39
HOUGANG,4 ROOM,100.0,Model A,1997,649000.0,2025,8,103,11.0,849.0,28
CENTRAL AREA,3 ROOM,90.0,Model A,1985,632000.0,2025,8,103,8.0,706.0,40
PUNGGOL,5 ROOM,113.0,Improved,2016,808888.0,2025,8,103,5.0,1078.0,9
BISHAN,4 ROOM,83.0,Simplified,1987,660000.0,2025,8,103,5.0,730.0,38
CHOA CHU KANG,3 ROOM,68.0,Model A,2016,502888.0,2025,8,103,11.0,1078.0,9
CLEMENTI,3 ROOM,68.0,New Generation,1980,451888.0,2025,8,103,5.0,646.0,45
BUKIT BATOK,4 ROOM,93.0,Model A,2020,620000.0,2025,8,103,2.0,1123.0,5
JURONG WEST,4 ROOM,92.0,New Generation,1985,537000.0,2025,8,103,11.0,704.0,40
BUKIT PANJANG,5 ROOM,113.0,Improved,2015,750888.0,2025,8,103,11.0,1072.0,10
TAMPINES,4 ROOM,93.0,Model A,2020,760000.0,2025,8,103,5.0,1130.0,5
HOUGANG,4 ROOM,82.0,Improved,1975,462000.0,2025,8,103,11.0,591.0,50
PASIR RIS,EXECUTIVE,146.0,Apartment,1995,890000.0,2025,8,103,11.0,829.0,30
YISHUN,4 ROOM,84.0,Simplified,1987,520000.0,2025,8,103,5.0,735.0,38
PUNGGOL,5 ROOM,113.0,Improved,2018,760000.0,2025,8,103,2.0,1108.0,7
SERANGOON,3 ROOM,64.0,Simplified,1986,450000.0,2025,8,103,5.0,719.0,39
WOODLANDS,5 ROOM,137.0,Model A,1995,704409.0,2025,8,103,8.0,829.0,30
JURONG WEST,EXECUTIVE,126.0,Apartment,2002,685000.0,2025,8,103,14.0,906.0,23
BEDOK,4 ROOM,93.0,Model A,2018,846000.0,2025,8,103,8.0,1108.0,7
CLEMENTI,4 ROOM,93.0,Model A,2021,1215000.0,2025,8,103,29.0,1138.0,4
TAMPINES,3 ROOM,73.0,Model A,1985,482500.0,2025,8,103,2.0,701.0,40
ANG MO KIO,3 ROOM,82.0,New Generation,1978,455000.0,2025,8,103,2.0,625.0,47
CHOA CHU KANG,4 ROOM,104.0,Model A,1993,618888.0,2025,8,103,11.0,802.0,32
BEDOK,4 ROOM,89.0,New Generation,1978,500000.0,2025,8,103,17.0,619.0,47
YISHUN,4 ROOM,93.0,Model A,2018,605000.0,2025,8,103,5.0,1108.0,7
BEDOK,4 ROOM,103.0,Model A,1987,627000.0,2025,8,103,2.0,725.0,38
YISHUN,3 ROOM,74.0,Model A,1987,401888.0,2025,8,103,8.0,732.0,38
BISHAN,5 ROOM,121.0,Improved,1988,1068000.0,2025,8,103,20.0,743.0,37
SENGKANG,5 ROOM,110.0,Improved,2000,610000.0,2025,8,103,5.0,888.0,25
CHOA CHU KANG,4 ROOM,105.0,Model A,1990,590000.0,2025,8,103,8.0,762.0,35
GEYLANG,5 ROOM,122.0,Improved,1985,705000.0,2025,8,103,5.0,713.0,40
BUKIT BATOK,5 ROOM,118.0,Improved,2004,710000.0,2025,8,103,20.0,940.0,21
TOA PAYOH,3 ROOM,65.0,Improved,1976,383000.0,2025,8,103,5.0,605.0,49
SERANGOON,4 ROOM,91.0,New Generation,1984,620000.0,2025,8,103,8.0,696.0,41
HOUGANG,4 ROOM,110.0,Model A,1984,758888.0,2025,8,103,11.0,697.0,41
WOODLANDS,4 ROOM,93.0,Model A,2019,680000.0,2025,8,103,11.0,1119.0,6
BUKIT PANJANG,5 ROOM,110.0,Improved,2002,669988.0,2025,8,103,5.0,909.0,23
BUKIT BATOK,3 ROOM,69.0,Improved,1987,448000.0,2025,8,103,8.0,729.0,38
SENGKANG,4 ROOM,93.0,Model A,2016,705000.0,2025,8,103,11.0,1083.0,9
BEDOK,3 ROOM,67.0,New Generation,1978,395000.0,2025,8,103,2.0,620.0,47
TAMPINES,EXECUTIVE,147.0,Premium Maisonette,1997,1208000.0,2025,8,103,8.0,848.0,28
JURONG WEST,EXECUTIVE,134.0,Premium Apartment,2000,845000.0,2025,8,103,14.0,886.0,25
PASIR RIS,4 ROOM,114.0,Model A,1990,648000.0,2025,8,103,5.0,761.0,35
BEDOK,2 ROOM,45.0,Improved,1986,335000.0,2025,8,103,2.0,720.0,39
YISHUN,3 ROOM,67.0,New Generation,1985,430000.0,2025,8,103,5.0,706.0,40
JURONG WEST,5 ROOM,135.0,Model A,1995,663000.0,2025,8,103,8.0,827.0,30
JURONG EAST,5 ROOM,121.0,Improved,1998,820000.0,2025,8,103,17.0,867.0,27
PASIR RIS,EXECUTIVE,148.0,Maisonette,1992,980000.0,2025,8,103,2.0,796.0,33
PUNGGOL,4 ROOM,92.0,Premium Apartment,2017,665000.0,2025,8,103,8.0,1089.0,8
WOODLANDS,5 ROOM,125.0,Premium Apartment,2000,723888.0,2025,8,103,11.0,886.0,25
PUNGGOL,4 ROOM,92.0,Model A,2012,665000.0,2025,8,103,5.0,1037.0,13
BUKIT MERAH,4 ROOM,91.0,New Generation,1985,720000.0,2025,8,103,8.0,711.0,40
BUKIT BATOK,4 ROOM,83.0,Simplified,1986,510000.0,2025,8,103,8.0,721.0,39
BUKIT PANJANG,4 ROOM,103.0,Model A,1998,580000.0,2025,8,103,11.0,867.0,27
TOA PAYOH,5 ROOM,110.0,Improved,2006,1175000.0,2025,8,103,14.0,953.0,19
CHOA CHU KANG,5 ROOM,110.0,Improved,2002,550000.0,2025,8,103,5.0,911.0,23
BEDOK,3 ROOM,60.0,Improved,1986,390000.0,2025,8,103,8.0,713.0,39
SENGKANG,4 ROOM,93.0,Premium Apartment,2004,606888.0,2025,8,103,11.0,934.0,21
JURONG WEST,4 ROOM,114.0,Model A,1993,510000.0,2025,8,103,2.0,802.0,32
PASIR RIS,4 ROOM,104.0,Model A,1995,646000.0,2025,8,103,8.0,827.0,30
SEMBAWANG,EXECUTIVE,125.0,Apartment,2002,783000.0,2025,8,103,8.0,916.0,23
YISHUN,2 ROOM,47.0,Model A,2018,390000.0,2025,8,103,8.0,1107.0,7
BEDOK,3 ROOM,81.0,New Generation,1979,488000.0,2025,8,103,11.0,630.0,46
BEDOK,4 ROOM,87.0,DBSS,2014,832000.0,2025,8,103,5.0,1057.0,11
BUKIT BATOK,3 ROOM,68.0,New Generation,1986,410000.0,2025,8,103,5.0,715.0,39
ANG MO KIO,3 ROOM,74.0,New Generation,1979,440000.0,2025,8,103,11.0,637.0,46
MARINE PARADE,3 ROOM,65.0,Improved,1975,450000.0,2025,8,103,5.0,586.0,50
BUKIT BATOK,4 ROOM,104.0,Model A,1985,650000.0,2025,8,103,11.0,703.0,40
BUKIT BATOK,5 ROOM,113.0,Improved,2019,1006000.0,2025,8,103,38.0,1109.0,6
BISHAN,3 ROOM,64.0,Simplified,1988,550000.0,2025,8,103,2.0,738.0,37
HOUGANG,5 ROOM,122.0,Improved,1998,768000.0,2025,8,103,8.0,857.0,27
HOUGANG,5 ROOM,120.0,Improved,1998,725000.0,2025,8,103,5.0,859.0,27
YISHUN,4 ROOM,93.0,Model A,2013,627000.0,2025,8,103,14.0,1044.0,12
BUKIT BATOK,3 ROOM,67.0,Model A,2019,470000.0,2025,8,103,2.0,1112.0,6
TAMPINES,4 ROOM,111.0,Model A,1995,575000.0,2025,8,103,5.0,832.0,30
PASIR RIS,EXECUTIVE,147.0,Apartment,1993,948000.0,2025,8,103,5.0,809.0,32
PUNGGOL,4 ROOM,93.0,Model A,2018,655000.0,2025,8,103,11.0,1107.0,7
CHOA CHU KANG,4 ROOM,104.0,Model A,1993,550000.0,2025,8,103,8.0,803.0,32
SENGKANG,4 ROOM,93.0,Model A,2018,595000.0,2025,8,103,2.0,1102.0,7
PASIR RIS,4 ROOM,105.0,Model A,1996,650000.0,2025,8,103,5.0,844.0,29
CLEMENTI,5 ROOM,117.0,Improved,2013,960000.0,2025,8,103,17.0,1045.0,12
SEMBAWANG,4 ROOM,93.0,Model A,2020,637000.0,2025,8,103,8.0,1133.0,5
YISHUN,3 ROOM,67.0,Model A,2013,475000.0,2025,8,103,11.0,1045.0,12
ANG MO KIO,3 ROOM,82.0,New Generation,1979,500000.0,2025,8,103,11.0,633.0,46
SERANGOON,3 ROOM,63.0,Simplified,1986,438000.0,2025,8,103,2.0,719.0,39
WOODLANDS,4 ROOM,84.0,Simplified,1993,482000.0,2025,8,103,5.0,804.0,32
TAMPINES,3 ROOM,74.0,Model A,1988,505000.0,2025,8,103,5.0,745.0,37
WOODLANDS,4 ROOM,111.0,Model A,1996,596000.0,2025,8,103,2.0,837.0,29
BEDOK,3 ROOM,67.0,New Generation,1979,430800.0,2025,8,103,11.0,629.0,46
YISHUN,4 ROOM,92.0,Model A,2015,621888.0,2025,8,103,8.0,1071.0,10
JURONG EAST,4 ROOM,87.0,Model A,2013,670000.0,2025,8,103,35.0,1046.0,12
KALLANG/WHAMPOA,4 ROOM,93.0,Premium Apartment,2017,1070000.0,2025,8,103,11.0,1097.0,8
HOUGANG,2 ROOM,47.0,Model A,2019,378000.0,2025,8,103,11.0,1120.0,6
CHOA CHU KANG,4 ROOM,92.0,Model A,2017,675000.0,2025,8,103,20.0,1093.0,8
ANG MO KIO,5 ROOM,127.0,Improved,1982,738000.0,2025,8,103,5.0,665.0,43
TAMPINES,4 ROOM,93.0,Model A,2017,730000.0,2025,8,103,8.0,1090.0,8
BISHAN,5 ROOM,120.0,DBSS,2011,1250000.0,2025,8,103,2.0,1022.0,14
HOUGANG,5 ROOM,110.0,Improved,2004,678000.0,2025,8,103,14.0,932.0,21
JURONG EAST,4 ROOM,91.0,New Generation,1981,488000.0,2025,8,103,2.0,658.0,44
PUNGGOL,3 ROOM,68.0,Model A,2018,519888.0,2025,8,103,5.0,1107.0,7
HOUGANG,4 ROOM,93.0,Model A,2017,678000.0,2025,8,103,14.0,1090.0,8
CHOA CHU KANG,4 ROOM,100.0,Premium Apartment,1998,690000.0,2025,8,103,11.0,858.0,27
BEDOK,5 ROOM,118.0,Standard,1978,810000.0,2025,8,103,26.0,620.0,47
SENGKANG,5 ROOM,110.0,Improved,2002,688000.0,2025,8,103,11.0,913.0,23
WOODLANDS,5 ROOM,110.0,Premium Apartment,2004,616000.0,2025,8,103,17.0,931.0,21
TAMPINES,5 ROOM,120.0,Improved,1997,818000.0,2025,8,103,8.0,848.0,28
YISHUN,4 ROOM,93.0,Model A,2021,622000.0,2025,8,103,11.0,1136.0,4
WOODLANDS,4 ROOM,91.0,Model A2,1998,556888.0,2025,8,103,11.0,861.0,27
QUEENSTOWN,4 ROOM,93.0,Model A,2011,934888.0,2025,8,103,14.0,1020.0,14
CLEMENTI,3 ROOM,67.0,New Generation,1979,460000.0,2025,8,103,11.0,639.0,46
WOODLANDS,EXECUTIVE,141.0,Premium Apartment,2000,850000.0,2025,8,103,11.0,890.0,25
YISHUN,4 ROOM,108.0,Model A,1989,556000.0,2025,8,103,2.0,749.0,36
SENGKANG,5 ROOM,112.0,Premium Apartment,2015,1030000.0,2025,8,103,5.0,1068.0,10
JURONG WEST,5 ROOM,113.0,Premium Apartment,2001,700000.0,2025,8,103,11.0,895.0,24
TAMPINES,3 ROOM,74.0,Model A,1984,485000.0,2025,8,103,5.0,695.0,41
WOODLANDS,EXECUTIVE,151.0,Apartment,1995,940000.0,2025,8,103,11.0,821.0,30
SENGKANG,5 ROOM,113.0,Improved,2020,805000.0,2025,8,103,11.0,1129.0,5
PUNGGOL,5 ROOM,112.0,Improved,2017,740000.0,2025,8,103,11.0,1090.0,8
SENGKANG,4 ROOM,92.0,Premium Apartment,2017,850000.0,2025,8,103,5.0,1089.0,8
BISHAN,EXECUTIVE,150.0,Maisonette,1989,1380000.0,2025,8,103,2.0,756.0,36
BEDOK,3 ROOM,68.0,New Generation,1979,445000.0,2025,8,103,5.0,630.0,46
SENGKANG,5 ROOM,112.0,Premium Apartment,2017,1020000.0,2025,8,103,11.0,1090.0,8
YISHUN,3 ROOM,74.0,Model A,1985,438000.0,2025,8,103,11.0,702.0,40
WOODLANDS,5 ROOM,121.0,Improved,1999,585000.0,2025,8,103,11.0,876.0,26
PUNGGOL,4 ROOM,97.0,Premium Apartment,2012,790000.0,2025,8,103,14.0,1031.0,13
PUNGGOL,2 ROOM,47.0,Model A,2021,395000.0,2025,8,103,14.0,1138.0,4
TAMPINES,3 ROOM,61.0,DBSS,2014,688000.0,2025,8,103,11.0,1054.0,11
SENGKANG,4 ROOM,88.0,Model A2,2000,550000.0,2025,8,103,8.0,892.0,25
HOUGANG,5 ROOM,115.0,Improved,1999,720000.0,2025,8,103,5.0,873.0,26
WOODLANDS,5 ROOM,114.0,Premium Apartment,2003,645000.0,2025,8,103,8.0,918.0,22
BUKIT BATOK,4 ROOM,98.0,New Generation,1986,535000.0,2025,8,103,8.0,717.0,39
CENTRAL AREA,4 ROOM,75.0,Model A,2003,680000.0,2025,8,103,11.0,919.0,22
PUNGGOL,4 ROOM,93.0,Model A,2017,618000.0,2025,8,103,2.0,1089.0,8
HOUGANG,4 ROOM,104.0,Model A,1985,560000.0,2025,8,103,5.0,708.0,40
HOUGANG,5 ROOM,121.0,Improved,1998,771000.0,2025,8,103,5.0,866.0,27
TOA PAYOH,3 ROOM,73.0,New Generation,1984,448000.0,2025,8,103,2.0,699.0,41
BEDOK,4 ROOM,91.0,New Generation,1980,590000.0,2025,8,103,11.0,652.0,45
PUNGGOL,3 ROOM,68.0,Model A,2018,548000.0,2025,8,103,14.0,1108.0,7
ANG MO KIO,4 ROOM,91.0,New Generation,1982,538888.0,2025,8,103,5.0,666.0,43
WOODLANDS,4 ROOM,100.0,Model A,1998,540000.0,2025,8,103,8.0,866.0,27
BUKIT MERAH,3 ROOM,59.0,Improved,1976,388000.0,2025,8,103,14.0,597.0,49
YISHUN,4 ROOM,105.0,Model A,1989,570000.0,2025,8,103,11.0,753.0,36
JURONG WEST,4 ROOM,100.0,Model A,1998,580000.0,2025,8,103,14.0,864.0,27
TAMPINES,4 ROOM,93.0,Model A,2020,770888.0,2025,8,103,5.0,1130.0,5
ANG MO KIO,4 ROOM,93.0,Model A,2018,999999.0,2025,8,103,14.0,1102.0,7
SENGKANG,5 ROOM,110.0,Improved,2002,690000.0,2025,8,103,5.0,914.0,23
PUNGGOL,4 ROOM,93.0,Premium Apartment,2016,638000.0,2025,8,103,5.0,1074.0,9
BISHAN,5 ROOM,121.0,Improved,1987,1020000.0,2025,8,103,20.0,726.0,38
BEDOK,4 ROOM,92.0,New Generation,1979,525000.0,2025,8,103,5.0,635.0,46
JURONG EAST,5 ROOM,121.0,Improved,1998,800000.0,2025,8,103,5.0,867.0,27
PUNGGOL,3 ROOM,68.0,Premium Apartment,2018,533000.0,2025,8,103,5.0,1104.0,7
BUKIT PANJANG,4 ROOM,90.0,Premium Apartment,2004,602888.0,2025,8,103,17.0,939.0,21
SENGKANG,5 ROOM,113.0,Premium Apartment,2013,750000.0,2025,8,103,5.0,1043.0,12
BUKIT MERAH,4 ROOM,82.0,Improved,1975,533000.0,2025,8,103,8.0,585.0,50
SEMBAWANG,5 ROOM,113.0,Improved,2018,825000.0,2025,8,103,8.0,1106.0,7
CHOA CHU KANG,3 ROOM,74.0,Model A,1984,425000.0,2025,8,103,11.0,696.0,41
PUNGGOL,5 ROOM,110.0,Premium Apartment,2005,718888.0,2025,8,103,8.0,942.0,20
BUKIT BATOK,3 ROOM,74.0,Model A,1985,463888.0,2025,8,103,8.0,703.0,40
WOODLANDS,5 ROOM,123.0,Premium Apartment,1999,720000.0,2025,8,103,11.0,876.0,26
JURONG WEST,5 ROOM,110.0,Improved,2000,718000.0,2025,8,103,14.0,888.0,25
YISHUN,4 ROOM,93.0,Model A,2016,580000.0,2025,8,103,2.0,1076.0,9
PUNGGOL,4 ROOM,94.0,Model A,2014,658000.0,2025,8,103,11.0,1053.0,11
TAMPINES,4 ROOM,104.0,Model A,1982,595000.0,2025,8,103,2.0,671.0,43
HOUGANG,4 ROOM,103.0,Model A,1987,655888.0,2025,8,103,11.0,733.0,38
BEDOK,3 ROOM,67.0,New Generation,1978,410000.0,2025,9,104,11.0,620.0,47
TAMPINES,4 ROOM,93.0,Model A,2020,778000.0,2025,9,104,8.0,1130.0,5
SEMBAWANG,4 ROOM,92.0,Model A,2020,820000.0,2025,9,104,8.0,1129.0,5
JURONG WEST,4 ROOM,104.0,Model A,1990,477000.0,2025,9,104,5.0,762.0,35
JURONG WEST,3 ROOM,67.0,New Generation,1983,408000.0,2025,9,104,11.0,684.0,42
ANG MO KIO,3 ROOM,68.0,New Generation,1980,408000.0,2025,9,104,5.0,641.0,45
BEDOK,4 ROOM,84.0,Improved,1977,525000.0,2025,9,104,8.0,613.0,48
BEDOK,3 ROOM,70.0,Improved,1978,406000.0,2025,9,104,5.0,617.0,47
PUNGGOL,5 ROOM,110.0,Improved,2004,655000.0,2025,9,104,14.0,938.0,21
SEMBAWANG,EXECUTIVE,137.0,Premium Apartment,2001,700888.0,2025,9,104,11.0,897.0,24
TAMPINES,4 ROOM,92.0,Model A,2020,813000.0,2025,9,104,14.0,1121.0,5
YISHUN,2 ROOM,47.0,Model A,2018,368000.0,2025,9,104,11.0,1107.0,7
YISHUN,3 ROOM,77.0,Simplified,1987,435000.0,2025,9,104,5.0,726.0,38
YISHUN,5 ROOM,123.0,Improved,1984,640000.0,2025,9,104,2.0,697.0,41
TAMPINES,4 ROOM,107.0,Model A,1996,622000.0,2025,9,104,8.0,835.0,29
BUKIT MERAH,5 ROOM,110.0,Improved,2002,1090000.0,2025,9,104,23.0,915.0,23
QUEENSTOWN,3 ROOM,60.0,Model A,2008,715000.0,2025,9,104,8.0,984.0,17
WOODLANDS,4 ROOM,100.0,Model A,1998,603000.0,2025,9,104,11.0,857.0,27
BISHAN,4 ROOM,83.0,Simplified,1987,665000.0,2025,9,104,2.0,734.0,38
BUKIT MERAH,5 ROOM,138.0,Improved,1980,1001000.0,2025,9,104,11.0,651.0,45
SEMBAWANG,2 ROOM,47.0,Model A,2020,445000.0,2025,9,104,11.0,1128.0,5
PUNGGOL,5 ROOM,112.0,Improved,2021,920000.0,2025,9,104,8.0,1137.0,4
BEDOK,4 ROOM,105.0,Premium Apartment,2000,782000.0,2025,9,104,11.0,891.0,25
PUNGGOL,4 ROOM,92.0,Premium Apartment,2018,680000.0,2025,9,104,14.0,1098.0,7
QUEENSTOWN,3 ROOM,65.0,Improved,1976,360000.0,2025,9,104,11.0,598.0,49
CHOA CHU KANG,EXECUTIVE,145.0,Apartment,1993,800000.0,2025,9,104,2.0,803.0,32
BUKIT MERAH,3 ROOM,58.0,Standard,1969,405000.0,2025,9,104,5.0,515.0,56
KALLANG/WHAMPOA,3 ROOM,60.0,Standard,1969,360000.0,2025,9,104,11.0,508.0,56
WOODLANDS,5 ROOM,121.0,Improved,2000,645000.0,2025,9,104,5.0,888.0,25
BUKIT PANJANG,EXECUTIVE,146.0,Maisonette,1989,865000.0,2025,9,104,2.0,751.0,36
GEYLANG,3 ROOM,60.0,Standard,1969,340000.0,2025,9,104,8.0,508.0,56
ANG MO KIO,4 ROOM,92.0,New Generation,1980,550000.0,2025,9,104,11.0,640.0,45
BISHAN,4 ROOM,105.0,Model A,1992,750000.0,2025,9,104,5.0,791.0,33
TOA PAYOH,5 ROOM,121.0,Improved,1998,960000.0,2025,9,104,8.0,865.0,27
HOUGANG,3 ROOM,68.0,Premium Apartment,2016,575000.0,2025,9,104,5.0,1075.0,9
PUNGGOL,3 ROOM,70.0,Model A,2012,518888.0,2025,9,104,2.0,1030.0,13
PASIR RIS,4 ROOM,105.0,Model A,1989,655000.0,2025,9,104,2.0,760.0,36
PUNGGOL,5 ROOM,110.0,Improved,2003,665000.0,2025,9,104,11.0,921.0,22
BEDOK,3 ROOM,68.0,New Generation,1981,450000.0,2025,9,104,8.0,660.0,44
SENGKANG,4 ROOM,92.0,Model A,2011,635000.0,2025,9,104,2.0,1022.0,14
PUNGGOL,4 ROOM,90.0,Premium Apartment,2007,618000.0,2025,9,104,8.0,971.0,18
ANG MO KIO,3 ROOM,74.0,New Generation,1979,443000.0,2025,9,104,8.0,635.0,46
YISHUN,3 ROOM,67.0,New Generation,1986,430000.0,2025,9,104,8.0,713.0,39
BUKIT BATOK,4 ROOM,93.0,Model A,2020,645000.0,2025,9,104,5.0,1125.0,5
WOODLANDS,3 ROOM,66.0,Model A,2015,490000.0,2025,9,104,26.0,1066.0,10
ANG MO KIO,5 ROOM,121.0,Improved,1980,780000.0,2025,9,104,11.0,649.0,45
HOUGANG,5 ROOM,121.0,Improved,1985,638000.0,2025,9,104,2.0,710.0,40
HOUGANG,4 ROOM,84.0,Simplified,1986,513000.0,2025,9,104,8.0,718.0,39
JURONG EAST,5 ROOM,104.0,Standard,1979,465000.0,2025,9,104,2.0,631.0,46
BUKIT BATOK,EXECUTIVE,141.0,Apartment,1997,936000.0,2025,9,104,14.0,855.0,28
ANG MO KIO,3 ROOM,67.0,New Generation,1984,426000.0,2025,9,104,11.0,695.0,41
JURONG EAST,EXECUTIVE,149.0,Maisonette,1985,866000.0,2025,9,104,8.0,704.0,40
PASIR RIS,5 ROOM,122.0,Improved,1995,700000.0,2025,9,104,5.0,825.0,30
BUKIT PANJANG,2 ROOM,47.0,Model A,2015,370000.0,2025,9,104,17.0,1067.0,10
WOODLANDS,5 ROOM,125.0,Improved,1996,735000.0,2025,9,104,8.0,842.0,29
HOUGANG,4 ROOM,100.0,Model A,1997,590000.0,2025,9,104,8.0,854.0,28
TAMPINES,5 ROOM,108.0,DBSS,2014,1068000.0,2025,9,104,14.0,1053.0,11
PUNGGOL,4 ROOM,99.0,Premium Apartment,2013,775000.0,2025,9,104,11.0,1038.0,12
ANG MO KIO,5 ROOM,138.0,Model A,1993,965000.0,2025,9,104,11.0,799.0,32
SENGKANG,4 ROOM,95.0,Premium Apartment,2004,609000.0,2025,9,104,8.0,932.0,21
SEMBAWANG,3 ROOM,68.0,Model A,2020,575000.0,2025,9,104,8.0,1125.0,5
CHOA CHU KANG,3 ROOM,67.0,Model A,2018,495000.0,2025,9,104,8.0,1097.0,7
GEYLANG,4 ROOM,93.0,Model A,2016,1008000.0,2025,9,104,17.0,1083.0,9
QUEENSTOWN,4 ROOM,83.0,Premium Apartment,2016,1100000.0,2025,9,104,44.0,1079.0,9
CLEMENTI,3 ROOM,67.0,New Generation,1978,425000.0,2025,9,104,8.0,623.0,47
KALLANG/WHAMPOA,4 ROOM,93.0,Model A,2017,1030000.0,2025,9,104,14.0,1096.0,8
QUEENSTOWN,4 ROOM,98.0,Model A,2011,1008888.0,2025,9,104,23.0,1019.0,14
JURONG WEST,5 ROOM,110.0,Improved,2000,620000.0,2025,9,104,2.0,889.0,25
PUNGGOL,3 ROOM,67.0,Model A,2021,586000.0,2025,9,104,8.0,1136.0,4
WOODLANDS,4 ROOM,90.0,Model A,2003,535000.0,2025,9,104,14.0,923.0,22
WOODLANDS,4 ROOM,97.0,Model A,1997,602000.0,2025,9,104,11.0,852.0,28
SEMBAWANG,4 ROOM,90.0,Model A,2001,535000.0,2025,9,104,11.0,896.0,24
PUNGGOL,4 ROOM,93.0,Premium Apartment,2011,762000.0,2025,9,104,14.0,1014.0,14
CHOA CHU KANG,4 ROOM,104.0,Model A,1993,550000.0,2025,9,104,5.0,801.0,32
WOODLANDS,4 ROOM,100.0,Model A,1996,535000.0,2025,9,104,2.0,841.0,29
HOUGANG,EXECUTIVE,151.0,Maisonette,1984,930000.0,2025,9,104,2.0,694.0,41
BEDOK,3 ROOM,69.0,Model A,2021,718000.0,2025,9,104,11.0,1137.0,4
YISHUN,5 ROOM,113.0,Improved,2017,733000.0,2025,9,104,8.0,1091.0,8
PUNGGOL,4 ROOM,85.0,Model A,2003,592000.0,2025,9,104,11.0,921.0,22
SENGKANG,4 ROOM,92.0,Premium Apartment,2015,720000.0,2025,9,104,8.0,1071.0,10
BUKIT PANJANG,5 ROOM,122.0,Improved,1998,918000.0,2025,9,104,20.0,860.0,27
SEMBAWANG,5 ROOM,110.0,Improved,2001,660000.0,2025,9,104,8.0,901.0,24
BEDOK,3 ROOM,59.0,Improved,1976,412888.0,2025,9,104,8.0,592.0,49
QUEENSTOWN,4 ROOM,93.0,Model A,2018,1220000.0,2025,9,104,35.0,1102.0,7
CHOA CHU KANG,5 ROOM,116.0,Improved,1999,600000.0,2025,9,104,2.0,873.0,26
TAMPINES,3 ROOM,75.0,Model A,1982,490000.0,2025,9,104,11.0,675.0,43
PASIR RIS,5 ROOM,123.0,Improved,1990,745000.0,2025,9,104,11.0,761.0,35
WOODLANDS,5 ROOM,110.0,Premium Apartment,2004,545000.0,2025,9,104,5.0,929.0,21
JURONG WEST,3 ROOM,68.0,Model A,2018,488000.0,2025,9,104,8.0,1097.0,7
HOUGANG,4 ROOM,93.0,Model A,2017,728000.0,2025,9,104,14.0,1089.0,8
GEYLANG,4 ROOM,93.0,Model A,2016,868000.0,2025,9,104,2.0,1082.0,9
CLEMENTI,3 ROOM,67.0,New Generation,1978,423000.0,2025,9,104,2.0,620.0,47
JURONG WEST,5 ROOM,110.0,Improved,2001,718888.0,2025,9,104,8.0,901.0,24
MARINE PARADE,3 ROOM,59.0,Improved,1975,480000.0,2025,9,104,8.0,581.0,50
KALLANG/WHAMPOA,5 ROOM,119.0,DBSS,2011,1540000.0,2025,9,104,26.0,1013.0,14
SENGKANG,5 ROOM,110.0,Improved,2002,610000.0,2025,9,104,2.0,906.0,23
BEDOK,4 ROOM,92.0,New Generation,1979,565000.0,2025,9,104,11.0,629.0,46
BISHAN,5 ROOM,125.0,Improved,1990,1050000.0,2025,9,104,14.0,761.0,35
TOA PAYOH,4 ROOM,104.0,Model A,1997,975000.0,2025,9,104,17.0,848.0,28
YISHUN,2 ROOM,47.0,2-room,2021,365000.0,2025,9,104,11.0,1132.0,4
YISHUN,4 ROOM,91.0,New Generation,1985,515000.0,2025,9,104,11.0,707.0,40
GEYLANG,4 ROOM,104.0,Model A,1985,600000.0,2025,9,104,2.0,709.0,40
SENGKANG,5 ROOM,111.0,Premium Apartment,2003,585000.0,2025,9,104,8.0,926.0,22
HOUGANG,4 ROOM,85.0,Model A2,2004,578888.0,2025,9,104,8.0,931.0,21
TOA PAYOH,4 ROOM,91.0,Model A,2006,1088000.0,2025,9,104,29.0,953.0,19
SENGKANG,4 ROOM,92.0,Premium Apartment,2007,710000.0,2025,9,104,8.0,971.0,18
PASIR RIS,5 ROOM,125.0,Improved,1995,750000.0,2025,9,104,8.0,820.0,30
TAMPINES,5 ROOM,138.0,Model A,1985,830000.0,2025,9,104,5.0,709.0,40
TOA PAYOH,4 ROOM,91.0,Model A,2006,870000.0,2025,9,104,5.0,952.0,19
PUNGGOL,4 ROOM,94.0,Model A,2012,672000.0,2025,9,104,14.0,1031.0,13
BISHAN,4 ROOM,105.0,Model A,1992,833000.0,2025,9,104,2.0,788.0,33
JURONG WEST,5 ROOM,132.0,Model A,1996,710000.0,2025,9,104,8.0,839.0,29
HOUGANG,5 ROOM,110.0,Improved,2003,635000.0,2025,9,104,5.0,921.0,22
BUKIT PANJANG,4 ROOM,90.0,Premium Apartment,2004,588888.0,2025,9,104,8.0,937.0,21
HOUGANG,3 ROOM,67.0,New Generation,1983,450000.0,2025,9,104,11.0,686.0,42
GEYLANG,3 ROOM,65.0,Improved,1977,374000.0,2025,9,104,5.0,608.0,48
TOA PAYOH,3 ROOM,65.0,Improved,1976,343000.0,2025,9,104,5.0,602.0,49
JURONG WEST,3 ROOM,67.0,New Generation,1985,395000.0,2025,9,104,2.0,703.0,40
KALLANG/WHAMPOA,3 ROOM,76.0,Improved,1974,480000.0,2025,9,104,8.0,569.0,51
CHOA CHU KANG,5 ROOM,132.0,Model A,1995,680000.0,2025,9,104,11.0,821.0,30
HOUGANG,4 ROOM,85.0,Model A2,2004,560000.0,2025,9,104,8.0,931.0,21
BUKIT MERAH,5 ROOM,119.0,Standard,1976,710000.0,2025,9,104,14.0,602.0,49
SEMBAWANG,4 ROOM,93.0,Model A,2020,615000.0,2025,9,104,2.0,1132.0,5
WOODLANDS,4 ROOM,102.0,Model A,1996,520000.0,2025,9,104,2.0,841.0,29
CLEMENTI,3 ROOM,67.0,New Generation,1979,400000.0,2025,9,104,5.0,639.0,46
SEMBAWANG,4 ROOM,94.0,Model A,2010,580000.0,2025,9,104,14.0,1007.0,15
TOA PAYOH,5 ROOM,121.0,Improved,1989,790003.0,2025,9,104,2.0,749.0,36
GEYLANG,4 ROOM,104.0,Model A,1985,645000.0,2025,9,104,8.0,708.0,40
BUKIT MERAH,3 ROOM,67.0,New Generation,1978,417000.0,2025,9,104,2.0,617.0,47
SEMBAWANG,3 ROOM,68.0,Model A,2015,488000.0,2025,9,104,2.0,1064.0,10
SEMBAWANG,4 ROOM,90.0,Model A2,1999,535000.0,2025,9,104,2.0,869.0,26
SEMBAWANG,3 ROOM,69.0,Model A,2020,560000.0,2025,9,104,14.0,1133.0,5
BUKIT BATOK,5 ROOM,113.0,Improved,2019,823888.0,2025,9,104,14.0,1111.0,6
HOUGANG,4 ROOM,94.0,Model A,2019,630000.0,2025,9,104,2.0,1120.0,6
BUKIT BATOK,4 ROOM,93.0,Model A,2021,622000.0,2025,9,104,2.0,1138.0,4
QUEENSTOWN,3 ROOM,67.0,New Generation,1979,445000.0,2025,9,104,11.0,639.0,46
JURONG WEST,5 ROOM,120.0,Standard,1976,585000.0,2025,9,104,20.0,597.0,49
WOODLANDS,4 ROOM,106.0,Model A,1996,578000.0,2025,9,104,11.0,840.0,29
HOUGANG,3 ROOM,77.0,Model A,1984,458000.0,2025,9,104,5.0,689.0,41
WOODLANDS,2 ROOM,45.0,Improved,1984,300000.0,2025,9,104,11.0,698.0,41
WOODLANDS,4 ROOM,102.0,Model A,2000,555000.0,2025,9,104,2.0,885.0,25
WOODLANDS,4 ROOM,100.0,Model A,1996,618000.0,2025,9,104,8.0,841.0,29
BUKIT TIMAH,4 ROOM,89.0,Improved,1974,660000.0,2025,9,104,8.0,571.0,51
WOODLANDS,4 ROOM,92.0,Model A,2015,568000.0,2025,9,104,2.0,1067.0,10
ANG MO KIO,3 ROOM,67.0,New Generation,1985,398000.0,2025,9,104,2.0,700.0,40
GEYLANG,3 ROOM,60.3,Standard,1967,346000.0,2025,9,104,11.0,484.0,58
BUKIT MERAH,3 ROOM,67.0,New Generation,1979,430888.0,2025,9,104,8.0,628.0,46
JURONG WEST,4 ROOM,94.0,Model A,2018,640000.0,2025,9,104,8.0,1103.0,7
BUKIT BATOK,3 ROOM,82.0,New Generation,1985,427000.0,2025,9,104,8.0,709.0,40
GEYLANG,4 ROOM,96.0,Model A,2020,875000.0,2025,9,104,2.0,1124.0,5
JURONG WEST,EXECUTIVE,143.0,Apartment,1993,758000.0,2025,9,104,11.0,800.0,32
BUKIT PANJANG,4 ROOM,104.0,Model A,1988,520000.0,2025,9,104,8.0,746.0,37
BEDOK,3 ROOM,67.0,DBSS,2014,665000.0,2025,9,104,8.0,1056.0,11
TAMPINES,4 ROOM,110.0,Model A,1984,635000.0,2025,9,104,2.0,698.0,41
TOA PAYOH,4 ROOM,93.0,Model A,2019,935000.0,2025,9,104,8.0,1119.0,6
TAMPINES,EXECUTIVE,146.0,Maisonette,1989,1100000.0,2025,9,104,11.0,749.0,36
TOA PAYOH,3 ROOM,58.0,Standard,1969,333000.0,2025,9,104,5.0,508.0,56
BUKIT MERAH,5 ROOM,115.0,Improved,2002,850000.0,2025,9,104,17.0,909.0,23
JURONG WEST,5 ROOM,121.0,Improved,1997,625000.0,2025,9,104,2.0,851.0,28
SENGKANG,4 ROOM,93.0,Model A,2021,606000.0,2025,9,104,2.0,1134.0,4
BEDOK,4 ROOM,96.0,New Generation,1981,540000.0,2025,9,104,2.0,659.0,44
ANG MO KIO,4 ROOM,92.0,New Generation,1979,537000.0,2025,9,104,5.0,633.0,46
WOODLANDS,5 ROOM,122.0,Improved,1988,688000.0,2025,9,104,8.0,740.0,37
QUEENSTOWN,4 ROOM,93.0,Model A,2018,1068000.0,2025,9,104,26.0,1101.0,7
HOUGANG,3 ROOM,68.0,Model A,2019,525000.0,2025,9,104,14.0,1114.0,6
BEDOK,4 ROOM,108.0,Model A,1996,670000.0,2025,9,104,5.0,838.0,29
SENGKANG,4 ROOM,97.0,Model A,2013,700000.0,2025,9,104,14.0,1037.0,12
TAMPINES,4 ROOM,104.0,Model A,1989,605000.0,2025,9,104,8.0,753.0,36
BUKIT BATOK,EXECUTIVE,155.0,Maisonette,1985,936888.0,2025,9,104,5.0,704.0,40
BUKIT BATOK,4 ROOM,92.0,Model A,2019,680000.0,2025,9,104,11.0,1111.0,6
CHOA CHU KANG,5 ROOM,110.0,Improved,2003,608000.0,2025,9,104,20.0,920.0,22
SENGKANG,5 ROOM,113.0,Improved,2016,830000.0,2025,9,104,14.0,1073.0,9
ANG MO KIO,5 ROOM,110.0,Improved,2003,1068888.0,2025,9,104,20.0,917.0,22
HOUGANG,4 ROOM,103.0,Model A,1988,595000.0,2025,9,104,5.0,740.0,37
JURONG EAST,4 ROOM,90.0,Model A2,1998,515000.0,2025,9,104,5.0,864.0,27
SENGKANG,4 ROOM,93.0,Model A,2016,610000.0,2025,9,104,2.0,1081.0,9
TAMPINES,5 ROOM,107.0,DBSS,2008,1050000.0,2025,9,104,14.0,988.0,17
JURONG EAST,EXECUTIVE,144.0,Apartment,1998,1100000.0,2025,9,104,8.0,868.0,27
BUKIT BATOK,4 ROOM,93.0,New Generation,1986,500000.0,2025,9,104,2.0,713.0,39
GEYLANG,3 ROOM,52.0,Standard,1971,350000.0,2025,9,104,8.0,533.0,54
BUKIT BATOK,5 ROOM,110.0,Improved,2005,650000.0,2025,9,104,11.0,941.0,20
CLEMENTI,3 ROOM,67.0,New Generation,1979,431000.0,2025,9,104,11.0,639.0,46
CHOA CHU KANG,4 ROOM,90.0,Model A2,1999,515000.0,2025,9,104,17.0,871.0,26
WOODLANDS,4 ROOM,93.0,Model A,2017,628888.0,2025,9,104,5.0,1091.0,8
CENTRAL AREA,3 ROOM,56.0,Standard,1974,410000.0,2025,9,104,2.0,569.0,51
SEMBAWANG,4 ROOM,96.0,Model A,2020,704000.0,2025,9,104,8.0,1130.0,5
YISHUN,5 ROOM,112.0,Improved,2015,720000.0,2025,9,104,2.0,1070.0,10
JURONG WEST,3 ROOM,67.0,Improved,1972,350000.0,2025,9,104,5.0,547.0,53
SENGKANG,2 ROOM,46.0,Model A,2014,360000.0,2025,9,104,20.0,1054.0,11
BEDOK,3 ROOM,68.0,New Generation,1981,435000.0,2025,9,104,11.0,659.0,44
CHOA CHU KANG,5 ROOM,113.0,Improved,2016,708888.0,2025,9,104,8.0,1077.0,9
BISHAN,4 ROOM,109.0,Model A,1992,800000.0,2025,9,104,2.0,788.0,33
HOUGANG,4 ROOM,92.0,Model A,2015,680000.0,2025,9,104,8.0,1064.0,10
PUNGGOL,4 ROOM,95.0,Premium Apartment,2013,615000.0,2025,9,104,2.0,1044.0,12
TAMPINES,5 ROOM,128.0,Improved,1988,722000.0,2025,9,104,2.0,744.0,37
SENGKANG,4 ROOM,92.0,Model A,2015,700000.0,2025,9,104,11.0,1067.0,10
GEYLANG,3 ROOM,63.0,Simplified,2000,480000.0,2025,9,104,2.0,885.0,25
SENGKANG,4 ROOM,92.0,Model A,2005,585000.0,2025,9,104,11.0,941.0,20
WOODLANDS,5 ROOM,120.0,Premium Apartment,2000,705000.0,2025,9,104,8.0,882.0,25
QUEENSTOWN,3 ROOM,65.0,Improved,1976,398000.0,2025,9,104,8.0,598.0,49
JURONG WEST,4 ROOM,103.0,Model A,1984,500000.0,2025,9,104,2.0,694.0,41
YISHUN,5 ROOM,112.0,Improved,2015,768000.0,2025,9,104,11.0,1070.0,10
PUNGGOL,4 ROOM,93.0,Premium Apartment,2014,832888.0,2025,9,104,11.0,1051.0,11
YISHUN,3 ROOM,64.0,Simplified,1985,410000.0,2025,9,104,2.0,709.0,40
TOA PAYOH,3 ROOM,72.0,Improved,1970,430000.0,2025,9,104,14.0,521.0,55
PUNGGOL,4 ROOM,92.0,Model A,2014,686888.0,2025,9,104,8.0,1054.0,11
WOODLANDS,4 ROOM,115.0,Model A,1996,585000.0,2025,9,104,5.0,835.0,29
JURONG WEST,EXECUTIVE,139.0,Apartment,1996,880000.0,2025,9,104,8.0,844.0,29
QUEENSTOWN,5 ROOM,127.0,Improved,1995,1100000.0,2025,9,104,11.0,828.0,30
TAMPINES,5 ROOM,120.0,Improved,1997,780000.0,2025,9,104,5.0,848.0,28
ANG MO KIO,3 ROOM,67.0,New Generation,1977,428000.0,2025,9,104,8.0,607.0,48
CHOA CHU KANG,3 ROOM,67.0,Model A,2017,508888.0,2025,9,104,14.0,1088.0,8
TAMPINES,5 ROOM,122.0,Improved,1988,700000.0,2025,9,104,8.0,737.0,37
CLEMENTI,5 ROOM,117.0,Standard,1978,800000.0,2025,9,104,8.0,619.0,47
TAMPINES,3 ROOM,68.0,Model A,2020,560000.0,2025,9,104,2.0,1122.0,5
BUKIT BATOK,5 ROOM,113.0,Improved,2019,972000.0,2025,9,104,35.0,1109.0,6
SEMBAWANG,4 ROOM,92.0,Model A,2020,795000.0,2025,9,104,5.0,1129.0,5
KALLANG/WHAMPOA,4 ROOM,93.0,Model A,2018,920000.0,2025,9,104,14.0,1102.0,7
TOA PAYOH,4 ROOM,93.0,Model A,2017,918000.0,2025,10,105,8.0,1085.0,8
CHOA CHU KANG,4 ROOM,104.0,Model A,1993,565000.0,2025,10,105,5.0,801.0,32
BUKIT BATOK,EXECUTIVE,145.0,Apartment,1993,885000.0,2025,10,105,14.0,799.0,32
CHOA CHU KANG,3 ROOM,68.0,Model A,2017,515000.0,2025,10,105,11.0,1088.0,8
SEMBAWANG,5 ROOM,113.0,Improved,2020,771000.0,2025,10,105,2.0,1129.0,5
YISHUN,3 ROOM,68.0,Premium Apartment,2016,507000.0,2025,10,105,2.0,1072.0,9
TAMPINES,4 ROOM,93.0,Model A,2015,738000.0,2025,10,105,5.0,1067.0,10
BUKIT BATOK,3 ROOM,67.0,Model A,2019,538888.0,2025,10,105,14.0,1110.0,6
BUKIT MERAH,4 ROOM,93.0,Model A,2018,1040000.0,2025,10,105,29.0,1107.0,7
KALLANG/WHAMPOA,4 ROOM,92.0,Model A,2020,1188000.0,2025,10,105,20.0,1123.0,5
PUNGGOL,5 ROOM,110.0,Improved,2004,655000.0,2025,10,105,8.0,928.0,21
TAMPINES,4 ROOM,88.0,Simplified,1987,580000.0,2025,10,105,2.0,731.0,38
TOA PAYOH,3 ROOM,68.0,Model A,2021,825000.0,2025,10,105,8.0,1136.0,4
PUNGGOL,4 ROOM,93.0,Premium Apartment,2018,740000.0,2025,10,105,14.0,1103.0,7
HOUGANG,4 ROOM,84.0,Simplified,1985,555000.0,2025,10,105,8.0,709.0,40
BUKIT BATOK,5 ROOM,115.0,Premium Apartment,2018,900000.0,2025,10,105,17.0,1098.0,7
BUKIT MERAH,3 ROOM,59.0,Improved,1974,388000.0,2025,10,105,5.0,570.0,51
KALLANG/WHAMPOA,3 ROOM,82.0,New Generation,1979,520000.0,2025,10,105,11.0,628.0,46
TAMPINES,4 ROOM,100.0,Model A,1997,600000.0,2025,10,105,2.0,849.0,28
PASIR RIS,EXECUTIVE,146.0,Apartment,1995,1008000.0,2025,10,105,14.0,828.0,30
MARINE PARADE,3 ROOM,65.0,Improved,1975,483000.0,2025,10,105,8.0,580.0,50
SENGKANG,4 ROOM,93.0,Premium Apartment,2004,590000.0,2025,10,105,5.0,929.0,21
HOUGANG,3 ROOM,69.0,Model A,2021,530000.0,2025,10,105,5.0,1131.0,4
TAMPINES,5 ROOM,121.0,Improved,1985,690000.0,2025,10,105,2.0,700.0,40
PUNGGOL,4 ROOM,94.0,Model A,2021,765000.0,2025,10,105,17.0,1136.0,4
WOODLANDS,3 ROOM,87.0,New Generation,1977,418000.0,2025,10,105,5.0,606.0,48
YISHUN,2 ROOM,47.0,Model A,2018,365000.0,2025,10,105,2.0,1106.0,7
CLEMENTI,4 ROOM,92.0,New Generation,1979,595000.0,2025,10,105,8.0,628.0,46
BUKIT PANJANG,2 ROOM,47.0,Model A,2013,410000.0,2025,10,105,23.0,1047.0,12
WOODLANDS,4 ROOM,92.0,Model A2,1998,550000.0,2025,10,105,8.0,860.0,27
GEYLANG,5 ROOM,114.0,Improved,2000,870000.0,2025,10,105,2.0,885.0,25
TAMPINES,4 ROOM,107.0,Model A,1996,610000.0,2025,10,105,8.0,838.0,29
MARINE PARADE,5 ROOM,122.0,Standard,1975,880000.0,2025,10,105,8.0,582.0,50
SEMBAWANG,4 ROOM,102.0,Premium Apartment,2001,560000.0,2025,10,105,5.0,899.0,24
BUKIT MERAH,2 ROOM,44.0,Improved,1978,290000.0,2025,10,105,8.0,616.0,47
YISHUN,5 ROOM,121.0,Improved,1982,685000.0,2025,10,105,8.0,669.0,43
BUKIT BATOK,5 ROOM,118.0,Improved,2005,688888.0,2025,10,105,8.0,939.0,20
TAMPINES,3 ROOM,73.0,Model A,1984,500000.0,2025,10,105,8.0,696.0,41
PASIR RIS,5 ROOM,126.0,Improved,1996,738000.0,2025,10,105,11.0,842.0,29
TOA PAYOH,4 ROOM,94.0,Model A,2020,1180000.0,2025,10,105,8.0,1126.0,5
ANG MO KIO,3 ROOM,82.0,New Generation,1984,455000.0,2025,10,105,2.0,689.0,41
WOODLANDS,4 ROOM,103.0,Model A,1998,538000.0,2025,10,105,11.0,856.0,27
PUNGGOL,5 ROOM,112.0,Premium Apartment,2003,680000.0,2025,10,105,14.0,920.0,22
TOA PAYOH,3 ROOM,65.0,Improved,1972,360000.0,2025,10,105,5.0,549.0,53
BUKIT BATOK,4 ROOM,91.0,New Generation,1985,485000.0,2025,10,105,11.0,708.0,40
CHOA CHU KANG,5 ROOM,125.0,Premium Apartment,1999,620000.0,2025,10,105,2.0,877.0,26
QUEENSTOWN,3 ROOM,60.0,Standard,1967,340000.0,2025,10,105,2.0,484.0,58
SEMBAWANG,4 ROOM,90.0,Model A,2004,505000.0,2025,10,105,2.0,935.0,21
JURONG WEST,5 ROOM,110.0,Improved,2000,715000.0,2025,10,105,11.0,887.0,25
BUKIT BATOK,4 ROOM,93.0,Model A,2020,665000.0,2025,10,105,8.0,1121.0,5
HOUGANG,3 ROOM,67.0,New Generation,1986,448000.0,2025,10,105,11.0,716.0,39
BEDOK,3 ROOM,68.0,New Generation,1979,395000.0,2025,10,105,2.0,635.0,46
YISHUN,4 ROOM,84.0,Simplified,1987,470000.0,2025,10,105,5.0,732.0,38
WOODLANDS,EXECUTIVE,177.0,Apartment,1995,1270000.0,2025,10,105,11.0,825.0,30
TAMPINES,5 ROOM,121.0,Improved,1985,760000.0,2025,10,105,2.0,702.0,40
QUEENSTOWN,3 ROOM,65.0,Improved,1974,490000.0,2025,10,105,5.0,572.0,51
BUKIT PANJANG,3 ROOM,73.0,Model A,1988,435000.0,2025,10,105,2.0,746.0,37
ANG MO KIO,3 ROOM,67.0,New Generation,1977,425000.0,2025,10,105,11.0,610.0,48
GEYLANG,5 ROOM,132.0,Model A,1983,910000.0,2025,10,105,2.0,685.0,42
SEMBAWANG,4 ROOM,90.0,Model A,2004,532500.0,2025,10,105,5.0,935.0,21
SENGKANG,4 ROOM,93.0,Premium Apartment,2004,580000.0,2025,10,105,5.0,931.0,21
QUEENSTOWN,3 ROOM,74.0,Improved,1977,420000.0,2025,10,105,2.0,608.0,48
TAMPINES,5 ROOM,113.0,Improved,2020,930388.0,2025,10,105,8.0,1129.0,5
BUKIT MERAH,5 ROOM,117.0,Standard,1976,688000.0,2025,10,105,23.0,602.0,49
BUKIT BATOK,5 ROOM,115.0,Improved,2019,880000.0,2025,10,105,14.0,1110.0,6
CHOA CHU KANG,EXECUTIVE,143.0,Maisonette,1997,815000.0,2025,10,105,8.0,846.0,28
JURONG EAST,3 ROOM,72.0,Improved,1979,345000.0,2025,10,105,2.0,632.0,46
YISHUN,5 ROOM,120.0,Improved,1986,716888.0,2025,10,105,5.0,717.0,39
GEYLANG,3 ROOM,65.0,Improved,1975,407000.0,2025,10,105,11.0,587.0,50
KALLANG/WHAMPOA,3 ROOM,60.0,Improved,1979,460000.0,2025,10,105,11.0,633.0,46
PUNGGOL,4 ROOM,94.0,Model A,2021,765000.0,2025,10,105,11.0,1136.0,4
PUNGGOL,4 ROOM,90.0,Premium Apartment,2005,580000.0,2025,10,105,11.0,940.0,20
TAMPINES,EXECUTIVE,148.0,Apartment,1985,920000.0,2025,10,105,2.0,703.0,40
SEMBAWANG,4 ROOM,93.0,Model A,2015,615000.0,2025,10,105,8.0,1063.0,10
JURONG EAST,2 ROOM,44.0,Model A,2014,349000.0,2025,10,105,5.0,1048.0,11
WOODLANDS,5 ROOM,111.0,Improved,2001,630000.0,2025,10,105,5.0,896.0,24
WOODLANDS,3 ROOM,68.0,Model A,2018,522888.0,2025,10,105,11.0,1104.0,7
CHOA CHU KANG,5 ROOM,113.0,Improved,2018,722500.0,2025,10,105,11.0,1097.0,7
BEDOK,4 ROOM,93.0,New Generation,1981,568000.0,2025,10,105,8.0,655.0,44
KALLANG/WHAMPOA,4 ROOM,93.0,Model A,2018,968000.0,2025,10,105,29.0,1100.0,7
CLEMENTI,3 ROOM,67.0,New Generation,1978,410000.0,2025,10,105,2.0,621.0,47
TAMPINES,4 ROOM,105.0,Model A,1987,663000.0,2025,10,105,5.0,734.0,38
BEDOK,3 ROOM,68.0,New Generation,1979,378000.0,2025,10,105,5.0,634.0,46
HOUGANG,2 ROOM,47.0,Model A,2019,388000.0,2025,10,105,5.0,1113.0,6
TOA PAYOH,3 ROOM,68.0,Model A,2021,840000.0,2025,10,105,14.0,1137.0,4
PUNGGOL,4 ROOM,92.0,Premium Apartment,2016,728000.0,2025,10,105,5.0,1074.0,9
TAMPINES,4 ROOM,92.0,Model A,2020,768000.0,2025,10,105,8.0,1121.0,5
YISHUN,4 ROOM,92.0,Model A,2012,560000.0,2025,10,105,2.0,1031.0,13
CHOA CHU KANG,5 ROOM,119.0,Improved,1979,561000.0,2025,10,105,20.0,628.0,46
CHOA CHU KANG,4 ROOM,104.0,Model A,1996,550000.0,2025,10,105,8.0,840.0,29
GEYLANG,4 ROOM,91.0,New Generation,1977,640000.0,2025,10,105,5.0,608.0,48
KALLANG/WHAMPOA,3 ROOM,69.0,Model A,2012,735000.0,2025,10,105,20.0,1027.0,13
SENGKANG,3 ROOM,68.0,Model A,2021,565000.0,2025,10,105,14.0,1133.0,4
GEYLANG,4 ROOM,101.0,Model A,1998,835000.0,2025,10,105,5.0,860.0,27
BUKIT MERAH,3 ROOM,70.0,Improved,1976,400000.0,2025,10,105,5.0,596.0,49
WOODLANDS,EXECUTIVE,189.0,Apartment,1994,1235000.0,2025,10,105,5.0,811.0,31
HOUGANG,4 ROOM,92.0,Premium Apartment,2016,770888.0,2025,10,105,8.0,1074.0,9
TAMPINES,4 ROOM,93.0,Model A,2018,747000.0,2025,10,105,8.0,1106.0,7
BUKIT PANJANG,3 ROOM,73.0,Model A,1989,420000.0,2025,10,105,5.0,749.0,36
BUKIT BATOK,3 ROOM,64.0,Simplified,1987,405000.0,2025,10,105,2.0,733.0,38
PUNGGOL,4 ROOM,93.0,Premium Apartment,2016,740000.0,2025,10,105,14.0,1079.0,9
SENGKANG,4 ROOM,90.0,Model A2,2000,615000.0,2025,10,105,5.0,883.0,25
BUKIT MERAH,3 ROOM,69.0,Model A,2013,840000.0,2025,10,105,26.0,1039.0,12
YISHUN,4 ROOM,93.0,Model A,2021,630000.0,2025,10,105,11.0,1134.0,4
TOA PAYOH,3 ROOM,68.0,Improved,1970,405000.0,2025,10,105,8.0,520.0,55
WOODLANDS,3 ROOM,67.0,Model A,2016,500888.0,2025,10,105,5.0,1080.0,9
BISHAN,5 ROOM,121.0,Improved,1987,1050000.0,2025,10,105,8.0,724.0,38
WOODLANDS,4 ROOM,93.0,Model A2,1997,558000.0,2025,10,105,11.0,852.0,28
CLEMENTI,4 ROOM,91.0,New Generation,1980,580000.0,2025,10,105,11.0,645.0,45
SENGKANG,5 ROOM,111.0,Premium Apartment,2004,735000.0,2025,10,105,14.0,932.0,21
JURONG WEST,4 ROOM,88.0,Model A2,2001,528000.0,2025,10,105,14.0,901.0,24
YISHUN,3 ROOM,74.0,Model A,1988,430000.0,2025,10,105,2.0,746.0,37
SEMBAWANG,EXECUTIVE,136.0,Apartment,1999,825000.0,2025,10,105,17.0,873.0,26
KALLANG/WHAMPOA,3 ROOM,63.0,Standard,1981,420000.0,2025,10,105,11.0,652.0,44
PUNGGOL,4 ROOM,85.0,Model A,2003,600000.0,2025,10,105,17.0,916.0,22
SEMBAWANG,3 ROOM,67.0,Model A,2018,535000.0,2025,10,105,5.0,1102.0,7
BEDOK,4 ROOM,84.0,Simplified,1985,560000.0,2025,10,105,5.0,710.0,40
CLEMENTI,3 ROOM,67.0,New Generation,1978,470000.0,2025,10,105,5.0,622.0,47
PUNGGOL,5 ROOM,110.0,Improved,2003,677000.0,2025,10,105,11.0,921.0,22
CHOA CHU KANG,4 ROOM,103.0,Premium Apartment,2000,430000.0,2025,10,105,5.0,881.0,25
BEDOK,4 ROOM,91.0,New Generation,1979,540000.0,2025,10,105,8.0,628.0,46
TAMPINES,5 ROOM,122.0,Improved,1986,688000.0,2025,10,105,8.0,715.0,39
SEMBAWANG,2 ROOM,47.0,Model A,2015,390000.0,2025,11,106,8.0,1062.0,10
BUKIT MERAH,5 ROOM,115.0,Improved,2005,1238000.0,2025,11,106,5.0,948.0,20
JURONG WEST,5 ROOM,136.0,Model A,1996,713000.0,2025,11,106,17.0,832.0,29
SEMBAWANG,4 ROOM,90.0,Model A2,2001,542000.0,2025,11,106,11.0,890.0,24
YISHUN,4 ROOM,84.0,Simplified,1987,465000.0,2025,11,106,11.0,733.0,38
WOODLANDS,5 ROOM,120.0,Improved,1999,660000.0,2025,11,106,5.0,875.0,26
SENGKANG,4 ROOM,92.0,Premium Apartment,2015,800000.0,2025,11,106,8.0,1066.0,10
BUKIT BATOK,3 ROOM,67.0,Model A,2019,520000.0,2025,11,106,8.0,1109.0,6
SERANGOON,EXECUTIVE,147.0,Maisonette,1992,975888.0,2025,11,106,5.0,792.0,33
JURONG WEST,4 ROOM,109.0,Model A,1996,540000.0,2025,11,106,11.0,837.0,29
GEYLANG,3 ROOM,60.0,Standard,1969,320000.0,2025,11,106,2.0,507.0,56
CENTRAL AREA,3 ROOM,59.0,Improved,1977,495000.0,2025,11,106,11.0,604.0,48
TOA PAYOH,4 ROOM,97.0,Model A,2020,1270000.0,2025,11,106,11.0,1130.0,5
BUKIT MERAH,4 ROOM,90.0,Model A,2003,858888.0,2025,11,106,2.0,924.0,22
ANG MO KIO,3 ROOM,68.0,New Generation,1981,430000.0,2025,11,106,11.0,651.0,44
JURONG WEST,3 ROOM,67.0,New Generation,1985,366000.0,2025,11,106,2.0,702.0,40
SEMBAWANG,EXECUTIVE,130.0,Apartment,2001,750000.0,2025,11,106,8.0,892.0,24
SENGKANG,5 ROOM,113.0,Improved,2016,720000.0,2025,11,106,11.0,1078.0,9
TAMPINES,4 ROOM,83.0,DBSS,2014,882888.0,2025,11,106,8.0,1052.0,11
SENGKANG,4 ROOM,95.0,Premium Apartment,2004,635000.0,2025,11,106,20.0,938.0,21
BISHAN,EXECUTIVE,163.0,Maisonette,1987,1600000.0,2025,11,106,23.0,728.0,38
BUKIT BATOK,EXECUTIVE,144.0,Apartment,1998,926888.0,2025,11,106,11.0,861.0,27
WOODLANDS,4 ROOM,101.0,Model A,1997,562000.0,2025,11,106,11.0,854.0,28
PUNGGOL,5 ROOM,110.0,Improved,2003,668888.0,2025,11,106,14.0,916.0,22
YISHUN,4 ROOM,104.0,Model A,1986,600000.0,2025,11,106,11.0,716.0,39
JURONG WEST,5 ROOM,133.0,Model A,1984,645000.0,2025,11,106,2.0,694.0,41
PUNGGOL,5 ROOM,109.0,Improved,2002,635000.0,2025,11,106,8.0,913.0,23
SENGKANG,4 ROOM,95.0,Premium Apartment,2004,635000.0,2025,11,106,17.0,934.0,21
WOODLANDS,3 ROOM,75.0,Improved,1984,403000.0,2025,11,106,14.0,697.0,41
BUKIT MERAH,4 ROOM,100.0,Model A,2005,988000.0,2025,11,106,5.0,948.0,20
ANG MO KIO,4 ROOM,98.0,New Generation,1979,570000.0,2025,11,106,11.0,627.0,46
YISHUN,2 ROOM,48.0,Model A,2013,361000.0,2025,11,106,8.0,1042.0,12
TOA PAYOH,4 ROOM,92.0,Model A,2006,923000.0,2025,11,106,17.0,951.0,19
PUNGGOL,5 ROOM,112.0,Improved,2017,743000.0,2025,11,106,11.0,1086.0,8
BEDOK,3 ROOM,67.0,New Generation,1978,425000.0,2025,11,106,11.0,619.0,47
CHOA CHU KANG,5 ROOM,124.0,Premium Apartment,1999,678000.0,2025,11,106,8.0,878.0,26
TAMPINES,5 ROOM,133.0,Model A,1984,760000.0,2025,11,106,2.0,695.0,41
WOODLANDS,4 ROOM,101.0,Model A,1998,562000.0,2025,11,106,14.0,862.0,27
KALLANG/WHAMPOA,3 ROOM,68.0,Improved,1972,483000.0,2025,11,106,8.0,543.0,53
TAMPINES,3 ROOM,60.0,Improved,1985,460000.0,2025,11,106,5.0,708.0,40
TAMPINES,4 ROOM,93.0,Model A,2020,776000.0,2025,11,106,11.0,1128.0,5
BUKIT BATOK,4 ROOM,93.0,Model A,2019,770000.0,2025,11,106,17.0,1107.0,6
TAMPINES,4 ROOM,93.0,Model A,2020,768000.0,2025,11,106,8.0,1128.0,5
ANG MO KIO,3 ROOM,67.0,New Generation,1978,435000.0,2025,11,106,5.0,624.0,47
WOODLANDS,4 ROOM,108.0,Model A,1996,580000.0,2025,11,106,8.0,833.0,29
SENGKANG,5 ROOM,111.0,Improved,2015,800000.0,2025,11,106,23.0,1063.0,10
CHOA CHU KANG,5 ROOM,110.0,Improved,2002,570000.0,2025,11,106,8.0,905.0,23
PASIR RIS,4 ROOM,111.0,Model A,1996,660000.0,2025,11,106,8.0,837.0,29
JURONG WEST,5 ROOM,121.0,Improved,1997,676000.0,2025,11,106,8.0,847.0,28
CLEMENTI,4 ROOM,91.0,New Generation,1978,530000.0,2025,11,106,11.0,615.0,47
YISHUN,3 ROOM,68.0,Improved,1985,418000.0,2025,11,106,5.0,699.0,40
BUKIT BATOK,4 ROOM,103.0,Model A,1987,563000.0,2025,11,106,8.0,731.0,38
BEDOK,5 ROOM,121.0,Improved,1983,650000.0,2025,11,106,2.0,675.0,42
KALLANG/WHAMPOA,4 ROOM,95.0,Premium Apartment,2017,800000.0,2025,11,106,2.0,1090.0,8
BUKIT BATOK,3 ROOM,67.0,Model A,2019,525000.0,2025,11,106,20.0,1109.0,6
TAMPINES,4 ROOM,93.0,Model A,2015,720000.0,2025,11,106,5.0,1066.0,10
SENGKANG,4 ROOM,93.0,Model A,2016,688888.0,2025,11,106,17.0,1079.0,9
SEMBAWANG,5 ROOM,113.0,Improved,2018,760000.0,2025,11,106,8.0,1099.0,7
PASIR RIS,EXECUTIVE,148.0,Apartment,1995,928000.0,2025,11,106,2.0,829.0,30
CHOA CHU KANG,5 ROOM,113.0,Improved,2017,717000.0,2025,11,106,11.0,1087.0,8
SENGKANG,5 ROOM,110.0,Improved,2000,648000.0,2025,11,106,11.0,886.0,25
BUKIT BATOK,4 ROOM,93.0,Model A,2020,675888.0,2025,11,106,11.0,1120.0,5
HOUGANG,5 ROOM,113.0,Improved,2017,828000.0,2025,11,106,8.0,1088.0,8
SENGKANG,3 ROOM,67.0,Model A,2019,560000.0,2025,11,106,8.0,1111.0,6
BUKIT MERAH,4 ROOM,87.0,Model A,2002,861000.0,2025,11,106,11.0,912.0,23
BUKIT MERAH,4 ROOM,93.0,Model A,2013,1090000.0,2025,11,106,35.0,1035.0,12
BUKIT BATOK,4 ROOM,93.0,Model A,2019,716000.0,2025,11,106,14.0,1109.0,6
KALLANG/WHAMPOA,4 ROOM,92.0,Model A,2020,1140000.0,2025,11,106,32.0,1123.0,5
HOUGANG,5 ROOM,132.0,Model A,1984,760000.0,2025,11,106,14.0,696.0,41
WOODLANDS,4 ROOM,104.0,Premium Apartment,1999,575000.0,2025,11,106,5.0,874.0,26
TAMPINES,4 ROOM,84.0,Simplified,1987,565000.0,2025,11,106,5.0,733.0,38
PUNGGOL,4 ROOM,93.0,Premium Apartment,2016,790000.0,2025,11,106,8.0,1079.0,9
SENGKANG,5 ROOM,110.0,Premium Apartment,2006,805000.0,2025,11,106,17.0,952.0,19
ANG MO KIO,3 ROOM,73.0,New Generation,1976,430888.0,2025,11,106,5.0,596.0,49
HOUGANG,2 ROOM,38.0,Model A,2019,348000.0,2025,11,106,8.0,1112.0,6
SERANGOON,4 ROOM,94.0,New Generation,1985,640000.0,2025,11,106,5.0,707.0,40
SENGKANG,4 ROOM,93.0,Premium Apartment,2002,610000.0,2025,11,106,5.0,912.0,23
BEDOK,4 ROOM,93.0,Model A,2018,866000.0,2025,11,106,8.0,1106.0,7
SEMBAWANG,5 ROOM,110.0,Improved,2001,560000.0,2025,11,106,2.0,894.0,24
BUKIT PANJANG,4 ROOM,91.0,Simplified,1988,488000.0,2025,11,106,2.0,740.0,37
JURONG WEST,3 ROOM,59.0,Improved,1978,320000.0,2025,11,106,5.0,621.0,47
KALLANG/WHAMPOA,5 ROOM,118.0,Improved,1984,858000.0,2025,11,106,17.0,698.0,41
WOODLANDS,5 ROOM,122.0,Improved,1998,650000.0,2025,11,106,8.0,862.0,27
GEYLANG,3 ROOM,60.0,Standard,1967,323000.0,2025,11,106,2.0,483.0,58
PASIR RIS,4 ROOM,93.0,Model A,2015,756888.0,2025,11,106,5.0,1065.0,10
JURONG EAST,3 ROOM,64.0,Model A,2014,485000.0,2025,11,106,11.0,1047.0,11
PUNGGOL,4 ROOM,93.0,Model A,2015,630000.0,2025,11,106,11.0,1061.0,10
MARINE PARADE,3 ROOM,65.0,Improved,1975,465000.0,2025,11,106,11.0,579.0,50
SEMBAWANG,EXECUTIVE,130.0,Apartment,2001,750000.0,2025,11,106,8.0,892.0,24
PASIR RIS,4 ROOM,111.0,Model A,1989,640000.0,2025,11,106,11.0,752.0,36
JURONG EAST,5 ROOM,120.0,Improved,1982,680000.0,2025,11,106,8.0,674.0,43
QUEENSTOWN,4 ROOM,93.0,Model A,2018,1097000.0,2025,11,106,17.0,1099.0,7
HOUGANG,3 ROOM,59.0,Improved,1975,360000.0,2025,11,106,2.0,585.0,50
WOODLANDS,4 ROOM,103.0,Model A,1997,545000.0,2025,11,106,8.0,854.0,28
TAMPINES,3 ROOM,64.0,Simplified,1987,450000.0,2025,11,106,5.0,734.0,38
BUKIT PANJANG,4 ROOM,92.0,Model A,2015,678000.0,2025,11,106,14.0,1069.0,10
SENGKANG,5 ROOM,112.0,Improved,2016,900000.0,2025,11,106,20.0,1070.0,9
TAMPINES,3 ROOM,73.0,Model A,1984,508000.0,2025,11,106,5.0,689.0,41
GEYLANG,5 ROOM,140.0,Model A-Maisonette,1983,1188000.0,2025,11,106,5.0,684.0,42
JURONG WEST,4 ROOM,94.0,Model A,2010,625888.0,2025,11,106,8.0,1002.0,15
QUEENSTOWN,3 ROOM,65.0,Improved,1974,500000.0,2025,11,106,20.0,572.0,51
CHOA CHU KANG,5 ROOM,135.0,Model A,1996,753000.0,2025,11,106,11.0,834.0,29
BUKIT BATOK,4 ROOM,105.0,Model A,1989,585000.0,2025,11,106,5.0,748.0,36
YISHUN,4 ROOM,104.0,Model A,1985,580000.0,2025,11,106,8.0,707.0,40
PUNGGOL,4 ROOM,90.0,Model A,2003,568888.0,2025,11,106,8.0,922.0,22
BEDOK,3 ROOM,59.0,Improved,1978,350000.0,2025,11,106,5.0,617.0,47
WOODLANDS,4 ROOM,93.0,Model A,2018,625000.0,2025,11,106,11.0,1101.0,7
BUKIT MERAH,5 ROOM,114.0,Improved,1974,988000.0,2025,11,106,17.0,571.0,51
TAMPINES,3 ROOM,75.0,Model A,1982,485000.0,2025,11,106,2.0,668.0,43
BUKIT BATOK,5 ROOM,113.0,Premium Apartment,2018,945000.0,2025,11,106,8.0,1097.0,7
TOA PAYOH,4 ROOM,101.0,Model A,1999,896000.0,2025,11,106,5.0,868.0,26
KALLANG/WHAMPOA,4 ROOM,90.0,Model A,2004,880000.0,2025,11,106,23.0,932.0,21
CHOA CHU KANG,4 ROOM,104.0,Premium Apartment,1999,542888.0,2025,11,106,8.0,878.0,26
YISHUN,3 ROOM,67.0,Model A,2021,516888.0,2025,11,106,11.0,1131.0,4
BEDOK,3 ROOM,65.0,Improved,1972,387000.0,2025,11,106,11.0,549.0,53
JURONG WEST,4 ROOM,113.0,Model A,1995,540000.0,2025,11,106,8.0,825.0,30
HOUGANG,5 ROOM,120.0,Improved,1998,785000.0,2025,11,106,14.0,863.0,27
SEMBAWANG,5 ROOM,110.0,Improved,2002,658000.0,2025,11,106,5.0,903.0,23
PASIR RIS,5 ROOM,128.0,Improved,1995,803000.0,2025,11,106,5.0,828.0,30
CHOA CHU KANG,4 ROOM,93.0,Model A,2016,548000.0,2025,11,106,2.0,1076.0,9
YISHUN,4 ROOM,93.0,Model A,2012,575000.0,2025,11,106,5.0,1029.0,13
SEMBAWANG,4 ROOM,93.0,Model A,2018,650000.0,2025,11,106,5.0,1096.0,7
HOUGANG,3 ROOM,69.0,Model A,2021,525000.0,2025,11,106,2.0,1131.0,4
TOA PAYOH,4 ROOM,105.0,Model A,1996,820000.0,2025,11,106,8.0,839.0,29
TAMPINES,3 ROOM,69.0,Improved,1985,515000.0,2025,11,106,8.0,708.0,40
TAMPINES,4 ROOM,104.0,Model A,1988,658000.0,2025,11,106,2.0,743.0,37
WOODLANDS,4 ROOM,93.0,Model A,2018,640000.0,2025,11,106,5.0,1100.0,7
HOUGANG,4 ROOM,95.0,New Generation,1984,590000.0,2025,11,106,5.0,690.0,41
HOUGANG,4 ROOM,104.0,Model A,1992,798888.0,2025,11,106,11.0,792.0,33
CLEMENTI,4 ROOM,92.0,New Generation,1978,628888.0,2025,11,106,8.0,625.0,47
PASIR RIS,4 ROOM,93.0,Model A,2015,705000.0,2025,11,106,2.0,1064.0,10
BUKIT BATOK,3 ROOM,73.0,Model A,1985,453888.0,2025,11,106,11.0,699.0,40
WOODLANDS,5 ROOM,128.0,Improved,1996,688888.0,2025,11,106,8.0,832.0,29
WOODLANDS,5 ROOM,122.0,Premium Apartment,2000,600000.0,2025,11,106,5.0,880.0,25
GEYLANG,2 ROOM,41.0,Standard,1971,310000.0,2025,11,106,2.0,531.0,54
SENGKANG,4 ROOM,90.0,Premium Apartment,2009,838000.0,2025,11,106,8.0,992.0,16
SEMBAWANG,2 ROOM,46.0,Model A,2015,345000.0,2025,11,106,5.0,1063.0,10
KALLANG/WHAMPOA,4 ROOM,91.0,New Generation,1984,647500.0,2025,11,106,11.0,698.0,41
QUEENSTOWN,3 ROOM,62.0,Model A,2020,839889.0,2025,11,106,23.0,1129.0,5
BUKIT BATOK,3 ROOM,64.0,Simplified,1986,412000.0,2025,11,106,5.0,719.0,39
TOA PAYOH,4 ROOM,103.0,Model A,1996,850000.0,2025,11,106,5.0,839.0,29
JURONG EAST,4 ROOM,101.0,Model A,1998,675000.0,2025,11,106,8.0,866.0,27
BUKIT MERAH,3 ROOM,67.0,New Generation,1979,420000.0,2025,11,106,5.0,627.0,46
TAMPINES,5 ROOM,119.0,Improved,1996,878000.0,2025,11,106,8.0,839.0,29
HOUGANG,5 ROOM,132.0,Model A,1984,763888.0,2025,11,106,11.0,696.0,41
ANG MO KIO,4 ROOM,91.0,New Generation,1980,568000.0,2025,11,106,11.0,644.0,45
ANG MO KIO,3 ROOM,82.0,New Generation,1979,470000.0,2025,11,106,11.0,634.0,46
YISHUN,4 ROOM,104.0,Model A,1985,500000.0,2025,11,106,2.0,708.0,40
PUNGGOL,4 ROOM,93.0,Premium Apartment,2014,818000.0,2025,11,106,8.0,1050.0,11
ANG MO KIO,3 ROOM,73.0,New Generation,1978,455000.0,2025,11,106,2.0,615.0,47
JURONG WEST,3 ROOM,74.0,Improved,1977,360000.0,2025,11,106,11.0,611.0,48
BUKIT MERAH,3 ROOM,73.0,Standard,1969,448000.0,2025,11,106,14.0,513.0,56
SERANGOON,4 ROOM,101.0,Model A,1997,610000.0,2025,11,106,5.0,848.0,28
TOA PAYOH,3 ROOM,65.0,Improved,1970,330000.0,2025,11,106,2.0,525.0,55
BUKIT MERAH,4 ROOM,110.0,Standard,1973,1010000.0,2025,11,106,5.0,555.0,52
BUKIT BATOK,5 ROOM,112.0,Improved,2019,810000.0,2025,11,106,5.0,1109.0,6
JURONG WEST,4 ROOM,94.0,Model A,2018,648000.0,2025,11,106,11.0,1101.0,7
YISHUN,4 ROOM,93.0,New Generation,1985,495000.0,2025,11,106,2.0,708.0,40
HOUGANG,EXECUTIVE,147.0,Maisonette,1992,1080000.0,2025,11,106,5.0,792.0,33
BUKIT MERAH,3 ROOM,59.0,Improved,1975,390000.0,2025,11,106,5.0,583.0,50
SEMBAWANG,2 ROOM,47.0,Model A,2019,380000.0,2025,11,106,2.0,1111.0,6
TAMPINES,3 ROOM,68.0,New Generation,1984,460000.0,2025,11,106,2.0,693.0,41
TAMPINES,5 ROOM,121.0,Improved,1988,768000.0,2025,11,106,2.0,745.0,37
BUKIT PANJANG,4 ROOM,84.0,Simplified,1988,475000.0,2025,11,106,8.0,736.0,37
WOODLANDS,3 ROOM,73.0,New Generation,1980,375000.0,2025,11,106,11.0,639.0,45
WOODLANDS,2 ROOM,47.0,Model A,2019,385000.0,2025,11,106,5.0,1116.0,6
BUKIT BATOK,3 ROOM,64.0,Simplified,1988,410000.0,2025,11,106,2.0,735.0,37
BISHAN,5 ROOM,121.0,Premium Apartment,1998,1050000.0,2025,11,106,20.0,860.0,27
JURONG EAST,4 ROOM,126.0,Model A,1984,605000.0,2025,11,106,8.0,694.0,41
YISHUN,4 ROOM,103.0,Model A,1988,510000.0,2025,11,106,8.0,745.0,37
CLEMENTI,3 ROOM,67.0,New Generation,1980,380000.0,2025,11,106,2.0,645.0,45
WOODLANDS,4 ROOM,106.0,Model A,1996,560000.0,2025,11,106,5.0,832.0,29
BEDOK,4 ROOM,102.0,New Generation,1981,605000.0,2025,11,106,5.0,657.0,44
TOA PAYOH,4 ROOM,104.0,Model A,1989,668000.0,2025,11,106,5.0,748.0,36
PUNGGOL,3 ROOM,68.0,Model A,2018,515000.0,2025,11,106,5.0,1105.0,7
BEDOK,3 ROOM,68.0,New Generation,1980,405000.0,2025,11,106,8.0,649.0,45
GEYLANG,3 ROOM,66.0,Improved,1982,386000.0,2025,11,106,11.0,663.0,43
YISHUN,4 ROOM,91.0,New Generation,1992,575000.0,2025,11,106,11.0,787.0,33
ANG MO KIO,3 ROOM,73.0,New Generation,1977,475888.0,2025,11,106,8.0,608.0,48
PASIR RIS,5 ROOM,137.0,Model A,1993,788000.0,2025,11,106,14.0,800.0,32
TOA PAYOH,3 ROOM,67.0,Improved,1971,372000.0,2025,11,106,5.0,530.0,54
GEYLANG,3 ROOM,67.0,Standard,1967,405000.0,2025,11,106,8.0,483.0,58
JURONG EAST,5 ROOM,120.0,Improved,1981,645000.0,2025,11,106,8.0,660.0,44
BUKIT BATOK,4 ROOM,93.0,Model A,2019,647000.0,2025,12,107,5.0,1114.0,6
PUNGGOL,5 ROOM,110.0,Improved,2003,645000.0,2025,12,107,5.0,921.0,22
CHOA CHU KANG,2 ROOM,46.0,Model A,2011,340000.0,2025,12,107,11.0,1018.0,14
TAMPINES,4 ROOM,104.0,Model A,1988,715000.0,2025,12,107,11.0,736.0,37
TOA PAYOH,4 ROOM,93.0,Model A,2021,988000.0,2025,12,107,2.0,1135.0,4
TAMPINES,5 ROOM,125.0,Improved,1985,690000.0,2025,12,107,5.0,702.0,40
TAMPINES,5 ROOM,121.0,Improved,1989,740000.0,2025,12,107,8.0,749.0,36
BEDOK,3 ROOM,67.0,New Generation,1979,425000.0,2025,12,107,5.0,632.0,46
GEYLANG,4 ROOM,84.0,Simplified,1985,560000.0,2025,12,107,8.0,703.0,40
PUNGGOL,4 ROOM,94.0,Model A,2021,760000.0,2025,12,107,14.0,1134.0,4
PUNGGOL,4 ROOM,92.0,Premium Apartment,2016,700000.0,2025,12,107,8.0,1075.0,9
TAMPINES,4 ROOM,92.0,New Generation,1984,630000.0,2025,12,107,8.0,689.0,41
PUNGGOL,4 ROOM,93.0,Premium Apartment,2016,730000.0,2025,12,107,8.0,1071.0,9
TAMPINES,4 ROOM,93.0,Model A,2017,710000.0,2025,12,107,5.0,1087.0,8
BUKIT PANJANG,4 ROOM,102.0,Model A,1998,793888.0,2025,12,107,14.0,861.0,27
BISHAN,4 ROOM,84.0,Simplified,1987,675000.0,2025,12,107,11.0,726.0,38
BUKIT PANJANG,5 ROOM,113.0,Improved,2015,765000.0,2025,12,107,17.0,1069.0,10
JURONG EAST,5 ROOM,104.0,Standard,1979,510000.0,2025,12,107,5.0,629.0,46
TAMPINES,EXECUTIVE,146.0,Maisonette,1988,1090000.0,2025,12,107,5.0,734.0,37
SEMBAWANG,5 ROOM,110.0,Improved,2002,608888.0,2025,12,107,11.0,913.0,23
CLEMENTI,4 ROOM,92.0,New Generation,1980,516800.0,2025,12,107,11.0,648.0,45
HOUGANG,5 ROOM,113.0,Improved,2018,775000.0,2025,12,107,5.0,1104.0,7
QUEENSTOWN,4 ROOM,93.0,Model A,2018,1211000.0,2025,12,107,35.0,1098.0,7
BUKIT PANJANG,EXECUTIVE,130.0,Premium Apartment,2001,780000.0,2025,12,107,11.0,900.0,24
WOODLANDS,2 ROOM,47.0,Model A,2015,355000.0,2025,12,107,5.0,1064.0,10
JURONG WEST,2 ROOM,47.0,Model A,2019,375000.0,2025,12,107,8.0,1111.0,6
YISHUN,4 ROOM,93.0,Model A,2021,610000.0,2025,12,107,8.0,1133.0,4
WOODLANDS,4 ROOM,100.0,Model A2,1998,540000.0,2025,12,107,11.0,855.0,27
TAMPINES,4 ROOM,99.0,Model A,1997,620000.0,2025,12,107,5.0,845.0,28
WOODLANDS,5 ROOM,118.0,Improved,1997,628888.0,2025,12,107,8.0,850.0,28
YISHUN,5 ROOM,112.0,Improved,2018,760000.0,2025,12,107,11.0,1103.0,7
HOUGANG,3 ROOM,74.0,Model A,1985,502000.0,2025,12,107,8.0,700.0,40
KALLANG/WHAMPOA,5 ROOM,119.0,Improved,2004,1220000.0,2025,12,107,26.0,935.0,21
BISHAN,4 ROOM,102.0,Model A,1992,730000.0,2025,12,107,2.0,788.0,33
WOODLANDS,4 ROOM,90.0,Premium Apartment,2004,536888.0,2025,12,107,5.0,927.0,21
YISHUN,4 ROOM,84.0,Simplified,1985,460000.0,2025,12,107,8.0,702.0,40
WOODLANDS,4 ROOM,103.0,Model A,1993,568000.0,2025,12,107,5.0,797.0,32
YISHUN,4 ROOM,93.0,Model A,2017,590000.0,2025,12,107,8.0,1089.0,8
YISHUN,3 ROOM,67.0,New Generation,1985,470000.0,2025,12,107,11.0,698.0,40
BUKIT PANJANG,4 ROOM,101.0,Model A,1997,730000.0,2025,12,107,14.0,848.0,28
WOODLANDS,4 ROOM,93.0,Model A,2018,578000.0,2025,12,107,5.0,1100.0,7
QUEENSTOWN,5 ROOM,108.0,Premium Apartment,2021,1445000.0,2025,12,107,11.0,1139.0,4
YISHUN,4 ROOM,84.0,Simplified,1987,470000.0,2025,12,107,8.0,728.0,38
SENGKANG,5 ROOM,113.0,Improved,2016,790000.0,2025,12,107,8.0,1078.0,9
ANG MO KIO,4 ROOM,92.0,New Generation,1979,520000.0,2025,12,107,8.0,630.0,46
SEMBAWANG,5 ROOM,111.0,Premium Apartment,2001,680000.0,2025,12,107,8.0,895.0,24
BEDOK,4 ROOM,107.0,Premium Apartment,2000,780000.0,2025,12,107,11.0,889.0,25
WOODLANDS,3 ROOM,68.0,Model A,2018,530000.0,2025,12,107,11.0,1099.0,7
BUKIT MERAH,4 ROOM,93.0,Model A,2018,938888.0,2025,12,107,8.0,1105.0,7
TAMPINES,4 ROOM,84.0,Simplified,1988,600000.0,2025,12,107,8.0,736.0,37
YISHUN,5 ROOM,122.0,Improved,1986,620000.0,2025,12,107,5.0,712.0,39
WOODLANDS,3 ROOM,66.0,Model A,2015,510000.0,2025,12,107,14.0,1064.0,10
SERANGOON,4 ROOM,84.0,Simplified,1987,688000.0,2025,12,107,2.0,725.0,38
YISHUN,2 ROOM,47.0,2-room,2021,380000.0,2025,12,107,8.0,1130.0,4
BEDOK,3 ROOM,75.0,Model A,1984,436888.0,2025,12,107,2.0,686.0,41
TOA PAYOH,3 ROOM,63.0,Standard,1983,360000.0,2025,12,107,5.0,679.0,42
SEMBAWANG,4 ROOM,95.0,Model A,2020,889000.0,2025,12,107,8.0,1125.0,5
SENGKANG,4 ROOM,93.0,Model A,2016,665000.0,2025,12,107,14.0,1078.0,9
BEDOK,3 ROOM,67.0,New Generation,1977,418000.0,2025,12,107,5.0,607.0,48
HOUGANG,4 ROOM,93.0,Model A,2015,660000.0,2025,12,107,14.0,1059.0,10
YISHUN,4 ROOM,108.0,Model A,1988,573000.0,2025,12,107,8.0,734.0,37
TAMPINES,5 ROOM,112.0,Improved,2020,880000.0,2025,12,107,8.0,1119.0,5
BISHAN,5 ROOM,120.0,Improved,1987,1100000.0,2025,12,107,14.0,729.0,38
JURONG WEST,3 ROOM,59.0,Improved,1975,320000.0,2025,12,107,8.0,587.0,50
TAMPINES,3 ROOM,73.0,Model A,1984,508000.0,2025,12,107,11.0,697.0,41
CLEMENTI,4 ROOM,80.0,DBSS,2014,1012888.0,2025,12,107,20.0,1057.0,11
KALLANG/WHAMPOA,4 ROOM,93.0,Premium Apartment,2017,1068000.0,2025,12,107,29.0,1093.0,8
BUKIT BATOK,4 ROOM,93.0,Model A,2020,637888.0,2025,12,107,8.0,1118.0,5
ANG MO KIO,5 ROOM,112.0,DBSS,2011,1300000.0,2025,12,107,29.0,1018.0,14
WOODLANDS,4 ROOM,92.0,Model A,2013,630000.0,2025,12,107,8.0,1044.0,12
GEYLANG,5 ROOM,132.0,Model A,1983,970000.0,2025,12,107,14.0,681.0,42
TOA PAYOH,5 ROOM,114.0,Improved,2020,1380000.0,2025,12,107,8.0,1125.0,5
WOODLANDS,4 ROOM,91.0,Model A,2001,575000.0,2025,12,107,11.0,890.0,24
BEDOK,EXECUTIVE,142.0,Apartment,1993,880000.0,2025,12,107,2.0,798.0,32
BEDOK,4 ROOM,92.0,New Generation,1979,528000.0,2025,12,107,8.0,631.0,46
WOODLANDS,5 ROOM,119.0,Improved,1996,645000.0,2025,12,107,5.0,839.0,29
SERANGOON,EXECUTIVE,146.0,Maisonette,1989,1180000.0,2025,12,107,8.0,749.0,36
KALLANG/WHAMPOA,3 ROOM,65.0,Improved,1981,405000.0,2025,12,107,5.0,650.0,44
TOA PAYOH,4 ROOM,93.0,Model A,2021,1085000.0,2025,12,107,5.0,1135.0,4
PUNGGOL,4 ROOM,92.0,Model A,2015,672000.0,2025,12,107,8.0,1064.0,10
SENGKANG,5 ROOM,111.0,Premium Apartment,2015,840000.0,2025,12,107,5.0,1069.0,10
QUEENSTOWN,3 ROOM,73.0,Improved,1978,459000.0,2025,12,107,14.0,614.0,47
PUNGGOL,4 ROOM,92.0,Premium Apartment,2016,640000.0,2025,12,107,11.0,1075.0,9
SERANGOON,3 ROOM,64.0,Simplified,1985,550000.0,2025,12,107,8.0,707.0,40
YISHUN,4 ROOM,83.0,Simplified,1987,460000.0,2025,12,107,5.0,729.0,38
BEDOK,3 ROOM,67.0,New Generation,1979,415000.0,2025,12,107,11.0,632.0,46
TAMPINES,5 ROOM,112.0,Improved,2020,910888.0,2025,12,107,8.0,1119.0,5
CLEMENTI,4 ROOM,92.0,New Generation,1979,570000.0,2025,12,107,11.0,635.0,46
TAMPINES,4 ROOM,84.0,Simplified,1988,570000.0,2025,12,107,8.0,734.0,37
SERANGOON,3 ROOM,60.0,Improved,1985,495000.0,2025,12,107,8.0,700.0,40
HOUGANG,5 ROOM,123.0,Improved,1991,728000.0,2025,12,107,2.0,773.0,34
JURONG WEST,4 ROOM,102.0,Premium Apartment,1998,558888.0,2025,12,107,8.0,856.0,27
SENGKANG,5 ROOM,115.0,Improved,2000,620000.0,2025,12,107,2.0,885.0,25
SENGKANG,4 ROOM,93.0,Model A,2020,585000.0,2025,12,107,2.0,1126.0,5
BUKIT MERAH,3 ROOM,76.0,Improved,1976,420000.0,2025,12,107,5.0,590.0,49
JURONG WEST,3 ROOM,59.0,Improved,1975,335000.0,2025,12,107,2.0,587.0,50
BUKIT BATOK,3 ROOM,60.0,Improved,1988,355000.0,2025,12,107,5.0,735.0,37
JURONG WEST,5 ROOM,134.0,Model A,1984,650000.0,2025,12,107,11.0,693.0,41
SEMBAWANG,5 ROOM,113.0,Improved,2018,795888.0,2025,12,107,5.0,1095.0,7
YISHUN,4 ROOM,104.0,Model A,1988,535000.0,2025,12,107,8.0,736.0,37
JURONG WEST,4 ROOM,103.0,Model A,1997,558000.0,2025,12,107,8.0,849.0,28
SENGKANG,5 ROOM,110.0,Improved,2001,735888.0,2025,12,107,11.0,893.0,24
BUKIT PANJANG,4 ROOM,90.0,Model A2,1998,530000.0,2025,12,107,5.0,858.0,27
JURONG EAST,5 ROOM,121.0,Improved,1998,810000.0,2025,12,107,11.0,863.0,27
JURONG WEST,5 ROOM,113.0,Improved,2018,750000.0,2025,12,107,11.0,1103.0,7
PUNGGOL,5 ROOM,113.0,Premium Apartment,2016,888888.0,2025,12,107,8.0,1071.0,9
JURONG WEST,4 ROOM,92.0,Model A,2015,650000.0,2025,12,107,11.0,1058.0,10
WOODLANDS,4 ROOM,101.0,Model A,1997,571000.0,2025,12,107,8.0,852.0,28
QUEENSTOWN,4 ROOM,87.0,Premium Apartment,2016,1080000.0,2025,12,107,38.0,1072.0,9
TAMPINES,5 ROOM,125.0,Improved,1993,732000.0,2025,12,107,8.0,802.0,32
HOUGANG,3 ROOM,59.0,Improved,1975,350000.0,2025,12,107,2.0,584.0,50
PUNGGOL,4 ROOM,93.0,Premium Apartment,2019,676000.0,2025,12,107,5.0,1107.0,6
PASIR RIS,5 ROOM,127.0,Improved,1996,753000.0,2025,12,107,8.0,840.0,29
ANG MO KIO,5 ROOM,110.0,Improved,2001,1000000.0,2025,12,107,8.0,897.0,24
BUKIT BATOK,3 ROOM,60.0,Improved,1987,410000.0,2025,12,107,11.0,728.0,38
HOUGANG,4 ROOM,100.0,Model A,1998,560000.0,2025,12,107,5.0,862.0,27
WOODLANDS,2 ROOM,47.0,Model A,2019,380000.0,2025,12,107,5.0,1115.0,6
TAMPINES,5 ROOM,121.0,Improved,1988,800000.0,2025,12,107,5.0,744.0,37
HOUGANG,4 ROOM,103.0,Model A,1997,700000.0,2025,12,107,2.0,853.0,28
PUNGGOL,4 ROOM,93.0,Premium Apartment,2016,718000.0,2025,12,107,11.0,1075.0,9
PASIR RIS,5 ROOM,125.0,Improved,1996,760000.0,2025,12,107,2.0,837.0,29
HOUGANG,3 ROOM,66.0,New Generation,1982,428000.0,2025,12,107,8.0,663.0,43
BISHAN,5 ROOM,121.0,Improved,1986,878000.0,2025,12,107,5.0,720.0,39
WOODLANDS,4 ROOM,93.0,Model A,2018,653000.0,2025,12,107,8.0,1098.0,7
SENGKANG,5 ROOM,116.0,Improved,2000,695000.0,2025,12,107,14.0,885.0,25
TAMPINES,3 ROOM,67.0,Model A,2015,540000.0,2025,12,107,11.0,1067.0,10
PUNGGOL,4 ROOM,93.0,Premium Apartment,2013,682000.0,2025,12,107,8.0,1042.0,12
SEMBAWANG,3 ROOM,68.0,Model A,2020,530000.0,2025,12,107,2.0,1126.0,5
YISHUN,5 ROOM,113.0,Improved,2018,745000.0,2025,12,107,8.0,1095.0,7
GEYLANG,4 ROOM,84.0,Simplified,1985,565000.0,2025,12,107,5.0,703.0,40
BUKIT MERAH,4 ROOM,90.0,Model A,2002,1080000.0,2025,12,107,17.0,912.0,23
TAMPINES,4 ROOM,106.0,Model A,1996,580000.0,2025,12,107,2.0,838.0,29
HOUGANG,2 ROOM,47.0,Model A,2019,410000.0,2025,12,107,17.0,1116.0,6
CHOA CHU KANG,4 ROOM,104.0,Model A,1993,595666.0,2025,12,107,11.0,799.0,32
GEYLANG,5 ROOM,132.0,Model A,1983,915000.0,2025,12,107,5.0,681.0,42
JURONG EAST,3 ROOM,74.0,Model A,1983,410000.0,2025,12,107,14.0,678.0,42
BEDOK,4 ROOM,105.0,Premium Apartment,2000,780000.0,2025,12,107,14.0,889.0,25
YISHUN,4 ROOM,105.0,New Generation,1982,480000.0,2025,12,107,5.0,666.0,43
BUKIT BATOK,4 ROOM,93.0,Model A,2020,698178.0,2025,12,107,11.0,1122.0,5
TOA PAYOH,5 ROOM,152.0,Model A-Maisonette,1984,1254000.0,2025,12,107,11.0,692.0,41
JURONG WEST,4 ROOM,104.0,Model A,1984,556888.0,2025,12,107,8.0,695.0,41
BUKIT TIMAH,4 ROOM,104.0,Model A,1988,908000.0,2025,12,107,5.0,740.0,37
BEDOK,4 ROOM,94.0,Model A,2021,960000.0,2025,12,107,11.0,1135.0,4
HOUGANG,5 ROOM,113.0,Improved,2017,845888.0,2025,12,107,11.0,1086.0,8
SENGKANG,4 ROOM,96.0,Model A,2010,685000.0,2025,12,107,20.0,999.0,15
TAMPINES,4 ROOM,105.0,Model A,1984,620000.0,2025,12,107,8.0,693.0,41
WOODLANDS,4 ROOM,93.0,Model A,2018,635000.0,2025,12,107,5.0,1099.0,7
BUKIT BATOK,4 ROOM,103.0,Model A,1985,550000.0,2025,12,107,23.0,702.0,40
SENGKANG,4 ROOM,90.0,Premium Apartment,2009,700000.0,2025,12,107,5.0,990.0,16
CLEMENTI,3 ROOM,67.0,New Generation,1980,438888.0,2025,12,107,5.0,647.0,45
TAMPINES,4 ROOM,84.0,Simplified,1988,590000.0,2025,12,107,8.0,736.0,37
SENGKANG,5 ROOM,113.0,Premium Apartment,2013,900000.0,2025,12,107,26.0,1039.0,12
BUKIT BATOK,4 ROOM,93.0,New Generation,1984,490000.0,2025,12,107,11.0,697.0,41
YISHUN,2 ROOM,47.0,Model A,2019,390000.0,2025,12,107,8.0,1113.0,6
YISHUN,4 ROOM,108.0,Model A,1987,518000.0,2025,12,107,8.0,733.0,38
PUNGGOL,4 ROOM,93.0,Premium Apartment,2007,640000.0,2025,12,107,14.0,973.0,18
WOODLANDS,3 ROOM,68.0,New Generation,1981,368000.0,2025,12,107,8.0,655.0,44
KALLANG/WHAMPOA,3 ROOM,60.0,Improved,1979,448000.0,2025,12,107,5.0,631.0,46
TOA PAYOH,4 ROOM,93.0,Model A,2018,1113000.0,2025,12,107,14.0,1101.0,7
HOUGANG,4 ROOM,92.0,Model A,2016,730000.0,2025,12,107,11.0,1071.0,9
PUNGGOL,4 ROOM,93.0,Model A,2012,700888.0,2025,12,107,14.0,1032.0,13
HOUGANG,3 ROOM,67.0,Model A,2018,615000.0,2025,12,107,8.0,1096.0,7
CHOA CHU KANG,5 ROOM,110.0,Improved,2003,560000.0,2025,12,107,11.0,921.0,22
HOUGANG,4 ROOM,85.0,Model A2,2003,558000.0,2025,12,107,11.0,918.0,22
JURONG WEST,3 ROOM,68.0,Model A,2019,492000.0,2025,12,107,8.0,1111.0,6
QUEENSTOWN,3 ROOM,62.0,Model A,2020,770000.0,2025,12,107,35.0,1127.0,5
SENGKANG,5 ROOM,110.0,Improved,2002,670000.0,2025,12,107,11.0,903.0,23
YISHUN,5 ROOM,112.0,Improved,2015,700000.0,2025,12,107,14.0,1068.0,10
TAMPINES,3 ROOM,74.0,Model A,1987,500000.0,2025,12,107,11.0,733.0,38
BUKIT MERAH,4 ROOM,100.0,Model A,2005,1028000.0,2025,12,107,8.0,948.0,20
YISHUN,4 ROOM,93.0,Model A,2021,608000.0,2025,12,107,11.0,1133.0,4
WOODLANDS,5 ROOM,110.0,Improved,2001,600000.0,2025,12,107,2.0,893.0,24
JURONG WEST,5 ROOM,112.0,Premium Apartment,2003,600000.0,2025,12,107,14.0,923.0,22
JURONG WEST,EXECUTIVE,147.0,Maisonette,1990,818000.0,2025,12,107,8.0,767.0,35
ANG MO KIO,3 ROOM,67.0,New Generation,1978,426000.0,2025,12,107,11.0,620.0,47
PUNGGOL,5 ROOM,110.0,Improved,2004,650000.0,2025,12,107,8.0,931.0,21
BEDOK,4 ROOM,105.0,Premium Apartment,2000,810888.0,2025,12,107,14.0,889.0,25
BUKIT BATOK,4 ROOM,93.0,Model A,2019,600000.0,2025,12,107,2.0,1108.0,6
YISHUN,5 ROOM,121.0,Improved,1988,685000.0,2025,12,107,5.0,739.0,37
ANG MO KIO,3 ROOM,82.0,New Generation,1979,460000.0,2025,12,107,5.0,631.0,46
SENGKANG,5 ROOM,110.0,Improved,2000,720000.0,2025,12,107,11.0,889.0,25
BEDOK,3 ROOM,68.0,New Generation,1980,428000.0,2025,12,107,5.0,643.0,45
PASIR RIS,EXECUTIVE,147.0,Apartment,1995,925000.0,2025,12,107,2.0,827.0,30
PUNGGOL,3 ROOM,67.0,Model A,2014,575000.0,2025,12,107,17.0,1048.0,11
JURONG WEST,3 ROOM,67.0,Model A,2012,488888.0,2025,12,107,8.0,1024.0,13
QUEENSTOWN,4 ROOM,87.0,Model A,2012,1018000.0,2025,12,107,2.0,1030.0,13
KALLANG/WHAMPOA,3 ROOM,65.0,Improved,1974,428888.0,2025,12,107,17.0,572.0,51
KALLANG/WHAMPOA,5 ROOM,117.0,Premium Apartment,2017,1450000.0,2025,12,107,26.0,1088.0,8
CHOA CHU KANG,5 ROOM,122.0,Improved,1993,670000.0,2025,12,107,5.0,798.0,32
HOUGANG,5 ROOM,110.0,Improved,2004,650000.0,2025,12,107,8.0,927.0,21
CHOA CHU KANG,EXECUTIVE,147.0,Apartment,1993,858000.0,2025,12,107,14.0,800.0,32
WOODLANDS,5 ROOM,120.0,Improved,1999,670000.0,2025,12,107,11.0,877.0,26
BUKIT BATOK,3 ROOM,73.0,Model A,1985,390000.0,2025,12,107,8.0,698.0,40
SEMBAWANG,4 ROOM,95.0,Premium Apartment,2001,560000.0,2025,12,107,2.0,895.0,24
BUKIT PANJANG,4 ROOM,106.0,Model A,1989,546888.0,2025,12,107,14.0,752.0,36
TOA PAYOH,4 ROOM,93.0,Model A,2020,1180000.0,2025,12,107,14.0,1129.0,5
TAMPINES,5 ROOM,113.0,Improved,2018,840888.0,2025,12,107,8.0,1103.0,7
HOUGANG,4 ROOM,101.0,Model A,1997,560000.0,2026,1,108,2.0,845.0,29
HOUGANG,4 ROOM,104.0,Model A,1987,596000.0,2026,1,108,2.0,730.0,39
YISHUN,5 ROOM,112.0,Improved,2015,726000.0,2026,1,108,5.0,1066.0,11
BUKIT BATOK,4 ROOM,93.0,New Generation,1986,500000.0,2026,1,108,5.0,711.0,40
ANG MO KIO,3 ROOM,68.0,New Generation,1981,418000.0,2026,1,108,8.0,652.0,45
QUEENSTOWN,3 ROOM,59.0,Improved,1974,500000.0,2026,1,108,23.0,570.0,52
BUKIT PANJANG,EXECUTIVE,144.0,Apartment,1987,853000.0,2026,1,108,11.0,732.0,39
JURONG WEST,4 ROOM,92.0,New Generation,1985,492000.0,2026,1,108,5.0,698.0,41
SENGKANG,5 ROOM,110.0,Premium Apartment,2005,715000.0,2026,1,108,23.0,937.0,21
PASIR RIS,4 ROOM,105.0,Model A,1989,628000.0,2026,1,108,8.0,750.0,37
WOODLANDS,4 ROOM,91.0,New Generation,1977,435000.0,2026,1,108,8.0,606.0,49
BUKIT BATOK,5 ROOM,122.0,Improved,1986,623000.0,2026,1,108,2.0,717.0,40
JURONG WEST,4 ROOM,104.0,Model A,1989,480000.0,2026,1,108,11.0,748.0,37
SENGKANG,4 ROOM,90.0,Model A,2000,578000.0,2026,1,108,17.0,884.0,26
TOA PAYOH,4 ROOM,93.0,Model A,2021,1168000.0,2026,1,108,14.0,1134.0,5
SEMBAWANG,4 ROOM,90.0,Model A,2001,545000.0,2026,1,108,8.0,892.0,25
SENGKANG,5 ROOM,110.0,Improved,2002,658000.0,2026,1,108,14.0,902.0,24
SENGKANG,4 ROOM,94.0,Premium Apartment,2013,672000.0,2026,1,108,23.0,1038.0,13
WOODLANDS,4 ROOM,84.0,Simplified,1996,470000.0,2026,1,108,8.0,836.0,30
JURONG EAST,3 ROOM,67.0,New Generation,1983,415000.0,2026,1,108,5.0,677.0,43
PUNGGOL,5 ROOM,112.0,Premium Apartment,2005,745000.0,2026,1,108,11.0,936.0,21
KALLANG/WHAMPOA,4 ROOM,92.0,Model A,2012,945000.0,2026,1,108,14.0,1025.0,14
GEYLANG,4 ROOM,93.0,Model A,2005,940000.0,2026,1,108,11.0,941.0,21
TAMPINES,4 ROOM,92.0,DBSS,2008,840000.0,2026,1,108,17.0,984.0,18
TAMPINES,5 ROOM,121.0,Improved,1985,745000.0,2026,1,108,2.0,701.0,41
HOUGANG,4 ROOM,100.0,Model A,1999,708000.0,2026,1,108,8.0,875.0,27
TOA PAYOH,3 ROOM,61.0,Standard,1973,338000.0,2026,1,108,5.0,553.0,53
TOA PAYOH,4 ROOM,91.0,DBSS,2012,1125000.0,2026,1,108,26.0,1025.0,14
WOODLANDS,4 ROOM,92.0,Model A2,1997,528000.0,2026,1,108,5.0,845.0,29
BUKIT BATOK,4 ROOM,93.0,Model A,2020,663888.0,2026,1,108,8.0,1121.0,6
CENTRAL AREA,4 ROOM,87.0,Improved,1979,655888.0,2026,1,108,11.0,629.0,47
TAMPINES,3 ROOM,73.0,Model A,1985,495000.0,2026,1,108,5.0,699.0,41
TAMPINES,EXECUTIVE,146.0,Maisonette,1988,1000000.0,2026,1,108,5.0,742.0,38
JURONG EAST,5 ROOM,120.0,Improved,1981,715000.0,2026,1,108,23.0,659.0,45
ANG MO KIO,3 ROOM,67.0,New Generation,1985,450000.0,2026,1,108,5.0,696.0,41
YISHUN,4 ROOM,104.0,Model A,1987,586000.0,2026,1,108,11.0,724.0,39
BUKIT MERAH,4 ROOM,94.0,Model A,2013,1080000.0,2026,1,108,26.0,1037.0,13
BUKIT BATOK,3 ROOM,68.0,Premium Apartment,2018,600000.0,2026,1,108,26.0,1095.0,8
QUEENSTOWN,3 ROOM,63.0,Model A,2015,670000.0,2026,1,108,2.0,1057.0,11
BUKIT BATOK,4 ROOM,103.0,Model A,1985,555000.0,2026,1,108,14.0,700.0,41
TAMPINES,3 ROOM,74.0,Model A,1985,501000.0,2026,1,108,11.0,705.0,41
CHOA CHU KANG,3 ROOM,67.0,New Generation,1978,365000.0,2026,1,108,2.0,617.0,48
KALLANG/WHAMPOA,5 ROOM,120.0,Improved,1998,1058000.0,2026,1,108,17.0,863.0,28
PUNGGOL,4 ROOM,90.0,Model A,2003,540000.0,2026,1,108,5.0,917.0,23
WOODLANDS,3 ROOM,68.0,New Generation,1981,415000.0,2026,1,108,8.0,658.0,45
BUKIT BATOK,5 ROOM,112.0,Improved,2019,868000.0,2026,1,108,17.0,1105.0,7
CHOA CHU KANG,4 ROOM,108.0,Model A,1993,615000.0,2026,1,108,8.0,798.0,33
BUKIT MERAH,5 ROOM,115.0,Improved,2005,1268888.0,2026,1,108,5.0,946.0,21
KALLANG/WHAMPOA,4 ROOM,104.0,Model A,1989,760000.0,2026,1,108,5.0,750.0,37
CENTRAL AREA,4 ROOM,95.0,Type S1,2011,1500000.0,2026,1,108,38.0,1009.0,15
BEDOK,3 ROOM,64.0,Simplified,1988,459000.0,2026,1,108,8.0,737.0,38
WOODLANDS,3 ROOM,68.0,New Generation,1981,385000.0,2026,1,108,5.0,654.0,45
JURONG WEST,5 ROOM,120.0,Standard,1976,525000.0,2026,1,108,5.0,594.0,50
WOODLANDS,5 ROOM,110.0,Premium Apartment,2004,558000.0,2026,1,108,2.0,924.0,22
BUKIT PANJANG,EXECUTIVE,144.0,Apartment,1987,822000.0,2026,1,108,8.0,728.0,39
HOUGANG,5 ROOM,120.0,Improved,1998,777000.0,2026,1,108,5.0,860.0,28
SENGKANG,4 ROOM,93.0,Model A,2014,663888.0,2026,1,108,14.0,1054.0,12
WOODLANDS,3 ROOM,68.0,Model A,2018,505000.0,2026,1,108,8.0,1099.0,8
TAMPINES,4 ROOM,100.0,Model A,1997,630000.0,2026,1,108,5.0,841.0,29
WOODLANDS,3 ROOM,67.0,Model A,2016,508888.0,2026,1,108,5.0,1078.0,10
BEDOK,3 ROOM,65.0,Improved,1976,400000.0,2026,1,108,11.0,589.0,50
TAMPINES,5 ROOM,110.0,DBSS,2008,1010000.0,2026,1,108,17.0,984.0,18
WOODLANDS,5 ROOM,125.0,Premium Apartment,1999,708000.0,2026,1,108,8.0,866.0,27
YISHUN,4 ROOM,92.0,Model A,2018,555000.0,2026,1,108,5.0,1092.0,8
KALLANG/WHAMPOA,5 ROOM,119.0,DBSS,2011,1480000.0,2026,1,108,11.0,1009.0,15
KALLANG/WHAMPOA,3 ROOM,65.0,Improved,1974,415000.0,2026,1,108,11.0,571.0,52
TAMPINES,5 ROOM,112.0,Improved,2020,870000.0,2026,1,108,5.0,1118.0,6
PUNGGOL,5 ROOM,113.0,Premium Apartment,2003,665000.0,2026,1,108,8.0,919.0,23
CENTRAL AREA,5 ROOM,105.0,Improved,2002,820000.0,2026,1,108,5.0,907.0,24
BUKIT BATOK,4 ROOM,92.0,Model A,2004,588888.0,2026,1,108,14.0,932.0,22
WOODLANDS,EXECUTIVE,143.0,Apartment,1997,825000.0,2026,1,108,2.0,849.0,29
BEDOK,5 ROOM,122.0,Improved,1985,808000.0,2026,1,108,5.0,707.0,41
WOODLANDS,5 ROOM,113.0,Improved,2017,768888.0,2026,1,108,8.0,1087.0,9
SEMBAWANG,2 ROOM,47.0,2-room,2020,380000.0,2026,1,108,14.0,1127.0,6
JURONG WEST,EXECUTIVE,147.0,Apartment,1995,730000.0,2026,1,108,2.0,824.0,31
BISHAN,EXECUTIVE,146.0,Maisonette,1987,1398888.0,2026,1,108,8.0,722.0,39
YISHUN,3 ROOM,67.0,New Generation,1985,420000.0,2026,1,108,5.0,703.0,41
GEYLANG,4 ROOM,93.0,Model A,2016,980000.0,2026,1,108,8.0,1078.0,10
SERANGOON,4 ROOM,92.0,New Generation,1985,615000.0,2026,1,108,2.0,700.0,41
TAMPINES,3 ROOM,68.0,Model A,2020,640000.0,2026,1,108,14.0,1117.0,6
CHOA CHU KANG,4 ROOM,103.0,Model A,1989,510000.0,2026,1,108,5.0,753.0,37
JURONG WEST,5 ROOM,118.0,Premium Apartment,1998,700000.0,2026,1,108,8.0,857.0,28
YISHUN,3 ROOM,64.0,Simplified,1987,398888.0,2026,1,108,8.0,730.0,39
TAMPINES,4 ROOM,96.0,New Generation,1990,608000.0,2026,1,108,2.0,758.0,36
CLEMENTI,3 ROOM,82.0,New Generation,1980,545000.0,2026,1,108,2.0,641.0,46
JURONG WEST,4 ROOM,93.0,Premium Apartment,2006,608000.0,2026,1,108,17.0,953.0,20
CHOA CHU KANG,4 ROOM,106.0,Model A,1989,515000.0,2026,1,108,8.0,746.0,37
PUNGGOL,4 ROOM,93.0,Premium Apartment,2016,740888.0,2026,1,108,8.0,1077.0,10
SENGKANG,4 ROOM,92.0,Model A,2015,688000.0,2026,1,108,8.0,1061.0,11
CHOA CHU KANG,2 ROOM,38.0,2-room,2021,418000.0,2026,1,108,26.0,1135.0,5
MARINE PARADE,5 ROOM,120.0,Standard,1977,1130000.0,2026,1,108,11.0,600.0,49
YISHUN,2 ROOM,47.0,Model A,2015,350000.0,2026,1,108,2.0,1068.0,11
TAMPINES,4 ROOM,92.0,Model A,2020,824800.0,2026,1,108,8.0,1118.0,6
BUKIT MERAH,4 ROOM,85.0,Model A,2008,920000.0,2026,1,108,2.0,984.0,18
TAMPINES,4 ROOM,88.0,Simplified,1987,600000.0,2026,1,108,11.0,729.0,39
SEMBAWANG,3 ROOM,67.0,Model A,2015,498000.0,2026,1,108,8.0,1061.0,11
GEYLANG,3 ROOM,57.0,Standard,1973,350000.0,2026,1,108,2.0,558.0,53
TAMPINES,3 ROOM,74.0,Model A,1986,455000.0,2026,1,108,2.0,716.0,40
HOUGANG,3 ROOM,69.0,Improved,1988,445000.0,2026,1,108,2.0,736.0,38
JURONG WEST,4 ROOM,110.0,Model A,1984,508888.0,2026,1,108,8.0,687.0,42
CHOA CHU KANG,5 ROOM,120.0,Improved,1999,650888.0,2026,1,108,8.0,867.0,27
WOODLANDS,4 ROOM,104.0,Premium Apartment,2000,588000.0,2026,1,108,11.0,882.0,26
PASIR RIS,EXECUTIVE,146.0,Apartment,1992,920000.0,2026,1,108,8.0,792.0,34
PUNGGOL,2 ROOM,47.0,Model A,2021,380000.0,2026,1,108,2.0,1133.0,5
BUKIT PANJANG,EXECUTIVE,140.0,Apartment,1997,770000.0,2026,1,108,14.0,847.0,29
BUKIT BATOK,4 ROOM,93.0,Model A,2019,670000.0,2026,1,108,8.0,1106.0,7
JURONG WEST,4 ROOM,93.0,Premium Apartment,2008,500000.0,2026,1,108,2.0,980.0,18
YISHUN,4 ROOM,84.0,Simplified,1985,480000.0,2026,1,108,5.0,704.0,41
BEDOK,3 ROOM,67.0,New Generation,1985,460000.0,2026,1,108,8.0,704.0,41
SENGKANG,3 ROOM,67.0,Model A,2014,545000.0,2026,1,108,11.0,1050.0,12
SENGKANG,4 ROOM,90.0,Model A,2005,565000.0,2026,1,108,8.0,947.0,21
BEDOK,3 ROOM,67.0,New Generation,1979,385000.0,2026,1,108,5.0,625.0,47
SENGKANG,4 ROOM,92.0,Premium Apartment,2007,742000.0,2026,1,108,8.0,967.0,19
SEMBAWANG,5 ROOM,110.0,Improved,2001,585000.0,2026,1,108,2.0,892.0,25
HOUGANG,3 ROOM,64.0,Simplified,1986,400000.0,2026,1,108,2.0,717.0,40
SENGKANG,EXECUTIVE,130.0,Apartment,2001,839888.0,2026,1,108,14.0,898.0,25
BUKIT BATOK,4 ROOM,93.0,Model A,2021,685000.0,2026,1,108,17.0,1135.0,5
SENGKANG,4 ROOM,100.0,Model A,1999,585000.0,2026,1,108,11.0,870.0,27
WOODLANDS,4 ROOM,100.0,Model A,1996,538000.0,2026,1,108,2.0,840.0,30
YISHUN,3 ROOM,68.0,New Generation,1984,405000.0,2026,1,108,5.0,693.0,42
PUNGGOL,5 ROOM,112.0,Premium Apartment,2016,820000.0,2026,1,108,5.0,1074.0,10
BUKIT MERAH,4 ROOM,80.0,Standard,1970,498000.0,2026,1,108,2.0,523.0,56
HOUGANG,3 ROOM,74.0,New Generation,1985,420000.0,2026,1,108,2.0,697.0,41
HOUGANG,3 ROOM,64.0,Simplified,1989,448000.0,2026,1,108,2.0,750.0,37
TAMPINES,5 ROOM,122.0,Improved,1986,768888.0,2026,1,108,11.0,716.0,40
YISHUN,EXECUTIVE,146.0,Maisonette,1987,788000.0,2026,1,108,5.0,728.0,39
TAMPINES,5 ROOM,113.0,Improved,2020,868000.0,2026,1,108,5.0,1126.0,6
CHOA CHU KANG,4 ROOM,92.0,Model A,2015,615000.0,2026,1,108,5.0,1057.0,11
SENGKANG,4 ROOM,92.0,Premium Apartment,2015,715000.0,2026,1,108,2.0,1064.0,11
GEYLANG,3 ROOM,66.0,Improved,1981,346000.0,2026,1,108,11.0,650.0,45
BUKIT MERAH,3 ROOM,58.0,Standard,1969,363000.0,2026,1,108,2.0,510.0,57
BUKIT BATOK,5 ROOM,113.0,Improved,2019,865000.0,2026,1,108,11.0,1107.0,7
BUKIT BATOK,5 ROOM,113.0,Improved,2021,810000.0,2026,1,108,11.0,1135.0,5
QUEENSTOWN,3 ROOM,62.0,Premium Apartment,2020,890000.0,2026,1,108,41.0,1128.0,6
SEMBAWANG,3 ROOM,69.0,Model A,2020,510000.0,2026,1,108,8.0,1128.0,6
PUNGGOL,5 ROOM,110.0,Improved,2004,620000.0,2026,1,108,2.0,934.0,22
PUNGGOL,4 ROOM,94.0,Premium Apartment,2011,776000.0,2026,1,108,14.0,1011.0,15
SERANGOON,3 ROOM,60.0,Improved,1985,468000.0,2026,1,108,11.0,699.0,41
TOA PAYOH,3 ROOM,67.0,New Generation,1984,445000.0,2026,1,108,2.0,693.0,42
TAMPINES,5 ROOM,122.0,Improved,1985,890000.0,2026,1,108,11.0,705.0,41
JURONG WEST,5 ROOM,124.0,Improved,1997,750000.0,2026,1,108,20.0,847.0,29
PUNGGOL,2 ROOM,47.0,Model A,2021,440000.0,2026,1,108,5.0,1133.0,5
BUKIT BATOK,4 ROOM,93.0,Model A,2019,692000.0,2026,1,108,14.0,1107.0,7
WOODLANDS,3 ROOM,65.0,Improved,1976,365000.0,2026,1,108,8.0,591.0,50
CHOA CHU KANG,EXECUTIVE,144.0,Premium Apartment,1999,793000.0,2026,1,108,11.0,873.0,27
WOODLANDS,5 ROOM,127.0,Improved,1996,655000.0,2026,1,108,2.0,831.0,30
PUNGGOL,4 ROOM,93.0,Premium Apartment,2013,758000.0,2026,1,108,11.0,1033.0,13
YISHUN,3 ROOM,64.0,Simplified,1986,420000.0,2026,1,108,8.0,714.0,40
BUKIT PANJANG,3 ROOM,73.0,Model A,1988,435000.0,2026,1,108,2.0,745.0,38
JURONG WEST,3 ROOM,68.0,Model A,2019,490000.0,2026,1,108,5.0,1110.0,7
CLEMENTI,3 ROOM,82.0,New Generation,1979,430000.0,2026,1,108,11.0,634.0,47
BISHAN,5 ROOM,120.0,DBSS,2011,1420000.0,2026,1,108,14.0,1017.0,15
PUNGGOL,5 ROOM,110.0,Improved,2016,800000.0,2026,1,108,11.0,1074.0,10
BEDOK,3 ROOM,82.0,New Generation,1979,460000.0,2026,1,108,11.0,630.0,47
BUKIT MERAH,5 ROOM,115.0,Improved,2001,1085000.0,2026,1,108,11.0,890.0,25
BUKIT PANJANG,EXECUTIVE,140.0,Apartment,1999,975000.0,2026,1,108,8.0,871.0,27
QUEENSTOWN,3 ROOM,65.0,Improved,1975,535000.0,2026,1,108,17.0,576.0,51
WOODLANDS,5 ROOM,121.0,Improved,1997,685000.0,2026,1,108,8.0,852.0,29
BISHAN,4 ROOM,104.0,Model A,1985,780000.0,2026,1,108,2.0,702.0,41
BEDOK,5 ROOM,125.0,Improved,1980,655000.0,2026,1,108,2.0,647.0,46
JURONG WEST,5 ROOM,108.0,DBSS,2014,915000.0,2026,1,108,14.0,1053.0,12
TOA PAYOH,3 ROOM,66.0,Improved,1973,305000.0,2026,1,108,2.0,559.0,53
TAMPINES,5 ROOM,113.0,Improved,2021,955000.0,2026,1,108,11.0,1138.0,5
TOA PAYOH,3 ROOM,67.0,Improved,1972,410000.0,2026,1,108,2.0,548.0,54
CHOA CHU KANG,5 ROOM,120.0,Improved,1997,700000.0,2026,1,108,11.0,845.0,29
SENGKANG,4 ROOM,90.0,Premium Apartment,2009,880000.0,2026,1,108,11.0,990.0,17
PUNGGOL,5 ROOM,110.0,Premium Apartment,2005,724000.0,2026,1,108,11.0,936.0,21
TAMPINES,3 ROOM,74.0,Model A,1987,425000.0,2026,1,108,2.0,731.0,39
SENGKANG,5 ROOM,112.0,Premium Apartment,2015,878000.0,2026,1,108,14.0,1067.0,11
BUKIT MERAH,4 ROOM,100.0,Model A,2001,808000.0,2026,1,108,11.0,899.0,25
YISHUN,3 ROOM,67.0,Model A,2015,470000.0,2026,1,108,5.0,1064.0,11
GEYLANG,3 ROOM,62.0,Model A,2018,677000.0,2026,1,108,5.0,1093.0,8
HOUGANG,4 ROOM,104.0,Model A,1992,645000.0,2026,1,108,11.0,789.0,34
BEDOK,5 ROOM,119.0,Improved,1978,685000.0,2026,1,108,5.0,623.0,48
CHOA CHU KANG,3 ROOM,67.0,Model A,2018,482000.0,2026,1,108,2.0,1094.0,8
BUKIT PANJANG,4 ROOM,93.0,Model A,2014,569000.0,2026,1,108,8.0,1057.0,12
KALLANG/WHAMPOA,5 ROOM,130.0,Improved,1987,936000.0,2026,1,108,5.0,723.0,39
BUKIT PANJANG,4 ROOM,90.0,Premium Apartment,2005,598000.0,2026,1,108,14.0,939.0,21
WOODLANDS,4 ROOM,103.0,Model A,1998,540000.0,2026,1,108,11.0,852.0,28
WOODLANDS,4 ROOM,91.0,Model A,2001,600000.0,2026,1,108,11.0,892.0,25
BUKIT BATOK,4 ROOM,92.0,Model A2,1998,590000.0,2026,1,108,8.0,856.0,28
TOA PAYOH,4 ROOM,96.0,New Generation,1984,630000.0,2026,1,108,11.0,694.0,42
SEMBAWANG,5 ROOM,113.0,Improved,2018,720000.0,2026,1,108,2.0,1101.0,8
WOODLANDS,5 ROOM,115.0,Standard,1977,450000.0,2026,1,108,20.0,609.0,49
BEDOK,5 ROOM,125.0,Improved,1996,855000.0,2026,1,108,11.0,838.0,30
JURONG WEST,3 ROOM,64.0,Simplified,1986,365000.0,2026,1,108,2.0,715.0,40
BUKIT PANJANG,EXECUTIVE,125.0,Premium Apartment,2003,730000.0,2026,1,108,14.0,912.0,23
PUNGGOL,2 ROOM,46.0,Model A,2014,365000.0,2026,1,108,8.0,1056.0,12
SEMBAWANG,5 ROOM,113.0,Improved,2018,800000.0,2026,1,108,8.0,1094.0,8
TAMPINES,4 ROOM,104.0,Model A,1989,625000.0,2026,1,108,5.0,750.0,37
BUKIT PANJANG,4 ROOM,94.0,Premium Apartment,2003,880000.0,2026,1,108,20.0,917.0,23
MARINE PARADE,3 ROOM,65.0,Improved,1975,470000.0,2026,1,108,5.0,580.0,51
PUNGGOL,5 ROOM,123.0,3Gen,2020,1038000.0,2026,1,108,8.0,1116.0,6
KALLANG/WHAMPOA,3 ROOM,68.0,Improved,1979,492888.0,2026,1,108,8.0,633.0,47
PUNGGOL,5 ROOM,113.0,Premium Apartment,2016,815000.0,2026,1,108,2.0,1077.0,10
TAMPINES,3 ROOM,67.0,New Generation,1985,443300.0,2026,1,108,5.0,702.0,41
SERANGOON,5 ROOM,122.0,Improved,1992,818000.0,2026,1,108,11.0,791.0,34
WOODLANDS,4 ROOM,100.0,Model A,1997,535000.0,2026,1,108,2.0,846.0,29
ANG MO KIO,4 ROOM,107.0,Model A,1996,713000.0,2026,1,108,5.0,832.0,30
JURONG WEST,5 ROOM,114.0,Premium Apartment,2000,730000.0,2026,1,108,8.0,885.0,26
PUNGGOL,4 ROOM,92.0,Model A,2012,620888.0,2026,1,108,2.0,1032.0,14
GEYLANG,4 ROOM,96.0,Model A,2020,1085000.0,2026,1,108,11.0,1121.0,6
BUKIT PANJANG,3 ROOM,68.0,Premium Apartment,2012,488000.0,2026,1,108,8.0,1030.0,14
BUKIT BATOK,5 ROOM,113.0,Improved,2020,790000.0,2026,1,108,8.0,1118.0,6
GEYLANG,3 ROOM,62.0,Model A,2018,700000.0,2026,1,108,5.0,1092.0,8
PUNGGOL,4 ROOM,92.0,Premium Apartment,2017,685000.0,2026,1,108,14.0,1085.0,9
SEMBAWANG,3 ROOM,69.0,Model A,2020,526000.0,2026,1,108,11.0,1128.0,6
QUEENSTOWN,4 ROOM,83.0,Premium Apartment,2016,1030000.0,2026,1,108,20.0,1076.0,10
GEYLANG,4 ROOM,95.0,Model A,2011,960000.0,2026,1,108,17.0,1020.0,15
WOODLANDS,4 ROOM,92.0,Premium Apartment,2015,610000.0,2026,1,108,2.0,1057.0,11
SENGKANG,3 ROOM,67.0,Model A,2011,548000.0,2026,1,108,8.0,1019.0,15
PUNGGOL,5 ROOM,112.0,Premium Apartment,2017,818000.0,2026,1,108,5.0,1084.0,9
CHOA CHU KANG,3 ROOM,74.0,Model A,1984,405000.0,2026,1,108,5.0,691.0,42
KALLANG/WHAMPOA,3 ROOM,59.0,Improved,1976,345000.0,2026,1,108,2.0,593.0,50
MARINE PARADE,4 ROOM,88.0,Improved,1975,505000.0,2026,1,108,2.0,581.0,51
CHOA CHU KANG,EXECUTIVE,148.0,Apartment,1993,888000.0,2026,1,108,8.0,799.0,33
QUEENSTOWN,3 ROOM,68.0,Model A,2018,750000.0,2026,1,108,17.0,1097.0,8
SERANGOON,3 ROOM,73.0,Improved,1978,460000.0,2026,1,108,2.0,617.0,48
ANG MO KIO,4 ROOM,98.0,New Generation,1977,620000.0,2026,1,108,5.0,605.0,49
BUKIT MERAH,3 ROOM,70.0,Improved,1975,410000.0,2026,1,108,5.0,579.0,51
CLEMENTI,4 ROOM,90.0,Model A,2002,888888.88,2026,1,108,20.0,911.0,24
BEDOK,4 ROOM,96.0,New Generation,1985,608000.0,2026,1,108,11.0,702.0,41
JURONG WEST,3 ROOM,66.0,Improved,1974,333000.0,2026,1,108,5.0,574.0,52
WOODLANDS,4 ROOM,102.0,Model A,1998,535000.0,2026,1,108,8.0,860.0,28
BUKIT BATOK,5 ROOM,113.0,Premium Apartment,2018,930000.0,2026,1,108,11.0,1094.0,8
JURONG WEST,4 ROOM,94.0,Model A,2010,650888.0,2026,1,108,11.0,999.0,16
WOODLANDS,4 ROOM,92.0,Model A2,1998,490000.0,2026,1,108,5.0,858.0,28
SEMBAWANG,4 ROOM,93.0,Model A,2015,605000.0,2026,1,108,11.0,1059.0,11
BUKIT PANJANG,4 ROOM,104.0,Model A,1988,528000.0,2026,1,108,5.0,737.0,38
TAMPINES,4 ROOM,93.0,Model A,2020,798000.0,2026,1,108,11.0,1126.0,6
BUKIT PANJANG,4 ROOM,104.0,Model A,1989,538000.0,2026,1,108,11.0,749.0,37
HOUGANG,2 ROOM,47.0,Model A,2019,383000.0,2026,1,108,2.0,1112.0,7
PUNGGOL,4 ROOM,93.0,Premium Apartment,2012,732000.0,2026,1,108,11.0,1027.0,14
CLEMENTI,3 ROOM,82.0,New Generation,1979,500000.0,2026,1,108,5.0,626.0,47
BEDOK,4 ROOM,92.0,New Generation,1978,538000.0,2026,1,108,5.0,615.0,48
BUKIT MERAH,4 ROOM,100.0,Model A,2001,1150000.0,2026,1,108,14.0,889.0,25
PUNGGOL,4 ROOM,93.0,Premium Apartment,2016,758888.0,2026,1,108,17.0,1076.0,10
BUKIT MERAH,4 ROOM,92.0,Model A,2016,1360000.0,2026,1,108,38.0,1069.0,10
YISHUN,4 ROOM,93.0,Model A,2021,600000.0,2026,1,108,11.0,1132.0,5
TOA PAYOH,3 ROOM,68.0,Model A,2018,868000.0,2026,1,108,32.0,1100.0,8
WOODLANDS,5 ROOM,121.0,Improved,1985,620000.0,2026,1,108,5.0,701.0,41
BUKIT MERAH,5 ROOM,117.0,Improved,1977,694388.0,2026,1,108,8.0,611.0,49
YISHUN,4 ROOM,105.0,Model A,1984,520000.0,2026,1,108,2.0,696.0,42
CHOA CHU KANG,EXECUTIVE,153.0,Apartment,1995,780000.0,2026,1,108,5.0,820.0,31
GEYLANG,5 ROOM,122.0,Improved,1986,705000.0,2026,1,108,5.0,710.0,40
SENGKANG,3 ROOM,67.0,Model A,2015,539800.0,2026,1,108,23.0,1060.0,11
SENGKANG,5 ROOM,115.0,Improved,1999,670000.0,2026,1,108,2.0,873.0,27
SEMBAWANG,EXECUTIVE,143.0,Maisonette,1998,945000.0,2026,1,108,14.0,862.0,28
GEYLANG,4 ROOM,93.0,New Generation,1981,680000.0,2026,1,108,5.0,654.0,45
GEYLANG,3 ROOM,90.0,Model A,1983,645000.0,2026,1,108,11.0,683.0,43
YISHUN,4 ROOM,93.0,Model A,2018,570000.0,2026,1,108,5.0,1103.0,8
WOODLANDS,4 ROOM,105.0,Model A,1996,600000.0,2026,1,108,2.0,834.0,30
ANG MO KIO,3 ROOM,68.0,New Generation,1980,430000.0,2026,1,108,8.0,644.0,46
HOUGANG,5 ROOM,121.0,Improved,1985,710000.0,2026,1,108,11.0,697.0,41
TAMPINES,4 ROOM,103.0,Model A,1984,625000.0,2026,2,109,5.0,690.0,42
JURONG EAST,4 ROOM,90.0,Model A2,1998,603000.0,2026,2,109,14.0,862.0,28
HOUGANG,4 ROOM,97.0,New Generation,1986,570000.0,2026,2,109,11.0,717.0,40
SENGKANG,4 ROOM,93.0,Premium Apartment,2010,810000.0,2026,2,109,17.0,1000.0,16
CHOA CHU KANG,5 ROOM,128.0,Improved,1988,575000.0,2026,2,109,5.0,742.0,38
BUKIT PANJANG,3 ROOM,73.0,Model A,1986,410000.0,2026,2,109,5.0,718.0,40
SERANGOON,5 ROOM,121.0,Improved,1989,1050000.0,2026,2,109,2.0,746.0,37
BEDOK,5 ROOM,122.0,Improved,1986,660000.0,2026,2,109,11.0,718.0,40
CHOA CHU KANG,4 ROOM,106.0,Premium Apartment,1999,535000.0,2026,2,109,8.0,872.0,27
WOODLANDS,4 ROOM,105.0,Premium Apartment,1999,590000.0,2026,2,109,11.0,870.0,27
WOODLANDS,4 ROOM,101.0,Model A,2000,570000.0,2026,2,109,2.0,880.0,26
SERANGOON,4 ROOM,103.0,Model A,1992,618000.0,2026,2,109,5.0,790.0,34
GEYLANG,3 ROOM,63.1,Standard,1971,378000.0,2026,2,109,8.0,527.0,55
QUEENSTOWN,3 ROOM,65.0,Improved,1976,362222.0,2026,2,109,8.0,594.0,50
BUKIT MERAH,2 ROOM,51.0,Standard,1971,255000.0,2026,2,109,2.0,528.0,55
TAMPINES,4 ROOM,104.0,Model A,1988,627000.0,2026,2,109,11.0,742.0,38
TAMPINES,4 ROOM,104.0,Model A,1988,718000.0,2026,2,109,5.0,736.0,38
SENGKANG,4 ROOM,96.0,Model A,2000,632888.0,2026,2,109,11.0,880.0,26
BISHAN,4 ROOM,104.0,Model A,1985,830888.0,2026,2,109,11.0,706.0,41
PUNGGOL,4 ROOM,93.0,Premium Apartment,2016,720000.0,2026,2,109,5.0,1076.0,10
BEDOK,3 ROOM,67.0,New Generation,1979,435000.0,2026,2,109,14.0,628.0,47
JURONG WEST,3 ROOM,73.0,Model A,1989,395000.0,2026,2,109,8.0,743.0,37
BEDOK,4 ROOM,93.0,Model A,2016,835000.0,2026,2,109,11.0,1078.0,10
BEDOK,3 ROOM,65.0,Improved,1976,416888.0,2026,2,109,14.0,588.0,50
JURONG WEST,4 ROOM,101.0,Model A,1997,555000.0,2026,2,109,2.0,840.0,29
GEYLANG,4 ROOM,90.0,Model A,2007,945000.0,2026,2,109,8.0,960.0,19
TOA PAYOH,4 ROOM,106.0,Model A,1983,668000.0,2026,2,109,8.0,683.0,43
PUNGGOL,4 ROOM,90.0,Model A,2015,630000.0,2026,2,109,17.0,1067.0,11
TAMPINES,5 ROOM,121.0,Improved,1994,822000.0,2026,2,109,5.0,814.0,32
JURONG WEST,EXECUTIVE,151.0,Maisonette,1985,880000.0,2026,2,109,5.0,704.0,41
BUKIT BATOK,4 ROOM,92.0,Model A,2019,795000.0,2026,2,109,32.0,1104.0,7
TAMPINES,5 ROOM,124.0,Improved,1997,852000.0,2026,2,109,11.0,848.0,29
BISHAN,4 ROOM,108.0,Model A,1992,839999.0,2026,2,109,8.0,786.0,34
BUKIT BATOK,4 ROOM,92.0,Premium Apartment,2018,815000.0,2026,2,109,29.0,1093.0,8
TOA PAYOH,3 ROOM,65.0,Improved,1970,343000.0,2026,2,109,2.0,522.0,56
SEMBAWANG,2 ROOM,47.0,Model A,2020,435000.0,2026,2,109,11.0,1119.0,6
BEDOK,4 ROOM,94.0,Model A,2021,995000.0,2026,2,109,17.0,1132.0,5
KALLANG/WHAMPOA,EXECUTIVE,150.0,Maisonette,1984,880000.0,2026,2,109,2.0,691.0,42
YISHUN,4 ROOM,104.0,Model A,1988,548000.0,2026,2,109,11.0,739.0,38
HOUGANG,3 ROOM,64.0,Simplified,1987,460000.0,2026,2,109,11.0,720.0,39
TAMPINES,4 ROOM,93.0,Model A,2015,842000.0,2026,2,109,14.0,1064.0,11
WOODLANDS,EXECUTIVE,176.0,Apartment,1994,1018000.0,2026,2,109,11.0,804.0,32
WOODLANDS,4 ROOM,98.0,New Generation,1979,450000.0,2026,2,109,5.0,633.0,47
BUKIT BATOK,3 ROOM,64.0,Simplified,1988,368000.0,2026,2,109,8.0,734.0,38
SEMBAWANG,5 ROOM,110.0,Improved,2001,570000.0,2026,2,109,2.0,890.0,25
PUNGGOL,4 ROOM,92.0,Model A,2015,685000.0,2026,2,109,14.0,1061.0,11
TOA PAYOH,4 ROOM,91.0,Model A,2009,1000000.0,2026,2,109,26.0,987.0,17
SEMBAWANG,4 ROOM,93.0,Model A,2020,600000.0,2026,2,109,2.0,1125.0,6
CHOA CHU KANG,4 ROOM,100.0,Model A,1997,535000.0,2026,2,109,11.0,843.0,29
SERANGOON,3 ROOM,64.0,Simplified,1985,560000.0,2026,2,109,8.0,704.0,41
SENGKANG,4 ROOM,93.0,Premium Apartment,2010,780000.0,2026,2,109,5.0,1000.0,16
PUNGGOL,4 ROOM,94.0,Model A,2021,728000.0,2026,2,109,17.0,1132.0,5
JURONG EAST,3 ROOM,64.0,Model A,2014,498000.0,2026,2,109,8.0,1045.0,12
JURONG WEST,5 ROOM,115.0,Premium Apartment,2001,620000.0,2026,2,109,5.0,891.0,25
BUKIT PANJANG,4 ROOM,100.0,Model A,1997,558000.0,2026,2,109,5.0,850.0,29
BEDOK,3 ROOM,68.0,New Generation,1980,400000.0,2026,2,109,17.0,636.0,46
KALLANG/WHAMPOA,3 ROOM,65.0,Improved,1974,408000.0,2026,2,109,11.0,570.0,52
CHOA CHU KANG,5 ROOM,126.0,Improved,1993,738888.0,2026,2,109,5.0,797.0,33
PASIR RIS,4 ROOM,105.0,Model A,1989,660000.0,2026,2,109,8.0,755.0,37
HOUGANG,4 ROOM,93.0,Model A,2017,690000.0,2026,2,109,14.0,1085.0,9
WOODLANDS,5 ROOM,118.0,Improved,1997,618000.0,2026,2,109,11.0,846.0,29
BUKIT PANJANG,4 ROOM,84.0,Simplified,1987,452000.0,2026,2,109,5.0,730.0,39
ANG MO KIO,5 ROOM,113.0,Improved,2021,1160000.0,2026,2,109,11.0,1135.0,5
BEDOK,EXECUTIVE,145.0,Apartment,1996,958000.0,2026,2,109,2.0,839.0,30
CLEMENTI,4 ROOM,92.0,New Generation,1979,571888.0,2026,2,109,8.0,625.0,47
WOODLANDS,5 ROOM,121.0,Improved,1985,555000.0,2026,2,109,5.0,704.0,41
WOODLANDS,5 ROOM,110.0,Premium Apartment,2004,583000.0,2026,2,109,5.0,926.0,22
JURONG WEST,5 ROOM,111.0,Improved,2002,550000.0,2026,2,109,5.0,899.0,24
JURONG WEST,4 ROOM,93.0,Premium Apartment,2003,510888.0,2026,2,109,8.0,921.0,23
HOUGANG,4 ROOM,89.0,Simplified,1987,598000.0,2026,2,109,14.0,724.0,39
CLEMENTI,4 ROOM,93.0,Model A,2021,1010000.0,2026,2,109,5.0,1133.0,5
TAMPINES,4 ROOM,100.0,Model A,1997,650000.0,2026,2,109,11.0,847.0,29
WOODLANDS,3 ROOM,73.0,Model A,1985,418000.0,2026,2,109,11.0,698.0,41
BUKIT MERAH,3 ROOM,59.0,Improved,1973,350000.0,2026,2,109,2.0,552.0,53
WOODLANDS,2 ROOM,47.0,Model A,2018,375000.0,2026,2,109,2.0,1100.0,8
TAMPINES,3 ROOM,69.0,Model A,2015,655000.0,2026,2,109,8.0,1064.0,11
WOODLANDS,4 ROOM,100.0,Model A,1996,570000.0,2026,2,109,11.0,837.0,30
QUEENSTOWN,3 ROOM,65.0,Improved,1977,360000.0,2026,2,109,5.0,604.0,49
JURONG WEST,4 ROOM,106.0,Model A,1984,498000.0,2026,2,109,8.0,690.0,42
ANG MO KIO,3 ROOM,82.0,New Generation,1979,450000.0,2026,2,109,5.0,629.0,47
CLEMENTI,4 ROOM,81.0,DBSS,2014,1000000.0,2026,2,109,26.0,1054.0,12
CLEMENTI,4 ROOM,92.0,New Generation,1978,595000.0,2026,2,109,8.0,618.0,48
BISHAN,4 ROOM,117.0,Model A,1992,875000.0,2026,2,109,5.0,783.0,34
HOUGANG,4 ROOM,104.0,Model A,1984,605000.0,2026,2,109,2.0,693.0,42
TAMPINES,5 ROOM,112.0,Improved,2020,917000.0,2026,2,109,14.0,1117.0,6
CLEMENTI,4 ROOM,90.0,Model A,2002,877000.0,2026,2,109,17.0,911.0,24
QUEENSTOWN,3 ROOM,66.0,Improved,1970,338000.0,2026,2,109,5.0,515.0,56
QUEENSTOWN,3 ROOM,65.0,Improved,1976,360000.0,2026,2,109,2.0,594.0,50
SERANGOON,5 ROOM,123.0,Improved,1989,952000.0,2026,2,109,5.0,745.0,37
WOODLANDS,3 ROOM,68.0,New Generation,1985,385000.0,2026,2,109,5.0,698.0,41
YISHUN,4 ROOM,84.0,Simplified,1988,480000.0,2026,2,109,2.0,736.0,38
BUKIT MERAH,5 ROOM,123.0,Improved,1996,1020000.0,2026,2,109,17.0,837.0,30
JURONG WEST,2 ROOM,47.0,Model A,2014,360000.0,2026,2,109,17.0,1047.0,12
GEYLANG,3 ROOM,62.0,Standard,1969,360000.0,2026,2,109,5.0,503.0,57
SENGKANG,4 ROOM,96.0,Model A,2000,568000.0,2026,2,109,8.0,882.0,26
YISHUN,5 ROOM,121.0,Improved,1987,585000.0,2026,2,109,2.0,720.0,39
YISHUN,4 ROOM,84.0,Simplified,1985,510000.0,2026,2,109,11.0,703.0,41
BEDOK,3 ROOM,68.0,New Generation,1980,390000.0,2026,2,109,8.0,641.0,46
BUKIT BATOK,3 ROOM,68.0,New Generation,1984,423000.0,2026,2,109,8.0,695.0,42
BUKIT MERAH,4 ROOM,100.0,Model A,2005,1100000.0,2026,2,109,20.0,946.0,21
JURONG EAST,3 ROOM,82.0,New Generation,1981,480000.0,2026,2,109,11.0,653.0,45
BUKIT BATOK,3 ROOM,67.0,New Generation,1985,400000.0,2026,2,109,5.0,699.0,41
SENGKANG,3 ROOM,69.0,Model A,2018,555000.0,2026,2,109,23.0,1098.0,8
SEMBAWANG,5 ROOM,110.0,Improved,2001,630000.0,2026,2,109,5.0,895.0,25
JURONG WEST,3 ROOM,81.0,Model A,1984,444000.0,2026,2,109,2.0,692.0,42
WOODLANDS,4 ROOM,105.0,Premium Apartment,1999,585000.0,2026,2,109,5.0,871.0,27
BISHAN,5 ROOM,130.0,Improved,1987,935000.0,2026,2,109,5.0,730.0,39
TAMPINES,4 ROOM,93.0,Model A,2015,848000.0,2026,2,109,14.0,1064.0,11
BUKIT BATOK,4 ROOM,92.0,Model A,2019,680000.0,2026,2,109,8.0,1106.0,7
JURONG WEST,4 ROOM,93.0,Premium Apartment,2008,608000.0,2026,2,109,17.0,978.0,18
YISHUN,4 ROOM,93.0,Model A,2018,618000.0,2026,2,109,11.0,1092.0,8
YISHUN,3 ROOM,67.0,Model A,2015,475000.0,2026,2,109,5.0,1067.0,11
SENGKANG,4 ROOM,92.0,Model A,2005,580000.0,2026,2,109,2.0,941.0,21
BEDOK,3 ROOM,73.0,New Generation,1977,439000.0,2026,2,109,11.0,604.0,49
YISHUN,4 ROOM,92.0,New Generation,1985,545000.0,2026,2,109,11.0,696.0,41
TOA PAYOH,4 ROOM,93.0,Model A,2021,1120000.0,2026,2,109,11.0,1133.0,5
WOODLANDS,4 ROOM,92.0,Model A,2015,595000.0,2026,2,109,8.0,1061.0,11
WOODLANDS,4 ROOM,99.0,Model A,1997,555000.0,2026,2,109,5.0,839.0,29
BUKIT MERAH,4 ROOM,105.0,Model A,1984,630000.0,2026,2,109,2.0,687.0,42
ANG MO KIO,3 ROOM,68.0,New Generation,1980,462000.0,2026,2,109,5.0,643.0,46
BUKIT BATOK,EXECUTIVE,148.0,Apartment,1993,880000.0,2026,2,109,11.0,794.0,33
BUKIT PANJANG,4 ROOM,90.0,Model A2,1998,510000.0,2026,2,109,2.0,856.0,28
TOA PAYOH,3 ROOM,68.0,Model A,2021,825000.0,2026,2,109,5.0,1133.0,5
CENTRAL AREA,4 ROOM,107.0,Adjoined flat,1971,688888.0,2026,2,109,17.0,533.0,55
YISHUN,3 ROOM,67.0,New Generation,1985,412000.0,2026,2,109,5.0,704.0,41
TOA PAYOH,3 ROOM,66.0,Improved,1973,360000.0,2026,2,109,11.0,557.0,53
BUKIT PANJANG,4 ROOM,93.0,Premium Apartment,2004,630000.0,2026,2,109,29.0,933.0,22
YISHUN,5 ROOM,112.0,Improved,2015,690000.0,2026,2,109,5.0,1066.0,11
HOUGANG,4 ROOM,90.0,Model A,2003,610000.0,2026,2,109,17.0,917.0,23
PASIR RIS,5 ROOM,125.0,Improved,1996,668888.0,2026,2,109,2.0,834.0,30
ANG MO KIO,3 ROOM,68.0,New Generation,1981,420000.0,2026,2,109,11.0,648.0,45
SENGKANG,3 ROOM,68.0,Model A,2016,540000.0,2026,2,109,14.0,1068.0,10
BUKIT MERAH,4 ROOM,92.0,Model A,2017,845000.0,2026,2,109,14.0,1090.0,9
TAMPINES,5 ROOM,124.0,Improved,1994,835000.0,2026,2,109,11.0,806.0,32
JURONG WEST,3 ROOM,67.0,Model A,2012,478000.0,2026,2,109,11.0,1022.0,14
WOODLANDS,4 ROOM,84.0,Simplified,1996,496000.0,2026,2,109,8.0,835.0,30
TAMPINES,5 ROOM,126.0,Improved,1985,670000.0,2026,2,109,8.0,701.0,41
ANG MO KIO,4 ROOM,91.0,New Generation,1981,515000.0,2026,2,109,2.0,650.0,45
ANG MO KIO,3 ROOM,68.0,New Generation,1981,408888.0,2026,2,109,5.0,651.0,45
YISHUN,3 ROOM,74.0,Model A,1987,455000.0,2026,2,109,8.0,730.0,39
GEYLANG,4 ROOM,93.0,New Generation,1980,525000.0,2026,2,109,11.0,643.0,46
WOODLANDS,4 ROOM,92.0,Model A,2015,568777.0,2026,2,109,8.0,1062.0,11
QUEENSTOWN,3 ROOM,63.0,Premium Apartment,2021,818000.0,2026,2,109,14.0,1137.0,5
WOODLANDS,3 ROOM,69.0,Improved,1985,390000.0,2026,2,109,8.0,696.0,41
SERANGOON,4 ROOM,91.0,New Generation,1984,680000.0,2026,2,109,11.0,689.0,42
HOUGANG,EXECUTIVE,137.0,Apartment,1999,881888.0,2026,2,109,8.0,874.0,27
SENGKANG,4 ROOM,92.0,Model A,2014,692000.0,2026,2,109,23.0,1050.0,12
SENGKANG,2 ROOM,48.0,2-room,2020,400000.0,2026,2,109,11.0,1124.0,6
CHOA CHU KANG,4 ROOM,90.0,Model A,2002,535000.0,2026,2,109,17.0,902.0,24
SENGKANG,4 ROOM,93.0,Model A,2015,615000.0,2026,2,109,11.0,1058.0,11
PASIR RIS,4 ROOM,106.0,Model A,1995,585000.0,2026,2,109,2.0,817.0,31
SENGKANG,5 ROOM,113.0,Improved,2020,770000.0,2026,2,109,5.0,1124.0,6
TOA PAYOH,4 ROOM,93.0,Model A,2021,1000000.0,2026,2,109,2.0,1132.0,5
YISHUN,4 ROOM,92.0,Model A,2015,618888.0,2026,2,109,14.0,1065.0,11
CHOA CHU KANG,EXECUTIVE,143.0,Apartment,1993,835000.0,2026,2,109,11.0,798.0,33
BEDOK,3 ROOM,67.0,New Generation,1985,400000.0,2026,2,109,5.0,702.0,41
SENGKANG,5 ROOM,114.0,Premium Apartment,2004,665000.0,2026,2,109,5.0,929.0,22
MARINE PARADE,3 ROOM,65.0,Improved,1975,485000.0,2026,2,109,5.0,579.0,51
BEDOK,5 ROOM,121.0,Improved,1997,810000.0,2026,2,109,2.0,839.0,29
SENGKANG,4 ROOM,93.0,Model A,2013,678000.0,2026,3,110,8.0,1031.0,13
SENGKANG,4 ROOM,90.0,Model A,2003,520000.0,2026,3,110,2.0,915.0,23
JURONG EAST,3 ROOM,71.0,New Generation,1985,390000.0,2026,3,110,2.0,700.0,41
BUKIT MERAH,3 ROOM,60.0,Standard,1969,363000.0,2026,3,110,2.0,508.0,57
CLEMENTI,3 ROOM,67.0,New Generation,1978,476000.0,2026,3,110,5.0,617.0,48
CLEMENTI,3 ROOM,67.0,New Generation,1979,433000.0,2026,3,110,5.0,624.0,47
SEMBAWANG,4 ROOM,90.0,Model A,2000,515000.0,2026,3,110,5.0,882.0,26
YISHUN,4 ROOM,84.0,Simplified,1987,502888.0,2026,3,110,11.0,723.0,39
YISHUN,EXECUTIVE,142.0,Apartment,1987,980000.0,2026,3,110,11.0,730.0,39
WOODLANDS,2 ROOM,47.0,Model A,2015,385000.0,2026,3,110,14.0,1060.0,11
CLEMENTI,4 ROOM,91.0,New Generation,1981,478000.0,2026,3,110,2.0,655.0,45
TAMPINES,5 ROOM,113.0,Improved,2020,930000.0,2026,3,110,11.0,1124.0,6
TOA PAYOH,3 ROOM,65.0,Improved,1968,390000.0,2026,3,110,11.0,496.0,58
ANG MO KIO,3 ROOM,67.0,New Generation,1978,480000.0,2026,3,110,11.0,619.0,48
WOODLANDS,3 ROOM,67.0,New Generation,1977,328000.0,2026,3,110,5.0,608.0,49
BUKIT BATOK,3 ROOM,68.0,New Generation,1984,360000.0,2026,3,110,2.0,692.0,42
KALLANG/WHAMPOA,3 ROOM,60.0,Improved,1986,418000.0,2026,3,110,5.0,711.0,40
BUKIT MERAH,4 ROOM,94.0,Model A,2013,1148000.0,2026,3,110,32.0,1035.0,13
PUNGGOL,5 ROOM,111.0,Improved,2003,666666.66,2026,3,110,11.0,916.0,23
BUKIT MERAH,4 ROOM,87.0,Model A,2016,1077000.0,2026,3,110,5.0,1067.0,10
GEYLANG,4 ROOM,84.0,Simplified,1985,565000.0,2026,3,110,8.0,700.0,41
TOA PAYOH,4 ROOM,93.0,Model A,2021,1025000.0,2026,3,110,5.0,1131.0,5
WOODLANDS,EXECUTIVE,138.0,Apartment,1996,800000.0,2026,3,110,2.0,835.0,30
CENTRAL AREA,4 ROOM,82.0,Improved,1982,598000.0,2026,3,110,17.0,663.0,44
BUKIT PANJANG,3 ROOM,73.0,Model A,1989,460888.0,2026,3,110,8.0,746.0,37
PASIR RIS,4 ROOM,103.0,Model A,1989,620000.0,2026,3,110,5.0,747.0,37
ANG MO KIO,4 ROOM,98.0,New Generation,1982,635000.0,2026,3,110,11.0,658.0,44
CLEMENTI,EXECUTIVE,149.0,Maisonette,1984,1135000.0,2026,3,110,11.0,688.0,42
BUKIT PANJANG,EXECUTIVE,130.0,Premium Apartment,2001,850000.0,2026,3,110,20.0,897.0,25
HOUGANG,3 ROOM,74.0,Model A,1987,510000.0,2026,3,110,8.0,730.0,39
GEYLANG,3 ROOM,60.0,Standard,1967,306000.0,2026,3,110,5.0,479.0,59
JURONG WEST,4 ROOM,90.0,Model A,2002,502000.0,2026,3,110,8.0,899.0,24
TAMPINES,4 ROOM,104.0,Model A,1985,650000.0,2026,3,110,5.0,696.0,41
YISHUN,4 ROOM,93.0,Model A,2021,585000.0,2026,3,110,2.0,1130.0,5
BEDOK,5 ROOM,115.0,Premium Apartment,2000,770000.0,2026,3,110,11.0,886.0,26
WOODLANDS,5 ROOM,121.0,Improved,1997,650000.0,2026,3,110,14.0,848.0,29
CHOA CHU KANG,3 ROOM,67.0,Model A,2017,508000.0,2026,3,110,14.0,1081.0,9
CHOA CHU KANG,4 ROOM,105.0,Model A,1989,495000.0,2026,3,110,2.0,748.0,37
TAMPINES,4 ROOM,92.0,Model A,2015,735000.0,2026,3,110,5.0,1060.0,11
WOODLANDS,4 ROOM,93.0,New Generation,1986,512000.0,2026,3,110,5.0,716.0,40
JURONG WEST,5 ROOM,110.0,Improved,2000,700000.0,2026,3,110,11.0,881.0,26
YISHUN,4 ROOM,92.0,Model A,2015,608000.0,2026,3,110,5.0,1063.0,11
JURONG WEST,4 ROOM,93.0,Model A,2018,655000.0,2026,3,110,8.0,1092.0,8
WOODLANDS,3 ROOM,67.0,Model A,2013,573888.0,2026,3,110,14.0,1041.0,13
SERANGOON,4 ROOM,105.0,Model A,1989,850000.0,2026,3,110,8.0,748.0,37
CLEMENTI,4 ROOM,92.0,New Generation,1978,668000.0,2026,3,110,14.0,618.0,48
YISHUN,4 ROOM,104.0,Model A,1988,620000.0,2026,3,110,5.0,742.0,38
MARINE PARADE,3 ROOM,65.0,Improved,1975,438000.0,2026,3,110,14.0,579.0,51
MARINE PARADE,4 ROOM,88.0,Improved,1975,678000.0,2026,3,110,14.0,578.0,51
SENGKANG,4 ROOM,102.0,Model A,1999,600000.0,2026,3,110,14.0,874.0,27
YISHUN,4 ROOM,92.0,Model A,2015,580000.0,2026,3,110,5.0,1057.0,11
BUKIT MERAH,2 ROOM,42.0,Standard,1970,276000.0,2026,3,110,11.0,517.0,56
SENGKANG,4 ROOM,92.0,Model A,2015,580000.0,2026,3,110,11.0,1060.0,11
TAMPINES,4 ROOM,93.0,Model A,2021,770000.0,2026,3,110,11.0,1136.0,5
TOA PAYOH,5 ROOM,123.0,Improved,1996,1003000.0,2026,3,110,5.0,835.0,30
TAMPINES,5 ROOM,121.0,Improved,1985,767000.0,2026,3,110,11.0,699.0,41
SERANGOON,4 ROOM,84.0,Simplified,1987,750000.0,2026,3,110,11.0,721.0,39
PUNGGOL,4 ROOM,90.0,Premium Apartment,2005,580000.0,2026,3,110,11.0,935.0,21
PUNGGOL,3 ROOM,67.0,Model A,2015,510000.0,2026,3,110,5.0,1058.0,11
ANG MO KIO,5 ROOM,112.0,DBSS,2011,1080000.0,2026,3,110,5.0,1014.0,15
SENGKANG,4 ROOM,96.0,Premium Apartment,2012,680000.0,2026,3,110,20.0,1028.0,14
HOUGANG,4 ROOM,93.0,Model A,2021,688000.0,2026,3,110,11.0,1126.0,5
KALLANG/WHAMPOA,4 ROOM,92.0,Model A,2020,1233000.0,2026,3,110,32.0,1119.0,6
PUNGGOL,4 ROOM,93.0,Premium Apartment,2016,759000.0,2026,3,110,14.0,1067.0,10
WOODLANDS,4 ROOM,102.0,Model A,1997,542888.0,2026,3,110,5.0,840.0,29
SENGKANG,5 ROOM,113.0,Premium Apartment,2017,815000.0,2026,3,110,8.0,1088.0,9
BUKIT PANJANG,3 ROOM,73.0,Model A,1988,450000.0,2026,3,110,11.0,742.0,38
GEYLANG,4 ROOM,96.0,Model A,2020,988888.0,2026,3,110,5.0,1119.0,6
BUKIT BATOK,4 ROOM,102.0,Model A,1998,600000.0,2026,3,110,5.0,852.0,28
JURONG EAST,4 ROOM,90.0,New Generation,1982,522000.0,2026,3,110,8.0,667.0,44
WOODLANDS,4 ROOM,93.0,Model A,2018,670000.0,2026,3,110,5.0,1096.0,8
BEDOK,4 ROOM,92.0,New Generation,1979,490000.0,2026,3,110,2.0,623.0,47
BISHAN,5 ROOM,121.0,Improved,1987,938000.0,2026,3,110,11.0,723.0,39
CHOA CHU KANG,5 ROOM,113.0,Improved,2016,670000.0,2026,3,110,2.0,1072.0,10
TAMPINES,5 ROOM,113.0,Improved,2015,923000.0,2026,3,110,5.0,1061.0,11
BUKIT BATOK,3 ROOM,67.0,New Generation,1985,405000.0,2026,3,110,5.0,697.0,41
JURONG EAST,5 ROOM,120.0,Improved,1981,650000.0,2026,3,110,11.0,657.0,45
JURONG WEST,4 ROOM,104.0,Model A,1990,480000.0,2026,3,110,5.0,765.0,36
BUKIT MERAH,3 ROOM,63.0,Improved,1975,330000.0,2026,3,110,2.0,579.0,51
BUKIT PANJANG,4 ROOM,95.0,Premium Apartment,2004,568000.0,2026,3,110,5.0,932.0,22
PASIR RIS,4 ROOM,106.0,Model A,1993,700000.0,2026,3,110,14.0,801.0,33
HOUGANG,5 ROOM,112.0,DBSS,2014,964999.0,2026,3,110,14.0,1052.0,12
BUKIT MERAH,4 ROOM,101.0,Model A,1999,738000.0,2026,3,110,2.0,871.0,27
SEMBAWANG,3 ROOM,67.0,Model A,2018,530000.0,2026,3,110,14.0,1097.0,8
QUEENSTOWN,3 ROOM,65.0,Premium Apartment,2016,798000.0,2026,3,110,11.0,1069.0,10
HOUGANG,4 ROOM,93.0,Model A,2015,640000.0,2026,3,110,8.0,1059.0,11
QUEENSTOWN,3 ROOM,60.0,Model A,2008,750000.0,2026,3,110,17.0,977.0,18
TOA PAYOH,4 ROOM,93.0,Model A,2021,1100888.0,2026,3,110,8.0,1132.0,5
BUKIT BATOK,3 ROOM,60.0,Improved,1987,432000.0,2026,3,110,11.0,723.0,39
CHOA CHU KANG,4 ROOM,102.0,Model A,1999,563000.0,2026,3,110,14.0,867.0,27
WOODLANDS,3 ROOM,67.0,New Generation,1985,435000.0,2026,3,110,11.0,697.0,41
BISHAN,EXECUTIVE,148.0,Maisonette,1992,1080000.0,2026,3,110,5.0,785.0,34
QUEENSTOWN,3 ROOM,60.0,Standard,1969,312000.0,2026,3,110,11.0,503.0,57
YISHUN,5 ROOM,123.0,Improved,1988,670000.0,2026,3,110,14.0,736.0,38
BUKIT MERAH,4 ROOM,93.0,Model A,2017,970000.0,2026,3,110,26.0,1083.0,9
KALLANG/WHAMPOA,4 ROOM,94.0,DBSS,2011,1050000.0,2026,3,110,20.0,1006.0,15
BUKIT BATOK,EXECUTIVE,140.0,Maisonette,1997,962000.0,2026,3,110,2.0,846.0,29
BUKIT TIMAH,4 ROOM,104.0,Model A,1988,968000.0,2026,3,110,8.0,739.0,38
YISHUN,4 ROOM,97.0,Model A,2012,640000.0,2026,3,110,11.0,1024.0,14
BUKIT BATOK,EXECUTIVE,146.0,Maisonette,1986,875000.0,2026,3,110,8.0,718.0,40
YISHUN,4 ROOM,109.0,Model A,1992,550000.0,2026,3,110,5.0,784.0,34
QUEENSTOWN,4 ROOM,90.0,Model A,2008,988888.0,2026,3,110,23.0,978.0,18
SENGKANG,EXECUTIVE,142.0,Apartment,1998,865000.0,2026,3,110,14.0,862.0,28
JURONG WEST,4 ROOM,106.0,Model A,1996,575000.0,2026,3,110,14.0,832.0,30
BUKIT MERAH,3 ROOM,59.0,Standard,1971,378000.0,2026,3,110,5.0,533.0,55
SENGKANG,3 ROOM,67.0,Premium Apartment,2015,620000.0,2026,3,110,14.0,1065.0,11
JURONG WEST,4 ROOM,104.0,Model A,1985,538000.0,2026,3,110,11.0,696.0,41
ANG MO KIO,4 ROOM,93.0,Model A,2019,1080000.0,2026,3,110,23.0,1104.0,7
BEDOK,4 ROOM,104.0,Model A,1993,683000.0,2026,3,110,8.0,794.0,33
HOUGANG,4 ROOM,104.0,Model A,1984,626888.0,2026,3,110,8.0,691.0,42
YISHUN,4 ROOM,107.0,Model A,1988,630000.0,2026,3,110,11.0,732.0,38
TAMPINES,4 ROOM,94.0,Model A,2017,710000.0,2026,3,110,5.0,1079.0,9
JURONG EAST,5 ROOM,121.0,Improved,1987,590000.0,2026,3,110,8.0,721.0,39
YISHUN,4 ROOM,106.0,Model A,1983,510888.0,2026,3,110,5.0,676.0,43
BUKIT PANJANG,5 ROOM,113.0,Improved,2015,755000.0,2026,3,110,8.0,1066.0,11
YISHUN,4 ROOM,104.0,Model A,1988,620000.0,2026,3,110,11.0,734.0,38
PASIR RIS,4 ROOM,103.0,Model A,1990,605000.0,2026,3,110,5.0,755.0,36
WOODLANDS,3 ROOM,68.0,New Generation,1985,378000.0,2026,3,110,11.0,697.0,41
BEDOK,4 ROOM,104.0,Model A,1996,728000.0,2026,3,110,5.0,837.0,30
WOODLANDS,EXECUTIVE,176.0,Apartment,1995,985000.0,2026,3,110,5.0,821.0,31
JURONG WEST,5 ROOM,121.0,Improved,1998,675000.0,2026,3,110,11.0,857.0,28
WOODLANDS,4 ROOM,86.0,Model A2,2000,515000.0,2026,3,110,2.0,883.0,26
SENGKANG,4 ROOM,93.0,Premium Apartment,2017,630000.0,2026,3,110,8.0,1089.0,9
JURONG EAST,EXECUTIVE,140.0,Apartment,1998,1080000.0,2026,3,110,20.0,862.0,28
BEDOK,3 ROOM,67.0,New Generation,1985,452888.0,2026,3,110,11.0,701.0,41
WOODLANDS,4 ROOM,108.0,Model A,1996,590000.0,2026,3,110,11.0,829.0,30
BEDOK,3 ROOM,68.0,New Generation,1980,385000.0,2026,3,110,2.0,640.0,46
JURONG WEST,3 ROOM,59.0,Improved,1978,325000.0,2026,3,110,11.0,617.0,48
PASIR RIS,4 ROOM,93.0,Model A,2015,756000.0,2026,3,110,5.0,1061.0,11
SENGKANG,4 ROOM,92.0,Premium Apartment,2015,758888.0,2026,3,110,14.0,1065.0,11
SENGKANG,4 ROOM,93.0,Model A,2015,600000.0,2026,3,110,8.0,1057.0,11
HOUGANG,5 ROOM,130.0,Improved,1987,732000.0,2026,3,110,8.0,718.0,39
BISHAN,4 ROOM,83.0,Simplified,1987,830000.0,2026,3,110,11.0,729.0,39
YISHUN,EXECUTIVE,142.0,Apartment,1988,910000.0,2026,3,110,11.0,738.0,38
BUKIT BATOK,5 ROOM,112.0,Premium Apartment,2017,908000.0,2026,3,110,11.0,1085.0,9
ANG MO KIO,3 ROOM,67.0,New Generation,1980,373000.0,2026,3,110,2.0,636.0,46
GEYLANG,3 ROOM,67.0,Model A,2016,718000.0,2026,3,110,14.0,1078.0,10
PASIR RIS,5 ROOM,127.0,Improved,1996,715000.0,2026,3,110,8.0,834.0,30
TAMPINES,3 ROOM,73.0,Model A,1984,480000.0,2026,3,110,5.0,691.0,42
WOODLANDS,3 ROOM,67.0,Model A,2015,498000.0,2026,3,110,11.0,1061.0,11
BUKIT PANJANG,2 ROOM,47.0,Model A,2013,410000.0,2026,3,110,11.0,1042.0,13
QUEENSTOWN,4 ROOM,87.0,Premium Apartment,2016,1160000.0,2026,3,110,8.0,1074.0,10
HOUGANG,4 ROOM,91.0,New Generation,1985,535888.0,2026,3,110,11.0,700.0,41
PUNGGOL,5 ROOM,112.0,Improved,2021,873000.0,2026,3,110,5.0,1131.0,5
SERANGOON,3 ROOM,67.0,New Generation,1985,380000.0,2026,3,110,5.0,697.0,41
YISHUN,4 ROOM,89.0,Simplified,1987,500000.0,2026,3,110,2.0,719.0,39
ANG MO KIO,4 ROOM,91.0,New Generation,1981,550000.0,2026,3,110,2.0,650.0,45
ANG MO KIO,5 ROOM,113.0,Improved,2021,1148000.0,2026,3,110,8.0,1135.0,5
WOODLANDS,5 ROOM,120.0,Improved,2000,614000.0,2026,3,110,5.0,878.0,26
JURONG WEST,4 ROOM,92.0,Premium Apartment,2008,535000.0,2026,3,110,2.0,976.0,18
JURONG WEST,3 ROOM,84.0,Model A,1984,400000.0,2026,3,110,2.0,689.0,42
JURONG WEST,5 ROOM,110.0,Improved,2001,660000.0,2026,3,110,11.0,896.0,25
BUKIT BATOK,5 ROOM,113.0,Improved,2021,861000.0,2026,3,110,14.0,1132.0,5
TOA PAYOH,4 ROOM,94.0,Model A,2020,1150000.0,2026,3,110,11.0,1122.0,6
QUEENSTOWN,3 ROOM,63.0,Premium Apartment,2021,838540.0,2026,3,110,38.0,1136.0,5
BUKIT PANJANG,4 ROOM,93.0,Model A,2015,666000.0,2026,3,110,26.0,1064.0,11
JURONG WEST,3 ROOM,67.0,New Generation,1983,399000.0,2026,3,110,11.0,675.0,43
YISHUN,3 ROOM,68.0,Model A,2018,482000.0,2026,3,110,2.0,1101.0,8
WOODLANDS,4 ROOM,105.0,Model A,1997,620000.0,2026,3,110,11.0,840.0,29
PUNGGOL,5 ROOM,112.0,Premium Apartment,2016,818000.0,2026,3,110,14.0,1072.0,10
BEDOK,3 ROOM,67.0,New Generation,1979,415000.0,2026,3,110,2.0,622.0,47
BUKIT PANJANG,4 ROOM,90.0,Model A2,1998,520000.0,2026,3,110,11.0,854.0,28
BISHAN,4 ROOM,105.0,Model A,1992,743999.0,2026,3,110,2.0,783.0,34
ANG MO KIO,5 ROOM,150.0,Adjoined flat,1980,930000.0,2026,3,110,5.0,635.0,46
PASIR RIS,4 ROOM,107.0,Model A,1996,645000.0,2026,3,110,11.0,831.0,30
GEYLANG,4 ROOM,107.0,Model A,1997,855000.0,2026,3,110,5.0,845.0,29
BEDOK,4 ROOM,93.0,New Generation,1985,565888.0,2026,3,110,11.0,701.0,41
YISHUN,5 ROOM,113.0,Improved,2017,750000.0,2026,3,110,8.0,1086.0,9
PUNGGOL,4 ROOM,94.0,Model A,2021,720000.0,2026,3,110,11.0,1130.0,5
SENGKANG,4 ROOM,92.0,Model A,2015,645888.0,2026,3,110,20.0,1061.0,11
TAMPINES,5 ROOM,122.0,Improved,1988,813000.0,2026,3,110,8.0,737.0,38
KALLANG/WHAMPOA,4 ROOM,93.0,Model A,2018,950000.0,2026,3,110,17.0,1096.0,8
BISHAN,4 ROOM,105.0,Model A,1986,820000.0,2026,3,110,11.0,707.0,40
BUKIT BATOK,3 ROOM,68.0,New Generation,1984,415000.0,2026,3,110,8.0,692.0,42
BUKIT PANJANG,5 ROOM,121.0,Improved,1999,865000.0,2026,3,110,8.0,867.0,27
TOA PAYOH,5 ROOM,120.0,Improved,1999,1100000.0,2026,3,110,20.0,871.0,27
YISHUN,5 ROOM,112.0,Improved,2016,700000.0,2026,3,110,5.0,1069.0,10
CHOA CHU KANG,5 ROOM,112.0,Improved,2017,733500.0,2026,3,110,11.0,1082.0,9
BUKIT BATOK,4 ROOM,96.0,New Generation,1985,470000.0,2026,3,110,5.0,699.0,41
JURONG WEST,3 ROOM,70.0,Model A,2012,532898.0,2026,3,110,11.0,1021.0,14
YISHUN,5 ROOM,113.0,Improved,2018,743000.0,2026,3,110,8.0,1094.0,8
PUNGGOL,4 ROOM,90.0,Model A,2003,563000.0,2026,3,110,5.0,917.0,23
ANG MO KIO,5 ROOM,120.0,Improved,1980,750888.0,2026,3,110,14.0,635.0,46
PUNGGOL,2 ROOM,46.0,Model A,2014,425000.0,2026,3,110,14.0,1054.0,12
PUNGGOL,4 ROOM,90.0,Premium Apartment,2003,550000.0,2026,3,110,14.0,921.0,23
CHOA CHU KANG,5 ROOM,124.0,Improved,1995,618000.0,2026,3,110,2.0,823.0,31
WOODLANDS,4 ROOM,106.0,Model A,1996,520000.0,2026,3,110,2.0,827.0,30
SENGKANG,4 ROOM,90.0,Model A,2000,580000.0,2026,3,110,11.0,886.0,26
BUKIT BATOK,4 ROOM,92.0,Premium Apartment,2018,858000.0,2026,3,110,32.0,1093.0,8
SENGKANG,4 ROOM,91.0,Model A,2001,560000.0,2026,3,110,8.0,893.0,25
JURONG WEST,3 ROOM,65.0,Improved,1974,330000.0,2026,3,110,2.0,571.0,52
YISHUN,3 ROOM,64.0,Simplified,1988,400000.0,2026,3,110,5.0,737.0,38
YISHUN,5 ROOM,123.0,Improved,1993,608888.0,2026,3,110,5.0,792.0,33
BISHAN,3 ROOM,67.0,New Generation,1985,547800.0,2026,3,110,5.0,694.0,41
TAMPINES,3 ROOM,74.0,Model A,1984,483000.0,2026,3,110,2.0,692.0,42
JURONG WEST,4 ROOM,105.0,Model A,1989,510000.0,2026,3,110,5.0,747.0,37
WOODLANDS,4 ROOM,91.0,New Generation,1977,405000.0,2026,3,110,5.0,603.0,49
TAMPINES,4 ROOM,92.0,Model A,2020,760000.0,2026,3,110,5.0,1115.0,6
KALLANG/WHAMPOA,4 ROOM,92.0,Model A,2020,986888.0,2026,4,111,5.0,1118.0,6
WOODLANDS,EXECUTIVE,163.0,Apartment,1995,1028888.0,2026,4,111,14.0,813.0,31
KALLANG/WHAMPOA,5 ROOM,130.0,Adjoined flat,1974,835000.0,2026,4,111,11.0,562.0,52
CHOA CHU KANG,5 ROOM,122.0,Improved,1992,630000.0,2026,4,111,2.0,784.0,34
JURONG EAST,3 ROOM,68.0,New Generation,1983,368888.0,2026,4,111,8.0,672.0,43
PASIR RIS,EXECUTIVE,150.0,Apartment,1995,890000.0,2026,4,111,5.0,820.0,31
BUKIT PANJANG,5 ROOM,111.0,Premium Apartment,2002,568000.0,2026,4,111,8.0,905.0,24
BISHAN,4 ROOM,84.0,Simplified,1988,650000.0,2026,4,111,11.0,737.0,38
MARINE PARADE,3 ROOM,65.0,Improved,1975,450000.0,2026,4,111,17.0,577.0,51
SENGKANG,5 ROOM,109.0,Improved,2001,675000.0,2026,4,111,17.0,885.0,25
PASIR RIS,5 ROOM,128.0,Improved,1996,770000.0,2026,4,111,14.0,833.0,30
TAMPINES,4 ROOM,93.0,Model A,2021,795000.0,2026,4,111,8.0,1125.0,5
TAMPINES,4 ROOM,93.0,Model A,2021,818000.0,2026,4,111,14.0,1135.0,5
BUKIT BATOK,4 ROOM,84.0,Simplified,1986,430000.0,2026,4,111,2.0,715.0,40
BEDOK,3 ROOM,67.0,New Generation,1979,405000.0,2026,4,111,5.0,628.0,47
SENGKANG,4 ROOM,100.0,Model A,1999,650000.0,2026,4,111,17.0,870.0,27
TOA PAYOH,5 ROOM,117.0,Standard,1976,650000.0,2026,4,111,2.0,590.0,50
WOODLANDS,4 ROOM,102.0,Model A,1998,530000.0,2026,4,111,5.0,850.0,28
HOUGANG,3 ROOM,67.0,DBSS,2014,598000.0,2026,4,111,8.0,1052.0,12
BUKIT BATOK,3 ROOM,68.0,Model A,2021,540000.0,2026,4,111,17.0,1132.0,5
JURONG EAST,3 ROOM,68.0,New Generation,1982,425000.0,2026,4,111,2.0,662.0,44
WOODLANDS,5 ROOM,118.0,Improved,1997,618000.0,2026,4,111,2.0,843.0,29
WOODLANDS,4 ROOM,92.0,Model A,2015,512000.0,2026,4,111,2.0,1059.0,11
YISHUN,4 ROOM,84.0,Simplified,1988,460000.0,2026,4,111,11.0,736.0,38
TAMPINES,4 ROOM,102.0,Model A,1997,650000.0,2026,4,111,8.0,842.0,29
YISHUN,4 ROOM,104.0,Model A,1988,538888.0,2026,4,111,11.0,740.0,38
ANG MO KIO,4 ROOM,92.0,New Generation,1980,580000.0,2026,4,111,5.0,642.0,46
PASIR RIS,EXECUTIVE,146.0,Maisonette,1989,1000000.0,2026,4,111,2.0,751.0,37
YISHUN,4 ROOM,103.0,Model A,1988,576000.0,2026,4,111,5.0,732.0,38
PUNGGOL,4 ROOM,93.0,Premium Apartment,2014,795000.0,2026,4,111,11.0,1045.0,12
QUEENSTOWN,3 ROOM,60.0,Improved,1971,375000.0,2026,4,111,11.0,526.0,55
JURONG WEST,5 ROOM,118.0,Improved,1982,665000.0,2026,4,111,23.0,663.0,44
TAMPINES,3 ROOM,64.0,Simplified,1986,508888.0,2026,4,111,8.0,714.0,40
BUKIT MERAH,2 ROOM,43.0,Standard,1970,282000.0,2026,4,111,5.0,516.0,56
JURONG WEST,5 ROOM,123.0,Improved,1996,645000.0,2026,4,111,5.0,833.0,30
KALLANG/WHAMPOA,5 ROOM,110.0,Improved,2006,947000.0,2026,4,111,2.0,956.0,20
PUNGGOL,4 ROOM,96.0,Premium Apartment,2013,800000.0,2026,4,111,14.0,1031.0,13
CHOA CHU KANG,5 ROOM,110.0,Improved,2003,560888.0,2026,4,111,14.0,912.0,23
BEDOK,3 ROOM,65.0,Improved,1972,355000.0,2026,4,111,5.0,544.0,54
TAMPINES,4 ROOM,108.0,Model A,1993,611000.0,2026,4,111,11.0,797.0,33
BUKIT PANJANG,5 ROOM,122.0,Improved,1999,765000.0,2026,4,111,20.0,865.0,27
HOUGANG,4 ROOM,103.0,Model A,1984,618888.0,2026,4,111,2.0,688.0,42
CLEMENTI,4 ROOM,100.0,Model A,2013,948000.0,2026,4,111,17.0,1038.0,13
WOODLANDS,EXECUTIVE,141.0,Maisonette,1997,880000.0,2026,4,111,5.0,848.0,29
JURONG WEST,4 ROOM,108.0,Model A,1996,520000.0,2026,4,111,11.0,828.0,30
YISHUN,4 ROOM,108.0,Model A,1988,560000.0,2026,4,111,2.0,732.0,38
WOODLANDS,EXECUTIVE,148.0,Apartment,1985,725000.0,2026,4,111,2.0,701.0,41
CLEMENTI,4 ROOM,100.0,Model A,2013,958888.0,2026,4,111,32.0,1038.0,13
BEDOK,4 ROOM,93.0,Model A,2022,1170000.0,2026,4,111,17.0,1138.0,4
PUNGGOL,4 ROOM,93.0,Premium Apartment,2013,705000.0,2026,4,111,14.0,1038.0,13
PASIR RIS,4 ROOM,107.0,Model A,1994,610000.0,2026,4,111,5.0,805.0,32
QUEENSTOWN,3 ROOM,76.0,Improved,1970,400000.0,2026,4,111,5.0,513.0,56
JURONG WEST,3 ROOM,65.0,Improved,1976,325000.0,2026,4,111,2.0,595.0,50
PUNGGOL,4 ROOM,93.0,Model A,2016,718000.0,2026,4,111,14.0,1076.0,10
QUEENSTOWN,2 ROOM,47.0,Premium Apartment,2021,549000.0,2026,4,111,8.0,1135.0,5
SENGKANG,EXECUTIVE,136.0,Premium Apartment,2001,860000.0,2026,4,111,14.0,893.0,25
WOODLANDS,5 ROOM,118.0,Improved,1997,645000.0,2026,4,111,8.0,846.0,29
ANG MO KIO,2 ROOM,44.0,Improved,1978,303000.0,2026,4,111,8.0,609.0,48
PASIR RIS,5 ROOM,124.0,Improved,1996,760000.0,2026,4,111,17.0,834.0,30
KALLANG/WHAMPOA,4 ROOM,91.0,New Generation,1984,543000.0,2026,4,111,2.0,689.0,42
ANG MO KIO,2 ROOM,44.0,Improved,1978,290000.0,2026,4,111,5.0,610.0,48
TAMPINES,5 ROOM,134.0,Model A,1984,815000.0,2026,4,111,8.0,690.0,42
TAMPINES,4 ROOM,115.0,Model A,1984,642888.0,2026,4,111,11.0,690.0,42
SEMBAWANG,5 ROOM,123.0,Improved,1999,680000.0,2026,4,111,11.0,865.0,27
YISHUN,5 ROOM,122.0,Improved,1988,635000.0,2026,4,111,5.0,737.0,38
TAMPINES,5 ROOM,121.0,Improved,1994,808000.0,2026,4,111,5.0,812.0,32
SEMBAWANG,4 ROOM,95.0,Premium Apartment,2001,580000.0,2026,4,111,5.0,890.0,25
WOODLANDS,4 ROOM,100.0,Model A,1996,530000.0,2026,4,111,5.0,835.0,30
TOA PAYOH,4 ROOM,86.0,Model A,2006,770000.0,2026,4,111,2.0,946.0,20
KALLANG/WHAMPOA,4 ROOM,93.0,Model A,2017,950000.0,2026,4,111,5.0,1089.0,9
TAMPINES,5 ROOM,120.0,Improved,1997,761000.0,2026,4,111,5.0,841.0,29
TAMPINES,5 ROOM,113.0,Improved,2021,945000.0,2026,4,111,11.0,1135.0,5
BUKIT TIMAH,4 ROOM,104.0,Model A,1988,963000.0,2026,4,111,8.0,738.0,38
BUKIT BATOK,3 ROOM,73.0,Model A,1984,445000.0,2026,4,111,11.0,691.0,42
QUEENSTOWN,5 ROOM,111.0,Improved,2003,1150000.0,2026,4,111,23.0,917.0,23
CHOA CHU KANG,4 ROOM,92.0,Model A,2015,608000.0,2026,4,111,5.0,1053.0,11
SEMBAWANG,4 ROOM,101.0,Model A,1999,585000.0,2026,4,111,14.0,866.0,27
JURONG WEST,5 ROOM,129.0,Improved,1996,585000.0,2026,4,111,2.0,829.0,30
GEYLANG,4 ROOM,109.0,Model A,1990,632000.0,2026,4,111,2.0,758.0,36
CLEMENTI,3 ROOM,67.0,New Generation,1978,455000.0,2026,4,111,8.0,616.0,48
SERANGOON,4 ROOM,100.0,Model A,1997,718000.0,2026,4,111,14.0,847.0,29
BEDOK,3 ROOM,73.0,Improved,1974,410000.0,2026,4,111,2.0,561.0,52
WOODLANDS,4 ROOM,102.0,Model A,1999,530000.0,2026,4,111,2.0,868.0,27
BUKIT MERAH,4 ROOM,92.0,New Generation,1985,778000.0,2026,4,111,2.0,704.0,41
PASIR RIS,4 ROOM,93.0,Model A,2015,705000.0,2026,4,111,2.0,1059.0,11
JURONG WEST,3 ROOM,73.0,Model A,1984,392000.0,2026,4,111,2.0,687.0,42
TOA PAYOH,3 ROOM,68.0,Model A,2021,850000.0,2026,4,111,8.0,1130.0,5
BUKIT MERAH,4 ROOM,90.0,Model A,2009,1020888.0,2026,4,111,17.0,981.0,17
JURONG EAST,4 ROOM,91.0,Model A2,1998,620000.0,2026,4,111,14.0,858.0,28
YISHUN,5 ROOM,121.0,Improved,1985,637888.0,2026,4,111,5.0,700.0,41
JURONG WEST,5 ROOM,122.0,Improved,1992,560000.0,2026,4,111,5.0,785.0,34
SEMBAWANG,4 ROOM,93.0,Model A,2015,638888.0,2026,4,111,17.0,1057.0,11
SEMBAWANG,EXECUTIVE,130.0,Apartment,2001,810000.0,2026,4,111,8.0,887.0,25
CHOA CHU KANG,EXECUTIVE,142.0,Premium Apartment,1999,830000.0,2026,4,111,11.0,868.0,27
WOODLANDS,5 ROOM,122.0,Improved,1998,670000.0,2026,4,111,8.0,856.0,28
SEMBAWANG,4 ROOM,93.0,Model A,2020,610000.0,2026,4,111,5.0,1125.0,6
GEYLANG,4 ROOM,93.0,New Generation,1981,673000.0,2026,4,111,5.0,652.0,45
YISHUN,4 ROOM,104.0,Model A,1988,525000.0,2026,4,111,8.0,740.0,38
PUNGGOL,3 ROOM,68.0,Premium Apartment,2016,520000.0,2026,4,111,5.0,1071.0,10
BUKIT BATOK,3 ROOM,73.0,Model A,1987,425000.0,2026,4,111,2.0,720.0,39
BUKIT BATOK,5 ROOM,150.0,Model A,1985,780000.0,2026,4,111,5.0,694.0,41
KALLANG/WHAMPOA,5 ROOM,122.0,Improved,1999,1070000.0,2026,4,111,8.0,865.0,27
TAMPINES,5 ROOM,113.0,Improved,2021,868000.0,2026,4,111,2.0,1134.0,5
TAMPINES,4 ROOM,104.0,Model A,1988,658000.0,2026,4,111,8.0,738.0,38
TOA PAYOH,5 ROOM,110.0,Improved,2002,1018000.0,2026,4,111,2.0,905.0,24
TOA PAYOH,3 ROOM,67.0,Improved,1971,400000.0,2026,4,111,2.0,526.0,55
BUKIT PANJANG,4 ROOM,93.0,Premium Apartment,2012,620000.0,2026,4,111,8.0,1028.0,14
YISHUN,4 ROOM,104.0,Model A,1988,620000.0,2026,4,111,11.0,732.0,38
QUEENSTOWN,3 ROOM,60.0,Model A,2008,675000.0,2026,4,111,5.0,977.0,18
SENGKANG,4 ROOM,92.0,Premium Apartment,2015,826000.0,2026,4,111,8.0,1060.0,11
GEYLANG,5 ROOM,118.0,Improved,1980,745000.0,2026,4,111,5.0,641.0,46
SENGKANG,4 ROOM,93.0,Model A,2012,608000.0,2026,4,111,14.0,1019.0,14
YISHUN,5 ROOM,121.0,Improved,1985,620000.0,2026,4,111,2.0,695.0,41
CHOA CHU KANG,EXECUTIVE,146.0,Maisonette,1989,922888.0,2026,4,111,8.0,745.0,37
SENGKANG,EXECUTIVE,144.0,Maisonette,1999,860000.0,2026,4,111,2.0,863.0,27
PUNGGOL,4 ROOM,94.0,Model A,2021,725000.0,2026,4,111,11.0,1130.0,5
BISHAN,EXECUTIVE,146.0,Maisonette,1992,1268000.0,2026,4,111,5.0,784.0,34
ANG MO KIO,3 ROOM,68.0,New Generation,1981,438000.0,2026,4,111,5.0,645.0,45
BISHAN,5 ROOM,121.0,Premium Apartment,1998,1142000.0,2026,4,111,20.0,854.0,28
WOODLANDS,5 ROOM,114.0,Premium Apartment,2003,666000.0,2026,4,111,11.0,911.0,23
PASIR RIS,4 ROOM,106.0,Model A,1993,668000.0,2026,4,111,8.0,801.0,33
HOUGANG,4 ROOM,113.0,Model A,1985,622000.0,2026,4,111,8.0,696.0,41
JURONG EAST,3 ROOM,84.0,New Generation,1983,425000.0,2026,4,111,8.0,674.0,43
BISHAN,3 ROOM,67.0,New Generation,1984,540000.0,2026,4,111,8.0,692.0,42
SENGKANG,5 ROOM,110.0,Improved,2001,686888.0,2026,4,111,14.0,889.0,25
SEMBAWANG,5 ROOM,110.0,Improved,2001,570000.0,2026,4,111,5.0,888.0,25
JURONG EAST,5 ROOM,121.0,Improved,1999,720000.0,2026,4,111,2.0,864.0,27
ANG MO KIO,3 ROOM,67.0,New Generation,1976,382000.0,2026,4,111,5.0,589.0,50
BUKIT BATOK,5 ROOM,112.0,Improved,2019,795000.0,2026,4,111,11.0,1103.0,7
HOUGANG,4 ROOM,104.0,Model A,1989,600000.0,2026,4,111,2.0,751.0,37
TAMPINES,5 ROOM,113.0,Improved,2021,925000.0,2026,4,111,8.0,1135.0,5
TAMPINES,4 ROOM,103.0,Model A,1986,600000.0,2026,4,111,5.0,711.0,40
SENGKANG,4 ROOM,90.0,Premium Apartment,2003,540000.0,2026,4,111,2.0,919.0,23
QUEENSTOWN,3 ROOM,68.0,Model A,2018,718000.0,2026,4,111,17.0,1094.0,8
SENGKANG,4 ROOM,90.0,Premium Apartment,2004,590000.0,2026,4,111,20.0,932.0,22
WOODLANDS,EXECUTIVE,163.0,Apartment,1995,948000.0,2026,4,111,11.0,813.0,31
BUKIT BATOK,4 ROOM,101.0,Model A,1998,630000.0,2026,4,111,17.0,850.0,28
TAMPINES,4 ROOM,111.0,Model A,1995,638000.0,2026,4,111,11.0,823.0,31
WOODLANDS,5 ROOM,123.0,Improved,1998,658000.0,2026,4,111,2.0,850.0,28
KALLANG/WHAMPOA,3 ROOM,66.0,Improved,1981,400000.0,2026,4,111,14.0,651.0,45
BUKIT MERAH,3 ROOM,65.0,Improved,1982,480000.0,2026,4,111,11.0,666.0,44
GEYLANG,4 ROOM,93.0,Model A,2016,980000.0,2026,4,111,8.0,1076.0,10
YISHUN,3 ROOM,68.0,Model A,2017,488000.0,2026,4,111,5.0,1085.0,9
SEMBAWANG,5 ROOM,113.0,Improved,2018,790000.0,2026,4,111,5.0,1091.0,8
SENGKANG,5 ROOM,110.0,Improved,2001,730000.0,2026,4,111,14.0,885.0,25
PASIR RIS,4 ROOM,86.0,DBSS,2015,830000.0,2026,4,111,11.0,1058.0,11
BEDOK,3 ROOM,68.0,New Generation,1980,398000.0,2026,4,111,11.0,637.0,46
BUKIT PANJANG,5 ROOM,120.0,Improved,1998,600000.0,2026,4,111,5.0,854.0,28
BUKIT MERAH,3 ROOM,60.0,Improved,1976,378800.0,2026,4,111,2.0,594.0,50
BISHAN,4 ROOM,84.0,Simplified,1987,648800.0,2026,4,111,5.0,727.0,39
WOODLANDS,4 ROOM,104.0,Premium Apartment,2000,580000.0,2026,4,111,5.0,875.0,26
BEDOK,4 ROOM,92.0,New Generation,1980,540088.0,2026,4,111,11.0,637.0,46
SENGKANG,5 ROOM,113.0,Improved,2016,715000.0,2026,4,111,2.0,1074.0,10
BUKIT MERAH,4 ROOM,90.0,Model A,2003,630000.0,2026,4,111,5.0,912.0,23
BEDOK,4 ROOM,93.0,Model A,2018,850000.0,2026,4,111,8.0,1101.0,8
BUKIT MERAH,3 ROOM,70.0,Improved,1976,418000.0,2026,4,111,5.0,590.0,50
ANG MO KIO,3 ROOM,67.0,New Generation,1978,438000.0,2026,4,111,11.0,610.0,48
CHOA CHU KANG,4 ROOM,93.0,Model A,2017,598000.0,2026,4,111,14.0,1082.0,9
PUNGGOL,5 ROOM,112.0,Improved,2015,908000.0,2026,4,111,8.0,1059.0,11
BUKIT BATOK,5 ROOM,113.0,Improved,2019,980000.0,2026,4,111,32.0,1101.0,7
YISHUN,3 ROOM,74.0,Model A,1988,440000.0,2026,4,111,5.0,730.0,38
WOODLANDS,4 ROOM,102.0,Model A,1998,556000.0,2026,4,111,11.0,854.0,28
TAMPINES,3 ROOM,73.0,Model A,1985,473000.0,2026,4,111,2.0,694.0,41
MARINE PARADE,4 ROOM,88.0,Improved,1975,600000.0,2026,4,111,5.0,574.0,51
BUKIT BATOK,EXECUTIVE,141.0,Apartment,1997,958000.0,2026,4,111,17.0,843.0,29
TOA PAYOH,3 ROOM,68.0,Model A,2021,828000.0,2026,4,111,5.0,1131.0,5
JURONG WEST,4 ROOM,101.0,Model A,1998,515000.0,2026,4,111,2.0,858.0,28
ANG MO KIO,4 ROOM,92.0,New Generation,1979,590000.0,2026,4,111,5.0,622.0,47
ANG MO KIO,5 ROOM,119.0,Improved,2012,1260000.0,2026,4,111,20.0,1026.0,14
BUKIT PANJANG,5 ROOM,110.0,Premium Apartment,2001,685000.0,2026,4,111,14.0,894.0,25
TOA PAYOH,4 ROOM,93.0,Model A,2021,1058000.0,2026,4,111,5.0,1130.0,5
JURONG WEST,4 ROOM,100.0,Model A,1998,578888.0,2026,4,111,11.0,855.0,28
SENGKANG,5 ROOM,120.0,Improved,1999,620000.0,2026,4,111,5.0,863.0,27
WOODLANDS,4 ROOM,91.0,Model A,2001,548000.0,2026,4,111,5.0,892.0,25
JURONG WEST,5 ROOM,136.0,Model A,1996,650000.0,2026,4,111,5.0,834.0,30
TAMPINES,3 ROOM,67.0,Model A,2015,620000.0,2026,4,111,8.0,1061.0,11
WOODLANDS,5 ROOM,122.0,Improved,1998,622888.0,2026,4,111,5.0,855.0,28
BUKIT BATOK,5 ROOM,113.0,Improved,2020,725000.0,2026,4,111,2.0,1115.0,6
HOUGANG,5 ROOM,120.0,Improved,1998,740000.0,2026,4,111,2.0,850.0,28
SEMBAWANG,2 ROOM,47.0,Model A,2020,380000.0,2026,4,111,5.0,1118.0,6
BISHAN,4 ROOM,84.0,Simplified,1986,740000.0,2026,4,111,11.0,706.0,40
SENGKANG,4 ROOM,90.0,Model A,2000,545000.0,2026,4,111,5.0,881.0,26
BISHAN,4 ROOM,104.0,Model A,1992,745000.0,2026,4,111,2.0,784.0,34
TAMPINES,4 ROOM,104.0,Model A,1988,687000.0,2026,4,111,8.0,735.0,38
TAMPINES,EXECUTIVE,149.0,Apartment,1996,950000.0,2026,4,111,11.0,825.0,30
CHOA CHU KANG,5 ROOM,110.0,Improved,2002,588000.0,2026,4,111,5.0,907.0,24
BUKIT BATOK,4 ROOM,92.0,Premium Apartment,2018,740000.0,2026,4,111,11.0,1092.0,8
YISHUN,4 ROOM,104.0,Model A,1988,618000.0,2026,4,111,11.0,734.0,38
YISHUN,5 ROOM,112.0,Improved,2015,750000.0,2026,4,111,8.0,1063.0,11
SENGKANG,4 ROOM,93.0,Model A,2013,668000.0,2026,4,111,11.0,1031.0,13
